
*** Running vivado
    with args -log andromeda_wrapper.vdi -applog -m64 -product Vivado -messageDb vivado.pb -mode batch -source andromeda_wrapper.tcl -notrace


****** Vivado v2024.2 (64-bit)
  **** SW Build 5239630 on Fri Nov 08 22:34:34 MST 2024
  **** IP Build 5239520 on Sun Nov 10 16:12:51 MST 2024
  **** SharedData Build 5239561 on Fri Nov 08 14:39:27 MST 2024
  **** Start of session at: Thu Jun 12 10:06:40 2025
    ** Copyright 1986-2022 Xilinx, Inc. All Rights Reserved.
    ** Copyright 2022-2024 Advanced Micro Devices, Inc. All Rights Reserved.

source andromeda_wrapper.tcl -notrace
INFO: [IP_Flow 19-234] Refreshing IP repositories
INFO: [IP_Flow 19-1704] No user IP repositories specified
INFO: [IP_Flow 19-2313] Loaded Vivado IP repository '/opt/tools/Xilinx/Vivado/2024.2/data/ip'.
WARNING: [filemgmt 56-443] The ECC Algorithm string is empty. Setting the Memory Map to default ECC value to ECC_NONE.
WARNING: [filemgmt 56-443] The ECC Algorithm string is empty. Setting the Memory Map to default ECC value to ECC_NONE.
Command: link_design -top andromeda_wrapper -part xcku5p-ffvb676-2-i
Design is defaulting to srcset: sources_1
Design is defaulting to constrset: constrs_1
INFO: [Device 21-403] Loading part xcku5p-ffvb676-2-i
INFO: [Project 1-454] Reading design checkpoint '/home/ujaved/work_dir/axi_dpe_ila_v3.0/AXI-Dot-Product-Accelerator/Vivado/puzhi/puzhi.gen/sources_1/bd/andromeda/ip/andromeda_axi_dpe_0_0/andromeda_axi_dpe_0_0.dcp' for cell 'andromeda_i/axi_dpe_0'
INFO: [Project 1-454] Reading design checkpoint '/home/ujaved/work_dir/axi_dpe_ila_v3.0/AXI-Dot-Product-Accelerator/Vivado/puzhi/puzhi.gen/sources_1/bd/andromeda/ip/andromeda_axi_smc_0/andromeda_axi_smc_0.dcp' for cell 'andromeda_i/axi_smc'
INFO: [Project 1-454] Reading design checkpoint '/home/ujaved/work_dir/axi_dpe_ila_v3.0/AXI-Dot-Product-Accelerator/Vivado/puzhi/puzhi.gen/sources_1/bd/andromeda/ip/andromeda_axi_timer_0_0/andromeda_axi_timer_0_0.dcp' for cell 'andromeda_i/axi_timer_0'
INFO: [Project 1-454] Reading design checkpoint '/home/ujaved/work_dir/axi_dpe_ila_v3.0/AXI-Dot-Product-Accelerator/Vivado/puzhi/puzhi.gen/sources_1/bd/andromeda/ip/andromeda_axi_uartlite_0_0/andromeda_axi_uartlite_0_0.dcp' for cell 'andromeda_i/axi_uartlite_0'
INFO: [Project 1-454] Reading design checkpoint '/home/ujaved/work_dir/axi_dpe_ila_v3.0/AXI-Dot-Product-Accelerator/Vivado/puzhi/puzhi.gen/sources_1/bd/andromeda/ip/andromeda_ddr4_0_0/andromeda_ddr4_0_0.dcp' for cell 'andromeda_i/ddr4_0'
INFO: [Project 1-454] Reading design checkpoint '/home/ujaved/work_dir/axi_dpe_ila_v3.0/AXI-Dot-Product-Accelerator/Vivado/puzhi/puzhi.gen/sources_1/bd/andromeda/ip/andromeda_ila_0_0/andromeda_ila_0_0.dcp' for cell 'andromeda_i/ila_0'
INFO: [Project 1-454] Reading design checkpoint '/home/ujaved/work_dir/axi_dpe_ila_v3.0/AXI-Dot-Product-Accelerator/Vivado/puzhi/puzhi.gen/sources_1/bd/andromeda/ip/andromeda_mdm_0_0/andromeda_mdm_0_0.dcp' for cell 'andromeda_i/mdm_0'
INFO: [Project 1-454] Reading design checkpoint '/home/ujaved/work_dir/axi_dpe_ila_v3.0/AXI-Dot-Product-Accelerator/Vivado/puzhi/puzhi.gen/sources_1/bd/andromeda/ip/andromeda_microblaze_0_0/andromeda_microblaze_0_0.dcp' for cell 'andromeda_i/microblaze_0'
INFO: [Project 1-454] Reading design checkpoint '/home/ujaved/work_dir/axi_dpe_ila_v3.0/AXI-Dot-Product-Accelerator/Vivado/puzhi/puzhi.gen/sources_1/bd/andromeda/ip/andromeda_rst_ddr4_0_100M_0/andromeda_rst_ddr4_0_100M_0.dcp' for cell 'andromeda_i/rst_ddr4_0_100M'
INFO: [Project 1-454] Reading design checkpoint '/home/ujaved/work_dir/axi_dpe_ila_v3.0/AXI-Dot-Product-Accelerator/Vivado/puzhi/puzhi.gen/sources_1/bd/andromeda/ip/andromeda_rst_ddr4_0_333M_0/andromeda_rst_ddr4_0_333M_0.dcp' for cell 'andromeda_i/rst_ddr4_0_333M'
INFO: [Project 1-454] Reading design checkpoint '/home/ujaved/work_dir/axi_dpe_ila_v3.0/AXI-Dot-Product-Accelerator/Vivado/puzhi/puzhi.gen/sources_1/bd/andromeda/ip/andromeda_sd_controller_wrapper_0_0/andromeda_sd_controller_wrapper_0_0.dcp' for cell 'andromeda_i/sd_controller_wrapper_0'
INFO: [Project 1-454] Reading design checkpoint '/home/ujaved/work_dir/axi_dpe_ila_v3.0/AXI-Dot-Product-Accelerator/Vivado/puzhi/puzhi.gen/sources_1/bd/andromeda/ip/andromeda_system_ila_0_0/andromeda_system_ila_0_0.dcp' for cell 'andromeda_i/system_ila_0'
INFO: [Project 1-454] Reading design checkpoint '/home/ujaved/work_dir/axi_dpe_ila_v3.0/AXI-Dot-Product-Accelerator/Vivado/puzhi/puzhi.gen/sources_1/bd/andromeda/ip/andromeda_util_vector_logic_0_0/andromeda_util_vector_logic_0_0.dcp' for cell 'andromeda_i/util_vector_logic_0'
INFO: [Project 1-454] Reading design checkpoint '/home/ujaved/work_dir/axi_dpe_ila_v3.0/AXI-Dot-Product-Accelerator/Vivado/puzhi/puzhi.gen/sources_1/bd/andromeda/ip/andromeda_dlmb_bram_if_cntlr_0/andromeda_dlmb_bram_if_cntlr_0.dcp' for cell 'andromeda_i/microblaze_0_local_memory/dlmb_bram_if_cntlr'
INFO: [Project 1-454] Reading design checkpoint '/home/ujaved/work_dir/axi_dpe_ila_v3.0/AXI-Dot-Product-Accelerator/Vivado/puzhi/puzhi.gen/sources_1/bd/andromeda/ip/andromeda_dlmb_v10_0/andromeda_dlmb_v10_0.dcp' for cell 'andromeda_i/microblaze_0_local_memory/dlmb_v10'
INFO: [Project 1-454] Reading design checkpoint '/home/ujaved/work_dir/axi_dpe_ila_v3.0/AXI-Dot-Product-Accelerator/Vivado/puzhi/puzhi.gen/sources_1/bd/andromeda/ip/andromeda_ilmb_bram_if_cntlr_0/andromeda_ilmb_bram_if_cntlr_0.dcp' for cell 'andromeda_i/microblaze_0_local_memory/ilmb_bram_if_cntlr'
INFO: [Project 1-454] Reading design checkpoint '/home/ujaved/work_dir/axi_dpe_ila_v3.0/AXI-Dot-Product-Accelerator/Vivado/puzhi/puzhi.gen/sources_1/bd/andromeda/ip/andromeda_ilmb_v10_0/andromeda_ilmb_v10_0.dcp' for cell 'andromeda_i/microblaze_0_local_memory/ilmb_v10'
INFO: [Project 1-454] Reading design checkpoint '/home/ujaved/work_dir/axi_dpe_ila_v3.0/AXI-Dot-Product-Accelerator/Vivado/puzhi/puzhi.gen/sources_1/bd/andromeda/ip/andromeda_lmb_bram_0/andromeda_lmb_bram_0.dcp' for cell 'andromeda_i/microblaze_0_local_memory/lmb_bram'
INFO: [Project 1-454] Reading design checkpoint '/home/ujaved/work_dir/axi_dpe_ila_v3.0/AXI-Dot-Product-Accelerator/Vivado/puzhi/puzhi.gen/sources_1/ip/sdp_w4096x2_r4096x2/sdp_w4096x2_r4096x2.dcp' for cell 'andromeda_i/axi_dpe_0/inst/bram_sdp_x_vector'
INFO: [Project 1-454] Reading design checkpoint '/home/ujaved/work_dir/axi_dpe_ila_v3.0/AXI-Dot-Product-Accelerator/Vivado/puzhi/puzhi.gen/sources_1/ip/floating_point_1/floating_point_1.dcp' for cell 'andromeda_i/axi_dpe_0/inst/dot_product_inst/dpe_inst/GEN_MUL[0].fp_mult'
INFO: [Project 1-454] Reading design checkpoint '/home/ujaved/work_dir/axi_dpe_ila_v3.0/AXI-Dot-Product-Accelerator/Vivado/puzhi/puzhi.gen/sources_1/ip/floating_point_1/floating_point_1.dcp' for cell 'andromeda_i/axi_dpe_0/inst/dot_product_inst/dpe_inst/GEN_MUL[100].fp_mult'
INFO: [Project 1-454] Reading design checkpoint '/home/ujaved/work_dir/axi_dpe_ila_v3.0/AXI-Dot-Product-Accelerator/Vivado/puzhi/puzhi.gen/sources_1/ip/floating_point_1/floating_point_1.dcp' for cell 'andromeda_i/axi_dpe_0/inst/dot_product_inst/dpe_inst/GEN_MUL[101].fp_mult'
INFO: [Project 1-454] Reading design checkpoint '/home/ujaved/work_dir/axi_dpe_ila_v3.0/AXI-Dot-Product-Accelerator/Vivado/puzhi/puzhi.gen/sources_1/ip/floating_point_1/floating_point_1.dcp' for cell 'andromeda_i/axi_dpe_0/inst/dot_product_inst/dpe_inst/GEN_MUL[102].fp_mult'
INFO: [Project 1-454] Reading design checkpoint '/home/ujaved/work_dir/axi_dpe_ila_v3.0/AXI-Dot-Product-Accelerator/Vivado/puzhi/puzhi.gen/sources_1/ip/floating_point_1/floating_point_1.dcp' for cell 'andromeda_i/axi_dpe_0/inst/dot_product_inst/dpe_inst/GEN_MUL[103].fp_mult'
INFO: [Project 1-454] Reading design checkpoint '/home/ujaved/work_dir/axi_dpe_ila_v3.0/AXI-Dot-Product-Accelerator/Vivado/puzhi/puzhi.gen/sources_1/ip/floating_point_1/floating_point_1.dcp' for cell 'andromeda_i/axi_dpe_0/inst/dot_product_inst/dpe_inst/GEN_MUL[104].fp_mult'
INFO: [Project 1-454] Reading design checkpoint '/home/ujaved/work_dir/axi_dpe_ila_v3.0/AXI-Dot-Product-Accelerator/Vivado/puzhi/puzhi.gen/sources_1/ip/floating_point_1/floating_point_1.dcp' for cell 'andromeda_i/axi_dpe_0/inst/dot_product_inst/dpe_inst/GEN_MUL[105].fp_mult'
INFO: [Project 1-454] Reading design checkpoint '/home/ujaved/work_dir/axi_dpe_ila_v3.0/AXI-Dot-Product-Accelerator/Vivado/puzhi/puzhi.gen/sources_1/ip/floating_point_1/floating_point_1.dcp' for cell 'andromeda_i/axi_dpe_0/inst/dot_product_inst/dpe_inst/GEN_MUL[106].fp_mult'
INFO: [Project 1-454] Reading design checkpoint '/home/ujaved/work_dir/axi_dpe_ila_v3.0/AXI-Dot-Product-Accelerator/Vivado/puzhi/puzhi.gen/sources_1/ip/floating_point_1/floating_point_1.dcp' for cell 'andromeda_i/axi_dpe_0/inst/dot_product_inst/dpe_inst/GEN_MUL[107].fp_mult'
INFO: [Project 1-454] Reading design checkpoint '/home/ujaved/work_dir/axi_dpe_ila_v3.0/AXI-Dot-Product-Accelerator/Vivado/puzhi/puzhi.gen/sources_1/ip/floating_point_1/floating_point_1.dcp' for cell 'andromeda_i/axi_dpe_0/inst/dot_product_inst/dpe_inst/GEN_MUL[108].fp_mult'
INFO: [Project 1-454] Reading design checkpoint '/home/ujaved/work_dir/axi_dpe_ila_v3.0/AXI-Dot-Product-Accelerator/Vivado/puzhi/puzhi.gen/sources_1/ip/floating_point_1/floating_point_1.dcp' for cell 'andromeda_i/axi_dpe_0/inst/dot_product_inst/dpe_inst/GEN_MUL[109].fp_mult'
INFO: [Project 1-454] Reading design checkpoint '/home/ujaved/work_dir/axi_dpe_ila_v3.0/AXI-Dot-Product-Accelerator/Vivado/puzhi/puzhi.gen/sources_1/ip/floating_point_1/floating_point_1.dcp' for cell 'andromeda_i/axi_dpe_0/inst/dot_product_inst/dpe_inst/GEN_MUL[10].fp_mult'
INFO: [Project 1-454] Reading design checkpoint '/home/ujaved/work_dir/axi_dpe_ila_v3.0/AXI-Dot-Product-Accelerator/Vivado/puzhi/puzhi.gen/sources_1/ip/floating_point_1/floating_point_1.dcp' for cell 'andromeda_i/axi_dpe_0/inst/dot_product_inst/dpe_inst/GEN_MUL[110].fp_mult'
INFO: [Project 1-454] Reading design checkpoint '/home/ujaved/work_dir/axi_dpe_ila_v3.0/AXI-Dot-Product-Accelerator/Vivado/puzhi/puzhi.gen/sources_1/ip/floating_point_1/floating_point_1.dcp' for cell 'andromeda_i/axi_dpe_0/inst/dot_product_inst/dpe_inst/GEN_MUL[111].fp_mult'
INFO: [Project 1-454] Reading design checkpoint '/home/ujaved/work_dir/axi_dpe_ila_v3.0/AXI-Dot-Product-Accelerator/Vivado/puzhi/puzhi.gen/sources_1/ip/floating_point_1/floating_point_1.dcp' for cell 'andromeda_i/axi_dpe_0/inst/dot_product_inst/dpe_inst/GEN_MUL[112].fp_mult'
INFO: [Project 1-454] Reading design checkpoint '/home/ujaved/work_dir/axi_dpe_ila_v3.0/AXI-Dot-Product-Accelerator/Vivado/puzhi/puzhi.gen/sources_1/ip/floating_point_1/floating_point_1.dcp' for cell 'andromeda_i/axi_dpe_0/inst/dot_product_inst/dpe_inst/GEN_MUL[113].fp_mult'
INFO: [Project 1-454] Reading design checkpoint '/home/ujaved/work_dir/axi_dpe_ila_v3.0/AXI-Dot-Product-Accelerator/Vivado/puzhi/puzhi.gen/sources_1/ip/floating_point_1/floating_point_1.dcp' for cell 'andromeda_i/axi_dpe_0/inst/dot_product_inst/dpe_inst/GEN_MUL[114].fp_mult'
INFO: [Project 1-454] Reading design checkpoint '/home/ujaved/work_dir/axi_dpe_ila_v3.0/AXI-Dot-Product-Accelerator/Vivado/puzhi/puzhi.gen/sources_1/ip/floating_point_1/floating_point_1.dcp' for cell 'andromeda_i/axi_dpe_0/inst/dot_product_inst/dpe_inst/GEN_MUL[115].fp_mult'
INFO: [Project 1-454] Reading design checkpoint '/home/ujaved/work_dir/axi_dpe_ila_v3.0/AXI-Dot-Product-Accelerator/Vivado/puzhi/puzhi.gen/sources_1/ip/floating_point_1/floating_point_1.dcp' for cell 'andromeda_i/axi_dpe_0/inst/dot_product_inst/dpe_inst/GEN_MUL[116].fp_mult'
INFO: [Project 1-454] Reading design checkpoint '/home/ujaved/work_dir/axi_dpe_ila_v3.0/AXI-Dot-Product-Accelerator/Vivado/puzhi/puzhi.gen/sources_1/ip/floating_point_1/floating_point_1.dcp' for cell 'andromeda_i/axi_dpe_0/inst/dot_product_inst/dpe_inst/GEN_MUL[117].fp_mult'
INFO: [Project 1-454] Reading design checkpoint '/home/ujaved/work_dir/axi_dpe_ila_v3.0/AXI-Dot-Product-Accelerator/Vivado/puzhi/puzhi.gen/sources_1/ip/floating_point_1/floating_point_1.dcp' for cell 'andromeda_i/axi_dpe_0/inst/dot_product_inst/dpe_inst/GEN_MUL[118].fp_mult'
INFO: [Project 1-454] Reading design checkpoint '/home/ujaved/work_dir/axi_dpe_ila_v3.0/AXI-Dot-Product-Accelerator/Vivado/puzhi/puzhi.gen/sources_1/ip/floating_point_1/floating_point_1.dcp' for cell 'andromeda_i/axi_dpe_0/inst/dot_product_inst/dpe_inst/GEN_MUL[119].fp_mult'
INFO: [Project 1-454] Reading design checkpoint '/home/ujaved/work_dir/axi_dpe_ila_v3.0/AXI-Dot-Product-Accelerator/Vivado/puzhi/puzhi.gen/sources_1/ip/floating_point_1/floating_point_1.dcp' for cell 'andromeda_i/axi_dpe_0/inst/dot_product_inst/dpe_inst/GEN_MUL[11].fp_mult'
INFO: [Project 1-454] Reading design checkpoint '/home/ujaved/work_dir/axi_dpe_ila_v3.0/AXI-Dot-Product-Accelerator/Vivado/puzhi/puzhi.gen/sources_1/ip/floating_point_1/floating_point_1.dcp' for cell 'andromeda_i/axi_dpe_0/inst/dot_product_inst/dpe_inst/GEN_MUL[120].fp_mult'
INFO: [Project 1-454] Reading design checkpoint '/home/ujaved/work_dir/axi_dpe_ila_v3.0/AXI-Dot-Product-Accelerator/Vivado/puzhi/puzhi.gen/sources_1/ip/floating_point_1/floating_point_1.dcp' for cell 'andromeda_i/axi_dpe_0/inst/dot_product_inst/dpe_inst/GEN_MUL[121].fp_mult'
INFO: [Project 1-454] Reading design checkpoint '/home/ujaved/work_dir/axi_dpe_ila_v3.0/AXI-Dot-Product-Accelerator/Vivado/puzhi/puzhi.gen/sources_1/ip/floating_point_1/floating_point_1.dcp' for cell 'andromeda_i/axi_dpe_0/inst/dot_product_inst/dpe_inst/GEN_MUL[122].fp_mult'
INFO: [Project 1-454] Reading design checkpoint '/home/ujaved/work_dir/axi_dpe_ila_v3.0/AXI-Dot-Product-Accelerator/Vivado/puzhi/puzhi.gen/sources_1/ip/floating_point_1/floating_point_1.dcp' for cell 'andromeda_i/axi_dpe_0/inst/dot_product_inst/dpe_inst/GEN_MUL[123].fp_mult'
INFO: [Project 1-454] Reading design checkpoint '/home/ujaved/work_dir/axi_dpe_ila_v3.0/AXI-Dot-Product-Accelerator/Vivado/puzhi/puzhi.gen/sources_1/ip/floating_point_1/floating_point_1.dcp' for cell 'andromeda_i/axi_dpe_0/inst/dot_product_inst/dpe_inst/GEN_MUL[124].fp_mult'
INFO: [Project 1-454] Reading design checkpoint '/home/ujaved/work_dir/axi_dpe_ila_v3.0/AXI-Dot-Product-Accelerator/Vivado/puzhi/puzhi.gen/sources_1/ip/floating_point_1/floating_point_1.dcp' for cell 'andromeda_i/axi_dpe_0/inst/dot_product_inst/dpe_inst/GEN_MUL[125].fp_mult'
INFO: [Project 1-454] Reading design checkpoint '/home/ujaved/work_dir/axi_dpe_ila_v3.0/AXI-Dot-Product-Accelerator/Vivado/puzhi/puzhi.gen/sources_1/ip/floating_point_1/floating_point_1.dcp' for cell 'andromeda_i/axi_dpe_0/inst/dot_product_inst/dpe_inst/GEN_MUL[126].fp_mult'
INFO: [Project 1-454] Reading design checkpoint '/home/ujaved/work_dir/axi_dpe_ila_v3.0/AXI-Dot-Product-Accelerator/Vivado/puzhi/puzhi.gen/sources_1/ip/floating_point_1/floating_point_1.dcp' for cell 'andromeda_i/axi_dpe_0/inst/dot_product_inst/dpe_inst/GEN_MUL[127].fp_mult'
INFO: [Project 1-454] Reading design checkpoint '/home/ujaved/work_dir/axi_dpe_ila_v3.0/AXI-Dot-Product-Accelerator/Vivado/puzhi/puzhi.gen/sources_1/ip/floating_point_1/floating_point_1.dcp' for cell 'andromeda_i/axi_dpe_0/inst/dot_product_inst/dpe_inst/GEN_MUL[12].fp_mult'
INFO: [Project 1-454] Reading design checkpoint '/home/ujaved/work_dir/axi_dpe_ila_v3.0/AXI-Dot-Product-Accelerator/Vivado/puzhi/puzhi.gen/sources_1/ip/floating_point_1/floating_point_1.dcp' for cell 'andromeda_i/axi_dpe_0/inst/dot_product_inst/dpe_inst/GEN_MUL[13].fp_mult'
INFO: [Project 1-454] Reading design checkpoint '/home/ujaved/work_dir/axi_dpe_ila_v3.0/AXI-Dot-Product-Accelerator/Vivado/puzhi/puzhi.gen/sources_1/ip/floating_point_1/floating_point_1.dcp' for cell 'andromeda_i/axi_dpe_0/inst/dot_product_inst/dpe_inst/GEN_MUL[14].fp_mult'
INFO: [Project 1-454] Reading design checkpoint '/home/ujaved/work_dir/axi_dpe_ila_v3.0/AXI-Dot-Product-Accelerator/Vivado/puzhi/puzhi.gen/sources_1/ip/floating_point_1/floating_point_1.dcp' for cell 'andromeda_i/axi_dpe_0/inst/dot_product_inst/dpe_inst/GEN_MUL[15].fp_mult'
INFO: [Project 1-454] Reading design checkpoint '/home/ujaved/work_dir/axi_dpe_ila_v3.0/AXI-Dot-Product-Accelerator/Vivado/puzhi/puzhi.gen/sources_1/ip/floating_point_1/floating_point_1.dcp' for cell 'andromeda_i/axi_dpe_0/inst/dot_product_inst/dpe_inst/GEN_MUL[16].fp_mult'
INFO: [Project 1-454] Reading design checkpoint '/home/ujaved/work_dir/axi_dpe_ila_v3.0/AXI-Dot-Product-Accelerator/Vivado/puzhi/puzhi.gen/sources_1/ip/floating_point_1/floating_point_1.dcp' for cell 'andromeda_i/axi_dpe_0/inst/dot_product_inst/dpe_inst/GEN_MUL[17].fp_mult'
INFO: [Project 1-454] Reading design checkpoint '/home/ujaved/work_dir/axi_dpe_ila_v3.0/AXI-Dot-Product-Accelerator/Vivado/puzhi/puzhi.gen/sources_1/ip/floating_point_1/floating_point_1.dcp' for cell 'andromeda_i/axi_dpe_0/inst/dot_product_inst/dpe_inst/GEN_MUL[18].fp_mult'
INFO: [Project 1-454] Reading design checkpoint '/home/ujaved/work_dir/axi_dpe_ila_v3.0/AXI-Dot-Product-Accelerator/Vivado/puzhi/puzhi.gen/sources_1/ip/floating_point_1/floating_point_1.dcp' for cell 'andromeda_i/axi_dpe_0/inst/dot_product_inst/dpe_inst/GEN_MUL[19].fp_mult'
INFO: [Project 1-454] Reading design checkpoint '/home/ujaved/work_dir/axi_dpe_ila_v3.0/AXI-Dot-Product-Accelerator/Vivado/puzhi/puzhi.gen/sources_1/ip/floating_point_1/floating_point_1.dcp' for cell 'andromeda_i/axi_dpe_0/inst/dot_product_inst/dpe_inst/GEN_MUL[1].fp_mult'
INFO: [Project 1-454] Reading design checkpoint '/home/ujaved/work_dir/axi_dpe_ila_v3.0/AXI-Dot-Product-Accelerator/Vivado/puzhi/puzhi.gen/sources_1/ip/floating_point_1/floating_point_1.dcp' for cell 'andromeda_i/axi_dpe_0/inst/dot_product_inst/dpe_inst/GEN_MUL[20].fp_mult'
INFO: [Project 1-454] Reading design checkpoint '/home/ujaved/work_dir/axi_dpe_ila_v3.0/AXI-Dot-Product-Accelerator/Vivado/puzhi/puzhi.gen/sources_1/ip/floating_point_1/floating_point_1.dcp' for cell 'andromeda_i/axi_dpe_0/inst/dot_product_inst/dpe_inst/GEN_MUL[21].fp_mult'
INFO: [Project 1-454] Reading design checkpoint '/home/ujaved/work_dir/axi_dpe_ila_v3.0/AXI-Dot-Product-Accelerator/Vivado/puzhi/puzhi.gen/sources_1/ip/floating_point_1/floating_point_1.dcp' for cell 'andromeda_i/axi_dpe_0/inst/dot_product_inst/dpe_inst/GEN_MUL[22].fp_mult'
INFO: [Project 1-454] Reading design checkpoint '/home/ujaved/work_dir/axi_dpe_ila_v3.0/AXI-Dot-Product-Accelerator/Vivado/puzhi/puzhi.gen/sources_1/ip/floating_point_1/floating_point_1.dcp' for cell 'andromeda_i/axi_dpe_0/inst/dot_product_inst/dpe_inst/GEN_MUL[23].fp_mult'
INFO: [Project 1-454] Reading design checkpoint '/home/ujaved/work_dir/axi_dpe_ila_v3.0/AXI-Dot-Product-Accelerator/Vivado/puzhi/puzhi.gen/sources_1/ip/floating_point_1/floating_point_1.dcp' for cell 'andromeda_i/axi_dpe_0/inst/dot_product_inst/dpe_inst/GEN_MUL[24].fp_mult'
INFO: [Project 1-454] Reading design checkpoint '/home/ujaved/work_dir/axi_dpe_ila_v3.0/AXI-Dot-Product-Accelerator/Vivado/puzhi/puzhi.gen/sources_1/ip/floating_point_1/floating_point_1.dcp' for cell 'andromeda_i/axi_dpe_0/inst/dot_product_inst/dpe_inst/GEN_MUL[25].fp_mult'
INFO: [Project 1-454] Reading design checkpoint '/home/ujaved/work_dir/axi_dpe_ila_v3.0/AXI-Dot-Product-Accelerator/Vivado/puzhi/puzhi.gen/sources_1/ip/floating_point_1/floating_point_1.dcp' for cell 'andromeda_i/axi_dpe_0/inst/dot_product_inst/dpe_inst/GEN_MUL[26].fp_mult'
INFO: [Project 1-454] Reading design checkpoint '/home/ujaved/work_dir/axi_dpe_ila_v3.0/AXI-Dot-Product-Accelerator/Vivado/puzhi/puzhi.gen/sources_1/ip/floating_point_1/floating_point_1.dcp' for cell 'andromeda_i/axi_dpe_0/inst/dot_product_inst/dpe_inst/GEN_MUL[27].fp_mult'
INFO: [Project 1-454] Reading design checkpoint '/home/ujaved/work_dir/axi_dpe_ila_v3.0/AXI-Dot-Product-Accelerator/Vivado/puzhi/puzhi.gen/sources_1/ip/floating_point_1/floating_point_1.dcp' for cell 'andromeda_i/axi_dpe_0/inst/dot_product_inst/dpe_inst/GEN_MUL[28].fp_mult'
INFO: [Project 1-454] Reading design checkpoint '/home/ujaved/work_dir/axi_dpe_ila_v3.0/AXI-Dot-Product-Accelerator/Vivado/puzhi/puzhi.gen/sources_1/ip/floating_point_1/floating_point_1.dcp' for cell 'andromeda_i/axi_dpe_0/inst/dot_product_inst/dpe_inst/GEN_MUL[29].fp_mult'
INFO: [Project 1-454] Reading design checkpoint '/home/ujaved/work_dir/axi_dpe_ila_v3.0/AXI-Dot-Product-Accelerator/Vivado/puzhi/puzhi.gen/sources_1/ip/floating_point_1/floating_point_1.dcp' for cell 'andromeda_i/axi_dpe_0/inst/dot_product_inst/dpe_inst/GEN_MUL[2].fp_mult'
INFO: [Project 1-454] Reading design checkpoint '/home/ujaved/work_dir/axi_dpe_ila_v3.0/AXI-Dot-Product-Accelerator/Vivado/puzhi/puzhi.gen/sources_1/ip/floating_point_1/floating_point_1.dcp' for cell 'andromeda_i/axi_dpe_0/inst/dot_product_inst/dpe_inst/GEN_MUL[30].fp_mult'
INFO: [Project 1-454] Reading design checkpoint '/home/ujaved/work_dir/axi_dpe_ila_v3.0/AXI-Dot-Product-Accelerator/Vivado/puzhi/puzhi.gen/sources_1/ip/floating_point_1/floating_point_1.dcp' for cell 'andromeda_i/axi_dpe_0/inst/dot_product_inst/dpe_inst/GEN_MUL[31].fp_mult'
INFO: [Project 1-454] Reading design checkpoint '/home/ujaved/work_dir/axi_dpe_ila_v3.0/AXI-Dot-Product-Accelerator/Vivado/puzhi/puzhi.gen/sources_1/ip/floating_point_1/floating_point_1.dcp' for cell 'andromeda_i/axi_dpe_0/inst/dot_product_inst/dpe_inst/GEN_MUL[32].fp_mult'
INFO: [Project 1-454] Reading design checkpoint '/home/ujaved/work_dir/axi_dpe_ila_v3.0/AXI-Dot-Product-Accelerator/Vivado/puzhi/puzhi.gen/sources_1/ip/floating_point_1/floating_point_1.dcp' for cell 'andromeda_i/axi_dpe_0/inst/dot_product_inst/dpe_inst/GEN_MUL[33].fp_mult'
INFO: [Project 1-454] Reading design checkpoint '/home/ujaved/work_dir/axi_dpe_ila_v3.0/AXI-Dot-Product-Accelerator/Vivado/puzhi/puzhi.gen/sources_1/ip/floating_point_1/floating_point_1.dcp' for cell 'andromeda_i/axi_dpe_0/inst/dot_product_inst/dpe_inst/GEN_MUL[34].fp_mult'
INFO: [Project 1-454] Reading design checkpoint '/home/ujaved/work_dir/axi_dpe_ila_v3.0/AXI-Dot-Product-Accelerator/Vivado/puzhi/puzhi.gen/sources_1/ip/floating_point_1/floating_point_1.dcp' for cell 'andromeda_i/axi_dpe_0/inst/dot_product_inst/dpe_inst/GEN_MUL[35].fp_mult'
INFO: [Project 1-454] Reading design checkpoint '/home/ujaved/work_dir/axi_dpe_ila_v3.0/AXI-Dot-Product-Accelerator/Vivado/puzhi/puzhi.gen/sources_1/ip/floating_point_1/floating_point_1.dcp' for cell 'andromeda_i/axi_dpe_0/inst/dot_product_inst/dpe_inst/GEN_MUL[36].fp_mult'
INFO: [Project 1-454] Reading design checkpoint '/home/ujaved/work_dir/axi_dpe_ila_v3.0/AXI-Dot-Product-Accelerator/Vivado/puzhi/puzhi.gen/sources_1/ip/floating_point_1/floating_point_1.dcp' for cell 'andromeda_i/axi_dpe_0/inst/dot_product_inst/dpe_inst/GEN_MUL[37].fp_mult'
INFO: [Project 1-454] Reading design checkpoint '/home/ujaved/work_dir/axi_dpe_ila_v3.0/AXI-Dot-Product-Accelerator/Vivado/puzhi/puzhi.gen/sources_1/ip/floating_point_1/floating_point_1.dcp' for cell 'andromeda_i/axi_dpe_0/inst/dot_product_inst/dpe_inst/GEN_MUL[38].fp_mult'
INFO: [Project 1-454] Reading design checkpoint '/home/ujaved/work_dir/axi_dpe_ila_v3.0/AXI-Dot-Product-Accelerator/Vivado/puzhi/puzhi.gen/sources_1/ip/floating_point_1/floating_point_1.dcp' for cell 'andromeda_i/axi_dpe_0/inst/dot_product_inst/dpe_inst/GEN_MUL[39].fp_mult'
INFO: [Project 1-454] Reading design checkpoint '/home/ujaved/work_dir/axi_dpe_ila_v3.0/AXI-Dot-Product-Accelerator/Vivado/puzhi/puzhi.gen/sources_1/ip/floating_point_1/floating_point_1.dcp' for cell 'andromeda_i/axi_dpe_0/inst/dot_product_inst/dpe_inst/GEN_MUL[3].fp_mult'
INFO: [Project 1-454] Reading design checkpoint '/home/ujaved/work_dir/axi_dpe_ila_v3.0/AXI-Dot-Product-Accelerator/Vivado/puzhi/puzhi.gen/sources_1/ip/floating_point_1/floating_point_1.dcp' for cell 'andromeda_i/axi_dpe_0/inst/dot_product_inst/dpe_inst/GEN_MUL[40].fp_mult'
INFO: [Project 1-454] Reading design checkpoint '/home/ujaved/work_dir/axi_dpe_ila_v3.0/AXI-Dot-Product-Accelerator/Vivado/puzhi/puzhi.gen/sources_1/ip/floating_point_1/floating_point_1.dcp' for cell 'andromeda_i/axi_dpe_0/inst/dot_product_inst/dpe_inst/GEN_MUL[41].fp_mult'
INFO: [Project 1-454] Reading design checkpoint '/home/ujaved/work_dir/axi_dpe_ila_v3.0/AXI-Dot-Product-Accelerator/Vivado/puzhi/puzhi.gen/sources_1/ip/floating_point_1/floating_point_1.dcp' for cell 'andromeda_i/axi_dpe_0/inst/dot_product_inst/dpe_inst/GEN_MUL[42].fp_mult'
INFO: [Project 1-454] Reading design checkpoint '/home/ujaved/work_dir/axi_dpe_ila_v3.0/AXI-Dot-Product-Accelerator/Vivado/puzhi/puzhi.gen/sources_1/ip/floating_point_1/floating_point_1.dcp' for cell 'andromeda_i/axi_dpe_0/inst/dot_product_inst/dpe_inst/GEN_MUL[43].fp_mult'
INFO: [Project 1-454] Reading design checkpoint '/home/ujaved/work_dir/axi_dpe_ila_v3.0/AXI-Dot-Product-Accelerator/Vivado/puzhi/puzhi.gen/sources_1/ip/floating_point_1/floating_point_1.dcp' for cell 'andromeda_i/axi_dpe_0/inst/dot_product_inst/dpe_inst/GEN_MUL[44].fp_mult'
INFO: [Project 1-454] Reading design checkpoint '/home/ujaved/work_dir/axi_dpe_ila_v3.0/AXI-Dot-Product-Accelerator/Vivado/puzhi/puzhi.gen/sources_1/ip/floating_point_1/floating_point_1.dcp' for cell 'andromeda_i/axi_dpe_0/inst/dot_product_inst/dpe_inst/GEN_MUL[45].fp_mult'
INFO: [Project 1-454] Reading design checkpoint '/home/ujaved/work_dir/axi_dpe_ila_v3.0/AXI-Dot-Product-Accelerator/Vivado/puzhi/puzhi.gen/sources_1/ip/floating_point_1/floating_point_1.dcp' for cell 'andromeda_i/axi_dpe_0/inst/dot_product_inst/dpe_inst/GEN_MUL[46].fp_mult'
INFO: [Project 1-454] Reading design checkpoint '/home/ujaved/work_dir/axi_dpe_ila_v3.0/AXI-Dot-Product-Accelerator/Vivado/puzhi/puzhi.gen/sources_1/ip/floating_point_1/floating_point_1.dcp' for cell 'andromeda_i/axi_dpe_0/inst/dot_product_inst/dpe_inst/GEN_MUL[47].fp_mult'
INFO: [Project 1-454] Reading design checkpoint '/home/ujaved/work_dir/axi_dpe_ila_v3.0/AXI-Dot-Product-Accelerator/Vivado/puzhi/puzhi.gen/sources_1/ip/floating_point_1/floating_point_1.dcp' for cell 'andromeda_i/axi_dpe_0/inst/dot_product_inst/dpe_inst/GEN_MUL[48].fp_mult'
INFO: [Project 1-454] Reading design checkpoint '/home/ujaved/work_dir/axi_dpe_ila_v3.0/AXI-Dot-Product-Accelerator/Vivado/puzhi/puzhi.gen/sources_1/ip/floating_point_1/floating_point_1.dcp' for cell 'andromeda_i/axi_dpe_0/inst/dot_product_inst/dpe_inst/GEN_MUL[49].fp_mult'
INFO: [Project 1-454] Reading design checkpoint '/home/ujaved/work_dir/axi_dpe_ila_v3.0/AXI-Dot-Product-Accelerator/Vivado/puzhi/puzhi.gen/sources_1/ip/floating_point_1/floating_point_1.dcp' for cell 'andromeda_i/axi_dpe_0/inst/dot_product_inst/dpe_inst/GEN_MUL[4].fp_mult'
INFO: [Project 1-454] Reading design checkpoint '/home/ujaved/work_dir/axi_dpe_ila_v3.0/AXI-Dot-Product-Accelerator/Vivado/puzhi/puzhi.gen/sources_1/ip/floating_point_1/floating_point_1.dcp' for cell 'andromeda_i/axi_dpe_0/inst/dot_product_inst/dpe_inst/GEN_MUL[50].fp_mult'
INFO: [Project 1-454] Reading design checkpoint '/home/ujaved/work_dir/axi_dpe_ila_v3.0/AXI-Dot-Product-Accelerator/Vivado/puzhi/puzhi.gen/sources_1/ip/floating_point_1/floating_point_1.dcp' for cell 'andromeda_i/axi_dpe_0/inst/dot_product_inst/dpe_inst/GEN_MUL[51].fp_mult'
INFO: [Project 1-454] Reading design checkpoint '/home/ujaved/work_dir/axi_dpe_ila_v3.0/AXI-Dot-Product-Accelerator/Vivado/puzhi/puzhi.gen/sources_1/ip/floating_point_1/floating_point_1.dcp' for cell 'andromeda_i/axi_dpe_0/inst/dot_product_inst/dpe_inst/GEN_MUL[52].fp_mult'
INFO: [Project 1-454] Reading design checkpoint '/home/ujaved/work_dir/axi_dpe_ila_v3.0/AXI-Dot-Product-Accelerator/Vivado/puzhi/puzhi.gen/sources_1/ip/floating_point_1/floating_point_1.dcp' for cell 'andromeda_i/axi_dpe_0/inst/dot_product_inst/dpe_inst/GEN_MUL[53].fp_mult'
INFO: [Project 1-454] Reading design checkpoint '/home/ujaved/work_dir/axi_dpe_ila_v3.0/AXI-Dot-Product-Accelerator/Vivado/puzhi/puzhi.gen/sources_1/ip/floating_point_1/floating_point_1.dcp' for cell 'andromeda_i/axi_dpe_0/inst/dot_product_inst/dpe_inst/GEN_MUL[54].fp_mult'
INFO: [Project 1-454] Reading design checkpoint '/home/ujaved/work_dir/axi_dpe_ila_v3.0/AXI-Dot-Product-Accelerator/Vivado/puzhi/puzhi.gen/sources_1/ip/floating_point_1/floating_point_1.dcp' for cell 'andromeda_i/axi_dpe_0/inst/dot_product_inst/dpe_inst/GEN_MUL[55].fp_mult'
INFO: [Project 1-454] Reading design checkpoint '/home/ujaved/work_dir/axi_dpe_ila_v3.0/AXI-Dot-Product-Accelerator/Vivado/puzhi/puzhi.gen/sources_1/ip/floating_point_1/floating_point_1.dcp' for cell 'andromeda_i/axi_dpe_0/inst/dot_product_inst/dpe_inst/GEN_MUL[56].fp_mult'
INFO: [Project 1-454] Reading design checkpoint '/home/ujaved/work_dir/axi_dpe_ila_v3.0/AXI-Dot-Product-Accelerator/Vivado/puzhi/puzhi.gen/sources_1/ip/floating_point_1/floating_point_1.dcp' for cell 'andromeda_i/axi_dpe_0/inst/dot_product_inst/dpe_inst/GEN_MUL[57].fp_mult'
INFO: [Common 17-14] Message 'Project 1-454' appears 100 times and further instances of the messages will be disabled. Use the Tcl command set_msg_config to change the current settings.
Netlist sorting complete. Time (s): cpu = 00:00:03 ; elapsed = 00:00:03 . Memory (MB): peak = 6540.617 ; gain = 0.000 ; free physical = 32674 ; free virtual = 46007
INFO: [Netlist 29-17] Analyzing 19068 Unisim elements for replacement
INFO: [Netlist 29-28] Unisim Transformation completed in 2 CPU seconds
INFO: [Project 1-479] Netlist was created with Vivado 2024.2
INFO: [Project 1-570] Preparing netlist for logic optimization
INFO: [Chipscope 16-324] Core: andromeda_i/ddr4_0 UUID: 230984e1-a308-5a23-abaf-72c5a841b372 
INFO: [Chipscope 16-324] Core: andromeda_i/ila_0 UUID: dc9b1af9-42bb-5647-9a60-5448a3c72071 
INFO: [Chipscope 16-324] Core: andromeda_i/system_ila_0/inst/ila_lib UUID: c5e75aa2-bb23-57ce-a023-62bbebe219a3 
Parsing XDC File [/home/ujaved/work_dir/axi_dpe_ila_v3.0/AXI-Dot-Product-Accelerator/Vivado/puzhi/puzhi.gen/sources_1/bd/andromeda/ip/andromeda_axi_timer_0_0/andromeda_axi_timer_0_0.xdc] for cell 'andromeda_i/axi_timer_0/U0'
Finished Parsing XDC File [/home/ujaved/work_dir/axi_dpe_ila_v3.0/AXI-Dot-Product-Accelerator/Vivado/puzhi/puzhi.gen/sources_1/bd/andromeda/ip/andromeda_axi_timer_0_0/andromeda_axi_timer_0_0.xdc] for cell 'andromeda_i/axi_timer_0/U0'
Parsing XDC File [/home/ujaved/work_dir/axi_dpe_ila_v3.0/AXI-Dot-Product-Accelerator/Vivado/puzhi/puzhi.gen/sources_1/bd/andromeda/ip/andromeda_system_ila_0_0/bd_0/ip/ip_0/ila_v6_2/constraints/ila.xdc] for cell 'andromeda_i/system_ila_0/inst/ila_lib/inst'
Finished Parsing XDC File [/home/ujaved/work_dir/axi_dpe_ila_v3.0/AXI-Dot-Product-Accelerator/Vivado/puzhi/puzhi.gen/sources_1/bd/andromeda/ip/andromeda_system_ila_0_0/bd_0/ip/ip_0/ila_v6_2/constraints/ila.xdc] for cell 'andromeda_i/system_ila_0/inst/ila_lib/inst'
Parsing XDC File [/home/ujaved/work_dir/axi_dpe_ila_v3.0/AXI-Dot-Product-Accelerator/Vivado/puzhi/puzhi.gen/sources_1/bd/andromeda/ip/andromeda_system_ila_0_0/bd_0/ip/ip_0/ila_v6_2/constraints/ila_impl.xdc] for cell 'andromeda_i/system_ila_0/inst/ila_lib/inst'
Finished Parsing XDC File [/home/ujaved/work_dir/axi_dpe_ila_v3.0/AXI-Dot-Product-Accelerator/Vivado/puzhi/puzhi.gen/sources_1/bd/andromeda/ip/andromeda_system_ila_0_0/bd_0/ip/ip_0/ila_v6_2/constraints/ila_impl.xdc] for cell 'andromeda_i/system_ila_0/inst/ila_lib/inst'
Parsing XDC File [/home/ujaved/work_dir/axi_dpe_ila_v3.0/AXI-Dot-Product-Accelerator/Vivado/puzhi/puzhi.gen/sources_1/bd/andromeda/ip/andromeda_axi_smc_0/smartconnect.xdc] for cell 'andromeda_i/axi_smc/inst'
WARNING: [Vivado_Tcl 4-919] Waiver ID 'CDC-1' -from list should not be empty. [/home/ujaved/work_dir/axi_dpe_ila_v3.0/AXI-Dot-Product-Accelerator/Vivado/puzhi/puzhi.gen/sources_1/bd/andromeda/ip/andromeda_axi_smc_0/smartconnect.xdc:2]
WARNING: [Vivado_Tcl 4-921] Waiver ID 'CDC-1' -to list should not be empty. [/home/ujaved/work_dir/axi_dpe_ila_v3.0/AXI-Dot-Product-Accelerator/Vivado/puzhi/puzhi.gen/sources_1/bd/andromeda/ip/andromeda_axi_smc_0/smartconnect.xdc:3]
WARNING: [Vivado_Tcl 4-921] Waiver ID 'CDC-1' -to list should not be empty. [/home/ujaved/work_dir/axi_dpe_ila_v3.0/AXI-Dot-Product-Accelerator/Vivado/puzhi/puzhi.gen/sources_1/bd/andromeda/ip/andromeda_axi_smc_0/smartconnect.xdc:4]
WARNING: [Vivado_Tcl 4-921] Waiver ID 'CDC-1' -to list should not be empty. [/home/ujaved/work_dir/axi_dpe_ila_v3.0/AXI-Dot-Product-Accelerator/Vivado/puzhi/puzhi.gen/sources_1/bd/andromeda/ip/andromeda_axi_smc_0/smartconnect.xdc:5]
WARNING: [Vivado_Tcl 4-921] Waiver ID 'CDC-1' -to list should not be empty. [/home/ujaved/work_dir/axi_dpe_ila_v3.0/AXI-Dot-Product-Accelerator/Vivado/puzhi/puzhi.gen/sources_1/bd/andromeda/ip/andromeda_axi_smc_0/smartconnect.xdc:6]
WARNING: [Vivado_Tcl 4-921] Waiver ID 'CDC-1' -to list should not be empty. [/home/ujaved/work_dir/axi_dpe_ila_v3.0/AXI-Dot-Product-Accelerator/Vivado/puzhi/puzhi.gen/sources_1/bd/andromeda/ip/andromeda_axi_smc_0/smartconnect.xdc:7]
WARNING: [Vivado_Tcl 4-921] Waiver ID 'CDC-1' -to list should not be empty. [/home/ujaved/work_dir/axi_dpe_ila_v3.0/AXI-Dot-Product-Accelerator/Vivado/puzhi/puzhi.gen/sources_1/bd/andromeda/ip/andromeda_axi_smc_0/smartconnect.xdc:8]
WARNING: [Vivado_Tcl 4-921] Waiver ID 'CDC-1' -to list should not be empty. [/home/ujaved/work_dir/axi_dpe_ila_v3.0/AXI-Dot-Product-Accelerator/Vivado/puzhi/puzhi.gen/sources_1/bd/andromeda/ip/andromeda_axi_smc_0/smartconnect.xdc:9]
WARNING: [Vivado_Tcl 4-921] Waiver ID 'CDC-1' -to list should not be empty. [/home/ujaved/work_dir/axi_dpe_ila_v3.0/AXI-Dot-Product-Accelerator/Vivado/puzhi/puzhi.gen/sources_1/bd/andromeda/ip/andromeda_axi_smc_0/smartconnect.xdc:10]
WARNING: [Vivado_Tcl 4-921] Waiver ID 'CDC-1' -to list should not be empty. [/home/ujaved/work_dir/axi_dpe_ila_v3.0/AXI-Dot-Product-Accelerator/Vivado/puzhi/puzhi.gen/sources_1/bd/andromeda/ip/andromeda_axi_smc_0/smartconnect.xdc:11]
WARNING: [Vivado_Tcl 4-921] Waiver ID 'CDC-1' -to list should not be empty. [/home/ujaved/work_dir/axi_dpe_ila_v3.0/AXI-Dot-Product-Accelerator/Vivado/puzhi/puzhi.gen/sources_1/bd/andromeda/ip/andromeda_axi_smc_0/smartconnect.xdc:12]
WARNING: [Vivado_Tcl 4-921] Waiver ID 'CDC-1' -to list should not be empty. [/home/ujaved/work_dir/axi_dpe_ila_v3.0/AXI-Dot-Product-Accelerator/Vivado/puzhi/puzhi.gen/sources_1/bd/andromeda/ip/andromeda_axi_smc_0/smartconnect.xdc:14]
WARNING: [Vivado_Tcl 4-921] Waiver ID 'CDC-1' -to list should not be empty. [/home/ujaved/work_dir/axi_dpe_ila_v3.0/AXI-Dot-Product-Accelerator/Vivado/puzhi/puzhi.gen/sources_1/bd/andromeda/ip/andromeda_axi_smc_0/smartconnect.xdc:15]
WARNING: [Vivado_Tcl 4-921] Waiver ID 'CDC-1' -to list should not be empty. [/home/ujaved/work_dir/axi_dpe_ila_v3.0/AXI-Dot-Product-Accelerator/Vivado/puzhi/puzhi.gen/sources_1/bd/andromeda/ip/andromeda_axi_smc_0/smartconnect.xdc:18]
WARNING: [Vivado_Tcl 4-921] Waiver ID 'CDC-1' -to list should not be empty. [/home/ujaved/work_dir/axi_dpe_ila_v3.0/AXI-Dot-Product-Accelerator/Vivado/puzhi/puzhi.gen/sources_1/bd/andromeda/ip/andromeda_axi_smc_0/smartconnect.xdc:19]
WARNING: [Vivado_Tcl 4-921] Waiver ID 'CDC-1' -to list should not be empty. [/home/ujaved/work_dir/axi_dpe_ila_v3.0/AXI-Dot-Product-Accelerator/Vivado/puzhi/puzhi.gen/sources_1/bd/andromeda/ip/andromeda_axi_smc_0/smartconnect.xdc:20]
WARNING: [Vivado_Tcl 4-921] Waiver ID 'CDC-1' -to list should not be empty. [/home/ujaved/work_dir/axi_dpe_ila_v3.0/AXI-Dot-Product-Accelerator/Vivado/puzhi/puzhi.gen/sources_1/bd/andromeda/ip/andromeda_axi_smc_0/smartconnect.xdc:21]
WARNING: [Vivado_Tcl 4-921] Waiver ID 'CDC-1' -to list should not be empty. [/home/ujaved/work_dir/axi_dpe_ila_v3.0/AXI-Dot-Product-Accelerator/Vivado/puzhi/puzhi.gen/sources_1/bd/andromeda/ip/andromeda_axi_smc_0/smartconnect.xdc:22]
WARNING: [Vivado_Tcl 4-921] Waiver ID 'CDC-1' -to list should not be empty. [/home/ujaved/work_dir/axi_dpe_ila_v3.0/AXI-Dot-Product-Accelerator/Vivado/puzhi/puzhi.gen/sources_1/bd/andromeda/ip/andromeda_axi_smc_0/smartconnect.xdc:23]
WARNING: [Vivado_Tcl 4-921] Waiver ID 'CDC-1' -to list should not be empty. [/home/ujaved/work_dir/axi_dpe_ila_v3.0/AXI-Dot-Product-Accelerator/Vivado/puzhi/puzhi.gen/sources_1/bd/andromeda/ip/andromeda_axi_smc_0/smartconnect.xdc:24]
WARNING: [Vivado_Tcl 4-921] Waiver ID 'CDC-1' -to list should not be empty. [/home/ujaved/work_dir/axi_dpe_ila_v3.0/AXI-Dot-Product-Accelerator/Vivado/puzhi/puzhi.gen/sources_1/bd/andromeda/ip/andromeda_axi_smc_0/smartconnect.xdc:26]
WARNING: [Vivado_Tcl 4-921] Waiver ID 'CDC-1' -to list should not be empty. [/home/ujaved/work_dir/axi_dpe_ila_v3.0/AXI-Dot-Product-Accelerator/Vivado/puzhi/puzhi.gen/sources_1/bd/andromeda/ip/andromeda_axi_smc_0/smartconnect.xdc:28]
WARNING: [Vivado_Tcl 4-921] Waiver ID 'CDC-1' -to list should not be empty. [/home/ujaved/work_dir/axi_dpe_ila_v3.0/AXI-Dot-Product-Accelerator/Vivado/puzhi/puzhi.gen/sources_1/bd/andromeda/ip/andromeda_axi_smc_0/smartconnect.xdc:29]
WARNING: [Vivado_Tcl 4-921] Waiver ID 'CDC-1' -to list should not be empty. [/home/ujaved/work_dir/axi_dpe_ila_v3.0/AXI-Dot-Product-Accelerator/Vivado/puzhi/puzhi.gen/sources_1/bd/andromeda/ip/andromeda_axi_smc_0/smartconnect.xdc:30]
WARNING: [Vivado_Tcl 4-921] Waiver ID 'CDC-1' -to list should not be empty. [/home/ujaved/work_dir/axi_dpe_ila_v3.0/AXI-Dot-Product-Accelerator/Vivado/puzhi/puzhi.gen/sources_1/bd/andromeda/ip/andromeda_axi_smc_0/smartconnect.xdc:32]
WARNING: [Vivado_Tcl 4-921] Waiver ID 'CDC-1' -to list should not be empty. [/home/ujaved/work_dir/axi_dpe_ila_v3.0/AXI-Dot-Product-Accelerator/Vivado/puzhi/puzhi.gen/sources_1/bd/andromeda/ip/andromeda_axi_smc_0/smartconnect.xdc:36]
WARNING: [Vivado_Tcl 4-921] Waiver ID 'CDC-1' -to list should not be empty. [/home/ujaved/work_dir/axi_dpe_ila_v3.0/AXI-Dot-Product-Accelerator/Vivado/puzhi/puzhi.gen/sources_1/bd/andromeda/ip/andromeda_axi_smc_0/smartconnect.xdc:37]
WARNING: [Vivado_Tcl 4-921] Waiver ID 'CDC-2' -to list should not be empty. [/home/ujaved/work_dir/axi_dpe_ila_v3.0/AXI-Dot-Product-Accelerator/Vivado/puzhi/puzhi.gen/sources_1/bd/andromeda/ip/andromeda_axi_smc_0/smartconnect.xdc:38]
WARNING: [Vivado_Tcl 4-921] Waiver ID 'CDC-2' -to list should not be empty. [/home/ujaved/work_dir/axi_dpe_ila_v3.0/AXI-Dot-Product-Accelerator/Vivado/puzhi/puzhi.gen/sources_1/bd/andromeda/ip/andromeda_axi_smc_0/smartconnect.xdc:39]
WARNING: [Vivado_Tcl 4-921] Waiver ID 'CDC-2' -to list should not be empty. [/home/ujaved/work_dir/axi_dpe_ila_v3.0/AXI-Dot-Product-Accelerator/Vivado/puzhi/puzhi.gen/sources_1/bd/andromeda/ip/andromeda_axi_smc_0/smartconnect.xdc:40]
WARNING: [Vivado_Tcl 4-921] Waiver ID 'CDC-10' -to list should not be empty. [/home/ujaved/work_dir/axi_dpe_ila_v3.0/AXI-Dot-Product-Accelerator/Vivado/puzhi/puzhi.gen/sources_1/bd/andromeda/ip/andromeda_axi_smc_0/smartconnect.xdc:41]
WARNING: [Vivado_Tcl 4-921] Waiver ID 'CDC-10' -to list should not be empty. [/home/ujaved/work_dir/axi_dpe_ila_v3.0/AXI-Dot-Product-Accelerator/Vivado/puzhi/puzhi.gen/sources_1/bd/andromeda/ip/andromeda_axi_smc_0/smartconnect.xdc:42]
WARNING: [Vivado_Tcl 4-921] Waiver ID 'CDC-10' -to list should not be empty. [/home/ujaved/work_dir/axi_dpe_ila_v3.0/AXI-Dot-Product-Accelerator/Vivado/puzhi/puzhi.gen/sources_1/bd/andromeda/ip/andromeda_axi_smc_0/smartconnect.xdc:43]
WARNING: [Vivado_Tcl 4-921] Waiver ID 'CDC-4' -to list should not be empty. [/home/ujaved/work_dir/axi_dpe_ila_v3.0/AXI-Dot-Product-Accelerator/Vivado/puzhi/puzhi.gen/sources_1/bd/andromeda/ip/andromeda_axi_smc_0/smartconnect.xdc:44]
WARNING: [Vivado_Tcl 4-921] Waiver ID 'CDC-4' -to list should not be empty. [/home/ujaved/work_dir/axi_dpe_ila_v3.0/AXI-Dot-Product-Accelerator/Vivado/puzhi/puzhi.gen/sources_1/bd/andromeda/ip/andromeda_axi_smc_0/smartconnect.xdc:45]
WARNING: [Vivado_Tcl 4-921] Waiver ID 'CDC-4' -to list should not be empty. [/home/ujaved/work_dir/axi_dpe_ila_v3.0/AXI-Dot-Product-Accelerator/Vivado/puzhi/puzhi.gen/sources_1/bd/andromeda/ip/andromeda_axi_smc_0/smartconnect.xdc:46]
WARNING: [Vivado_Tcl 4-921] Waiver ID 'CDC-13' -to list should not be empty. [/home/ujaved/work_dir/axi_dpe_ila_v3.0/AXI-Dot-Product-Accelerator/Vivado/puzhi/puzhi.gen/sources_1/bd/andromeda/ip/andromeda_axi_smc_0/smartconnect.xdc:47]
WARNING: [Vivado_Tcl 4-921] Waiver ID 'CDC-13' -to list should not be empty. [/home/ujaved/work_dir/axi_dpe_ila_v3.0/AXI-Dot-Product-Accelerator/Vivado/puzhi/puzhi.gen/sources_1/bd/andromeda/ip/andromeda_axi_smc_0/smartconnect.xdc:48]
Finished Parsing XDC File [/home/ujaved/work_dir/axi_dpe_ila_v3.0/AXI-Dot-Product-Accelerator/Vivado/puzhi/puzhi.gen/sources_1/bd/andromeda/ip/andromeda_axi_smc_0/smartconnect.xdc] for cell 'andromeda_i/axi_smc/inst'
Parsing XDC File [/home/ujaved/work_dir/axi_dpe_ila_v3.0/AXI-Dot-Product-Accelerator/Vivado/puzhi/puzhi.gen/sources_1/bd/andromeda/ip/andromeda_axi_smc_0/bd_0/ip/ip_3/bd_98e1_psr_aclk1_0.xdc] for cell 'andromeda_i/axi_smc/inst/clk_map/psr_aclk1/U0'
Finished Parsing XDC File [/home/ujaved/work_dir/axi_dpe_ila_v3.0/AXI-Dot-Product-Accelerator/Vivado/puzhi/puzhi.gen/sources_1/bd/andromeda/ip/andromeda_axi_smc_0/bd_0/ip/ip_3/bd_98e1_psr_aclk1_0.xdc] for cell 'andromeda_i/axi_smc/inst/clk_map/psr_aclk1/U0'
Parsing XDC File [/home/ujaved/work_dir/axi_dpe_ila_v3.0/AXI-Dot-Product-Accelerator/Vivado/puzhi/puzhi.gen/sources_1/bd/andromeda/ip/andromeda_axi_smc_0/bd_0/ip/ip_3/bd_98e1_psr_aclk1_0_board.xdc] for cell 'andromeda_i/axi_smc/inst/clk_map/psr_aclk1/U0'
Finished Parsing XDC File [/home/ujaved/work_dir/axi_dpe_ila_v3.0/AXI-Dot-Product-Accelerator/Vivado/puzhi/puzhi.gen/sources_1/bd/andromeda/ip/andromeda_axi_smc_0/bd_0/ip/ip_3/bd_98e1_psr_aclk1_0_board.xdc] for cell 'andromeda_i/axi_smc/inst/clk_map/psr_aclk1/U0'
Parsing XDC File [/home/ujaved/work_dir/axi_dpe_ila_v3.0/AXI-Dot-Product-Accelerator/Vivado/puzhi/puzhi.gen/sources_1/bd/andromeda/ip/andromeda_axi_smc_0/bd_0/ip/ip_2/bd_98e1_psr_aclk_0.xdc] for cell 'andromeda_i/axi_smc/inst/clk_map/psr_aclk/U0'
Finished Parsing XDC File [/home/ujaved/work_dir/axi_dpe_ila_v3.0/AXI-Dot-Product-Accelerator/Vivado/puzhi/puzhi.gen/sources_1/bd/andromeda/ip/andromeda_axi_smc_0/bd_0/ip/ip_2/bd_98e1_psr_aclk_0.xdc] for cell 'andromeda_i/axi_smc/inst/clk_map/psr_aclk/U0'
Parsing XDC File [/home/ujaved/work_dir/axi_dpe_ila_v3.0/AXI-Dot-Product-Accelerator/Vivado/puzhi/puzhi.gen/sources_1/bd/andromeda/ip/andromeda_axi_smc_0/bd_0/ip/ip_2/bd_98e1_psr_aclk_0_board.xdc] for cell 'andromeda_i/axi_smc/inst/clk_map/psr_aclk/U0'
Finished Parsing XDC File [/home/ujaved/work_dir/axi_dpe_ila_v3.0/AXI-Dot-Product-Accelerator/Vivado/puzhi/puzhi.gen/sources_1/bd/andromeda/ip/andromeda_axi_smc_0/bd_0/ip/ip_2/bd_98e1_psr_aclk_0_board.xdc] for cell 'andromeda_i/axi_smc/inst/clk_map/psr_aclk/U0'
Parsing XDC File [/home/ujaved/work_dir/axi_dpe_ila_v3.0/AXI-Dot-Product-Accelerator/Vivado/puzhi/puzhi.gen/sources_1/bd/andromeda/ip/andromeda_axi_smc_0/bd_0/ip/ip_1/bd_98e1_psr0_0.xdc] for cell 'andromeda_i/axi_smc/inst/clk_map/psr0/U0'
Finished Parsing XDC File [/home/ujaved/work_dir/axi_dpe_ila_v3.0/AXI-Dot-Product-Accelerator/Vivado/puzhi/puzhi.gen/sources_1/bd/andromeda/ip/andromeda_axi_smc_0/bd_0/ip/ip_1/bd_98e1_psr0_0.xdc] for cell 'andromeda_i/axi_smc/inst/clk_map/psr0/U0'
Parsing XDC File [/home/ujaved/work_dir/axi_dpe_ila_v3.0/AXI-Dot-Product-Accelerator/Vivado/puzhi/puzhi.gen/sources_1/bd/andromeda/ip/andromeda_axi_smc_0/bd_0/ip/ip_1/bd_98e1_psr0_0_board.xdc] for cell 'andromeda_i/axi_smc/inst/clk_map/psr0/U0'
Finished Parsing XDC File [/home/ujaved/work_dir/axi_dpe_ila_v3.0/AXI-Dot-Product-Accelerator/Vivado/puzhi/puzhi.gen/sources_1/bd/andromeda/ip/andromeda_axi_smc_0/bd_0/ip/ip_1/bd_98e1_psr0_0_board.xdc] for cell 'andromeda_i/axi_smc/inst/clk_map/psr0/U0'
Parsing XDC File [/home/ujaved/work_dir/axi_dpe_ila_v3.0/AXI-Dot-Product-Accelerator/Vivado/puzhi/puzhi.gen/sources_1/bd/andromeda/ip/andromeda_rst_ddr4_0_100M_0/andromeda_rst_ddr4_0_100M_0.xdc] for cell 'andromeda_i/rst_ddr4_0_100M/U0'
Finished Parsing XDC File [/home/ujaved/work_dir/axi_dpe_ila_v3.0/AXI-Dot-Product-Accelerator/Vivado/puzhi/puzhi.gen/sources_1/bd/andromeda/ip/andromeda_rst_ddr4_0_100M_0/andromeda_rst_ddr4_0_100M_0.xdc] for cell 'andromeda_i/rst_ddr4_0_100M/U0'
Parsing XDC File [/home/ujaved/work_dir/axi_dpe_ila_v3.0/AXI-Dot-Product-Accelerator/Vivado/puzhi/puzhi.gen/sources_1/bd/andromeda/ip/andromeda_rst_ddr4_0_100M_0/andromeda_rst_ddr4_0_100M_0_board.xdc] for cell 'andromeda_i/rst_ddr4_0_100M/U0'
Finished Parsing XDC File [/home/ujaved/work_dir/axi_dpe_ila_v3.0/AXI-Dot-Product-Accelerator/Vivado/puzhi/puzhi.gen/sources_1/bd/andromeda/ip/andromeda_rst_ddr4_0_100M_0/andromeda_rst_ddr4_0_100M_0_board.xdc] for cell 'andromeda_i/rst_ddr4_0_100M/U0'
Parsing XDC File [/home/ujaved/work_dir/axi_dpe_ila_v3.0/AXI-Dot-Product-Accelerator/Vivado/puzhi/puzhi.gen/sources_1/bd/andromeda/ip/andromeda_rst_ddr4_0_333M_0/andromeda_rst_ddr4_0_333M_0.xdc] for cell 'andromeda_i/rst_ddr4_0_333M/U0'
Finished Parsing XDC File [/home/ujaved/work_dir/axi_dpe_ila_v3.0/AXI-Dot-Product-Accelerator/Vivado/puzhi/puzhi.gen/sources_1/bd/andromeda/ip/andromeda_rst_ddr4_0_333M_0/andromeda_rst_ddr4_0_333M_0.xdc] for cell 'andromeda_i/rst_ddr4_0_333M/U0'
Parsing XDC File [/home/ujaved/work_dir/axi_dpe_ila_v3.0/AXI-Dot-Product-Accelerator/Vivado/puzhi/puzhi.gen/sources_1/bd/andromeda/ip/andromeda_rst_ddr4_0_333M_0/andromeda_rst_ddr4_0_333M_0_board.xdc] for cell 'andromeda_i/rst_ddr4_0_333M/U0'
Finished Parsing XDC File [/home/ujaved/work_dir/axi_dpe_ila_v3.0/AXI-Dot-Product-Accelerator/Vivado/puzhi/puzhi.gen/sources_1/bd/andromeda/ip/andromeda_rst_ddr4_0_333M_0/andromeda_rst_ddr4_0_333M_0_board.xdc] for cell 'andromeda_i/rst_ddr4_0_333M/U0'
Parsing XDC File [/home/ujaved/work_dir/axi_dpe_ila_v3.0/AXI-Dot-Product-Accelerator/Vivado/puzhi/puzhi.gen/sources_1/bd/andromeda/ip/andromeda_ddr4_0_0/bd_0/ip/ip_0/bd_828f_microblaze_I_0.xdc] for cell 'andromeda_i/ddr4_0/inst/u_ddr4_mem_intfc/u_ddr_cal_riu/mcs0/inst/microblaze_I/U0'
Finished Parsing XDC File [/home/ujaved/work_dir/axi_dpe_ila_v3.0/AXI-Dot-Product-Accelerator/Vivado/puzhi/puzhi.gen/sources_1/bd/andromeda/ip/andromeda_ddr4_0_0/bd_0/ip/ip_0/bd_828f_microblaze_I_0.xdc] for cell 'andromeda_i/ddr4_0/inst/u_ddr4_mem_intfc/u_ddr_cal_riu/mcs0/inst/microblaze_I/U0'
Parsing XDC File [/home/ujaved/work_dir/axi_dpe_ila_v3.0/AXI-Dot-Product-Accelerator/Vivado/puzhi/puzhi.gen/sources_1/bd/andromeda/ip/andromeda_axi_uartlite_0_0/andromeda_axi_uartlite_0_0.xdc] for cell 'andromeda_i/axi_uartlite_0/U0'
Finished Parsing XDC File [/home/ujaved/work_dir/axi_dpe_ila_v3.0/AXI-Dot-Product-Accelerator/Vivado/puzhi/puzhi.gen/sources_1/bd/andromeda/ip/andromeda_axi_uartlite_0_0/andromeda_axi_uartlite_0_0.xdc] for cell 'andromeda_i/axi_uartlite_0/U0'
Parsing XDC File [/home/ujaved/work_dir/axi_dpe_ila_v3.0/AXI-Dot-Product-Accelerator/Vivado/puzhi/puzhi.gen/sources_1/bd/andromeda/ip/andromeda_axi_uartlite_0_0/andromeda_axi_uartlite_0_0_board.xdc] for cell 'andromeda_i/axi_uartlite_0/U0'
Finished Parsing XDC File [/home/ujaved/work_dir/axi_dpe_ila_v3.0/AXI-Dot-Product-Accelerator/Vivado/puzhi/puzhi.gen/sources_1/bd/andromeda/ip/andromeda_axi_uartlite_0_0/andromeda_axi_uartlite_0_0_board.xdc] for cell 'andromeda_i/axi_uartlite_0/U0'
Parsing XDC File [/home/ujaved/work_dir/axi_dpe_ila_v3.0/AXI-Dot-Product-Accelerator/Vivado/puzhi/puzhi.gen/sources_1/bd/andromeda/ip/andromeda_microblaze_0_0/andromeda_microblaze_0_0.xdc] for cell 'andromeda_i/microblaze_0/U0'
Finished Parsing XDC File [/home/ujaved/work_dir/axi_dpe_ila_v3.0/AXI-Dot-Product-Accelerator/Vivado/puzhi/puzhi.gen/sources_1/bd/andromeda/ip/andromeda_microblaze_0_0/andromeda_microblaze_0_0.xdc] for cell 'andromeda_i/microblaze_0/U0'
Parsing XDC File [/home/ujaved/work_dir/axi_dpe_ila_v3.0/AXI-Dot-Product-Accelerator/Vivado/puzhi/puzhi.gen/sources_1/bd/andromeda/ip/andromeda_ila_0_0/ila_v6_2/constraints/ila.xdc] for cell 'andromeda_i/ila_0/inst'
Finished Parsing XDC File [/home/ujaved/work_dir/axi_dpe_ila_v3.0/AXI-Dot-Product-Accelerator/Vivado/puzhi/puzhi.gen/sources_1/bd/andromeda/ip/andromeda_ila_0_0/ila_v6_2/constraints/ila.xdc] for cell 'andromeda_i/ila_0/inst'
Parsing XDC File [/home/ujaved/work_dir/axi_dpe_ila_v3.0/AXI-Dot-Product-Accelerator/Vivado/puzhi/puzhi.gen/sources_1/bd/andromeda/ip/andromeda_ila_0_0/ila_v6_2/constraints/ila_impl.xdc] for cell 'andromeda_i/ila_0/inst'
Finished Parsing XDC File [/home/ujaved/work_dir/axi_dpe_ila_v3.0/AXI-Dot-Product-Accelerator/Vivado/puzhi/puzhi.gen/sources_1/bd/andromeda/ip/andromeda_ila_0_0/ila_v6_2/constraints/ila_impl.xdc] for cell 'andromeda_i/ila_0/inst'
Parsing XDC File [/home/ujaved/work_dir/axi_dpe_ila_v3.0/AXI-Dot-Product-Accelerator/Vivado/puzhi/puzhi.gen/sources_1/bd/andromeda/ip/andromeda_ddr4_0_0/par/andromeda_ddr4_0_0.xdc] for cell 'andromeda_i/ddr4_0/inst'
Finished Parsing XDC File [/home/ujaved/work_dir/axi_dpe_ila_v3.0/AXI-Dot-Product-Accelerator/Vivado/puzhi/puzhi.gen/sources_1/bd/andromeda/ip/andromeda_ddr4_0_0/par/andromeda_ddr4_0_0.xdc] for cell 'andromeda_i/ddr4_0/inst'
Parsing XDC File [/home/ujaved/work_dir/axi_dpe_ila_v3.0/AXI-Dot-Product-Accelerator/Vivado/puzhi/puzhi.gen/sources_1/bd/andromeda/ip/andromeda_ddr4_0_0/ip_0/andromeda_ddr4_0_0_microblaze_mcs_board.xdc] for cell 'andromeda_i/ddr4_0/inst/u_ddr4_mem_intfc/u_ddr_cal_riu/mcs0/inst'
Finished Parsing XDC File [/home/ujaved/work_dir/axi_dpe_ila_v3.0/AXI-Dot-Product-Accelerator/Vivado/puzhi/puzhi.gen/sources_1/bd/andromeda/ip/andromeda_ddr4_0_0/ip_0/andromeda_ddr4_0_0_microblaze_mcs_board.xdc] for cell 'andromeda_i/ddr4_0/inst/u_ddr4_mem_intfc/u_ddr_cal_riu/mcs0/inst'
Parsing XDC File [/home/ujaved/work_dir/axi_dpe_ila_v3.0/AXI-Dot-Product-Accelerator/Vivado/puzhi/puzhi.gen/sources_1/bd/andromeda/ip/andromeda_ddr4_0_0/bd_0/ip/ip_10/bd_828f_iomodule_0_0_board.xdc] for cell 'andromeda_i/ddr4_0/inst/u_ddr4_mem_intfc/u_ddr_cal_riu/mcs0/inst/iomodule_0/U0'
Finished Parsing XDC File [/home/ujaved/work_dir/axi_dpe_ila_v3.0/AXI-Dot-Product-Accelerator/Vivado/puzhi/puzhi.gen/sources_1/bd/andromeda/ip/andromeda_ddr4_0_0/bd_0/ip/ip_10/bd_828f_iomodule_0_0_board.xdc] for cell 'andromeda_i/ddr4_0/inst/u_ddr4_mem_intfc/u_ddr_cal_riu/mcs0/inst/iomodule_0/U0'
Parsing XDC File [/home/ujaved/work_dir/axi_dpe_ila_v3.0/AXI-Dot-Product-Accelerator/Vivado/puzhi/puzhi.gen/sources_1/bd/andromeda/ip/andromeda_ddr4_0_0/bd_0/ip/ip_3/bd_828f_dlmb_0.xdc] for cell 'andromeda_i/ddr4_0/inst/u_ddr4_mem_intfc/u_ddr_cal_riu/mcs0/inst/dlmb/U0'
Finished Parsing XDC File [/home/ujaved/work_dir/axi_dpe_ila_v3.0/AXI-Dot-Product-Accelerator/Vivado/puzhi/puzhi.gen/sources_1/bd/andromeda/ip/andromeda_ddr4_0_0/bd_0/ip/ip_3/bd_828f_dlmb_0.xdc] for cell 'andromeda_i/ddr4_0/inst/u_ddr4_mem_intfc/u_ddr_cal_riu/mcs0/inst/dlmb/U0'
Parsing XDC File [/home/ujaved/work_dir/axi_dpe_ila_v3.0/AXI-Dot-Product-Accelerator/Vivado/puzhi/puzhi.gen/sources_1/bd/andromeda/ip/andromeda_ddr4_0_0/bd_0/ip/ip_2/bd_828f_ilmb_0.xdc] for cell 'andromeda_i/ddr4_0/inst/u_ddr4_mem_intfc/u_ddr_cal_riu/mcs0/inst/ilmb/U0'
Finished Parsing XDC File [/home/ujaved/work_dir/axi_dpe_ila_v3.0/AXI-Dot-Product-Accelerator/Vivado/puzhi/puzhi.gen/sources_1/bd/andromeda/ip/andromeda_ddr4_0_0/bd_0/ip/ip_2/bd_828f_ilmb_0.xdc] for cell 'andromeda_i/ddr4_0/inst/u_ddr4_mem_intfc/u_ddr_cal_riu/mcs0/inst/ilmb/U0'
Parsing XDC File [/home/ujaved/work_dir/axi_dpe_ila_v3.0/AXI-Dot-Product-Accelerator/Vivado/puzhi/puzhi.gen/sources_1/bd/andromeda/ip/andromeda_ddr4_0_0/bd_0/ip/ip_1/bd_828f_rst_0_0.xdc] for cell 'andromeda_i/ddr4_0/inst/u_ddr4_mem_intfc/u_ddr_cal_riu/mcs0/inst/rst_0/U0'
WARNING: [Vivado_Tcl 4-921] Waiver ID 'CDC-11' -to list should not be empty. [/home/ujaved/work_dir/axi_dpe_ila_v3.0/AXI-Dot-Product-Accelerator/Vivado/puzhi/puzhi.gen/sources_1/bd/andromeda/ip/andromeda_ddr4_0_0/bd_0/ip/ip_1/bd_828f_rst_0_0.xdc:50]
Finished Parsing XDC File [/home/ujaved/work_dir/axi_dpe_ila_v3.0/AXI-Dot-Product-Accelerator/Vivado/puzhi/puzhi.gen/sources_1/bd/andromeda/ip/andromeda_ddr4_0_0/bd_0/ip/ip_1/bd_828f_rst_0_0.xdc] for cell 'andromeda_i/ddr4_0/inst/u_ddr4_mem_intfc/u_ddr_cal_riu/mcs0/inst/rst_0/U0'
Parsing XDC File [/home/ujaved/work_dir/axi_dpe_ila_v3.0/AXI-Dot-Product-Accelerator/Vivado/puzhi/puzhi.gen/sources_1/bd/andromeda/ip/andromeda_ddr4_0_0/bd_0/ip/ip_1/bd_828f_rst_0_0_board.xdc] for cell 'andromeda_i/ddr4_0/inst/u_ddr4_mem_intfc/u_ddr_cal_riu/mcs0/inst/rst_0/U0'
Finished Parsing XDC File [/home/ujaved/work_dir/axi_dpe_ila_v3.0/AXI-Dot-Product-Accelerator/Vivado/puzhi/puzhi.gen/sources_1/bd/andromeda/ip/andromeda_ddr4_0_0/bd_0/ip/ip_1/bd_828f_rst_0_0_board.xdc] for cell 'andromeda_i/ddr4_0/inst/u_ddr4_mem_intfc/u_ddr_cal_riu/mcs0/inst/rst_0/U0'
Parsing XDC File [/home/ujaved/work_dir/axi_dpe_ila_v3.0/AXI-Dot-Product-Accelerator/Vivado/board_xdc/puzhi.xdc]
Finished Parsing XDC File [/home/ujaved/work_dir/axi_dpe_ila_v3.0/AXI-Dot-Product-Accelerator/Vivado/board_xdc/puzhi.xdc]
Parsing XDC File [/home/ujaved/work_dir/axi_dpe_ila_v3.0/AXI-Dot-Product-Accelerator/Vivado/puzhi/puzhi.gen/sources_1/bd/andromeda/ip/andromeda_ddr4_0_0/andromeda_ddr4_0_0_board.xdc] for cell 'andromeda_i/ddr4_0/inst'
Finished Parsing XDC File [/home/ujaved/work_dir/axi_dpe_ila_v3.0/AXI-Dot-Product-Accelerator/Vivado/puzhi/puzhi.gen/sources_1/bd/andromeda/ip/andromeda_ddr4_0_0/andromeda_ddr4_0_0_board.xdc] for cell 'andromeda_i/ddr4_0/inst'
Parsing XDC File [/home/ujaved/work_dir/axi_dpe_ila_v3.0/AXI-Dot-Product-Accelerator/Vivado/puzhi/puzhi.gen/sources_1/bd/andromeda/ip/andromeda_mdm_0_0/andromeda_mdm_0_0.xdc] for cell 'andromeda_i/mdm_0/U0'
INFO: [Timing 38-35] Done setting XDC timing constraints. [/home/ujaved/work_dir/axi_dpe_ila_v3.0/AXI-Dot-Product-Accelerator/Vivado/puzhi/puzhi.gen/sources_1/bd/andromeda/ip/andromeda_mdm_0_0/andromeda_mdm_0_0.xdc:5]
INFO: [Timing 38-2] Deriving generated clocks [/home/ujaved/work_dir/axi_dpe_ila_v3.0/AXI-Dot-Product-Accelerator/Vivado/puzhi/puzhi.gen/sources_1/bd/andromeda/ip/andromeda_mdm_0_0/andromeda_mdm_0_0.xdc:5]
get_clocks: Time (s): cpu = 00:00:39 ; elapsed = 00:00:11 . Memory (MB): peak = 8382.297 ; gain = 454.816 ; free physical = 31449 ; free virtual = 44784
Finished Parsing XDC File [/home/ujaved/work_dir/axi_dpe_ila_v3.0/AXI-Dot-Product-Accelerator/Vivado/puzhi/puzhi.gen/sources_1/bd/andromeda/ip/andromeda_mdm_0_0/andromeda_mdm_0_0.xdc] for cell 'andromeda_i/mdm_0/U0'
INFO: [Project 1-1714] 192 XPM XDC files have been applied to the design.
INFO: [Opt 31-138] Pushed 0 inverter(s) to 0 load pin(s).
INFO: [Opt 31-422] The CLOCK_DOMAINS attribute on the BRAM cell andromeda_i/axi_dpe_0/inst/bram_sdp_x_vector/U0/inst_blk_mem_gen/gnbram.gnativebmg.native_blk_mem_gen/valid.cstr/ramloop[0].ram.r/prim_noinit.ram/DEVICE_8SERIES.NO_BMM_INFO.SDP.WIDE_PRIM36_NO_ECC.ram has been changed from INDEPENDENT to COMMON to match the clocking topology used for the BRAM.
INFO: [Opt 31-422] The CLOCK_DOMAINS attribute on the BRAM cell andromeda_i/axi_dpe_0/inst/bram_sdp_x_vector/U0/inst_blk_mem_gen/gnbram.gnativebmg.native_blk_mem_gen/valid.cstr/ramloop[10].ram.r/prim_noinit.ram/DEVICE_8SERIES.NO_BMM_INFO.SDP.WIDE_PRIM36_NO_ECC.ram has been changed from INDEPENDENT to COMMON to match the clocking topology used for the BRAM.
INFO: [Opt 31-422] The CLOCK_DOMAINS attribute on the BRAM cell andromeda_i/axi_dpe_0/inst/bram_sdp_x_vector/U0/inst_blk_mem_gen/gnbram.gnativebmg.native_blk_mem_gen/valid.cstr/ramloop[11].ram.r/prim_noinit.ram/DEVICE_8SERIES.NO_BMM_INFO.SDP.WIDE_PRIM36_NO_ECC.ram has been changed from INDEPENDENT to COMMON to match the clocking topology used for the BRAM.
INFO: [Opt 31-422] The CLOCK_DOMAINS attribute on the BRAM cell andromeda_i/axi_dpe_0/inst/bram_sdp_x_vector/U0/inst_blk_mem_gen/gnbram.gnativebmg.native_blk_mem_gen/valid.cstr/ramloop[12].ram.r/prim_noinit.ram/DEVICE_8SERIES.NO_BMM_INFO.SDP.WIDE_PRIM36_NO_ECC.ram has been changed from INDEPENDENT to COMMON to match the clocking topology used for the BRAM.
INFO: [Opt 31-422] The CLOCK_DOMAINS attribute on the BRAM cell andromeda_i/axi_dpe_0/inst/bram_sdp_x_vector/U0/inst_blk_mem_gen/gnbram.gnativebmg.native_blk_mem_gen/valid.cstr/ramloop[13].ram.r/prim_noinit.ram/DEVICE_8SERIES.NO_BMM_INFO.SDP.WIDE_PRIM36_NO_ECC.ram has been changed from INDEPENDENT to COMMON to match the clocking topology used for the BRAM.
INFO: [Opt 31-422] The CLOCK_DOMAINS attribute on the BRAM cell andromeda_i/axi_dpe_0/inst/bram_sdp_x_vector/U0/inst_blk_mem_gen/gnbram.gnativebmg.native_blk_mem_gen/valid.cstr/ramloop[14].ram.r/prim_noinit.ram/DEVICE_8SERIES.NO_BMM_INFO.SDP.WIDE_PRIM36_NO_ECC.ram has been changed from INDEPENDENT to COMMON to match the clocking topology used for the BRAM.
INFO: [Opt 31-422] The CLOCK_DOMAINS attribute on the BRAM cell andromeda_i/axi_dpe_0/inst/bram_sdp_x_vector/U0/inst_blk_mem_gen/gnbram.gnativebmg.native_blk_mem_gen/valid.cstr/ramloop[15].ram.r/prim_noinit.ram/DEVICE_8SERIES.NO_BMM_INFO.SDP.WIDE_PRIM36_NO_ECC.ram has been changed from INDEPENDENT to COMMON to match the clocking topology used for the BRAM.
INFO: [Opt 31-422] The CLOCK_DOMAINS attribute on the BRAM cell andromeda_i/axi_dpe_0/inst/bram_sdp_x_vector/U0/inst_blk_mem_gen/gnbram.gnativebmg.native_blk_mem_gen/valid.cstr/ramloop[16].ram.r/prim_noinit.ram/DEVICE_8SERIES.NO_BMM_INFO.SDP.WIDE_PRIM36_NO_ECC.ram has been changed from INDEPENDENT to COMMON to match the clocking topology used for the BRAM.
INFO: [Opt 31-422] The CLOCK_DOMAINS attribute on the BRAM cell andromeda_i/axi_dpe_0/inst/bram_sdp_x_vector/U0/inst_blk_mem_gen/gnbram.gnativebmg.native_blk_mem_gen/valid.cstr/ramloop[17].ram.r/prim_noinit.ram/DEVICE_8SERIES.NO_BMM_INFO.SDP.WIDE_PRIM36_NO_ECC.ram has been changed from INDEPENDENT to COMMON to match the clocking topology used for the BRAM.
INFO: [Opt 31-422] The CLOCK_DOMAINS attribute on the BRAM cell andromeda_i/axi_dpe_0/inst/bram_sdp_x_vector/U0/inst_blk_mem_gen/gnbram.gnativebmg.native_blk_mem_gen/valid.cstr/ramloop[18].ram.r/prim_noinit.ram/DEVICE_8SERIES.NO_BMM_INFO.SDP.WIDE_PRIM36_NO_ECC.ram has been changed from INDEPENDENT to COMMON to match the clocking topology used for the BRAM.
INFO: [Opt 31-422] The CLOCK_DOMAINS attribute on the BRAM cell andromeda_i/axi_dpe_0/inst/bram_sdp_x_vector/U0/inst_blk_mem_gen/gnbram.gnativebmg.native_blk_mem_gen/valid.cstr/ramloop[19].ram.r/prim_noinit.ram/DEVICE_8SERIES.NO_BMM_INFO.SDP.WIDE_PRIM36_NO_ECC.ram has been changed from INDEPENDENT to COMMON to match the clocking topology used for the BRAM.
INFO: [Opt 31-422] The CLOCK_DOMAINS attribute on the BRAM cell andromeda_i/axi_dpe_0/inst/bram_sdp_x_vector/U0/inst_blk_mem_gen/gnbram.gnativebmg.native_blk_mem_gen/valid.cstr/ramloop[1].ram.r/prim_noinit.ram/DEVICE_8SERIES.NO_BMM_INFO.SDP.WIDE_PRIM36_NO_ECC.ram has been changed from INDEPENDENT to COMMON to match the clocking topology used for the BRAM.
INFO: [Opt 31-422] The CLOCK_DOMAINS attribute on the BRAM cell andromeda_i/axi_dpe_0/inst/bram_sdp_x_vector/U0/inst_blk_mem_gen/gnbram.gnativebmg.native_blk_mem_gen/valid.cstr/ramloop[20].ram.r/prim_noinit.ram/DEVICE_8SERIES.NO_BMM_INFO.SDP.WIDE_PRIM36_NO_ECC.ram has been changed from INDEPENDENT to COMMON to match the clocking topology used for the BRAM.
INFO: [Opt 31-422] The CLOCK_DOMAINS attribute on the BRAM cell andromeda_i/axi_dpe_0/inst/bram_sdp_x_vector/U0/inst_blk_mem_gen/gnbram.gnativebmg.native_blk_mem_gen/valid.cstr/ramloop[21].ram.r/prim_noinit.ram/DEVICE_8SERIES.NO_BMM_INFO.SDP.WIDE_PRIM36_NO_ECC.ram has been changed from INDEPENDENT to COMMON to match the clocking topology used for the BRAM.
INFO: [Opt 31-422] The CLOCK_DOMAINS attribute on the BRAM cell andromeda_i/axi_dpe_0/inst/bram_sdp_x_vector/U0/inst_blk_mem_gen/gnbram.gnativebmg.native_blk_mem_gen/valid.cstr/ramloop[22].ram.r/prim_noinit.ram/DEVICE_8SERIES.NO_BMM_INFO.SDP.WIDE_PRIM36_NO_ECC.ram has been changed from INDEPENDENT to COMMON to match the clocking topology used for the BRAM.
INFO: [Opt 31-422] The CLOCK_DOMAINS attribute on the BRAM cell andromeda_i/axi_dpe_0/inst/bram_sdp_x_vector/U0/inst_blk_mem_gen/gnbram.gnativebmg.native_blk_mem_gen/valid.cstr/ramloop[23].ram.r/prim_noinit.ram/DEVICE_8SERIES.NO_BMM_INFO.SDP.WIDE_PRIM36_NO_ECC.ram has been changed from INDEPENDENT to COMMON to match the clocking topology used for the BRAM.
INFO: [Opt 31-422] The CLOCK_DOMAINS attribute on the BRAM cell andromeda_i/axi_dpe_0/inst/bram_sdp_x_vector/U0/inst_blk_mem_gen/gnbram.gnativebmg.native_blk_mem_gen/valid.cstr/ramloop[24].ram.r/prim_noinit.ram/DEVICE_8SERIES.NO_BMM_INFO.SDP.WIDE_PRIM36_NO_ECC.ram has been changed from INDEPENDENT to COMMON to match the clocking topology used for the BRAM.
INFO: [Opt 31-422] The CLOCK_DOMAINS attribute on the BRAM cell andromeda_i/axi_dpe_0/inst/bram_sdp_x_vector/U0/inst_blk_mem_gen/gnbram.gnativebmg.native_blk_mem_gen/valid.cstr/ramloop[25].ram.r/prim_noinit.ram/DEVICE_8SERIES.NO_BMM_INFO.SDP.WIDE_PRIM36_NO_ECC.ram has been changed from INDEPENDENT to COMMON to match the clocking topology used for the BRAM.
INFO: [Opt 31-422] The CLOCK_DOMAINS attribute on the BRAM cell andromeda_i/axi_dpe_0/inst/bram_sdp_x_vector/U0/inst_blk_mem_gen/gnbram.gnativebmg.native_blk_mem_gen/valid.cstr/ramloop[26].ram.r/prim_noinit.ram/DEVICE_8SERIES.NO_BMM_INFO.SDP.WIDE_PRIM36_NO_ECC.ram has been changed from INDEPENDENT to COMMON to match the clocking topology used for the BRAM.
INFO: [Opt 31-422] The CLOCK_DOMAINS attribute on the BRAM cell andromeda_i/axi_dpe_0/inst/bram_sdp_x_vector/U0/inst_blk_mem_gen/gnbram.gnativebmg.native_blk_mem_gen/valid.cstr/ramloop[27].ram.r/prim_noinit.ram/DEVICE_8SERIES.NO_BMM_INFO.SDP.WIDE_PRIM36_NO_ECC.ram has been changed from INDEPENDENT to COMMON to match the clocking topology used for the BRAM.
INFO: [Opt 31-422] The CLOCK_DOMAINS attribute on the BRAM cell andromeda_i/axi_dpe_0/inst/bram_sdp_x_vector/U0/inst_blk_mem_gen/gnbram.gnativebmg.native_blk_mem_gen/valid.cstr/ramloop[28].ram.r/prim_noinit.ram/DEVICE_8SERIES.NO_BMM_INFO.SDP.WIDE_PRIM36_NO_ECC.ram has been changed from INDEPENDENT to COMMON to match the clocking topology used for the BRAM.
INFO: [Opt 31-422] The CLOCK_DOMAINS attribute on the BRAM cell andromeda_i/axi_dpe_0/inst/bram_sdp_x_vector/U0/inst_blk_mem_gen/gnbram.gnativebmg.native_blk_mem_gen/valid.cstr/ramloop[29].ram.r/prim_noinit.ram/DEVICE_8SERIES.NO_BMM_INFO.SDP.WIDE_PRIM36_NO_ECC.ram has been changed from INDEPENDENT to COMMON to match the clocking topology used for the BRAM.
INFO: [Opt 31-422] The CLOCK_DOMAINS attribute on the BRAM cell andromeda_i/axi_dpe_0/inst/bram_sdp_x_vector/U0/inst_blk_mem_gen/gnbram.gnativebmg.native_blk_mem_gen/valid.cstr/ramloop[2].ram.r/prim_noinit.ram/DEVICE_8SERIES.NO_BMM_INFO.SDP.WIDE_PRIM36_NO_ECC.ram has been changed from INDEPENDENT to COMMON to match the clocking topology used for the BRAM.
INFO: [Opt 31-422] The CLOCK_DOMAINS attribute on the BRAM cell andromeda_i/axi_dpe_0/inst/bram_sdp_x_vector/U0/inst_blk_mem_gen/gnbram.gnativebmg.native_blk_mem_gen/valid.cstr/ramloop[30].ram.r/prim_noinit.ram/DEVICE_8SERIES.NO_BMM_INFO.SDP.WIDE_PRIM36_NO_ECC.ram has been changed from INDEPENDENT to COMMON to match the clocking topology used for the BRAM.
INFO: [Opt 31-422] The CLOCK_DOMAINS attribute on the BRAM cell andromeda_i/axi_dpe_0/inst/bram_sdp_x_vector/U0/inst_blk_mem_gen/gnbram.gnativebmg.native_blk_mem_gen/valid.cstr/ramloop[31].ram.r/prim_noinit.ram/DEVICE_8SERIES.NO_BMM_INFO.SDP.WIDE_PRIM36_NO_ECC.ram has been changed from INDEPENDENT to COMMON to match the clocking topology used for the BRAM.
INFO: [Opt 31-422] The CLOCK_DOMAINS attribute on the BRAM cell andromeda_i/axi_dpe_0/inst/bram_sdp_x_vector/U0/inst_blk_mem_gen/gnbram.gnativebmg.native_blk_mem_gen/valid.cstr/ramloop[32].ram.r/prim_noinit.ram/DEVICE_8SERIES.NO_BMM_INFO.SDP.WIDE_PRIM36_NO_ECC.ram has been changed from INDEPENDENT to COMMON to match the clocking topology used for the BRAM.
INFO: [Opt 31-422] The CLOCK_DOMAINS attribute on the BRAM cell andromeda_i/axi_dpe_0/inst/bram_sdp_x_vector/U0/inst_blk_mem_gen/gnbram.gnativebmg.native_blk_mem_gen/valid.cstr/ramloop[33].ram.r/prim_noinit.ram/DEVICE_8SERIES.NO_BMM_INFO.SDP.WIDE_PRIM36_NO_ECC.ram has been changed from INDEPENDENT to COMMON to match the clocking topology used for the BRAM.
INFO: [Opt 31-422] The CLOCK_DOMAINS attribute on the BRAM cell andromeda_i/axi_dpe_0/inst/bram_sdp_x_vector/U0/inst_blk_mem_gen/gnbram.gnativebmg.native_blk_mem_gen/valid.cstr/ramloop[34].ram.r/prim_noinit.ram/DEVICE_8SERIES.NO_BMM_INFO.SDP.WIDE_PRIM36_NO_ECC.ram has been changed from INDEPENDENT to COMMON to match the clocking topology used for the BRAM.
INFO: [Opt 31-422] The CLOCK_DOMAINS attribute on the BRAM cell andromeda_i/axi_dpe_0/inst/bram_sdp_x_vector/U0/inst_blk_mem_gen/gnbram.gnativebmg.native_blk_mem_gen/valid.cstr/ramloop[35].ram.r/prim_noinit.ram/DEVICE_8SERIES.NO_BMM_INFO.SDP.WIDE_PRIM36_NO_ECC.ram has been changed from INDEPENDENT to COMMON to match the clocking topology used for the BRAM.
INFO: [Opt 31-422] The CLOCK_DOMAINS attribute on the BRAM cell andromeda_i/axi_dpe_0/inst/bram_sdp_x_vector/U0/inst_blk_mem_gen/gnbram.gnativebmg.native_blk_mem_gen/valid.cstr/ramloop[36].ram.r/prim_noinit.ram/DEVICE_8SERIES.NO_BMM_INFO.SDP.WIDE_PRIM36_NO_ECC.ram has been changed from INDEPENDENT to COMMON to match the clocking topology used for the BRAM.
INFO: [Opt 31-422] The CLOCK_DOMAINS attribute on the BRAM cell andromeda_i/axi_dpe_0/inst/bram_sdp_x_vector/U0/inst_blk_mem_gen/gnbram.gnativebmg.native_blk_mem_gen/valid.cstr/ramloop[37].ram.r/prim_noinit.ram/DEVICE_8SERIES.NO_BMM_INFO.SDP.WIDE_PRIM36_NO_ECC.ram has been changed from INDEPENDENT to COMMON to match the clocking topology used for the BRAM.
INFO: [Opt 31-422] The CLOCK_DOMAINS attribute on the BRAM cell andromeda_i/axi_dpe_0/inst/bram_sdp_x_vector/U0/inst_blk_mem_gen/gnbram.gnativebmg.native_blk_mem_gen/valid.cstr/ramloop[38].ram.r/prim_noinit.ram/DEVICE_8SERIES.NO_BMM_INFO.SDP.WIDE_PRIM36_NO_ECC.ram has been changed from INDEPENDENT to COMMON to match the clocking topology used for the BRAM.
INFO: [Opt 31-422] The CLOCK_DOMAINS attribute on the BRAM cell andromeda_i/axi_dpe_0/inst/bram_sdp_x_vector/U0/inst_blk_mem_gen/gnbram.gnativebmg.native_blk_mem_gen/valid.cstr/ramloop[39].ram.r/prim_noinit.ram/DEVICE_8SERIES.NO_BMM_INFO.SDP.WIDE_PRIM36_NO_ECC.ram has been changed from INDEPENDENT to COMMON to match the clocking topology used for the BRAM.
INFO: [Opt 31-422] The CLOCK_DOMAINS attribute on the BRAM cell andromeda_i/axi_dpe_0/inst/bram_sdp_x_vector/U0/inst_blk_mem_gen/gnbram.gnativebmg.native_blk_mem_gen/valid.cstr/ramloop[3].ram.r/prim_noinit.ram/DEVICE_8SERIES.NO_BMM_INFO.SDP.WIDE_PRIM36_NO_ECC.ram has been changed from INDEPENDENT to COMMON to match the clocking topology used for the BRAM.
INFO: [Opt 31-422] The CLOCK_DOMAINS attribute on the BRAM cell andromeda_i/axi_dpe_0/inst/bram_sdp_x_vector/U0/inst_blk_mem_gen/gnbram.gnativebmg.native_blk_mem_gen/valid.cstr/ramloop[40].ram.r/prim_noinit.ram/DEVICE_8SERIES.NO_BMM_INFO.SDP.WIDE_PRIM36_NO_ECC.ram has been changed from INDEPENDENT to COMMON to match the clocking topology used for the BRAM.
INFO: [Opt 31-422] The CLOCK_DOMAINS attribute on the BRAM cell andromeda_i/axi_dpe_0/inst/bram_sdp_x_vector/U0/inst_blk_mem_gen/gnbram.gnativebmg.native_blk_mem_gen/valid.cstr/ramloop[41].ram.r/prim_noinit.ram/DEVICE_8SERIES.NO_BMM_INFO.SDP.WIDE_PRIM36_NO_ECC.ram has been changed from INDEPENDENT to COMMON to match the clocking topology used for the BRAM.
INFO: [Opt 31-422] The CLOCK_DOMAINS attribute on the BRAM cell andromeda_i/axi_dpe_0/inst/bram_sdp_x_vector/U0/inst_blk_mem_gen/gnbram.gnativebmg.native_blk_mem_gen/valid.cstr/ramloop[42].ram.r/prim_noinit.ram/DEVICE_8SERIES.NO_BMM_INFO.SDP.WIDE_PRIM36_NO_ECC.ram has been changed from INDEPENDENT to COMMON to match the clocking topology used for the BRAM.
INFO: [Opt 31-422] The CLOCK_DOMAINS attribute on the BRAM cell andromeda_i/axi_dpe_0/inst/bram_sdp_x_vector/U0/inst_blk_mem_gen/gnbram.gnativebmg.native_blk_mem_gen/valid.cstr/ramloop[43].ram.r/prim_noinit.ram/DEVICE_8SERIES.NO_BMM_INFO.SDP.WIDE_PRIM36_NO_ECC.ram has been changed from INDEPENDENT to COMMON to match the clocking topology used for the BRAM.
INFO: [Opt 31-422] The CLOCK_DOMAINS attribute on the BRAM cell andromeda_i/axi_dpe_0/inst/bram_sdp_x_vector/U0/inst_blk_mem_gen/gnbram.gnativebmg.native_blk_mem_gen/valid.cstr/ramloop[44].ram.r/prim_noinit.ram/DEVICE_8SERIES.NO_BMM_INFO.SDP.WIDE_PRIM36_NO_ECC.ram has been changed from INDEPENDENT to COMMON to match the clocking topology used for the BRAM.
INFO: [Opt 31-422] The CLOCK_DOMAINS attribute on the BRAM cell andromeda_i/axi_dpe_0/inst/bram_sdp_x_vector/U0/inst_blk_mem_gen/gnbram.gnativebmg.native_blk_mem_gen/valid.cstr/ramloop[45].ram.r/prim_noinit.ram/DEVICE_8SERIES.NO_BMM_INFO.SDP.WIDE_PRIM36_NO_ECC.ram has been changed from INDEPENDENT to COMMON to match the clocking topology used for the BRAM.
INFO: [Opt 31-422] The CLOCK_DOMAINS attribute on the BRAM cell andromeda_i/axi_dpe_0/inst/bram_sdp_x_vector/U0/inst_blk_mem_gen/gnbram.gnativebmg.native_blk_mem_gen/valid.cstr/ramloop[46].ram.r/prim_noinit.ram/DEVICE_8SERIES.NO_BMM_INFO.SDP.WIDE_PRIM36_NO_ECC.ram has been changed from INDEPENDENT to COMMON to match the clocking topology used for the BRAM.
INFO: [Opt 31-422] The CLOCK_DOMAINS attribute on the BRAM cell andromeda_i/axi_dpe_0/inst/bram_sdp_x_vector/U0/inst_blk_mem_gen/gnbram.gnativebmg.native_blk_mem_gen/valid.cstr/ramloop[47].ram.r/prim_noinit.ram/DEVICE_8SERIES.NO_BMM_INFO.SDP.WIDE_PRIM36_NO_ECC.ram has been changed from INDEPENDENT to COMMON to match the clocking topology used for the BRAM.
INFO: [Opt 31-422] The CLOCK_DOMAINS attribute on the BRAM cell andromeda_i/axi_dpe_0/inst/bram_sdp_x_vector/U0/inst_blk_mem_gen/gnbram.gnativebmg.native_blk_mem_gen/valid.cstr/ramloop[48].ram.r/prim_noinit.ram/DEVICE_8SERIES.NO_BMM_INFO.SDP.WIDE_PRIM36_NO_ECC.ram has been changed from INDEPENDENT to COMMON to match the clocking topology used for the BRAM.
INFO: [Opt 31-422] The CLOCK_DOMAINS attribute on the BRAM cell andromeda_i/axi_dpe_0/inst/bram_sdp_x_vector/U0/inst_blk_mem_gen/gnbram.gnativebmg.native_blk_mem_gen/valid.cstr/ramloop[49].ram.r/prim_noinit.ram/DEVICE_8SERIES.NO_BMM_INFO.SDP.WIDE_PRIM36_NO_ECC.ram has been changed from INDEPENDENT to COMMON to match the clocking topology used for the BRAM.
INFO: [Opt 31-422] The CLOCK_DOMAINS attribute on the BRAM cell andromeda_i/axi_dpe_0/inst/bram_sdp_x_vector/U0/inst_blk_mem_gen/gnbram.gnativebmg.native_blk_mem_gen/valid.cstr/ramloop[4].ram.r/prim_noinit.ram/DEVICE_8SERIES.NO_BMM_INFO.SDP.WIDE_PRIM36_NO_ECC.ram has been changed from INDEPENDENT to COMMON to match the clocking topology used for the BRAM.
INFO: [Opt 31-422] The CLOCK_DOMAINS attribute on the BRAM cell andromeda_i/axi_dpe_0/inst/bram_sdp_x_vector/U0/inst_blk_mem_gen/gnbram.gnativebmg.native_blk_mem_gen/valid.cstr/ramloop[50].ram.r/prim_noinit.ram/DEVICE_8SERIES.NO_BMM_INFO.SDP.WIDE_PRIM36_NO_ECC.ram has been changed from INDEPENDENT to COMMON to match the clocking topology used for the BRAM.
INFO: [Opt 31-422] The CLOCK_DOMAINS attribute on the BRAM cell andromeda_i/axi_dpe_0/inst/bram_sdp_x_vector/U0/inst_blk_mem_gen/gnbram.gnativebmg.native_blk_mem_gen/valid.cstr/ramloop[51].ram.r/prim_noinit.ram/DEVICE_8SERIES.NO_BMM_INFO.SDP.WIDE_PRIM36_NO_ECC.ram has been changed from INDEPENDENT to COMMON to match the clocking topology used for the BRAM.
INFO: [Opt 31-422] The CLOCK_DOMAINS attribute on the BRAM cell andromeda_i/axi_dpe_0/inst/bram_sdp_x_vector/U0/inst_blk_mem_gen/gnbram.gnativebmg.native_blk_mem_gen/valid.cstr/ramloop[52].ram.r/prim_noinit.ram/DEVICE_8SERIES.NO_BMM_INFO.SDP.WIDE_PRIM36_NO_ECC.ram has been changed from INDEPENDENT to COMMON to match the clocking topology used for the BRAM.
INFO: [Opt 31-422] The CLOCK_DOMAINS attribute on the BRAM cell andromeda_i/axi_dpe_0/inst/bram_sdp_x_vector/U0/inst_blk_mem_gen/gnbram.gnativebmg.native_blk_mem_gen/valid.cstr/ramloop[53].ram.r/prim_noinit.ram/DEVICE_8SERIES.NO_BMM_INFO.SDP.WIDE_PRIM36_NO_ECC.ram has been changed from INDEPENDENT to COMMON to match the clocking topology used for the BRAM.
INFO: [Opt 31-422] The CLOCK_DOMAINS attribute on the BRAM cell andromeda_i/axi_dpe_0/inst/bram_sdp_x_vector/U0/inst_blk_mem_gen/gnbram.gnativebmg.native_blk_mem_gen/valid.cstr/ramloop[54].ram.r/prim_noinit.ram/DEVICE_8SERIES.NO_BMM_INFO.SDP.WIDE_PRIM36_NO_ECC.ram has been changed from INDEPENDENT to COMMON to match the clocking topology used for the BRAM.
INFO: [Opt 31-422] The CLOCK_DOMAINS attribute on the BRAM cell andromeda_i/axi_dpe_0/inst/bram_sdp_x_vector/U0/inst_blk_mem_gen/gnbram.gnativebmg.native_blk_mem_gen/valid.cstr/ramloop[55].ram.r/prim_noinit.ram/DEVICE_8SERIES.NO_BMM_INFO.SDP.WIDE_PRIM36_NO_ECC.ram has been changed from INDEPENDENT to COMMON to match the clocking topology used for the BRAM.
INFO: [Opt 31-422] The CLOCK_DOMAINS attribute on the BRAM cell andromeda_i/axi_dpe_0/inst/bram_sdp_x_vector/U0/inst_blk_mem_gen/gnbram.gnativebmg.native_blk_mem_gen/valid.cstr/ramloop[56].ram.r/prim_noinit.ram/DEVICE_8SERIES.NO_BMM_INFO.SDP.WIDE_PRIM36_NO_ECC.ram has been changed from INDEPENDENT to COMMON to match the clocking topology used for the BRAM.
INFO: [Opt 31-422] The CLOCK_DOMAINS attribute on the BRAM cell andromeda_i/axi_dpe_0/inst/bram_sdp_x_vector/U0/inst_blk_mem_gen/gnbram.gnativebmg.native_blk_mem_gen/valid.cstr/ramloop[5].ram.r/prim_noinit.ram/DEVICE_8SERIES.NO_BMM_INFO.SDP.WIDE_PRIM36_NO_ECC.ram has been changed from INDEPENDENT to COMMON to match the clocking topology used for the BRAM.
INFO: [Opt 31-422] The CLOCK_DOMAINS attribute on the BRAM cell andromeda_i/axi_dpe_0/inst/bram_sdp_x_vector/U0/inst_blk_mem_gen/gnbram.gnativebmg.native_blk_mem_gen/valid.cstr/ramloop[6].ram.r/prim_noinit.ram/DEVICE_8SERIES.NO_BMM_INFO.SDP.WIDE_PRIM36_NO_ECC.ram has been changed from INDEPENDENT to COMMON to match the clocking topology used for the BRAM.
INFO: [Opt 31-422] The CLOCK_DOMAINS attribute on the BRAM cell andromeda_i/axi_dpe_0/inst/bram_sdp_x_vector/U0/inst_blk_mem_gen/gnbram.gnativebmg.native_blk_mem_gen/valid.cstr/ramloop[7].ram.r/prim_noinit.ram/DEVICE_8SERIES.NO_BMM_INFO.SDP.WIDE_PRIM36_NO_ECC.ram has been changed from INDEPENDENT to COMMON to match the clocking topology used for the BRAM.
INFO: [Opt 31-422] The CLOCK_DOMAINS attribute on the BRAM cell andromeda_i/axi_dpe_0/inst/bram_sdp_x_vector/U0/inst_blk_mem_gen/gnbram.gnativebmg.native_blk_mem_gen/valid.cstr/ramloop[8].ram.r/prim_noinit.ram/DEVICE_8SERIES.NO_BMM_INFO.SDP.WIDE_PRIM36_NO_ECC.ram has been changed from INDEPENDENT to COMMON to match the clocking topology used for the BRAM.
INFO: [Opt 31-422] The CLOCK_DOMAINS attribute on the BRAM cell andromeda_i/axi_dpe_0/inst/bram_sdp_x_vector/U0/inst_blk_mem_gen/gnbram.gnativebmg.native_blk_mem_gen/valid.cstr/ramloop[9].ram.r/prim_noinit.ram/DEVICE_8SERIES.NO_BMM_INFO.SDP.WIDE_PRIM36_NO_ECC.ram has been changed from INDEPENDENT to COMMON to match the clocking topology used for the BRAM.
INFO: [Opt 31-422] The CLOCK_DOMAINS attribute on the BRAM cell andromeda_i/microblaze_0_local_memory/lmb_bram/U0/inst_blk_mem_gen/gnbram.gnative_mem_map_bmg.native_mem_map_blk_mem_gen/valid.cstr/ramloop[0].ram.r/prim_noinit.ram/DEVICE_8SERIES.WITH_BMM_INFO.TRUE_DP.SIMPLE_PRIM36.SERIES8_TDP_SP36_NO_ECC_ATTR.ram has been changed from INDEPENDENT to COMMON to match the clocking topology used for the BRAM.
INFO: [Opt 31-422] The CLOCK_DOMAINS attribute on the BRAM cell andromeda_i/microblaze_0_local_memory/lmb_bram/U0/inst_blk_mem_gen/gnbram.gnative_mem_map_bmg.native_mem_map_blk_mem_gen/valid.cstr/ramloop[10].ram.r/prim_noinit.ram/DEVICE_8SERIES.WITH_BMM_INFO.TRUE_DP.SIMPLE_PRIM36.SERIES8_TDP_SP36_NO_ECC_ATTR.ram has been changed from INDEPENDENT to COMMON to match the clocking topology used for the BRAM.
INFO: [Opt 31-422] The CLOCK_DOMAINS attribute on the BRAM cell andromeda_i/microblaze_0_local_memory/lmb_bram/U0/inst_blk_mem_gen/gnbram.gnative_mem_map_bmg.native_mem_map_blk_mem_gen/valid.cstr/ramloop[11].ram.r/prim_noinit.ram/DEVICE_8SERIES.WITH_BMM_INFO.TRUE_DP.SIMPLE_PRIM36.SERIES8_TDP_SP36_NO_ECC_ATTR.ram has been changed from INDEPENDENT to COMMON to match the clocking topology used for the BRAM.
INFO: [Opt 31-422] The CLOCK_DOMAINS attribute on the BRAM cell andromeda_i/microblaze_0_local_memory/lmb_bram/U0/inst_blk_mem_gen/gnbram.gnative_mem_map_bmg.native_mem_map_blk_mem_gen/valid.cstr/ramloop[12].ram.r/prim_noinit.ram/DEVICE_8SERIES.WITH_BMM_INFO.TRUE_DP.SIMPLE_PRIM36.SERIES8_TDP_SP36_NO_ECC_ATTR.ram has been changed from INDEPENDENT to COMMON to match the clocking topology used for the BRAM.
INFO: [Opt 31-422] The CLOCK_DOMAINS attribute on the BRAM cell andromeda_i/microblaze_0_local_memory/lmb_bram/U0/inst_blk_mem_gen/gnbram.gnative_mem_map_bmg.native_mem_map_blk_mem_gen/valid.cstr/ramloop[13].ram.r/prim_noinit.ram/DEVICE_8SERIES.WITH_BMM_INFO.TRUE_DP.SIMPLE_PRIM36.SERIES8_TDP_SP36_NO_ECC_ATTR.ram has been changed from INDEPENDENT to COMMON to match the clocking topology used for the BRAM.
INFO: [Opt 31-422] The CLOCK_DOMAINS attribute on the BRAM cell andromeda_i/microblaze_0_local_memory/lmb_bram/U0/inst_blk_mem_gen/gnbram.gnative_mem_map_bmg.native_mem_map_blk_mem_gen/valid.cstr/ramloop[14].ram.r/prim_noinit.ram/DEVICE_8SERIES.WITH_BMM_INFO.TRUE_DP.SIMPLE_PRIM36.SERIES8_TDP_SP36_NO_ECC_ATTR.ram has been changed from INDEPENDENT to COMMON to match the clocking topology used for the BRAM.
INFO: [Opt 31-422] The CLOCK_DOMAINS attribute on the BRAM cell andromeda_i/microblaze_0_local_memory/lmb_bram/U0/inst_blk_mem_gen/gnbram.gnative_mem_map_bmg.native_mem_map_blk_mem_gen/valid.cstr/ramloop[15].ram.r/prim_noinit.ram/DEVICE_8SERIES.WITH_BMM_INFO.TRUE_DP.SIMPLE_PRIM36.SERIES8_TDP_SP36_NO_ECC_ATTR.ram has been changed from INDEPENDENT to COMMON to match the clocking topology used for the BRAM.
INFO: [Opt 31-422] The CLOCK_DOMAINS attribute on the BRAM cell andromeda_i/microblaze_0_local_memory/lmb_bram/U0/inst_blk_mem_gen/gnbram.gnative_mem_map_bmg.native_mem_map_blk_mem_gen/valid.cstr/ramloop[16].ram.r/prim_noinit.ram/DEVICE_8SERIES.WITH_BMM_INFO.TRUE_DP.SIMPLE_PRIM36.SERIES8_TDP_SP36_NO_ECC_ATTR.ram has been changed from INDEPENDENT to COMMON to match the clocking topology used for the BRAM.
INFO: [Opt 31-422] The CLOCK_DOMAINS attribute on the BRAM cell andromeda_i/microblaze_0_local_memory/lmb_bram/U0/inst_blk_mem_gen/gnbram.gnative_mem_map_bmg.native_mem_map_blk_mem_gen/valid.cstr/ramloop[17].ram.r/prim_noinit.ram/DEVICE_8SERIES.WITH_BMM_INFO.TRUE_DP.SIMPLE_PRIM36.SERIES8_TDP_SP36_NO_ECC_ATTR.ram has been changed from INDEPENDENT to COMMON to match the clocking topology used for the BRAM.
INFO: [Opt 31-422] The CLOCK_DOMAINS attribute on the BRAM cell andromeda_i/microblaze_0_local_memory/lmb_bram/U0/inst_blk_mem_gen/gnbram.gnative_mem_map_bmg.native_mem_map_blk_mem_gen/valid.cstr/ramloop[18].ram.r/prim_noinit.ram/DEVICE_8SERIES.WITH_BMM_INFO.TRUE_DP.SIMPLE_PRIM36.SERIES8_TDP_SP36_NO_ECC_ATTR.ram has been changed from INDEPENDENT to COMMON to match the clocking topology used for the BRAM.
INFO: [Opt 31-422] The CLOCK_DOMAINS attribute on the BRAM cell andromeda_i/microblaze_0_local_memory/lmb_bram/U0/inst_blk_mem_gen/gnbram.gnative_mem_map_bmg.native_mem_map_blk_mem_gen/valid.cstr/ramloop[19].ram.r/prim_noinit.ram/DEVICE_8SERIES.WITH_BMM_INFO.TRUE_DP.SIMPLE_PRIM36.SERIES8_TDP_SP36_NO_ECC_ATTR.ram has been changed from INDEPENDENT to COMMON to match the clocking topology used for the BRAM.
INFO: [Opt 31-422] The CLOCK_DOMAINS attribute on the BRAM cell andromeda_i/microblaze_0_local_memory/lmb_bram/U0/inst_blk_mem_gen/gnbram.gnative_mem_map_bmg.native_mem_map_blk_mem_gen/valid.cstr/ramloop[1].ram.r/prim_noinit.ram/DEVICE_8SERIES.WITH_BMM_INFO.TRUE_DP.SIMPLE_PRIM36.SERIES8_TDP_SP36_NO_ECC_ATTR.ram has been changed from INDEPENDENT to COMMON to match the clocking topology used for the BRAM.
INFO: [Opt 31-422] The CLOCK_DOMAINS attribute on the BRAM cell andromeda_i/microblaze_0_local_memory/lmb_bram/U0/inst_blk_mem_gen/gnbram.gnative_mem_map_bmg.native_mem_map_blk_mem_gen/valid.cstr/ramloop[20].ram.r/prim_noinit.ram/DEVICE_8SERIES.WITH_BMM_INFO.TRUE_DP.SIMPLE_PRIM36.SERIES8_TDP_SP36_NO_ECC_ATTR.ram has been changed from INDEPENDENT to COMMON to match the clocking topology used for the BRAM.
INFO: [Opt 31-422] The CLOCK_DOMAINS attribute on the BRAM cell andromeda_i/microblaze_0_local_memory/lmb_bram/U0/inst_blk_mem_gen/gnbram.gnative_mem_map_bmg.native_mem_map_blk_mem_gen/valid.cstr/ramloop[21].ram.r/prim_noinit.ram/DEVICE_8SERIES.WITH_BMM_INFO.TRUE_DP.SIMPLE_PRIM36.SERIES8_TDP_SP36_NO_ECC_ATTR.ram has been changed from INDEPENDENT to COMMON to match the clocking topology used for the BRAM.
INFO: [Opt 31-422] The CLOCK_DOMAINS attribute on the BRAM cell andromeda_i/microblaze_0_local_memory/lmb_bram/U0/inst_blk_mem_gen/gnbram.gnative_mem_map_bmg.native_mem_map_blk_mem_gen/valid.cstr/ramloop[22].ram.r/prim_noinit.ram/DEVICE_8SERIES.WITH_BMM_INFO.TRUE_DP.SIMPLE_PRIM36.SERIES8_TDP_SP36_NO_ECC_ATTR.ram has been changed from INDEPENDENT to COMMON to match the clocking topology used for the BRAM.
INFO: [Opt 31-422] The CLOCK_DOMAINS attribute on the BRAM cell andromeda_i/microblaze_0_local_memory/lmb_bram/U0/inst_blk_mem_gen/gnbram.gnative_mem_map_bmg.native_mem_map_blk_mem_gen/valid.cstr/ramloop[23].ram.r/prim_noinit.ram/DEVICE_8SERIES.WITH_BMM_INFO.TRUE_DP.SIMPLE_PRIM36.SERIES8_TDP_SP36_NO_ECC_ATTR.ram has been changed from INDEPENDENT to COMMON to match the clocking topology used for the BRAM.
INFO: [Opt 31-422] The CLOCK_DOMAINS attribute on the BRAM cell andromeda_i/microblaze_0_local_memory/lmb_bram/U0/inst_blk_mem_gen/gnbram.gnative_mem_map_bmg.native_mem_map_blk_mem_gen/valid.cstr/ramloop[24].ram.r/prim_noinit.ram/DEVICE_8SERIES.WITH_BMM_INFO.TRUE_DP.SIMPLE_PRIM36.SERIES8_TDP_SP36_NO_ECC_ATTR.ram has been changed from INDEPENDENT to COMMON to match the clocking topology used for the BRAM.
INFO: [Opt 31-422] The CLOCK_DOMAINS attribute on the BRAM cell andromeda_i/microblaze_0_local_memory/lmb_bram/U0/inst_blk_mem_gen/gnbram.gnative_mem_map_bmg.native_mem_map_blk_mem_gen/valid.cstr/ramloop[25].ram.r/prim_noinit.ram/DEVICE_8SERIES.WITH_BMM_INFO.TRUE_DP.SIMPLE_PRIM36.SERIES8_TDP_SP36_NO_ECC_ATTR.ram has been changed from INDEPENDENT to COMMON to match the clocking topology used for the BRAM.
INFO: [Opt 31-422] The CLOCK_DOMAINS attribute on the BRAM cell andromeda_i/microblaze_0_local_memory/lmb_bram/U0/inst_blk_mem_gen/gnbram.gnative_mem_map_bmg.native_mem_map_blk_mem_gen/valid.cstr/ramloop[26].ram.r/prim_noinit.ram/DEVICE_8SERIES.WITH_BMM_INFO.TRUE_DP.SIMPLE_PRIM36.SERIES8_TDP_SP36_NO_ECC_ATTR.ram has been changed from INDEPENDENT to COMMON to match the clocking topology used for the BRAM.
INFO: [Opt 31-422] The CLOCK_DOMAINS attribute on the BRAM cell andromeda_i/microblaze_0_local_memory/lmb_bram/U0/inst_blk_mem_gen/gnbram.gnative_mem_map_bmg.native_mem_map_blk_mem_gen/valid.cstr/ramloop[27].ram.r/prim_noinit.ram/DEVICE_8SERIES.WITH_BMM_INFO.TRUE_DP.SIMPLE_PRIM36.SERIES8_TDP_SP36_NO_ECC_ATTR.ram has been changed from INDEPENDENT to COMMON to match the clocking topology used for the BRAM.
INFO: [Opt 31-422] The CLOCK_DOMAINS attribute on the BRAM cell andromeda_i/microblaze_0_local_memory/lmb_bram/U0/inst_blk_mem_gen/gnbram.gnative_mem_map_bmg.native_mem_map_blk_mem_gen/valid.cstr/ramloop[28].ram.r/prim_noinit.ram/DEVICE_8SERIES.WITH_BMM_INFO.TRUE_DP.SIMPLE_PRIM36.SERIES8_TDP_SP36_NO_ECC_ATTR.ram has been changed from INDEPENDENT to COMMON to match the clocking topology used for the BRAM.
INFO: [Opt 31-422] The CLOCK_DOMAINS attribute on the BRAM cell andromeda_i/microblaze_0_local_memory/lmb_bram/U0/inst_blk_mem_gen/gnbram.gnative_mem_map_bmg.native_mem_map_blk_mem_gen/valid.cstr/ramloop[29].ram.r/prim_noinit.ram/DEVICE_8SERIES.WITH_BMM_INFO.TRUE_DP.SIMPLE_PRIM36.SERIES8_TDP_SP36_NO_ECC_ATTR.ram has been changed from INDEPENDENT to COMMON to match the clocking topology used for the BRAM.
INFO: [Opt 31-422] The CLOCK_DOMAINS attribute on the BRAM cell andromeda_i/microblaze_0_local_memory/lmb_bram/U0/inst_blk_mem_gen/gnbram.gnative_mem_map_bmg.native_mem_map_blk_mem_gen/valid.cstr/ramloop[2].ram.r/prim_noinit.ram/DEVICE_8SERIES.WITH_BMM_INFO.TRUE_DP.SIMPLE_PRIM36.SERIES8_TDP_SP36_NO_ECC_ATTR.ram has been changed from INDEPENDENT to COMMON to match the clocking topology used for the BRAM.
INFO: [Opt 31-422] The CLOCK_DOMAINS attribute on the BRAM cell andromeda_i/microblaze_0_local_memory/lmb_bram/U0/inst_blk_mem_gen/gnbram.gnative_mem_map_bmg.native_mem_map_blk_mem_gen/valid.cstr/ramloop[30].ram.r/prim_noinit.ram/DEVICE_8SERIES.WITH_BMM_INFO.TRUE_DP.SIMPLE_PRIM36.SERIES8_TDP_SP36_NO_ECC_ATTR.ram has been changed from INDEPENDENT to COMMON to match the clocking topology used for the BRAM.
INFO: [Opt 31-422] The CLOCK_DOMAINS attribute on the BRAM cell andromeda_i/microblaze_0_local_memory/lmb_bram/U0/inst_blk_mem_gen/gnbram.gnative_mem_map_bmg.native_mem_map_blk_mem_gen/valid.cstr/ramloop[31].ram.r/prim_noinit.ram/DEVICE_8SERIES.WITH_BMM_INFO.TRUE_DP.SIMPLE_PRIM36.SERIES8_TDP_SP36_NO_ECC_ATTR.ram has been changed from INDEPENDENT to COMMON to match the clocking topology used for the BRAM.
INFO: [Opt 31-422] The CLOCK_DOMAINS attribute on the BRAM cell andromeda_i/microblaze_0_local_memory/lmb_bram/U0/inst_blk_mem_gen/gnbram.gnative_mem_map_bmg.native_mem_map_blk_mem_gen/valid.cstr/ramloop[3].ram.r/prim_noinit.ram/DEVICE_8SERIES.WITH_BMM_INFO.TRUE_DP.SIMPLE_PRIM36.SERIES8_TDP_SP36_NO_ECC_ATTR.ram has been changed from INDEPENDENT to COMMON to match the clocking topology used for the BRAM.
INFO: [Opt 31-422] The CLOCK_DOMAINS attribute on the BRAM cell andromeda_i/microblaze_0_local_memory/lmb_bram/U0/inst_blk_mem_gen/gnbram.gnative_mem_map_bmg.native_mem_map_blk_mem_gen/valid.cstr/ramloop[4].ram.r/prim_noinit.ram/DEVICE_8SERIES.WITH_BMM_INFO.TRUE_DP.SIMPLE_PRIM36.SERIES8_TDP_SP36_NO_ECC_ATTR.ram has been changed from INDEPENDENT to COMMON to match the clocking topology used for the BRAM.
INFO: [Opt 31-422] The CLOCK_DOMAINS attribute on the BRAM cell andromeda_i/microblaze_0_local_memory/lmb_bram/U0/inst_blk_mem_gen/gnbram.gnative_mem_map_bmg.native_mem_map_blk_mem_gen/valid.cstr/ramloop[5].ram.r/prim_noinit.ram/DEVICE_8SERIES.WITH_BMM_INFO.TRUE_DP.SIMPLE_PRIM36.SERIES8_TDP_SP36_NO_ECC_ATTR.ram has been changed from INDEPENDENT to COMMON to match the clocking topology used for the BRAM.
INFO: [Opt 31-422] The CLOCK_DOMAINS attribute on the BRAM cell andromeda_i/microblaze_0_local_memory/lmb_bram/U0/inst_blk_mem_gen/gnbram.gnative_mem_map_bmg.native_mem_map_blk_mem_gen/valid.cstr/ramloop[6].ram.r/prim_noinit.ram/DEVICE_8SERIES.WITH_BMM_INFO.TRUE_DP.SIMPLE_PRIM36.SERIES8_TDP_SP36_NO_ECC_ATTR.ram has been changed from INDEPENDENT to COMMON to match the clocking topology used for the BRAM.
INFO: [Opt 31-422] The CLOCK_DOMAINS attribute on the BRAM cell andromeda_i/microblaze_0_local_memory/lmb_bram/U0/inst_blk_mem_gen/gnbram.gnative_mem_map_bmg.native_mem_map_blk_mem_gen/valid.cstr/ramloop[7].ram.r/prim_noinit.ram/DEVICE_8SERIES.WITH_BMM_INFO.TRUE_DP.SIMPLE_PRIM36.SERIES8_TDP_SP36_NO_ECC_ATTR.ram has been changed from INDEPENDENT to COMMON to match the clocking topology used for the BRAM.
INFO: [Opt 31-422] The CLOCK_DOMAINS attribute on the BRAM cell andromeda_i/microblaze_0_local_memory/lmb_bram/U0/inst_blk_mem_gen/gnbram.gnative_mem_map_bmg.native_mem_map_blk_mem_gen/valid.cstr/ramloop[8].ram.r/prim_noinit.ram/DEVICE_8SERIES.WITH_BMM_INFO.TRUE_DP.SIMPLE_PRIM36.SERIES8_TDP_SP36_NO_ECC_ATTR.ram has been changed from INDEPENDENT to COMMON to match the clocking topology used for the BRAM.
INFO: [Opt 31-422] The CLOCK_DOMAINS attribute on the BRAM cell andromeda_i/microblaze_0_local_memory/lmb_bram/U0/inst_blk_mem_gen/gnbram.gnative_mem_map_bmg.native_mem_map_blk_mem_gen/valid.cstr/ramloop[9].ram.r/prim_noinit.ram/DEVICE_8SERIES.WITH_BMM_INFO.TRUE_DP.SIMPLE_PRIM36.SERIES8_TDP_SP36_NO_ECC_ATTR.ram has been changed from INDEPENDENT to COMMON to match the clocking topology used for the BRAM.
Generating merged BMM file for the design top 'andromeda_wrapper'...
INFO: [Memdata 28-144] Successfully populated the BRAM INIT strings from the following elf files: /home/ujaved/work_dir/axi_dpe_ila_v3.0/AXI-Dot-Product-Accelerator/Vivado/puzhi/puzhi.gen/sources_1/bd/andromeda/ip/andromeda_ddr4_0_0/sw/calibration_0/Debug/calibration_ddr.elf /home/ujaved/work_dir/axi_dpe_ila_v3.0/AXI-Dot-Product-Accelerator/Vivado/puzhi/puzhi.gen/sources_1/bd/andromeda/ip/andromeda_microblaze_0_0/data/mb_bootloop_le.elf 
INFO: [Project 1-1687] 48 scoped IP constraints or related sub-commands were skipped due to synthesis logic optimizations usually triggered by constant connectivity or unconnected output pins. To review the skipped constraints and messages, run the command 'set_param netlist.IPMsgFiltering false' before opening the design.
Netlist sorting complete. Time (s): cpu = 00:00:00.69 ; elapsed = 00:00:00.69 . Memory (MB): peak = 8682.594 ; gain = 0.000 ; free physical = 31217 ; free virtual = 44754
INFO: [Project 1-111] Unisim Transformation Summary:
  A total of 7487 instances were transformed.
  CFGLUT5 => CFGLUT5 (SRL16E, SRLC32E): 1828 instances
  DSP48E1 => DSP48E2 (DSP_ALU, DSP_A_B_DATA, DSP_C_DATA, DSP_MULTIPLIER, DSP_M_DATA, DSP_OUTPUT, DSP_PREADD, DSP_PREADD_DATA): 257 instances
  DSP48E2 => DSP48E2 (DSP_ALU, DSP_A_B_DATA, DSP_C_DATA, DSP_MULTIPLIER, DSP_M_DATA, DSP_OUTPUT, DSP_PREADD, DSP_PREADD_DATA): 256 instances
  IBUF => IBUF (IBUFCTRL, INBUF): 6 instances
  IBUFDS => IBUFDS (DIFFINBUF, IBUFCTRL): 1 instance 
  IOBUF => IOBUF (IBUFCTRL, INBUF, OBUFT): 1 instance 
  IOBUFDS => IOBUFDS (DIFFINBUF, IBUFCTRL, INV, OBUFT(x2)): 4 instances
  IOBUFE3 => IOBUFE3 (IBUFCTRL, INBUF, OBUFT_DCIEN): 36 instances
  LUT6_2 => LUT6_2 (LUT5, LUT6): 111 instances
  OBUFDS => OBUFDS_DUAL_BUF (INV, OBUF(x2)): 1 instance 
  RAM128X1D => RAM128X1D (MUXF7(x2), RAMD64E(x4)): 256 instances
  RAM16X1D => RAM32X1D (RAMD32(x2)): 7 instances
  RAM16X1S => RAM32X1S (RAMS32): 4096 instances
  RAM32M => RAM32M (RAMD32(x6), RAMS32(x2)): 135 instances
  RAM32M16 => RAM32M16 (RAMD32(x14), RAMS32(x2)): 418 instances
  RAM64M8 => RAM64M8 (RAMD64E(x8)): 74 instances

208 Infos, 41 Warnings, 0 Critical Warnings and 0 Errors encountered.
link_design completed successfully
link_design: Time (s): cpu = 00:08:43 ; elapsed = 00:08:13 . Memory (MB): peak = 8682.594 ; gain = 7066.773 ; free physical = 31218 ; free virtual = 44755
Command: opt_design
Attempting to get a license for feature 'Implementation' and/or device 'xcku5p'
INFO: [Common 17-349] Got license for feature 'Implementation' and/or device 'xcku5p'
Running DRC as a precondition to command opt_design

Starting DRC Task
INFO: [DRC 23-27] Running DRC with 8 threads
INFO: [Project 1-461] DRC finished with 0 Errors
INFO: [Project 1-462] Please refer to the DRC report (report_drc) for more information.

Time (s): cpu = 00:00:03 ; elapsed = 00:00:01 . Memory (MB): peak = 8682.594 ; gain = 0.000 ; free physical = 31211 ; free virtual = 44748

Starting Cache Timing Information Task
INFO: [Timing 38-35] Done setting XDC timing constraints.
Ending Cache Timing Information Task | Checksum: 1228fb19d

Time (s): cpu = 00:00:26 ; elapsed = 00:00:07 . Memory (MB): peak = 8682.594 ; gain = 0.000 ; free physical = 31210 ; free virtual = 44748

Starting Logic Optimization Task

Phase 1 Initialization

Phase 1.1 Core Generation And Design Setup

Phase 1.1.1 Generate And Synthesize MIG Cores
INFO: [IP_Flow 19-12206] Starting IP regeneration with 1 cores.
INFO: [IP_Flow 19-5647] Added synthesis output to IP cache for IP andromeda_ddr4_0_0_phy, cache-ID = d293efa2583f7514
Done building netlist checker database: Time (s): cpu = 00:00:00.14 ; elapsed = 00:00:00.15 . Memory (MB): peak = 9003.172 ; gain = 0.000 ; free physical = 30756 ; free virtual = 44314
get_clocks: Time (s): cpu = 00:00:34 ; elapsed = 00:00:09 . Memory (MB): peak = 9003.172 ; gain = 0.000 ; free physical = 30786 ; free virtual = 44344
read_xdc: Time (s): cpu = 00:00:38 ; elapsed = 00:00:12 . Memory (MB): peak = 9003.172 ; gain = 0.000 ; free physical = 30786 ; free virtual = 44344
Netlist sorting complete. Time (s): cpu = 00:00:00.69 ; elapsed = 00:00:00.69 . Memory (MB): peak = 9003.172 ; gain = 0.000 ; free physical = 30810 ; free virtual = 44349
Phase 1.1.1 Generate And Synthesize MIG Cores | Checksum: 20a86cd68

Time (s): cpu = 00:01:31 ; elapsed = 00:01:03 . Memory (MB): peak = 9003.172 ; gain = 320.578 ; free physical = 30811 ; free virtual = 44349

Phase 1.1.2 Generate And Synthesize Debug Cores
INFO: [Chipscope 16-329] Generating Script for core instance : dbg_hub 
INFO: [IP_Flow 19-3806] Processing IP xilinx.com:ip:xsdbm:3.0 for cell dbg_hub_CV.
INFO: [Chipscope 16-329] Generating Script for core instance : u_ila_0 
INFO: [IP_Flow 19-3806] Processing IP xilinx.com:ip:ila:6.2 for cell u_ila_0_CV.
Done building netlist checker database: Time (s): cpu = 00:00:00.13 ; elapsed = 00:00:00.15 . Memory (MB): peak = 9644.039 ; gain = 0.000 ; free physical = 30116 ; free virtual = 43693
Done building netlist checker database: Time (s): cpu = 00:00:00.14 ; elapsed = 00:00:00.14 . Memory (MB): peak = 9644.039 ; gain = 0.000 ; free physical = 30117 ; free virtual = 43694
get_clocks: Time (s): cpu = 00:00:26 ; elapsed = 00:00:07 . Memory (MB): peak = 9669.039 ; gain = 25.000 ; free physical = 30105 ; free virtual = 43681
Netlist sorting complete. Time (s): cpu = 00:00:00.77 ; elapsed = 00:00:00.85 . Memory (MB): peak = 9669.039 ; gain = 0.000 ; free physical = 30105 ; free virtual = 43681
Phase 1.1.2 Generate And Synthesize Debug Cores | Checksum: 2091c32df

Time (s): cpu = 00:03:14 ; elapsed = 00:02:23 . Memory (MB): peak = 9669.039 ; gain = 986.445 ; free physical = 30105 ; free virtual = 43681
Phase 1.1 Core Generation And Design Setup | Checksum: 2091c32df

Time (s): cpu = 00:03:14 ; elapsed = 00:02:23 . Memory (MB): peak = 9669.039 ; gain = 986.445 ; free physical = 30105 ; free virtual = 43681

Phase 1.2 Setup Constraints And Sort Netlist
Phase 1.2 Setup Constraints And Sort Netlist | Checksum: 2091c32df

Time (s): cpu = 00:03:14 ; elapsed = 00:02:24 . Memory (MB): peak = 9669.039 ; gain = 986.445 ; free physical = 30105 ; free virtual = 43682
Phase 1 Initialization | Checksum: 2091c32df

Time (s): cpu = 00:03:14 ; elapsed = 00:02:24 . Memory (MB): peak = 9669.039 ; gain = 986.445 ; free physical = 30105 ; free virtual = 43682

Phase 2 Timer Update And Timing Data Collection

Phase 2.1 Timer Update
Phase 2.1 Timer Update | Checksum: 2091c32df

Time (s): cpu = 00:03:26 ; elapsed = 00:02:26 . Memory (MB): peak = 9734.328 ; gain = 1051.734 ; free physical = 30035 ; free virtual = 43611

Phase 2.2 Timing Data Collection
Phase 2.2 Timing Data Collection | Checksum: 2091c32df

Time (s): cpu = 00:03:27 ; elapsed = 00:02:27 . Memory (MB): peak = 9734.328 ; gain = 1051.734 ; free physical = 30035 ; free virtual = 43611
Phase 2 Timer Update And Timing Data Collection | Checksum: 2091c32df

Time (s): cpu = 00:03:27 ; elapsed = 00:02:27 . Memory (MB): peak = 9734.328 ; gain = 1051.734 ; free physical = 30035 ; free virtual = 43611

Phase 3 Retarget
INFO: [Opt 31-1851] Number of loadless carry chains removed were: 0
INFO: [Opt 31-1834] Total Chains To Be Transformed Were: 0 AND Number of Transformed insts Created are: 0
INFO: [Opt 31-1566] Pulled 27 inverters resulting in an inversion of 279 pins
INFO: [Opt 31-138] Pushed 571 inverter(s) to 13430 load pin(s).
INFO: [Opt 31-422] The CLOCK_DOMAINS attribute on the BRAM cell andromeda_i/ila_0/inst/ila_core_inst/ila_trace_memory_inst/SUBCORE_RAM.BLK_MEM_GEN[0].trace_block_memory/inst_blk_mem_gen/gnbram.gnativebmg.native_blk_mem_gen/valid.cstr/ramloop[0].ram.r/prim_noinit.ram/DEVICE_8SERIES.NO_BMM_INFO.SDP.SIMPLE_PRIM18.ram has been changed from INDEPENDENT to COMMON to match the clocking topology used for the BRAM.
INFO: [Opt 31-422] The CLOCK_DOMAINS attribute on the BRAM cell andromeda_i/ila_0/inst/ila_core_inst/ila_trace_memory_inst/SUBCORE_RAM.BLK_MEM_GEN[0].trace_block_memory/inst_blk_mem_gen/gnbram.gnativebmg.native_blk_mem_gen/valid.cstr/ramloop[10].ram.r/prim_noinit.ram/DEVICE_8SERIES.NO_BMM_INFO.SDP.SIMPLE_PRIM36.ram has been changed from INDEPENDENT to COMMON to match the clocking topology used for the BRAM.
INFO: [Opt 31-422] The CLOCK_DOMAINS attribute on the BRAM cell andromeda_i/ila_0/inst/ila_core_inst/ila_trace_memory_inst/SUBCORE_RAM.BLK_MEM_GEN[0].trace_block_memory/inst_blk_mem_gen/gnbram.gnativebmg.native_blk_mem_gen/valid.cstr/ramloop[11].ram.r/prim_noinit.ram/DEVICE_8SERIES.NO_BMM_INFO.SDP.SIMPLE_PRIM36.ram has been changed from INDEPENDENT to COMMON to match the clocking topology used for the BRAM.
INFO: [Opt 31-422] The CLOCK_DOMAINS attribute on the BRAM cell andromeda_i/ila_0/inst/ila_core_inst/ila_trace_memory_inst/SUBCORE_RAM.BLK_MEM_GEN[0].trace_block_memory/inst_blk_mem_gen/gnbram.gnativebmg.native_blk_mem_gen/valid.cstr/ramloop[12].ram.r/prim_noinit.ram/DEVICE_8SERIES.NO_BMM_INFO.SDP.SIMPLE_PRIM36.ram has been changed from INDEPENDENT to COMMON to match the clocking topology used for the BRAM.
INFO: [Opt 31-422] The CLOCK_DOMAINS attribute on the BRAM cell andromeda_i/ila_0/inst/ila_core_inst/ila_trace_memory_inst/SUBCORE_RAM.BLK_MEM_GEN[0].trace_block_memory/inst_blk_mem_gen/gnbram.gnativebmg.native_blk_mem_gen/valid.cstr/ramloop[13].ram.r/prim_noinit.ram/DEVICE_8SERIES.NO_BMM_INFO.SDP.SIMPLE_PRIM36.ram has been changed from INDEPENDENT to COMMON to match the clocking topology used for the BRAM.
INFO: [Opt 31-422] The CLOCK_DOMAINS attribute on the BRAM cell andromeda_i/ila_0/inst/ila_core_inst/ila_trace_memory_inst/SUBCORE_RAM.BLK_MEM_GEN[0].trace_block_memory/inst_blk_mem_gen/gnbram.gnativebmg.native_blk_mem_gen/valid.cstr/ramloop[14].ram.r/prim_noinit.ram/DEVICE_8SERIES.NO_BMM_INFO.SDP.SIMPLE_PRIM36.ram has been changed from INDEPENDENT to COMMON to match the clocking topology used for the BRAM.
INFO: [Opt 31-422] The CLOCK_DOMAINS attribute on the BRAM cell andromeda_i/ila_0/inst/ila_core_inst/ila_trace_memory_inst/SUBCORE_RAM.BLK_MEM_GEN[0].trace_block_memory/inst_blk_mem_gen/gnbram.gnativebmg.native_blk_mem_gen/valid.cstr/ramloop[1].ram.r/prim_noinit.ram/DEVICE_8SERIES.NO_BMM_INFO.SDP.SIMPLE_PRIM36.ram has been changed from INDEPENDENT to COMMON to match the clocking topology used for the BRAM.
INFO: [Opt 31-422] The CLOCK_DOMAINS attribute on the BRAM cell andromeda_i/ila_0/inst/ila_core_inst/ila_trace_memory_inst/SUBCORE_RAM.BLK_MEM_GEN[0].trace_block_memory/inst_blk_mem_gen/gnbram.gnativebmg.native_blk_mem_gen/valid.cstr/ramloop[2].ram.r/prim_noinit.ram/DEVICE_8SERIES.NO_BMM_INFO.SDP.SIMPLE_PRIM36.ram has been changed from INDEPENDENT to COMMON to match the clocking topology used for the BRAM.
INFO: [Opt 31-422] The CLOCK_DOMAINS attribute on the BRAM cell andromeda_i/ila_0/inst/ila_core_inst/ila_trace_memory_inst/SUBCORE_RAM.BLK_MEM_GEN[0].trace_block_memory/inst_blk_mem_gen/gnbram.gnativebmg.native_blk_mem_gen/valid.cstr/ramloop[3].ram.r/prim_noinit.ram/DEVICE_8SERIES.NO_BMM_INFO.SDP.SIMPLE_PRIM36.ram has been changed from INDEPENDENT to COMMON to match the clocking topology used for the BRAM.
INFO: [Opt 31-422] The CLOCK_DOMAINS attribute on the BRAM cell andromeda_i/ila_0/inst/ila_core_inst/ila_trace_memory_inst/SUBCORE_RAM.BLK_MEM_GEN[0].trace_block_memory/inst_blk_mem_gen/gnbram.gnativebmg.native_blk_mem_gen/valid.cstr/ramloop[4].ram.r/prim_noinit.ram/DEVICE_8SERIES.NO_BMM_INFO.SDP.SIMPLE_PRIM36.ram has been changed from INDEPENDENT to COMMON to match the clocking topology used for the BRAM.
INFO: [Opt 31-422] The CLOCK_DOMAINS attribute on the BRAM cell andromeda_i/ila_0/inst/ila_core_inst/ila_trace_memory_inst/SUBCORE_RAM.BLK_MEM_GEN[0].trace_block_memory/inst_blk_mem_gen/gnbram.gnativebmg.native_blk_mem_gen/valid.cstr/ramloop[5].ram.r/prim_noinit.ram/DEVICE_8SERIES.NO_BMM_INFO.SDP.SIMPLE_PRIM36.ram has been changed from INDEPENDENT to COMMON to match the clocking topology used for the BRAM.
INFO: [Opt 31-422] The CLOCK_DOMAINS attribute on the BRAM cell andromeda_i/ila_0/inst/ila_core_inst/ila_trace_memory_inst/SUBCORE_RAM.BLK_MEM_GEN[0].trace_block_memory/inst_blk_mem_gen/gnbram.gnativebmg.native_blk_mem_gen/valid.cstr/ramloop[6].ram.r/prim_noinit.ram/DEVICE_8SERIES.NO_BMM_INFO.SDP.SIMPLE_PRIM36.ram has been changed from INDEPENDENT to COMMON to match the clocking topology used for the BRAM.
INFO: [Opt 31-422] The CLOCK_DOMAINS attribute on the BRAM cell andromeda_i/ila_0/inst/ila_core_inst/ila_trace_memory_inst/SUBCORE_RAM.BLK_MEM_GEN[0].trace_block_memory/inst_blk_mem_gen/gnbram.gnativebmg.native_blk_mem_gen/valid.cstr/ramloop[7].ram.r/prim_noinit.ram/DEVICE_8SERIES.NO_BMM_INFO.SDP.SIMPLE_PRIM36.ram has been changed from INDEPENDENT to COMMON to match the clocking topology used for the BRAM.
INFO: [Opt 31-422] The CLOCK_DOMAINS attribute on the BRAM cell andromeda_i/ila_0/inst/ila_core_inst/ila_trace_memory_inst/SUBCORE_RAM.BLK_MEM_GEN[0].trace_block_memory/inst_blk_mem_gen/gnbram.gnativebmg.native_blk_mem_gen/valid.cstr/ramloop[8].ram.r/prim_noinit.ram/DEVICE_8SERIES.NO_BMM_INFO.SDP.SIMPLE_PRIM36.ram has been changed from INDEPENDENT to COMMON to match the clocking topology used for the BRAM.
INFO: [Opt 31-422] The CLOCK_DOMAINS attribute on the BRAM cell andromeda_i/ila_0/inst/ila_core_inst/ila_trace_memory_inst/SUBCORE_RAM.BLK_MEM_GEN[0].trace_block_memory/inst_blk_mem_gen/gnbram.gnativebmg.native_blk_mem_gen/valid.cstr/ramloop[9].ram.r/prim_noinit.ram/DEVICE_8SERIES.NO_BMM_INFO.SDP.SIMPLE_PRIM36.ram has been changed from INDEPENDENT to COMMON to match the clocking topology used for the BRAM.
INFO: [Opt 31-422] The CLOCK_DOMAINS attribute on the BRAM cell andromeda_i/ila_0/inst/ila_core_inst/ila_trace_memory_inst/SUBCORE_RAM.trace_block_memory/inst_blk_mem_gen/gnbram.gnativebmg.native_blk_mem_gen/valid.cstr/ramloop[0].ram.r/prim_noinit.ram/DEVICE_8SERIES.NO_BMM_INFO.SDP.SIMPLE_PRIM18.ram has been changed from INDEPENDENT to COMMON to match the clocking topology used for the BRAM.
INFO: [Opt 31-49] Retargeted 0 cell(s).
Phase 3 Retarget | Checksum: 1a3c280da

Time (s): cpu = 00:03:35 ; elapsed = 00:02:35 . Memory (MB): peak = 9734.328 ; gain = 1051.734 ; free physical = 30035 ; free virtual = 43612
Retarget | Checksum: 1a3c280da
INFO: [Opt 31-389] Phase Retarget created 13193 cells and removed 14447 cells
INFO: [Opt 31-1021] In phase Retarget, 326 netlist objects are constrained preventing optimization. Please run opt_design with -debug_log to get more detail. 

Phase 4 Constant propagation
INFO: [Opt 31-138] Pushed 8 inverter(s) to 16 load pin(s).
Phase 4 Constant propagation | Checksum: 215b87d92

Time (s): cpu = 00:03:48 ; elapsed = 00:02:47 . Memory (MB): peak = 9734.328 ; gain = 1051.734 ; free physical = 30040 ; free virtual = 43616
Constant propagation | Checksum: 215b87d92
INFO: [Opt 31-389] Phase Constant propagation created 11081 cells and removed 51028 cells
INFO: [Opt 31-1021] In phase Constant propagation, 274 netlist objects are constrained preventing optimization. Please run opt_design with -debug_log to get more detail. 

Phase 5 Sweep
INFO: [Constraints 18-11670] Building netlist checker database with flags, 0x8
Done building netlist checker database: Time (s): cpu = 00:00:00.15 ; elapsed = 00:00:00.14 . Memory (MB): peak = 9734.328 ; gain = 0.000 ; free physical = 30041 ; free virtual = 43617
INFO: [Constraints 18-11670] Building netlist checker database with flags, 0x8
Done building netlist checker database: Time (s): cpu = 00:00:00.12 ; elapsed = 00:00:00.11 . Memory (MB): peak = 9734.328 ; gain = 0.000 ; free physical = 30041 ; free virtual = 43617
Phase 5 Sweep | Checksum: 1ba5db849

Time (s): cpu = 00:04:05 ; elapsed = 00:03:05 . Memory (MB): peak = 9734.328 ; gain = 1051.734 ; free physical = 30041 ; free virtual = 43617
Sweep | Checksum: 1ba5db849
INFO: [Opt 31-389] Phase Sweep created 0 cells and removed 25542 cells
INFO: [Opt 31-1021] In phase Sweep, 13406 netlist objects are constrained preventing optimization. Please run opt_design with -debug_log to get more detail. 

Phase 6 BUFG optimization
INFO: [Opt 31-194] Inserted BUFG andromeda_i/mdm_0/U0/Use_E2.BSCAN_I/Dbg_Update_0_BUFG_inst to drive 39 load(s) on clock net andromeda_i/mdm_0/U0/Use_E2.BSCAN_I/Dbg_Update_0_BUFGCE
INFO: [Opt 31-193] Inserted 1 BUFG(s) on clock nets
INFO: [Opt 31-1077] Phase BUFG optimization inserted 0 global clock buffer(s) for CLOCK_LOW_FANOUT.
Phase 6 BUFG optimization | Checksum: 2395ca59f

Time (s): cpu = 00:04:10 ; elapsed = 00:03:07 . Memory (MB): peak = 9766.344 ; gain = 1083.750 ; free physical = 30041 ; free virtual = 43617
BUFG optimization | Checksum: 2395ca59f
INFO: [Opt 31-662] Phase BUFG optimization created 2 cells of which 2 are BUFGs and removed 2 cells.

Phase 7 Shift Register Optimization
INFO: [Opt 31-1064] SRL Remap converted 0 SRLs to 0 registers and converted 0 registers of register chains to 0 SRLs
Phase 7 Shift Register Optimization | Checksum: 2395ca59f

Time (s): cpu = 00:04:10 ; elapsed = 00:03:07 . Memory (MB): peak = 9766.344 ; gain = 1083.750 ; free physical = 30041 ; free virtual = 43617
Shift Register Optimization | Checksum: 2395ca59f
INFO: [Opt 31-389] Phase Shift Register Optimization created 0 cells and removed 0 cells

Phase 8 Post Processing Netlist
INFO: [Opt 31-1566] Pulled 1 inverters resulting in an inversion of 1 pins
Phase 8 Post Processing Netlist | Checksum: 19043b972

Time (s): cpu = 00:04:11 ; elapsed = 00:03:08 . Memory (MB): peak = 9766.344 ; gain = 1083.750 ; free physical = 30041 ; free virtual = 43617
Post Processing Netlist | Checksum: 19043b972
INFO: [Opt 31-389] Phase Post Processing Netlist created 0 cells and removed 1 cells
INFO: [Opt 31-1021] In phase Post Processing Netlist, 366 netlist objects are constrained preventing optimization. Please run opt_design with -debug_log to get more detail. 

Phase 9 Finalization

Phase 9.1 Finalizing Design Cores and Updating Shapes
Phase 9.1 Finalizing Design Cores and Updating Shapes | Checksum: 212a238c9

Time (s): cpu = 00:04:19 ; elapsed = 00:03:16 . Memory (MB): peak = 9766.344 ; gain = 1083.750 ; free physical = 30041 ; free virtual = 43617

Phase 9.2 Verifying Netlist Connectivity

Starting Connectivity Check Task

Time (s): cpu = 00:00:00.26 ; elapsed = 00:00:00.26 . Memory (MB): peak = 9766.344 ; gain = 0.000 ; free physical = 30041 ; free virtual = 43617
Phase 9.2 Verifying Netlist Connectivity | Checksum: 212a238c9

Time (s): cpu = 00:04:19 ; elapsed = 00:03:16 . Memory (MB): peak = 9766.344 ; gain = 1083.750 ; free physical = 30041 ; free virtual = 43617
Phase 9 Finalization | Checksum: 212a238c9

Time (s): cpu = 00:04:19 ; elapsed = 00:03:16 . Memory (MB): peak = 9766.344 ; gain = 1083.750 ; free physical = 30041 ; free virtual = 43617
Opt_design Change Summary
=========================


-------------------------------------------------------------------------------------------------------------------------
|  Phase                        |  #Cells created  |  #Cells Removed  |  #Constrained objects preventing optimizations  |
-------------------------------------------------------------------------------------------------------------------------
|  Retarget                     |           13193  |           14447  |                                            326  |
|  Constant propagation         |           11081  |           51028  |                                            274  |
|  Sweep                        |               0  |           25542  |                                          13406  |
|  BUFG optimization            |               2  |               2  |                                              0  |
|  Shift Register Optimization  |               0  |               0  |                                              0  |
|  Post Processing Netlist      |               0  |               1  |                                            366  |
-------------------------------------------------------------------------------------------------------------------------


Ending Logic Optimization Task | Checksum: 212a238c9

Time (s): cpu = 00:04:19 ; elapsed = 00:03:16 . Memory (MB): peak = 9766.344 ; gain = 1083.750 ; free physical = 30041 ; free virtual = 43617

Starting Power Optimization Task
INFO: [Pwropt 34-132] Skipping clock gating for clocks with a period < 2.00 ns.
INFO: [Power 33-23] Power model is not available for xiphy_riu_or
INFO: [Power 33-23] Power model is not available for genVref.u_hpio_vref
INFO: [Pwropt 34-9] Applying IDT optimizations ...
INFO: [Pwropt 34-10] Applying ODC optimizations ...
INFO: [Timing 38-35] Done setting XDC timing constraints.
Running Vector-less Activity Propagation...

Finished Running Vector-less Activity Propagation


Starting PowerOpt Patch Enables Task
INFO: [Pwropt 34-162] WRITE_MODE attribute of 78 BRAM(s) out of a total of 209 has been updated to save power. Run report_power_opt to get a complete listing of the BRAMs updated.
INFO: [Pwropt 34-201] Structural ODC has moved 0 WE to EN ports
Number of BRAM Ports augmented: 94 newly gated: 0 Total Ports: 418
Ending PowerOpt Patch Enables Task | Checksum: 199936d9d

Time (s): cpu = 00:00:00.85 ; elapsed = 00:00:00.86 . Memory (MB): peak = 11197.766 ; gain = 0.000 ; free physical = 28714 ; free virtual = 42293
Ending Power Optimization Task | Checksum: 199936d9d

Time (s): cpu = 00:01:01 ; elapsed = 00:00:19 . Memory (MB): peak = 11197.766 ; gain = 1431.422 ; free physical = 28714 ; free virtual = 42294

Starting Final Cleanup Task
Ending Final Cleanup Task | Checksum: 199936d9d

Time (s): cpu = 00:00:00.02 ; elapsed = 00:00:00.02 . Memory (MB): peak = 11197.766 ; gain = 0.000 ; free physical = 28714 ; free virtual = 42294

Starting Netlist Obfuscation Task
Netlist sorting complete. Time (s): cpu = 00:00:00.69 ; elapsed = 00:00:00.7 . Memory (MB): peak = 11197.766 ; gain = 0.000 ; free physical = 28715 ; free virtual = 42294
Ending Netlist Obfuscation Task | Checksum: 1c7445451

Time (s): cpu = 00:00:00.72 ; elapsed = 00:00:00.72 . Memory (MB): peak = 11197.766 ; gain = 0.000 ; free physical = 28715 ; free virtual = 42294
INFO: [Common 17-83] Releasing license: Implementation
282 Infos, 79 Warnings, 0 Critical Warnings and 0 Errors encountered.
opt_design completed successfully
opt_design: Time (s): cpu = 00:05:52 ; elapsed = 00:03:47 . Memory (MB): peak = 11197.766 ; gain = 2515.172 ; free physical = 28715 ; free virtual = 42294
INFO: [Timing 38-35] Done setting XDC timing constraints.
INFO: [Timing 38-480] Writing timing data to binary archive.
Wrote PlaceDB: Time (s): cpu = 00:00:00.08 ; elapsed = 00:00:00.01 . Memory (MB): peak = 11197.766 ; gain = 0.000 ; free physical = 28708 ; free virtual = 42291
Wrote PulsedLatchDB: Time (s): cpu = 00:00:00 ; elapsed = 00:00:00 . Memory (MB): peak = 11197.766 ; gain = 0.000 ; free physical = 28708 ; free virtual = 42291
Writing XDEF routing.
Writing XDEF routing logical nets.
Writing XDEF routing special nets.
Wrote RouteStorage: Time (s): cpu = 00:00:00.12 ; elapsed = 00:00:00.03 . Memory (MB): peak = 11197.766 ; gain = 0.000 ; free physical = 28692 ; free virtual = 42277
Wrote Netlist Cache: Time (s): cpu = 00:00:00.01 ; elapsed = 00:00:00 . Memory (MB): peak = 11197.766 ; gain = 0.000 ; free physical = 28692 ; free virtual = 42278
Wrote Device Cache: Time (s): cpu = 00:00:00.04 ; elapsed = 00:00:00.01 . Memory (MB): peak = 11197.766 ; gain = 0.000 ; free physical = 28692 ; free virtual = 42281
Write Physdb Complete: Time (s): cpu = 00:00:00.27 ; elapsed = 00:00:00.05 . Memory (MB): peak = 11197.766 ; gain = 0.000 ; free physical = 28692 ; free virtual = 42281
Write ShapeDB Complete: Time (s): cpu = 00:00:01 ; elapsed = 00:00:00.24 . Memory (MB): peak = 11197.766 ; gain = 0.000 ; free physical = 28638 ; free virtual = 42271
INFO: [Common 17-1381] The checkpoint '/home/ujaved/work_dir/axi_dpe_ila_v3.0/AXI-Dot-Product-Accelerator/Vivado/puzhi/puzhi.runs/impl_1/andromeda_wrapper_opt.dcp' has been generated.
write_checkpoint: Time (s): cpu = 00:00:36 ; elapsed = 00:00:14 . Memory (MB): peak = 11197.766 ; gain = 0.000 ; free physical = 28575 ; free virtual = 42218
INFO: [Chipscope 16-240] Debug cores have already been implemented
Command: place_design
Attempting to get a license for feature 'Implementation' and/or device 'xcku5p'
INFO: [Common 17-349] Got license for feature 'Implementation' and/or device 'xcku5p'
INFO: [Common 17-83] Releasing license: Implementation
INFO: [DRC 23-27] Running DRC with 8 threads
INFO: [Vivado_Tcl 4-198] DRC finished with 0 Errors
INFO: [Vivado_Tcl 4-199] Please refer to the DRC report (report_drc) for more information.
Running DRC as a precondition to command place_design
INFO: [DRC 23-27] Running DRC with 8 threads
INFO: [Vivado_Tcl 4-198] DRC finished with 0 Errors
INFO: [Vivado_Tcl 4-199] Please refer to the DRC report (report_drc) for more information.
INFO: [Place 30-611] Multithreading enabled for place_design using a maximum of 8 CPUs

Starting Placer Task

Phase 1 Placer Initialization

Phase 1.1 Placer Initialization Netlist Sorting
Netlist sorting complete. Time (s): cpu = 00:00:00.72 ; elapsed = 00:00:00.79 . Memory (MB): peak = 11197.766 ; gain = 0.000 ; free physical = 28664 ; free virtual = 42308
Phase 1.1 Placer Initialization Netlist Sorting | Checksum: 185eaf690

Time (s): cpu = 00:00:00.77 ; elapsed = 00:00:00.85 . Memory (MB): peak = 11197.766 ; gain = 0.000 ; free physical = 28664 ; free virtual = 42307
Netlist sorting complete. Time (s): cpu = 00:00:00.68 ; elapsed = 00:00:00.69 . Memory (MB): peak = 11197.766 ; gain = 0.000 ; free physical = 28665 ; free virtual = 42309

Phase 1.2 IO Placement/ Clock Placement/ Build Placer Device
Phase 1.2 IO Placement/ Clock Placement/ Build Placer Device | Checksum: 21457fe56

Time (s): cpu = 00:00:21 ; elapsed = 00:00:16 . Memory (MB): peak = 11197.766 ; gain = 0.000 ; free physical = 28498 ; free virtual = 42276

Phase 1.3 Build Placer Netlist Model
Phase 1.3 Build Placer Netlist Model | Checksum: 244d668a2

Time (s): cpu = 00:01:11 ; elapsed = 00:00:40 . Memory (MB): peak = 11499.105 ; gain = 301.340 ; free physical = 28041 ; free virtual = 41820

Phase 1.4 Constrain Clocks/Macros
MIG CONSTR ADDED 1
MIG Constraint : added 1
Phase 1.4 Constrain Clocks/Macros | Checksum: 244d668a2

Time (s): cpu = 00:01:11 ; elapsed = 00:00:40 . Memory (MB): peak = 11499.105 ; gain = 301.340 ; free physical = 28041 ; free virtual = 41820
Phase 1 Placer Initialization | Checksum: 244d668a2

Time (s): cpu = 00:01:11 ; elapsed = 00:00:41 . Memory (MB): peak = 11499.105 ; gain = 301.340 ; free physical = 28041 ; free virtual = 41820

Phase 2 Global Placement

Phase 2.1 Floorplanning

Phase 2.1.1 Partition Driven Placement

Phase 2.1.1.1 PBP: Partition Driven Placement
Phase 2.1.1.1 PBP: Partition Driven Placement | Checksum: 2af4df3b8

Time (s): cpu = 00:02:43 ; elapsed = 00:01:14 . Memory (MB): peak = 11579.145 ; gain = 381.379 ; free physical = 28105 ; free virtual = 41885

Phase 2.1.1.2 PBP: Clock Region Placement
INFO: [Place 30-3162] Check ILP status : ILP-based clock placer completed successfully.
Phase 2.1.1.2 PBP: Clock Region Placement | Checksum: 29e8c1546

Time (s): cpu = 00:02:46 ; elapsed = 00:01:16 . Memory (MB): peak = 11579.145 ; gain = 381.379 ; free physical = 28104 ; free virtual = 41886

Phase 2.1.1.3 PBP: Compute Congestion
Phase 2.1.1.3 PBP: Compute Congestion | Checksum: 29e8c1546

Time (s): cpu = 00:02:57 ; elapsed = 00:01:19 . Memory (MB): peak = 11579.145 ; gain = 381.379 ; free physical = 27633 ; free virtual = 41842

Phase 2.1.1.4 PBP: UpdateTiming
Phase 2.1.1.4 PBP: UpdateTiming | Checksum: 2e9c0b12b

Time (s): cpu = 00:03:06 ; elapsed = 00:01:23 . Memory (MB): peak = 11579.145 ; gain = 381.379 ; free physical = 27634 ; free virtual = 41842

Phase 2.1.1.5 PBP: Add part constraints
Phase 2.1.1.5 PBP: Add part constraints | Checksum: 2e9c0b12b

Time (s): cpu = 00:03:06 ; elapsed = 00:01:24 . Memory (MB): peak = 11579.145 ; gain = 381.379 ; free physical = 27634 ; free virtual = 41842
Phase 2.1.1 Partition Driven Placement | Checksum: 2e9c0b12b

Time (s): cpu = 00:03:07 ; elapsed = 00:01:24 . Memory (MB): peak = 11579.145 ; gain = 381.379 ; free physical = 27634 ; free virtual = 41842
Phase 2.1 Floorplanning | Checksum: 2e9c0b12b

Time (s): cpu = 00:03:07 ; elapsed = 00:01:24 . Memory (MB): peak = 11579.145 ; gain = 381.379 ; free physical = 27634 ; free virtual = 41842

Phase 2.2 Update Timing before SLR Path Opt
Phase 2.2 Update Timing before SLR Path Opt | Checksum: 2e9c0b12b

Time (s): cpu = 00:03:07 ; elapsed = 00:01:24 . Memory (MB): peak = 11579.145 ; gain = 381.379 ; free physical = 27634 ; free virtual = 41842

Phase 2.3 Post-Processing in Floorplanning
Phase 2.3 Post-Processing in Floorplanning | Checksum: 205b2b0fb

Time (s): cpu = 00:03:07 ; elapsed = 00:01:24 . Memory (MB): peak = 11579.145 ; gain = 381.379 ; free physical = 27634 ; free virtual = 41843

Phase 2.4 Global Place Phase1
Phase 2.4 Global Place Phase1 | Checksum: 20cac271b

Time (s): cpu = 00:06:26 ; elapsed = 00:02:43 . Memory (MB): peak = 11827.145 ; gain = 629.379 ; free physical = 27405 ; free virtual = 41615

Phase 2.5 Global Place Phase2

Phase 2.5.1 UpdateTiming Before Physical Synthesis
Phase 2.5.1 UpdateTiming Before Physical Synthesis | Checksum: 28bc53e94

Time (s): cpu = 00:06:38 ; elapsed = 00:02:47 . Memory (MB): peak = 11827.145 ; gain = 629.379 ; free physical = 27410 ; free virtual = 41621

Phase 2.5.2 Physical Synthesis In Placer
INFO: [Physopt 32-1035] Found 891 LUTNM shape to break, 16622 LUT instances to create LUTNM shape
INFO: [Physopt 32-1044] Break lutnm for timing: one critical 77, two critical 814, total 891, new lutff created 0
INFO: [Physopt 32-1138] End 1 Pass. Optimized 8504 nets or LUTs. Breaked 891 LUTs, combined 7613 existing LUTs and moved 0 existing LUT
INFO: [Physopt 32-1030] Pass 1. Identified 90 candidate driver sets for equivalent driver rewiring.
INFO: [Physopt 32-661] Optimized 68 nets.  Re-placed 469 instances.
INFO: [Physopt 32-775] End 1 Pass. Optimized 68 nets or cells. Created 18 new cells, deleted 60 existing cells and moved 469 existing cells
Netlist sorting complete. Time (s): cpu = 00:00:00.85 ; elapsed = 00:00:00.86 . Memory (MB): peak = 12175.910 ; gain = 0.000 ; free physical = 27056 ; free virtual = 41269
INFO: [Physopt 32-1132] Very high fanout net 'andromeda_i/axi_dpe_0/inst/p_0_in__1' is not considered as a candidate in VHFN optimization. The fanout considered for this optimization is changed from 1024 to 257 due to a timing constraint that prevent optimization on all of the loads. To force replication, set the FORCE_MAX_FANOUT property on the net to a number less than 257.
INFO: [Physopt 32-1408] Pass 1. Identified 6 candidate nets for high-fanout optimization.
INFO: [Physopt 32-81] Processed net andromeda_i/axi_dpe_0/inst/read_addr[3]. Replicated 7 times.
INFO: [Physopt 32-81] Processed net andromeda_i/axi_dpe_0/inst/read_addr[2]. Replicated 6 times.
INFO: [Physopt 32-81] Processed net andromeda_i/rst_ddr4_0_333M/U0/peripheral_aresetn[0]. Replicated 75 times.
INFO: [Physopt 32-81] Processed net andromeda_i/axi_dpe_0/inst/accum_word_count_reg_n_0_[6]. Replicated 53 times.
INFO: [Physopt 32-81] Processed net andromeda_i/axi_dpe_0/inst/s_axi_bresp_r. Replicated 25 times.
INFO: [Physopt 32-232] Optimized 5 nets. Created 166 new instances.
INFO: [Physopt 32-775] End 1 Pass. Optimized 5 nets or cells. Created 166 new cells, deleted 0 existing cell and moved 0 existing cell
Netlist sorting complete. Time (s): cpu = 00:00:00.96 ; elapsed = 00:00:00.97 . Memory (MB): peak = 12175.910 ; gain = 0.000 ; free physical = 27056 ; free virtual = 41269
INFO: [Physopt 32-456] No candidate cells for DSP register optimization found in the design.
INFO: [Physopt 32-775] End 2 Pass. Optimized 0 net or cell. Created 0 new cell, deleted 0 existing cell and moved 0 existing cell
INFO: [Physopt 32-1123] No candidate cells found for Shift Register to Pipeline optimization
INFO: [Physopt 32-775] End 2 Pass. Optimized 0 net or cell. Created 0 new cell, deleted 0 existing cell and moved 0 existing cell
INFO: [Physopt 32-1402] Pass 1: Identified 23 candidate cells for Shift Register optimization.
INFO: [Physopt 32-775] End 1 Pass. Optimized 13 nets or cells. Created 26 new cells, deleted 0 existing cell and moved 0 existing cell
Netlist sorting complete. Time (s): cpu = 00:00:00.73 ; elapsed = 00:00:00.72 . Memory (MB): peak = 12175.910 ; gain = 0.000 ; free physical = 27056 ; free virtual = 41269
INFO: [Physopt 32-526] No candidate cells for BRAM register optimization found in the design
INFO: [Physopt 32-775] End 1 Pass. Optimized 0 net or cell. Created 0 new cell, deleted 0 existing cell and moved 0 existing cell
INFO: [Physopt 32-846] No candidate cells for URAM register optimization found in the design
INFO: [Physopt 32-775] End 1 Pass. Optimized 0 net or cell. Created 0 new cell, deleted 0 existing cell and moved 0 existing cell
INFO: [Physopt 32-846] No candidate cells for URAM register optimization found in the design
INFO: [Physopt 32-775] End 1 Pass. Optimized 0 net or cell. Created 0 new cell, deleted 0 existing cell and moved 0 existing cell
INFO: [Physopt 32-949] No candidate nets found for dynamic/static region interface net replication
INFO: [Physopt 32-775] End 1 Pass. Optimized 0 net or cell. Created 0 new cell, deleted 0 existing cell and moved 0 existing cell
Netlist sorting complete. Time (s): cpu = 00:00:00.69 ; elapsed = 00:00:00.68 . Memory (MB): peak = 12175.910 ; gain = 0.000 ; free physical = 27056 ; free virtual = 41269

Summary of Physical Synthesis Optimizations
============================================


-----------------------------------------------------------------------------------------------------------------------------------------------------------
|  Optimization                                     |  Added Cells  |  Removed Cells  |  Optimized Cells/Nets  |  Dont Touch  |  Iterations  |  Elapsed   |
-----------------------------------------------------------------------------------------------------------------------------------------------------------
|  LUT Combining                                    |          891  |           7613  |                  8504  |           0  |           1  |  00:00:03  |
|  Retime                                           |            0  |              0  |                     0  |           0  |           1  |  00:00:00  |
|  Equivalent Driver Rewiring                       |           18  |             60  |                    68  |           0  |           1  |  00:00:07  |
|  Very High Fanout                                 |          166  |              0  |                     5  |           1  |           1  |  00:00:04  |
|  DSP Register                                     |            0  |              0  |                     0  |           0  |           1  |  00:00:00  |
|  Shift Register to Pipeline                       |            0  |              0  |                     0  |           0  |           1  |  00:00:00  |
|  Shift Register                                   |           26  |              0  |                    13  |           0  |           1  |  00:00:01  |
|  BRAM Register                                    |            0  |              0  |                     0  |           0  |           1  |  00:00:00  |
|  URAM Register                                    |            0  |              0  |                     0  |           0  |           1  |  00:00:00  |
|  Dynamic/Static Region Interface Net Replication  |            0  |              0  |                     0  |           0  |           1  |  00:00:00  |
|  Total                                            |         1101  |           7673  |                  8590  |           1  |          10  |  00:00:15  |
-----------------------------------------------------------------------------------------------------------------------------------------------------------


Phase 2.5.2 Physical Synthesis In Placer | Checksum: 20b7b3ba4

Time (s): cpu = 00:07:09 ; elapsed = 00:03:13 . Memory (MB): peak = 13306.273 ; gain = 2108.508 ; free physical = 25993 ; free virtual = 41049
Phase 2.5 Global Place Phase2 | Checksum: 25be4b3d0

Time (s): cpu = 00:07:29 ; elapsed = 00:03:20 . Memory (MB): peak = 13306.273 ; gain = 2108.508 ; free physical = 25987 ; free virtual = 41043
Phase 2 Global Placement | Checksum: 25be4b3d0

Time (s): cpu = 00:07:29 ; elapsed = 00:03:20 . Memory (MB): peak = 13306.273 ; gain = 2108.508 ; free physical = 25987 ; free virtual = 41043

Phase 3 Detail Placement

Phase 3.1 Commit Multi Column Macros
Phase 3.1 Commit Multi Column Macros | Checksum: 30a939911

Time (s): cpu = 00:07:50 ; elapsed = 00:03:26 . Memory (MB): peak = 13306.273 ; gain = 2108.508 ; free physical = 25983 ; free virtual = 41039

Phase 3.2 Commit Most Macros & LUTRAMs
Phase 3.2 Commit Most Macros & LUTRAMs | Checksum: 20cd0d124

Time (s): cpu = 00:08:06 ; elapsed = 00:03:33 . Memory (MB): peak = 13306.273 ; gain = 2108.508 ; free physical = 25992 ; free virtual = 41048

Phase 3.3 Small Shape DP

Phase 3.3.1 Small Shape Clustering
Phase 3.3.1 Small Shape Clustering | Checksum: 2cf500df8

Time (s): cpu = 00:08:52 ; elapsed = 00:03:49 . Memory (MB): peak = 13306.273 ; gain = 2108.508 ; free physical = 25994 ; free virtual = 41050

Phase 3.3.2 Slice Area Swap

Phase 3.3.2.1 Slice Area Swap Initial
Phase 3.3.2.1 Slice Area Swap Initial | Checksum: 2e514e0e2

Time (s): cpu = 00:09:02 ; elapsed = 00:03:56 . Memory (MB): peak = 13306.273 ; gain = 2108.508 ; free physical = 25994 ; free virtual = 41050
Phase 3.3.2 Slice Area Swap | Checksum: 2e514e0e2

Time (s): cpu = 00:09:02 ; elapsed = 00:03:57 . Memory (MB): peak = 13306.273 ; gain = 2108.508 ; free physical = 25994 ; free virtual = 41050
Phase 3.3 Small Shape DP | Checksum: 2d6330522

Time (s): cpu = 00:09:22 ; elapsed = 00:04:03 . Memory (MB): peak = 13306.273 ; gain = 2108.508 ; free physical = 25995 ; free virtual = 41051

Phase 3.4 Re-assign LUT pins
Phase 3.4 Re-assign LUT pins | Checksum: 21069b2fd

Time (s): cpu = 00:09:27 ; elapsed = 00:04:07 . Memory (MB): peak = 13306.273 ; gain = 2108.508 ; free physical = 25995 ; free virtual = 41051

Phase 3.5 Pipeline Register Optimization
Phase 3.5 Pipeline Register Optimization | Checksum: 2bda51f0d

Time (s): cpu = 00:09:29 ; elapsed = 00:04:07 . Memory (MB): peak = 13306.273 ; gain = 2108.508 ; free physical = 25995 ; free virtual = 41051

Phase 3.6 Fast Optimization
Phase 3.6 Fast Optimization | Checksum: 32d71f05e

Time (s): cpu = 00:10:22 ; elapsed = 00:04:23 . Memory (MB): peak = 13306.273 ; gain = 2108.508 ; free physical = 25992 ; free virtual = 41048
Phase 3 Detail Placement | Checksum: 32d71f05e

Time (s): cpu = 00:10:24 ; elapsed = 00:04:23 . Memory (MB): peak = 13306.273 ; gain = 2108.508 ; free physical = 25992 ; free virtual = 41048

Phase 4 Post Placement Optimization and Clean-Up

Phase 4.1 Post Commit Optimization
INFO: [Timing 38-35] Done setting XDC timing constraints.

Phase 4.1.1 Post Placement Optimization
Post Placement Optimization Initialization | Checksum: 289169446

Phase 4.1.1.1 BUFG Insertion

Starting Physical Synthesis Task

Phase 1 Physical Synthesis Initialization
INFO: [Physopt 32-721] Multithreading enabled for phys_opt_design using a maximum of 8 CPUs
INFO: [Physopt 32-619] Estimated Timing Summary | WNS=-1.508 | TNS=-1504.828 |
Phase 1 Physical Synthesis Initialization | Checksum: 1e4f695bf

Time (s): cpu = 00:00:08 ; elapsed = 00:00:02 . Memory (MB): peak = 13306.273 ; gain = 0.000 ; free physical = 25993 ; free virtual = 41049
INFO: [Place 46-56] BUFG insertion identified 0 candidate nets. Inserted BUFG: 0, Replicated BUFG Driver: 0, Skipped due to Placement/Routing Conflicts: 0, Skipped due to Timing Degradation: 0, Skipped due to netlist editing failed: 0.
Ending Physical Synthesis Task | Checksum: 36ffea4ae

Time (s): cpu = 00:00:14 ; elapsed = 00:00:03 . Memory (MB): peak = 13306.273 ; gain = 0.000 ; free physical = 25993 ; free virtual = 41049
Phase 4.1.1.1 BUFG Insertion | Checksum: 289169446

Time (s): cpu = 00:11:59 ; elapsed = 00:04:50 . Memory (MB): peak = 13306.273 ; gain = 2108.508 ; free physical = 25993 ; free virtual = 41049

Phase 4.1.1.2 Post Placement Timing Optimization
INFO: [Place 30-746] Post Placement Timing Summary WNS=-1.313. For the most accurate timing information please run report_timing.
Phase 4.1.1.2 Post Placement Timing Optimization | Checksum: 233fd3725

Time (s): cpu = 00:12:16 ; elapsed = 00:05:06 . Memory (MB): peak = 13306.273 ; gain = 2108.508 ; free physical = 25104 ; free virtual = 41003

Time (s): cpu = 00:12:16 ; elapsed = 00:05:06 . Memory (MB): peak = 13306.273 ; gain = 2108.508 ; free physical = 25104 ; free virtual = 41003
Phase 4.1 Post Commit Optimization | Checksum: 233fd3725

Time (s): cpu = 00:12:17 ; elapsed = 00:05:07 . Memory (MB): peak = 13306.273 ; gain = 2108.508 ; free physical = 25104 ; free virtual = 41003
Netlist sorting complete. Time (s): cpu = 00:00:00.69 ; elapsed = 00:00:00.69 . Memory (MB): peak = 13306.273 ; gain = 0.000 ; free physical = 25341 ; free virtual = 41240

Phase 4.2 Post Placement Cleanup
Phase 4.2 Post Placement Cleanup | Checksum: 2713bbe80

Time (s): cpu = 00:12:33 ; elapsed = 00:05:13 . Memory (MB): peak = 13306.273 ; gain = 2108.508 ; free physical = 25341 ; free virtual = 41240

Phase 4.3 Placer Reporting

Phase 4.3.1 Print Estimated Congestion
INFO: [Place 30-612] Post-Placement Estimated Congestion 
 ________________________________________________________________________
|           | Global Congestion | Long Congestion   | Short Congestion  |
| Direction | Region Size       | Region Size       | Region Size       |
|___________|___________________|___________________|___________________|
|      North|                4x4|                4x4|                8x8|
|___________|___________________|___________________|___________________|
|      South|                1x1|                1x1|                1x1|
|___________|___________________|___________________|___________________|
|       East|                2x2|                1x1|                8x8|
|___________|___________________|___________________|___________________|
|       West|                1x1|                1x1|                4x4|
|___________|___________________|___________________|___________________|

Phase 4.3.1 Print Estimated Congestion | Checksum: 2713bbe80

Time (s): cpu = 00:12:34 ; elapsed = 00:05:14 . Memory (MB): peak = 13306.273 ; gain = 2108.508 ; free physical = 25341 ; free virtual = 41240
Phase 4.3 Placer Reporting | Checksum: 2713bbe80

Time (s): cpu = 00:12:35 ; elapsed = 00:05:14 . Memory (MB): peak = 13306.273 ; gain = 2108.508 ; free physical = 25341 ; free virtual = 41240

Phase 4.4 Final Placement Cleanup
Netlist sorting complete. Time (s): cpu = 00:00:00.68 ; elapsed = 00:00:00.69 . Memory (MB): peak = 13306.273 ; gain = 0.000 ; free physical = 25341 ; free virtual = 41240

Time (s): cpu = 00:12:36 ; elapsed = 00:05:15 . Memory (MB): peak = 13306.273 ; gain = 2108.508 ; free physical = 25341 ; free virtual = 41240
Phase 4 Post Placement Optimization and Clean-Up | Checksum: 1eb9a3f2f

Time (s): cpu = 00:12:37 ; elapsed = 00:05:15 . Memory (MB): peak = 13306.273 ; gain = 2108.508 ; free physical = 25341 ; free virtual = 41240
Ending Placer Task | Checksum: 1e77e402f

Time (s): cpu = 00:12:38 ; elapsed = 00:05:15 . Memory (MB): peak = 13306.273 ; gain = 2108.508 ; free physical = 25341 ; free virtual = 41240
331 Infos, 79 Warnings, 0 Critical Warnings and 0 Errors encountered.
place_design completed successfully
place_design: Time (s): cpu = 00:12:48 ; elapsed = 00:05:19 . Memory (MB): peak = 13306.273 ; gain = 2108.508 ; free physical = 25341 ; free virtual = 41240
INFO: [Timing 38-480] Writing timing data to binary archive.
Write ShapeDB Complete: Time (s): cpu = 00:00:02 ; elapsed = 00:00:00.43 . Memory (MB): peak = 13306.273 ; gain = 0.000 ; free physical = 25035 ; free virtual = 41024
Wrote PlaceDB: Time (s): cpu = 00:00:16 ; elapsed = 00:00:05 . Memory (MB): peak = 13306.273 ; gain = 0.000 ; free physical = 24738 ; free virtual = 41004
Wrote PulsedLatchDB: Time (s): cpu = 00:00:00 ; elapsed = 00:00:00 . Memory (MB): peak = 13306.273 ; gain = 0.000 ; free physical = 24738 ; free virtual = 41004
Writing XDEF routing.
Writing XDEF routing logical nets.
Writing XDEF routing special nets.
Wrote RouteStorage: Time (s): cpu = 00:00:00.03 ; elapsed = 00:00:00.02 . Memory (MB): peak = 13306.273 ; gain = 0.000 ; free physical = 24737 ; free virtual = 41004
Wrote Netlist Cache: Time (s): cpu = 00:00:00.14 ; elapsed = 00:00:00.15 . Memory (MB): peak = 13306.273 ; gain = 0.000 ; free physical = 24713 ; free virtual = 41005
Wrote Device Cache: Time (s): cpu = 00:00:00.01 ; elapsed = 00:00:00.01 . Memory (MB): peak = 13306.273 ; gain = 0.000 ; free physical = 24705 ; free virtual = 40999
Write Physdb Complete: Time (s): cpu = 00:00:16 ; elapsed = 00:00:06 . Memory (MB): peak = 13306.273 ; gain = 0.000 ; free physical = 24705 ; free virtual = 40999
report_design_analysis: Time (s): cpu = 00:00:17 ; elapsed = 00:00:06 . Memory (MB): peak = 13306.273 ; gain = 0.000 ; free physical = 24693 ; free virtual = 40987
INFO: [Common 17-1381] The checkpoint '/home/ujaved/work_dir/axi_dpe_ila_v3.0/AXI-Dot-Product-Accelerator/Vivado/puzhi/puzhi.runs/impl_1/andromeda_wrapper_placed.dcp' has been generated.
write_checkpoint: Time (s): cpu = 00:00:38 ; elapsed = 00:00:16 . Memory (MB): peak = 13306.273 ; gain = 0.000 ; free physical = 25016 ; free virtual = 41004
Command: route_design
Attempting to get a license for feature 'Implementation' and/or device 'xcku5p'
INFO: [Common 17-349] Got license for feature 'Implementation' and/or device 'xcku5p'


Starting Routing Task
INFO: [Route 35-254] Multithreading enabled for route_design using a maximum of 8 CPUs

Phase 1 Build RT Design
Checksum: PlaceDB: a7a2a1de ConstDB: 0 ShapeSum: 4bf6239a RouteDB: f3e57ab7
Nodegraph reading from file.  Time (s): cpu = 00:00:00.3 ; elapsed = 00:00:00.32 . Memory (MB): peak = 13306.273 ; gain = 0.000 ; free physical = 24142 ; free virtual = 40977
Post Restoration Checksum: NetGraph: 2327b842 | NumContArr: 562ff84d | Constraints: fcfe6c71 | Timing: c2a8fa9d
Phase 1 Build RT Design | Checksum: 238ff179d

Time (s): cpu = 00:00:45 ; elapsed = 00:00:10 . Memory (MB): peak = 13306.273 ; gain = 0.000 ; free physical = 24165 ; free virtual = 41001

Phase 2 Router Initialization

Phase 2.1 Fix Topology Constraints
Phase 2.1 Fix Topology Constraints | Checksum: 238ff179d

Time (s): cpu = 00:00:45 ; elapsed = 00:00:10 . Memory (MB): peak = 13306.273 ; gain = 0.000 ; free physical = 24165 ; free virtual = 41001

Phase 2.2 Pre Route Cleanup
Phase 2.2 Pre Route Cleanup | Checksum: 238ff179d

Time (s): cpu = 00:00:46 ; elapsed = 00:00:10 . Memory (MB): peak = 13306.273 ; gain = 0.000 ; free physical = 24165 ; free virtual = 41001

Phase 2.3 Global Clock Net Routing
 Number of Nodes with overlaps = 0
Phase 2.3 Global Clock Net Routing | Checksum: 1a1f4bf6e

Time (s): cpu = 00:00:52 ; elapsed = 00:00:13 . Memory (MB): peak = 13306.273 ; gain = 0.000 ; free physical = 24169 ; free virtual = 41005

Phase 2.4 Update Timing
Phase 2.4 Update Timing | Checksum: c1616321

Time (s): cpu = 00:01:23 ; elapsed = 00:00:22 . Memory (MB): peak = 13306.273 ; gain = 0.000 ; free physical = 24171 ; free virtual = 41008
INFO: [Route 35-416] Intermediate Timing Summary | WNS=-1.176 | TNS=-884.820| WHS=-0.373 | THS=-69.135|


Phase 2.5 Update Timing for Bus Skew

Phase 2.5.1 Update Timing
Phase 2.5.1 Update Timing | Checksum: 151882657

Time (s): cpu = 00:02:52 ; elapsed = 00:00:41 . Memory (MB): peak = 13306.273 ; gain = 0.000 ; free physical = 24108 ; free virtual = 40945
INFO: [Route 35-416] Intermediate Timing Summary | WNS=-1.176 | TNS=-921.013| WHS=-1.407 | THS=-82.051|

Phase 2.5 Update Timing for Bus Skew | Checksum: 1ce2b2e3e

Time (s): cpu = 00:02:52 ; elapsed = 00:00:41 . Memory (MB): peak = 13306.273 ; gain = 0.000 ; free physical = 24108 ; free virtual = 40945

Router Utilization Summary
  Global Vertical Routing Utilization    = 0.00255638 %
  Global Horizontal Routing Utilization  = 0.0059662 %
  Routable Net Status*
  *Does not include unroutable nets such as driverless and loadless.
  Run report_route_status for detailed report.
  Number of Failed Nets               = 271491
    (Failed Nets is the sum of unrouted and partially routed nets)
  Number of Unrouted Nets             = 238109
  Number of Partially Routed Nets     = 33382
  Number of Node Overlaps             = 0

Phase 2 Router Initialization | Checksum: 2239f15f8

Time (s): cpu = 00:02:56 ; elapsed = 00:00:43 . Memory (MB): peak = 13306.273 ; gain = 0.000 ; free physical = 24113 ; free virtual = 40949

Phase 3 Global Routing
Phase 3 Global Routing | Checksum: 2239f15f8

Time (s): cpu = 00:02:56 ; elapsed = 00:00:43 . Memory (MB): peak = 13306.273 ; gain = 0.000 ; free physical = 24113 ; free virtual = 40949

Phase 4 Initial Routing

Phase 4.1 Initial Net Routing Pass
Phase 4.1 Initial Net Routing Pass | Checksum: 28502724f

Time (s): cpu = 00:03:27 ; elapsed = 00:00:52 . Memory (MB): peak = 13306.273 ; gain = 0.000 ; free physical = 24109 ; free virtual = 40946
Phase 4 Initial Routing | Checksum: 2fb7aaa10

Time (s): cpu = 00:03:29 ; elapsed = 00:00:53 . Memory (MB): peak = 13306.273 ; gain = 0.000 ; free physical = 24109 ; free virtual = 40946
INFO: [Route 35-580] Design has 9 pins with tight setup and hold constraints.

The top 5 pins with tight setup and hold constraints:

+====================+===================+===========================================================================================================================================================================+
| Launch Setup Clock | Launch Hold Clock | Pin                                                                                                                                                                       |
+====================+===================+===========================================================================================================================================================================+
| mmcm_clkout0       | mmcm_clkout0      | andromeda_i/axi_dpe_0/inst/dot_product_inst/dpe_inst/GEN_MUL[27].fp_mult/inst/i_synth/need_combiner.use_2to1.skid_buffer_combiner/gen_has_z_tready.reg2_a_tdata_reg[17]/D |
| mmcm_clkout0       | mmcm_clkout0      | andromeda_i/axi_dpe_0/inst/dot_product_inst/dpe_inst/GEN_MUL[27].fp_mult/inst/i_synth/need_combiner.use_2to1.skid_buffer_combiner/gen_has_z_tready.reg2_a_tdata_reg[19]/D |
| mmcm_clkout0       | mmcm_clkout0      | andromeda_i/axi_dpe_0/inst/dot_product_inst/dpe_inst/GEN_MUL[27].fp_mult/inst/i_synth/need_combiner.use_2to1.skid_buffer_combiner/gen_has_z_tready.reg2_a_tdata_reg[11]/D |
| mmcm_clkout0       | mmcm_clkout0      | andromeda_i/axi_dpe_0/inst/dot_product_inst/dpe_inst/GEN_MUL[29].fp_mult/inst/i_synth/need_combiner.use_2to1.skid_buffer_combiner/gen_has_z_tready.reg2_a_tdata_reg[9]/D  |
| mmcm_clkout0       | mmcm_clkout0      | andromeda_i/axi_dpe_0/inst/dot_product_inst/dpe_inst/GEN_MUL[29].fp_mult/inst/i_synth/need_combiner.use_2to1.skid_buffer_combiner/gen_has_z_tready.reg2_a_tdata_reg[8]/D  |
+--------------------+-------------------+---------------------------------------------------------------------------------------------------------------------------------------------------------------------------+

File with complete list of pins: tight_setup_hold_pins.txt


Phase 5 Rip-up And Reroute

Phase 5.1 Global Iteration 0
 Number of Nodes with overlaps = 61710
 Number of Nodes with overlaps = 5294
 Number of Nodes with overlaps = 578
 Number of Nodes with overlaps = 80
 Number of Nodes with overlaps = 15
 Number of Nodes with overlaps = 3
 Number of Nodes with overlaps = 0
INFO: [Route 35-416] Intermediate Timing Summary | WNS=-1.259 | TNS=-3468.364| WHS=-0.762 | THS=-3.603 |

Phase 5.1 Global Iteration 0 | Checksum: 195b1d268

Time (s): cpu = 00:07:19 ; elapsed = 00:02:10 . Memory (MB): peak = 13306.273 ; gain = 0.000 ; free physical = 24084 ; free virtual = 40921

Phase 5.2 Global Iteration 1
 Number of Nodes with overlaps = 85
 Number of Nodes with overlaps = 2
 Number of Nodes with overlaps = 0
INFO: [Route 35-416] Intermediate Timing Summary | WNS=-1.208 | TNS=-3461.189| WHS=N/A    | THS=N/A    |

Phase 5.2 Global Iteration 1 | Checksum: 19ab96eeb

Time (s): cpu = 00:07:57 ; elapsed = 00:02:21 . Memory (MB): peak = 13306.273 ; gain = 0.000 ; free physical = 24086 ; free virtual = 40923

Phase 5.3 Global Iteration 2
 Number of Nodes with overlaps = 278
 Number of Nodes with overlaps = 31
 Number of Nodes with overlaps = 3
 Number of Nodes with overlaps = 0
INFO: [Route 35-416] Intermediate Timing Summary | WNS=-1.207 | TNS=-3426.880| WHS=N/A    | THS=N/A    |

Phase 5.3 Global Iteration 2 | Checksum: 27c6f8901

Time (s): cpu = 00:08:25 ; elapsed = 00:02:32 . Memory (MB): peak = 13306.273 ; gain = 0.000 ; free physical = 24085 ; free virtual = 40922

Phase 5.4 Global Iteration 3
 Number of Nodes with overlaps = 343
 Number of Nodes with overlaps = 16
 Number of Nodes with overlaps = 1
 Number of Nodes with overlaps = 0
INFO: [Route 35-416] Intermediate Timing Summary | WNS=-1.225 | TNS=-3422.815| WHS=N/A    | THS=N/A    |

Phase 5.4 Global Iteration 3 | Checksum: 2241f4303

Time (s): cpu = 00:08:37 ; elapsed = 00:02:39 . Memory (MB): peak = 13306.273 ; gain = 0.000 ; free physical = 24086 ; free virtual = 40923
Phase 5 Rip-up And Reroute | Checksum: 2241f4303

Time (s): cpu = 00:08:38 ; elapsed = 00:02:39 . Memory (MB): peak = 13306.273 ; gain = 0.000 ; free physical = 24086 ; free virtual = 40923

Phase 6 Delay and Skew Optimization

Phase 6.1 Delay CleanUp
INFO: [Route 35-416] Intermediate Timing Summary | WNS=-1.207 | TNS=-3426.880| WHS=0.010  | THS=0.000  |

INFO: [Route 35-416] Intermediate Timing Summary | WNS=-1.207 | TNS=-3426.880| WHS=0.010  | THS=0.000  |

 Number of Nodes with overlaps = 0
Phase 6.1 Delay CleanUp | Checksum: 192cad305

Time (s): cpu = 00:09:13 ; elapsed = 00:02:47 . Memory (MB): peak = 13306.273 ; gain = 0.000 ; free physical = 24087 ; free virtual = 40924

Phase 6.2 Clock Skew Optimization
Phase 6.2 Clock Skew Optimization | Checksum: 192cad305

Time (s): cpu = 00:09:14 ; elapsed = 00:02:47 . Memory (MB): peak = 13306.273 ; gain = 0.000 ; free physical = 24087 ; free virtual = 40924
Phase 6 Delay and Skew Optimization | Checksum: 192cad305

Time (s): cpu = 00:09:14 ; elapsed = 00:02:47 . Memory (MB): peak = 13306.273 ; gain = 0.000 ; free physical = 24087 ; free virtual = 40924

Phase 7 Post Hold Fix

Phase 7.1 Hold Fix Iter
INFO: [Route 35-416] Intermediate Timing Summary | WNS=-1.207 | TNS=-3399.694| WHS=0.010  | THS=0.000  |

Phase 7.1 Hold Fix Iter | Checksum: 1991a25fa

Time (s): cpu = 00:09:39 ; elapsed = 00:02:53 . Memory (MB): peak = 13306.273 ; gain = 0.000 ; free physical = 24087 ; free virtual = 40924
Phase 7 Post Hold Fix | Checksum: 1991a25fa

Time (s): cpu = 00:09:40 ; elapsed = 00:02:53 . Memory (MB): peak = 13306.273 ; gain = 0.000 ; free physical = 24087 ; free virtual = 40924

Phase 8 Route finalize

Router Utilization Summary
  Global Vertical Routing Utilization    = 16.9263 %
  Global Horizontal Routing Utilization  = 20.6462 %
  Routable Net Status*
  *Does not include unroutable nets such as driverless and loadless.
  Run report_route_status for detailed report.
  Number of Failed Nets               = 0
    (Failed Nets is the sum of unrouted and partially routed nets)
  Number of Unrouted Nets             = 0
  Number of Partially Routed Nets     = 0
  Number of Node Overlaps             = 0


--GLOBAL Congestion:
Utilization threshold used for congestion level computation: 0.85
Congestion Report
North Dir 1x1 Area, Max Cong = 83.5681%, No Congested Regions.
South Dir 1x1 Area, Max Cong = 71.09%, No Congested Regions.
East Dir 1x1 Area, Max Cong = 83.6538%, No Congested Regions.
West Dir 1x1 Area, Max Cong = 80.7692%, No Congested Regions.

------------------------------
Reporting congestion hotspots
------------------------------
Direction: North
----------------
Congested clusters found at Level 0
Effective congestion level: 0 Aspect Ratio: 1 Sparse Ratio: 0
Direction: South
----------------
Congested clusters found at Level 0
Effective congestion level: 0 Aspect Ratio: 1 Sparse Ratio: 0
Direction: East
----------------
Congested clusters found at Level 0
Effective congestion level: 0 Aspect Ratio: 1 Sparse Ratio: 0
Direction: West
----------------
Congested clusters found at Level 0
Effective congestion level: 0 Aspect Ratio: 1 Sparse Ratio: 0

Phase 8 Route finalize | Checksum: 1991a25fa

Time (s): cpu = 00:09:43 ; elapsed = 00:02:54 . Memory (MB): peak = 13306.273 ; gain = 0.000 ; free physical = 24087 ; free virtual = 40924

Phase 9 Verifying routed nets

 Verification completed successfully
Phase 9 Verifying routed nets | Checksum: 1991a25fa

Time (s): cpu = 00:09:43 ; elapsed = 00:02:54 . Memory (MB): peak = 13306.273 ; gain = 0.000 ; free physical = 24087 ; free virtual = 40924

Phase 10 Depositing Routes
Phase 10 Depositing Routes | Checksum: 1991a25fa

Time (s): cpu = 00:09:53 ; elapsed = 00:03:00 . Memory (MB): peak = 13306.273 ; gain = 0.000 ; free physical = 24087 ; free virtual = 40924

Phase 11 Resolve XTalk
Phase 11 Resolve XTalk | Checksum: 1802ccd03

Time (s): cpu = 00:09:53 ; elapsed = 00:03:00 . Memory (MB): peak = 13306.273 ; gain = 0.000 ; free physical = 24087 ; free virtual = 40924

Phase 12 Post Process Routing
Phase 12 Post Process Routing | Checksum: 1802ccd03

Time (s): cpu = 00:09:56 ; elapsed = 00:03:01 . Memory (MB): peak = 13306.273 ; gain = 0.000 ; free physical = 24087 ; free virtual = 40924

Phase 13 Post Router Timing

Phase 13.1 Update Timing
Phase 13.1 Update Timing | Checksum: 1802ccd03

Time (s): cpu = 00:10:18 ; elapsed = 00:03:06 . Memory (MB): peak = 13306.273 ; gain = 0.000 ; free physical = 24087 ; free virtual = 40924
INFO: [Route 35-57] Estimated Timing Summary | WNS=-1.207 | TNS=-3399.694| WHS=0.010  | THS=0.000  |

WARNING: [Route 35-328] Router estimated timing not met.
Resolution: For a complete and accurate timing signoff, report_timing_summary must be run after route_design. Alternatively, route_design can be run with the -timing_summary option to enable a complete timing signoff at the end of route_design.
Phase 13 Post Router Timing | Checksum: 1802ccd03

Time (s): cpu = 00:10:18 ; elapsed = 00:03:06 . Memory (MB): peak = 13306.273 ; gain = 0.000 ; free physical = 24087 ; free virtual = 40924
Time taken to check if laguna hold fix is required (in secs): 0

Phase 14 Physical Synthesis in Router

Phase 14.1 Physical Synthesis Initialization
INFO: [Physopt 32-668] Current Timing Summary | WNS=-1.202 | TNS=-3335.664 | WHS=0.010 | THS=0.000 |
Phase 14.1 Physical Synthesis Initialization | Checksum: 1802ccd03

Time (s): cpu = 00:11:34 ; elapsed = 00:03:24 . Memory (MB): peak = 13306.273 ; gain = 0.000 ; free physical = 24088 ; free virtual = 40925
WARNING: [Physopt 32-745] Physical Optimization has determined that the magnitude of the negative slack is too large and it is highly unlikely that slack will be improved. Post-Route Physical Optimization is most effective when WNS is above -0.5ns

Phase 14.2 Critical Path Optimization
INFO: [Physopt 32-668] Current Timing Summary | WNS=-1.202 | TNS=-3335.664 | WHS=0.010 | THS=0.000 |
INFO: [Physopt 32-952] Improved path group WNS = -1.158. Path group: mmcm_clkout0. Processed net: andromeda_i/axi_dpe_0/inst/dot_product_inst/dpe_inst/GEN_MUL[27].fp_mult/inst/i_synth/need_combiner.use_2to1.skid_buffer_combiner/m_axis_z_tdata_a[28].
INFO: [Physopt 32-953] Path group WNS did not improve. Path group: mmcm_clkout0. Processed net: andromeda_i/axi_dpe_0/inst/dot_product_inst/dpe_inst/GEN_MUL[27].fp_mult/inst/i_synth/need_combiner.use_2to1.skid_buffer_combiner/m_axis_z_tdata_a[28].
INFO: [Physopt 32-952] Improved path group WNS = -1.151. Path group: mmcm_clkout0. Processed net: andromeda_i/axi_dpe_0/inst/dot_product_inst/dpe_inst/GEN_CONVERT[27].convert/fixed2float_inst/inst/i_synth/need_combiner.use_2to1.skid_buffer_combiner/Q[10].
INFO: [Physopt 32-953] Path group WNS did not improve. Path group: mmcm_clkout0. Processed net: andromeda_i/axi_dpe_0/inst/dot_product_inst/dpe_inst/GEN_CONVERT[27].convert/fixed2float_inst/inst/i_synth/need_combiner.use_2to1.skid_buffer_combiner/Q[10].
INFO: [Physopt 32-953] Path group WNS did not improve. Path group: mmcm_clkout0. Processed net: andromeda_i/axi_dpe_0/inst/dot_product_inst/dpe_inst/GEN_CONVERT[27].convert/fixed2float_inst/inst/i_synth/FIX_TO_FLT_OP.SPD.OP/LZE/ZERO_DET_CC_1/m_axis_result_tdata[5].
INFO: [Physopt 32-668] Current Timing Summary | WNS=-1.151 | TNS=-3335.057 | WHS=0.010 | THS=0.000 |
Netlist sorting complete. Time (s): cpu = 00:00:00.69 ; elapsed = 00:00:00.69 . Memory (MB): peak = 13306.273 ; gain = 0.000 ; free physical = 24087 ; free virtual = 40925
Phase 14.2 Critical Path Optimization | Checksum: 1461a5e5f

Time (s): cpu = 00:11:53 ; elapsed = 00:03:30 . Memory (MB): peak = 13306.273 ; gain = 0.000 ; free physical = 24087 ; free virtual = 40925
Netlist sorting complete. Time (s): cpu = 00:00:00.69 ; elapsed = 00:00:00.69 . Memory (MB): peak = 13306.273 ; gain = 0.000 ; free physical = 24087 ; free virtual = 40925
INFO: [Physopt 32-669] Post Physical Optimization Timing Summary | WNS=-1.151 | TNS=-3335.057 | WHS=0.010 | THS=0.000 |
Phase 14 Physical Synthesis in Router | Checksum: 1461a5e5f

Time (s): cpu = 00:11:56 ; elapsed = 00:03:32 . Memory (MB): peak = 13306.273 ; gain = 0.000 ; free physical = 24087 ; free virtual = 40925
Total Elapsed time in route_design: 211.82 secs

Phase 15 Post-Route Event Processing
Phase 15 Post-Route Event Processing | Checksum: 132973f1c

Time (s): cpu = 00:11:58 ; elapsed = 00:03:33 . Memory (MB): peak = 13306.273 ; gain = 0.000 ; free physical = 24087 ; free virtual = 40925
INFO: [Route 35-16] Router Completed Successfully
Ending Routing Task | Checksum: 132973f1c

Time (s): cpu = 00:12:00 ; elapsed = 00:03:33 . Memory (MB): peak = 13306.273 ; gain = 0.000 ; free physical = 24087 ; free virtual = 40925

Routing Is Done.
INFO: [Common 17-83] Releasing license: Implementation
357 Infos, 81 Warnings, 0 Critical Warnings and 0 Errors encountered.
route_design completed successfully
route_design: Time (s): cpu = 00:12:01 ; elapsed = 00:03:34 . Memory (MB): peak = 13306.273 ; gain = 0.000 ; free physical = 24087 ; free virtual = 40924
INFO: [Timing 38-480] Writing timing data to binary archive.
Write ShapeDB Complete: Time (s): cpu = 00:00:02 ; elapsed = 00:00:00.39 . Memory (MB): peak = 13306.273 ; gain = 0.000 ; free physical = 23990 ; free virtual = 40917
Wrote PlaceDB: Time (s): cpu = 00:00:15 ; elapsed = 00:00:05 . Memory (MB): peak = 13306.273 ; gain = 0.000 ; free physical = 23687 ; free virtual = 40893
Wrote PulsedLatchDB: Time (s): cpu = 00:00:00 ; elapsed = 00:00:00 . Memory (MB): peak = 13306.273 ; gain = 0.000 ; free physical = 23687 ; free virtual = 40893
Writing XDEF routing.
Writing XDEF routing logical nets.
Writing XDEF routing special nets.
Wrote RouteStorage: Time (s): cpu = 00:00:02 ; elapsed = 00:00:01 . Memory (MB): peak = 13306.273 ; gain = 0.000 ; free physical = 23614 ; free virtual = 40869
Wrote Netlist Cache: Time (s): cpu = 00:00:00.12 ; elapsed = 00:00:00.13 . Memory (MB): peak = 13306.273 ; gain = 0.000 ; free physical = 23591 ; free virtual = 40870
Wrote Device Cache: Time (s): cpu = 00:00:00.01 ; elapsed = 00:00:00.01 . Memory (MB): peak = 13306.273 ; gain = 0.000 ; free physical = 23583 ; free virtual = 40865
Write Physdb Complete: Time (s): cpu = 00:00:17 ; elapsed = 00:00:07 . Memory (MB): peak = 13306.273 ; gain = 0.000 ; free physical = 23583 ; free virtual = 40866
report_design_analysis: Time (s): cpu = 00:00:19 ; elapsed = 00:00:06 . Memory (MB): peak = 13306.273 ; gain = 0.000 ; free physical = 23584 ; free virtual = 40869
INFO: [Common 17-1381] The checkpoint '/home/ujaved/work_dir/axi_dpe_ila_v3.0/AXI-Dot-Product-Accelerator/Vivado/puzhi/puzhi.runs/impl_1/andromeda_wrapper_routed.dcp' has been generated.
write_checkpoint: Time (s): cpu = 00:00:41 ; elapsed = 00:00:17 . Memory (MB): peak = 13306.273 ; gain = 0.000 ; free physical = 23939 ; free virtual = 40890
INFO: [Common 17-206] Exiting Vivado at Thu Jun 12 10:28:26 2025...

*** Running vivado
    with args -log andromeda_wrapper.vdi -applog -m64 -product Vivado -messageDb vivado.pb -mode batch -source andromeda_wrapper.tcl -notrace


****** Vivado v2024.2 (64-bit)
  **** SW Build 5239630 on Fri Nov 08 22:34:34 MST 2024
  **** IP Build 5239520 on Sun Nov 10 16:12:51 MST 2024
  **** SharedData Build 5239561 on Fri Nov 08 14:39:27 MST 2024
  **** Start of session at: Thu Jun 12 10:36:13 2025
    ** Copyright 1986-2022 Xilinx, Inc. All Rights Reserved.
    ** Copyright 2022-2024 Advanced Micro Devices, Inc. All Rights Reserved.

source andromeda_wrapper.tcl -notrace
Command: open_checkpoint andromeda_wrapper_routed.dcp
INFO: [Device 21-403] Loading part xcku5p-ffvb676-2-i
Netlist sorting complete. Time (s): cpu = 00:00:02 ; elapsed = 00:00:02 . Memory (MB): peak = 6230.613 ; gain = 0.000 ; free physical = 32882 ; free virtual = 47101
INFO: [Netlist 29-17] Analyzing 17208 Unisim elements for replacement
INFO: [Netlist 29-28] Unisim Transformation completed in 1 CPU seconds
INFO: [Project 1-479] Netlist was created with Vivado 2024.2
INFO: [Project 1-570] Preparing netlist for logic optimization
WARNING: [Constraints 18-550] Could not create 'DRIVE' constraint because net 'andromeda_i/ddr4_0/inst/u_ddr4_mem_intfc/u_mig_ddr4_phy/cal_RESET_n[0]' is not directly connected to top level port. 'DRIVE' is ignored for synthesis but preserved for implementation.
WARNING: [Constraints 18-550] Could not create 'SLEW' constraint because net 'andromeda_i/ddr4_0/inst/u_ddr4_mem_intfc/u_mig_ddr4_phy/cal_RESET_n[0]' is not directly connected to top level port. 'SLEW' is ignored for synthesis but preserved for implementation.
WARNING: [Constraints 18-550] Could not create 'IBUF_LOW_PWR' constraint because net 'andromeda_i/ddr4_0/inst/u_ddr4_mem_intfc/u_mig_ddr4_phy/sys_clk_in' is not directly connected to top level port. 'IBUF_LOW_PWR' is ignored for synthesis but preserved for implementation.
Read ShapeDB Complete: Time (s): cpu = 00:00:00.38 ; elapsed = 00:00:00.39 . Memory (MB): peak = 7243.754 ; gain = 27.570 ; free physical = 32240 ; free virtual = 46458
INFO: [Timing 38-478] Restoring timing data from binary archive.
INFO: [Timing 38-479] Binary timing data restore complete.
INFO: [Project 1-856] Restoring constraints from binary archive.
INFO: [Project 1-853] Binary constraint restore complete.
INFO: [Designutils 20-5722] Start Reading Physical Databases.
Reading placement.
Read Netlist Cache: Time (s): cpu = 00:00:00.09 ; elapsed = 00:00:00.09 . Memory (MB): peak = 8483.938 ; gain = 0.000 ; free physical = 31182 ; free virtual = 45400
Reading placer database...
Read Device Cache: Time (s): cpu = 00:00:00.01 ; elapsed = 00:00:00.01 . Memory (MB): peak = 8483.938 ; gain = 0.000 ; free physical = 31182 ; free virtual = 45400
Read PlaceDB: Time (s): cpu = 00:00:03 ; elapsed = 00:00:03 . Memory (MB): peak = 8586.336 ; gain = 102.398 ; free physical = 31080 ; free virtual = 45299
Read PulsedLatchDB: Time (s): cpu = 00:00:00 ; elapsed = 00:00:00 . Memory (MB): peak = 8586.336 ; gain = 0.000 ; free physical = 31080 ; free virtual = 45299
Reading routing.
Read RouteStorage: Time (s): cpu = 00:00:02 ; elapsed = 00:00:00.8 . Memory (MB): peak = 8783.062 ; gain = 196.727 ; free physical = 30886 ; free virtual = 45105
Read Physdb Files: Time (s): cpu = 00:00:06 ; elapsed = 00:00:04 . Memory (MB): peak = 8783.062 ; gain = 299.125 ; free physical = 30886 ; free virtual = 45105
Restored from archive | CPU: 5.950000 secs | Memory: 346.135719 MB |
Finished XDEF File Restore: Time (s): cpu = 00:00:06 ; elapsed = 00:00:04 . Memory (MB): peak = 8783.062 ; gain = 299.125 ; free physical = 30887 ; free virtual = 45106
INFO: [IP_Flow 19-234] Refreshing IP repositories
INFO: [IP_Flow 19-1704] No user IP repositories specified
INFO: [IP_Flow 19-2313] Loaded Vivado IP repository '/opt/tools/Xilinx/Vivado/2024.2/data/ip'.
Netlist sorting complete. Time (s): cpu = 00:00:00.68 ; elapsed = 00:00:00.68 . Memory (MB): peak = 10553.539 ; gain = 0.000 ; free physical = 30021 ; free virtual = 45082
INFO: [Project 1-111] Unisim Transformation Summary:
  A total of 7646 instances were transformed.
  CFGLUT5 => CFGLUT5 (SRL16E, SRLC32E): 1992 instances
  DSP48E1 => DSP48E2 (DSP_ALU, DSP_A_B_DATA, DSP_C_DATA, DSP_MULTIPLIER, DSP_M_DATA, DSP_OUTPUT, DSP_PREADD, DSP_PREADD_DATA): 257 instances
  DSP48E2 => DSP48E2 (DSP_ALU, DSP_A_B_DATA, DSP_C_DATA, DSP_MULTIPLIER, DSP_M_DATA, DSP_OUTPUT, DSP_PREADD, DSP_PREADD_DATA): 256 instances
  IBUF => IBUF (IBUFCTRL, INBUF): 6 instances
  IBUFDS => IBUFDS (DIFFINBUF, IBUFCTRL): 1 instance 
  IOBUF => IOBUF (IBUFCTRL, INBUF, OBUFT): 1 instance 
  IOBUFDS => IOBUFDS (DIFFINBUF, IBUFCTRL, INV, OBUFT(x2)): 4 instances
  IOBUFE3 => IOBUFE3 (IBUFCTRL, INBUF, OBUFT_DCIEN): 36 instances
  LUT6_2 => LUT6_2 (LUT5, LUT6): 110 instances
  OBUFDS => OBUFDS_DUAL_BUF (INV, OBUF(x2)): 1 instance 
  RAM128X1D => RAM128X1D (MUXF7(x2), RAMD64E(x4)): 256 instances
  RAM16X1D => RAM32X1D (RAMD32(x2)): 7 instances
  RAM16X1S => RAM32X1S (RAMS32): 4096 instances
  RAM32M => RAM32M (RAMD32(x6), RAMS32(x2)): 135 instances
  RAM32M16 => RAM32M16 (RAMD32(x14), RAMS32(x2)): 409 instances
  RAM32X1D => RAM32X1D (RAMD32(x2)): 4 instances
  RAM64M8 => RAM64M8 (RAMD64E(x8)): 74 instances
  SRLC16E => SRL16E: 1 instance 

INFO: [Project 1-604] Checkpoint was created with Vivado v2024.2 (64-bit) build 5239630
open_checkpoint: Time (s): cpu = 00:00:52 ; elapsed = 00:00:50 . Memory (MB): peak = 10553.539 ; gain = 9077.570 ; free physical = 30021 ; free virtual = 45082
WARNING: [Memdata 28-361] Design is having concatenated BRAM controllers(heterogenous memory), this configuration is not supported by Updatemem for current device part. Only the first BRAM controller will be added to .MMI and used by Updatemem to update the bitstream with new data.
INFO: [Memdata 28-167] Found XPM memory block andromeda_i/axi_smc/inst/s02_nodes/s02_w_node/inst/inst_mi_handler/gen_normal_area.inst_fifo_node_payld/gen_xpm_memory_fifo.inst_fifo/gen_mem_rep[1].inst_xpm_memory/xpm_memory_base_inst with a P_MEMORY_PRIMITIVE property set to distributed. A value of block is required. You will not be able to use the updatemem program to update the bitstream with new data for the andromeda_i/axi_smc/inst/s02_nodes/s02_w_node/inst/inst_mi_handler/gen_normal_area.inst_fifo_node_payld/gen_xpm_memory_fifo.inst_fifo/gen_mem_rep[1].inst_xpm_memory/xpm_memory_base_inst block.
INFO: [Memdata 28-167] Found XPM memory block andromeda_i/axi_smc/inst/s02_nodes/s02_w_node/inst/inst_mi_handler/gen_normal_area.inst_fifo_node_payld/gen_xpm_memory_fifo.inst_fifo/gen_mem_rep[0].inst_xpm_memory/xpm_memory_base_inst with a P_MEMORY_PRIMITIVE property set to distributed. A value of block is required. You will not be able to use the updatemem program to update the bitstream with new data for the andromeda_i/axi_smc/inst/s02_nodes/s02_w_node/inst/inst_mi_handler/gen_normal_area.inst_fifo_node_payld/gen_xpm_memory_fifo.inst_fifo/gen_mem_rep[0].inst_xpm_memory/xpm_memory_base_inst block.
INFO: [Memdata 28-167] Found XPM memory block andromeda_i/axi_smc/inst/s02_nodes/s02_w_node/inst/inst_mi_handler/gen_normal_area.gen_fifo_req.inst_fifo_req/gen_xpm_memory_fifo.inst_fifo/gen_mem_rep[0].inst_xpm_memory/xpm_memory_base_inst with a P_MEMORY_PRIMITIVE property set to distributed. A value of block is required. You will not be able to use the updatemem program to update the bitstream with new data for the andromeda_i/axi_smc/inst/s02_nodes/s02_w_node/inst/inst_mi_handler/gen_normal_area.gen_fifo_req.inst_fifo_req/gen_xpm_memory_fifo.inst_fifo/gen_mem_rep[0].inst_xpm_memory/xpm_memory_base_inst block.
INFO: [Memdata 28-167] Found XPM memory block andromeda_i/axi_smc/inst/s02_nodes/s02_b_node/inst/inst_mi_handler/gen_normal_area.inst_fifo_node_payld/gen_xpm_memory_fifo.inst_fifo/gen_mem_rep[0].inst_xpm_memory/xpm_memory_base_inst with a P_MEMORY_PRIMITIVE property set to distributed. A value of block is required. You will not be able to use the updatemem program to update the bitstream with new data for the andromeda_i/axi_smc/inst/s02_nodes/s02_b_node/inst/inst_mi_handler/gen_normal_area.inst_fifo_node_payld/gen_xpm_memory_fifo.inst_fifo/gen_mem_rep[0].inst_xpm_memory/xpm_memory_base_inst block.
INFO: [Memdata 28-167] Found XPM memory block andromeda_i/axi_smc/inst/s02_nodes/s02_aw_node/inst/inst_mi_handler/gen_normal_area.inst_fifo_node_payld/gen_xpm_memory_fifo.inst_fifo/gen_mem_rep[0].inst_xpm_memory/xpm_memory_base_inst with a P_MEMORY_PRIMITIVE property set to distributed. A value of block is required. You will not be able to use the updatemem program to update the bitstream with new data for the andromeda_i/axi_smc/inst/s02_nodes/s02_aw_node/inst/inst_mi_handler/gen_normal_area.inst_fifo_node_payld/gen_xpm_memory_fifo.inst_fifo/gen_mem_rep[0].inst_xpm_memory/xpm_memory_base_inst block.
INFO: [Memdata 28-167] Found XPM memory block andromeda_i/axi_smc/inst/s02_nodes/s02_aw_node/inst/inst_mi_handler/gen_normal_area.gen_fifo_req.inst_fifo_req/gen_xpm_memory_fifo.inst_fifo/gen_mem_rep[0].inst_xpm_memory/xpm_memory_base_inst with a P_MEMORY_PRIMITIVE property set to distributed. A value of block is required. You will not be able to use the updatemem program to update the bitstream with new data for the andromeda_i/axi_smc/inst/s02_nodes/s02_aw_node/inst/inst_mi_handler/gen_normal_area.gen_fifo_req.inst_fifo_req/gen_xpm_memory_fifo.inst_fifo/gen_mem_rep[0].inst_xpm_memory/xpm_memory_base_inst block.
INFO: [Memdata 28-167] Found XPM memory block andromeda_i/axi_smc/inst/s01_nodes/s01_w_node/inst/inst_mi_handler/gen_normal_area.inst_fifo_node_payld/gen_xpm_memory_fifo.inst_fifo/gen_mem_rep[1].inst_xpm_memory/xpm_memory_base_inst with a P_MEMORY_PRIMITIVE property set to distributed. A value of block is required. You will not be able to use the updatemem program to update the bitstream with new data for the andromeda_i/axi_smc/inst/s01_nodes/s01_w_node/inst/inst_mi_handler/gen_normal_area.inst_fifo_node_payld/gen_xpm_memory_fifo.inst_fifo/gen_mem_rep[1].inst_xpm_memory/xpm_memory_base_inst block.
INFO: [Memdata 28-167] Found XPM memory block andromeda_i/axi_smc/inst/s01_nodes/s01_w_node/inst/inst_mi_handler/gen_normal_area.inst_fifo_node_payld/gen_xpm_memory_fifo.inst_fifo/gen_mem_rep[0].inst_xpm_memory/xpm_memory_base_inst with a P_MEMORY_PRIMITIVE property set to distributed. A value of block is required. You will not be able to use the updatemem program to update the bitstream with new data for the andromeda_i/axi_smc/inst/s01_nodes/s01_w_node/inst/inst_mi_handler/gen_normal_area.inst_fifo_node_payld/gen_xpm_memory_fifo.inst_fifo/gen_mem_rep[0].inst_xpm_memory/xpm_memory_base_inst block.
INFO: [Memdata 28-167] Found XPM memory block andromeda_i/axi_smc/inst/s01_nodes/s01_w_node/inst/inst_mi_handler/gen_normal_area.gen_fifo_req.inst_fifo_req/gen_xpm_memory_fifo.inst_fifo/gen_mem_rep[0].inst_xpm_memory/xpm_memory_base_inst with a P_MEMORY_PRIMITIVE property set to distributed. A value of block is required. You will not be able to use the updatemem program to update the bitstream with new data for the andromeda_i/axi_smc/inst/s01_nodes/s01_w_node/inst/inst_mi_handler/gen_normal_area.gen_fifo_req.inst_fifo_req/gen_xpm_memory_fifo.inst_fifo/gen_mem_rep[0].inst_xpm_memory/xpm_memory_base_inst block.
INFO: [Memdata 28-167] Found XPM memory block andromeda_i/axi_smc/inst/s01_nodes/s01_r_node/inst/inst_mi_handler/gen_normal_area.inst_fifo_node_payld/gen_xpm_memory_fifo.inst_fifo/gen_mem_rep[1].inst_xpm_memory/xpm_memory_base_inst with a P_MEMORY_PRIMITIVE property set to distributed. A value of block is required. You will not be able to use the updatemem program to update the bitstream with new data for the andromeda_i/axi_smc/inst/s01_nodes/s01_r_node/inst/inst_mi_handler/gen_normal_area.inst_fifo_node_payld/gen_xpm_memory_fifo.inst_fifo/gen_mem_rep[1].inst_xpm_memory/xpm_memory_base_inst block.
INFO: [Memdata 28-167] Found XPM memory block andromeda_i/axi_smc/inst/s01_nodes/s01_r_node/inst/inst_mi_handler/gen_normal_area.inst_fifo_node_payld/gen_xpm_memory_fifo.inst_fifo/gen_mem_rep[0].inst_xpm_memory/xpm_memory_base_inst with a P_MEMORY_PRIMITIVE property set to distributed. A value of block is required. You will not be able to use the updatemem program to update the bitstream with new data for the andromeda_i/axi_smc/inst/s01_nodes/s01_r_node/inst/inst_mi_handler/gen_normal_area.inst_fifo_node_payld/gen_xpm_memory_fifo.inst_fifo/gen_mem_rep[0].inst_xpm_memory/xpm_memory_base_inst block.
INFO: [Memdata 28-167] Found XPM memory block andromeda_i/axi_smc/inst/s01_nodes/s01_b_node/inst/inst_mi_handler/gen_normal_area.inst_fifo_node_payld/gen_xpm_memory_fifo.inst_fifo/gen_mem_rep[0].inst_xpm_memory/xpm_memory_base_inst with a P_MEMORY_PRIMITIVE property set to distributed. A value of block is required. You will not be able to use the updatemem program to update the bitstream with new data for the andromeda_i/axi_smc/inst/s01_nodes/s01_b_node/inst/inst_mi_handler/gen_normal_area.inst_fifo_node_payld/gen_xpm_memory_fifo.inst_fifo/gen_mem_rep[0].inst_xpm_memory/xpm_memory_base_inst block.
INFO: [Memdata 28-167] Found XPM memory block andromeda_i/axi_smc/inst/s01_nodes/s01_aw_node/inst/inst_mi_handler/gen_normal_area.inst_fifo_node_payld/gen_xpm_memory_fifo.inst_fifo/gen_mem_rep[0].inst_xpm_memory/xpm_memory_base_inst with a P_MEMORY_PRIMITIVE property set to distributed. A value of block is required. You will not be able to use the updatemem program to update the bitstream with new data for the andromeda_i/axi_smc/inst/s01_nodes/s01_aw_node/inst/inst_mi_handler/gen_normal_area.inst_fifo_node_payld/gen_xpm_memory_fifo.inst_fifo/gen_mem_rep[0].inst_xpm_memory/xpm_memory_base_inst block.
INFO: [Memdata 28-167] Found XPM memory block andromeda_i/axi_smc/inst/s01_nodes/s01_aw_node/inst/inst_mi_handler/gen_normal_area.gen_fifo_req.inst_fifo_req/gen_xpm_memory_fifo.inst_fifo/gen_mem_rep[0].inst_xpm_memory/xpm_memory_base_inst with a P_MEMORY_PRIMITIVE property set to distributed. A value of block is required. You will not be able to use the updatemem program to update the bitstream with new data for the andromeda_i/axi_smc/inst/s01_nodes/s01_aw_node/inst/inst_mi_handler/gen_normal_area.gen_fifo_req.inst_fifo_req/gen_xpm_memory_fifo.inst_fifo/gen_mem_rep[0].inst_xpm_memory/xpm_memory_base_inst block.
INFO: [Memdata 28-167] Found XPM memory block andromeda_i/axi_smc/inst/s01_nodes/s01_ar_node/inst/inst_mi_handler/gen_normal_area.inst_fifo_node_payld/gen_xpm_memory_fifo.inst_fifo/gen_mem_rep[0].inst_xpm_memory/xpm_memory_base_inst with a P_MEMORY_PRIMITIVE property set to distributed. A value of block is required. You will not be able to use the updatemem program to update the bitstream with new data for the andromeda_i/axi_smc/inst/s01_nodes/s01_ar_node/inst/inst_mi_handler/gen_normal_area.inst_fifo_node_payld/gen_xpm_memory_fifo.inst_fifo/gen_mem_rep[0].inst_xpm_memory/xpm_memory_base_inst block.
INFO: [Memdata 28-167] Found XPM memory block andromeda_i/axi_smc/inst/s01_nodes/s01_ar_node/inst/inst_mi_handler/gen_normal_area.gen_fifo_req.inst_fifo_req/gen_xpm_memory_fifo.inst_fifo/gen_mem_rep[0].inst_xpm_memory/xpm_memory_base_inst with a P_MEMORY_PRIMITIVE property set to distributed. A value of block is required. You will not be able to use the updatemem program to update the bitstream with new data for the andromeda_i/axi_smc/inst/s01_nodes/s01_ar_node/inst/inst_mi_handler/gen_normal_area.gen_fifo_req.inst_fifo_req/gen_xpm_memory_fifo.inst_fifo/gen_mem_rep[0].inst_xpm_memory/xpm_memory_base_inst block.
INFO: [Memdata 28-167] Found XPM memory block andromeda_i/axi_smc/inst/s00_nodes/s00_w_node/inst/inst_mi_handler/gen_normal_area.inst_fifo_node_payld/gen_xpm_memory_fifo.inst_fifo/gen_mem_rep[1].inst_xpm_memory/xpm_memory_base_inst with a P_MEMORY_PRIMITIVE property set to distributed. A value of block is required. You will not be able to use the updatemem program to update the bitstream with new data for the andromeda_i/axi_smc/inst/s00_nodes/s00_w_node/inst/inst_mi_handler/gen_normal_area.inst_fifo_node_payld/gen_xpm_memory_fifo.inst_fifo/gen_mem_rep[1].inst_xpm_memory/xpm_memory_base_inst block.
INFO: [Memdata 28-167] Found XPM memory block andromeda_i/axi_smc/inst/s00_nodes/s00_w_node/inst/inst_mi_handler/gen_normal_area.inst_fifo_node_payld/gen_xpm_memory_fifo.inst_fifo/gen_mem_rep[0].inst_xpm_memory/xpm_memory_base_inst with a P_MEMORY_PRIMITIVE property set to distributed. A value of block is required. You will not be able to use the updatemem program to update the bitstream with new data for the andromeda_i/axi_smc/inst/s00_nodes/s00_w_node/inst/inst_mi_handler/gen_normal_area.inst_fifo_node_payld/gen_xpm_memory_fifo.inst_fifo/gen_mem_rep[0].inst_xpm_memory/xpm_memory_base_inst block.
INFO: [Memdata 28-167] Found XPM memory block andromeda_i/axi_smc/inst/s00_nodes/s00_w_node/inst/inst_mi_handler/gen_normal_area.gen_fifo_req.inst_fifo_req/gen_xpm_memory_fifo.inst_fifo/gen_mem_rep[0].inst_xpm_memory/xpm_memory_base_inst with a P_MEMORY_PRIMITIVE property set to distributed. A value of block is required. You will not be able to use the updatemem program to update the bitstream with new data for the andromeda_i/axi_smc/inst/s00_nodes/s00_w_node/inst/inst_mi_handler/gen_normal_area.gen_fifo_req.inst_fifo_req/gen_xpm_memory_fifo.inst_fifo/gen_mem_rep[0].inst_xpm_memory/xpm_memory_base_inst block.
INFO: [Memdata 28-167] Found XPM memory block andromeda_i/axi_smc/inst/s00_nodes/s00_r_node/inst/inst_mi_handler/gen_normal_area.inst_fifo_node_payld/gen_xpm_memory_fifo.inst_fifo/gen_mem_rep[1].inst_xpm_memory/xpm_memory_base_inst with a P_MEMORY_PRIMITIVE property set to distributed. A value of block is required. You will not be able to use the updatemem program to update the bitstream with new data for the andromeda_i/axi_smc/inst/s00_nodes/s00_r_node/inst/inst_mi_handler/gen_normal_area.inst_fifo_node_payld/gen_xpm_memory_fifo.inst_fifo/gen_mem_rep[1].inst_xpm_memory/xpm_memory_base_inst block.
INFO: [Memdata 28-167] Found XPM memory block andromeda_i/axi_smc/inst/s00_nodes/s00_r_node/inst/inst_mi_handler/gen_normal_area.inst_fifo_node_payld/gen_xpm_memory_fifo.inst_fifo/gen_mem_rep[0].inst_xpm_memory/xpm_memory_base_inst with a P_MEMORY_PRIMITIVE property set to distributed. A value of block is required. You will not be able to use the updatemem program to update the bitstream with new data for the andromeda_i/axi_smc/inst/s00_nodes/s00_r_node/inst/inst_mi_handler/gen_normal_area.inst_fifo_node_payld/gen_xpm_memory_fifo.inst_fifo/gen_mem_rep[0].inst_xpm_memory/xpm_memory_base_inst block.
INFO: [Memdata 28-167] Found XPM memory block andromeda_i/axi_smc/inst/s00_nodes/s00_aw_node/inst/inst_mi_handler/gen_normal_area.inst_fifo_node_payld/gen_xpm_memory_fifo.inst_fifo/gen_mem_rep[0].inst_xpm_memory/xpm_memory_base_inst with a P_MEMORY_PRIMITIVE property set to distributed. A value of block is required. You will not be able to use the updatemem program to update the bitstream with new data for the andromeda_i/axi_smc/inst/s00_nodes/s00_aw_node/inst/inst_mi_handler/gen_normal_area.inst_fifo_node_payld/gen_xpm_memory_fifo.inst_fifo/gen_mem_rep[0].inst_xpm_memory/xpm_memory_base_inst block.
INFO: [Memdata 28-167] Found XPM memory block andromeda_i/axi_smc/inst/s00_nodes/s00_aw_node/inst/inst_mi_handler/gen_normal_area.gen_fifo_req.inst_fifo_req/gen_xpm_memory_fifo.inst_fifo/gen_mem_rep[0].inst_xpm_memory/xpm_memory_base_inst with a P_MEMORY_PRIMITIVE property set to distributed. A value of block is required. You will not be able to use the updatemem program to update the bitstream with new data for the andromeda_i/axi_smc/inst/s00_nodes/s00_aw_node/inst/inst_mi_handler/gen_normal_area.gen_fifo_req.inst_fifo_req/gen_xpm_memory_fifo.inst_fifo/gen_mem_rep[0].inst_xpm_memory/xpm_memory_base_inst block.
INFO: [Memdata 28-167] Found XPM memory block andromeda_i/axi_smc/inst/s00_nodes/s00_ar_node/inst/inst_mi_handler/gen_normal_area.inst_fifo_node_payld/gen_xpm_memory_fifo.inst_fifo/gen_mem_rep[0].inst_xpm_memory/xpm_memory_base_inst with a P_MEMORY_PRIMITIVE property set to distributed. A value of block is required. You will not be able to use the updatemem program to update the bitstream with new data for the andromeda_i/axi_smc/inst/s00_nodes/s00_ar_node/inst/inst_mi_handler/gen_normal_area.inst_fifo_node_payld/gen_xpm_memory_fifo.inst_fifo/gen_mem_rep[0].inst_xpm_memory/xpm_memory_base_inst block.
INFO: [Memdata 28-167] Found XPM memory block andromeda_i/axi_smc/inst/s00_nodes/s00_ar_node/inst/inst_mi_handler/gen_normal_area.gen_fifo_req.inst_fifo_req/gen_xpm_memory_fifo.inst_fifo/gen_mem_rep[0].inst_xpm_memory/xpm_memory_base_inst with a P_MEMORY_PRIMITIVE property set to distributed. A value of block is required. You will not be able to use the updatemem program to update the bitstream with new data for the andromeda_i/axi_smc/inst/s00_nodes/s00_ar_node/inst/inst_mi_handler/gen_normal_area.gen_fifo_req.inst_fifo_req/gen_xpm_memory_fifo.inst_fifo/gen_mem_rep[0].inst_xpm_memory/xpm_memory_base_inst block.
INFO: [Memdata 28-167] Found XPM memory block andromeda_i/axi_smc/inst/m04_nodes/m04_w_node/inst/inst_si_handler/gen_si_handler.gen_request_fifos.gen_req_fifo[2].inst_req_fifo/gen_xpm_memory_fifo.inst_fifo/gen_mem_rep[0].inst_xpm_memory/xpm_memory_base_inst with a P_MEMORY_PRIMITIVE property set to distributed. A value of block is required. You will not be able to use the updatemem program to update the bitstream with new data for the andromeda_i/axi_smc/inst/m04_nodes/m04_w_node/inst/inst_si_handler/gen_si_handler.gen_request_fifos.gen_req_fifo[2].inst_req_fifo/gen_xpm_memory_fifo.inst_fifo/gen_mem_rep[0].inst_xpm_memory/xpm_memory_base_inst block.
INFO: [Memdata 28-167] Found XPM memory block andromeda_i/axi_smc/inst/m04_nodes/m04_w_node/inst/inst_si_handler/gen_si_handler.gen_request_fifos.gen_req_fifo[1].inst_req_fifo/gen_xpm_memory_fifo.inst_fifo/gen_mem_rep[0].inst_xpm_memory/xpm_memory_base_inst with a P_MEMORY_PRIMITIVE property set to distributed. A value of block is required. You will not be able to use the updatemem program to update the bitstream with new data for the andromeda_i/axi_smc/inst/m04_nodes/m04_w_node/inst/inst_si_handler/gen_si_handler.gen_request_fifos.gen_req_fifo[1].inst_req_fifo/gen_xpm_memory_fifo.inst_fifo/gen_mem_rep[0].inst_xpm_memory/xpm_memory_base_inst block.
INFO: [Memdata 28-167] Found XPM memory block andromeda_i/axi_smc/inst/m04_nodes/m04_w_node/inst/inst_si_handler/gen_si_handler.gen_request_fifos.gen_req_fifo[0].inst_req_fifo/gen_xpm_memory_fifo.inst_fifo/gen_mem_rep[0].inst_xpm_memory/xpm_memory_base_inst with a P_MEMORY_PRIMITIVE property set to distributed. A value of block is required. You will not be able to use the updatemem program to update the bitstream with new data for the andromeda_i/axi_smc/inst/m04_nodes/m04_w_node/inst/inst_si_handler/gen_si_handler.gen_request_fifos.gen_req_fifo[0].inst_req_fifo/gen_xpm_memory_fifo.inst_fifo/gen_mem_rep[0].inst_xpm_memory/xpm_memory_base_inst block.
INFO: [Memdata 28-167] Found XPM memory block andromeda_i/axi_smc/inst/m04_nodes/m04_w_node/inst/inst_mi_handler/gen_normal_area.inst_fifo_node_payld/gen_xpm_memory_fifo.inst_fifo/gen_mem_rep[1].inst_xpm_memory/xpm_memory_base_inst with a P_MEMORY_PRIMITIVE property set to distributed. A value of block is required. You will not be able to use the updatemem program to update the bitstream with new data for the andromeda_i/axi_smc/inst/m04_nodes/m04_w_node/inst/inst_mi_handler/gen_normal_area.inst_fifo_node_payld/gen_xpm_memory_fifo.inst_fifo/gen_mem_rep[1].inst_xpm_memory/xpm_memory_base_inst block.
INFO: [Memdata 28-167] Found XPM memory block andromeda_i/axi_smc/inst/m04_nodes/m04_w_node/inst/inst_mi_handler/gen_normal_area.inst_fifo_node_payld/gen_xpm_memory_fifo.inst_fifo/gen_mem_rep[0].inst_xpm_memory/xpm_memory_base_inst with a P_MEMORY_PRIMITIVE property set to distributed. A value of block is required. You will not be able to use the updatemem program to update the bitstream with new data for the andromeda_i/axi_smc/inst/m04_nodes/m04_w_node/inst/inst_mi_handler/gen_normal_area.inst_fifo_node_payld/gen_xpm_memory_fifo.inst_fifo/gen_mem_rep[0].inst_xpm_memory/xpm_memory_base_inst block.
INFO: [Memdata 28-167] Found XPM memory block andromeda_i/axi_smc/inst/m04_nodes/m04_r_node/inst/inst_mi_handler/gen_normal_area.inst_fifo_node_payld/gen_xpm_memory_fifo.inst_fifo/gen_mem_rep[1].inst_xpm_memory/xpm_memory_base_inst with a P_MEMORY_PRIMITIVE property set to distributed. A value of block is required. You will not be able to use the updatemem program to update the bitstream with new data for the andromeda_i/axi_smc/inst/m04_nodes/m04_r_node/inst/inst_mi_handler/gen_normal_area.inst_fifo_node_payld/gen_xpm_memory_fifo.inst_fifo/gen_mem_rep[1].inst_xpm_memory/xpm_memory_base_inst block.
INFO: [Memdata 28-167] Found XPM memory block andromeda_i/axi_smc/inst/m04_nodes/m04_r_node/inst/inst_mi_handler/gen_normal_area.inst_fifo_node_payld/gen_xpm_memory_fifo.inst_fifo/gen_mem_rep[0].inst_xpm_memory/xpm_memory_base_inst with a P_MEMORY_PRIMITIVE property set to distributed. A value of block is required. You will not be able to use the updatemem program to update the bitstream with new data for the andromeda_i/axi_smc/inst/m04_nodes/m04_r_node/inst/inst_mi_handler/gen_normal_area.inst_fifo_node_payld/gen_xpm_memory_fifo.inst_fifo/gen_mem_rep[0].inst_xpm_memory/xpm_memory_base_inst block.
INFO: [Memdata 28-167] Found XPM memory block andromeda_i/axi_smc/inst/m04_nodes/m04_r_node/inst/inst_mi_handler/gen_normal_area.gen_fifo_req.inst_fifo_req/gen_xpm_memory_fifo.inst_fifo/gen_mem_rep[0].inst_xpm_memory/xpm_memory_base_inst with a P_MEMORY_PRIMITIVE property set to distributed. A value of block is required. You will not be able to use the updatemem program to update the bitstream with new data for the andromeda_i/axi_smc/inst/m04_nodes/m04_r_node/inst/inst_mi_handler/gen_normal_area.gen_fifo_req.inst_fifo_req/gen_xpm_memory_fifo.inst_fifo/gen_mem_rep[0].inst_xpm_memory/xpm_memory_base_inst block.
INFO: [Memdata 28-167] Found XPM memory block andromeda_i/axi_smc/inst/m04_nodes/m04_b_node/inst/inst_mi_handler/gen_normal_area.inst_fifo_node_payld/gen_xpm_memory_fifo.inst_fifo/gen_mem_rep[0].inst_xpm_memory/xpm_memory_base_inst with a P_MEMORY_PRIMITIVE property set to distributed. A value of block is required. You will not be able to use the updatemem program to update the bitstream with new data for the andromeda_i/axi_smc/inst/m04_nodes/m04_b_node/inst/inst_mi_handler/gen_normal_area.inst_fifo_node_payld/gen_xpm_memory_fifo.inst_fifo/gen_mem_rep[0].inst_xpm_memory/xpm_memory_base_inst block.
INFO: [Memdata 28-167] Found XPM memory block andromeda_i/axi_smc/inst/m04_nodes/m04_b_node/inst/inst_mi_handler/gen_normal_area.gen_fifo_req.inst_fifo_req/gen_xpm_memory_fifo.inst_fifo/gen_mem_rep[0].inst_xpm_memory/xpm_memory_base_inst with a P_MEMORY_PRIMITIVE property set to distributed. A value of block is required. You will not be able to use the updatemem program to update the bitstream with new data for the andromeda_i/axi_smc/inst/m04_nodes/m04_b_node/inst/inst_mi_handler/gen_normal_area.gen_fifo_req.inst_fifo_req/gen_xpm_memory_fifo.inst_fifo/gen_mem_rep[0].inst_xpm_memory/xpm_memory_base_inst block.
INFO: [Memdata 28-167] Found XPM memory block andromeda_i/axi_smc/inst/m04_nodes/m04_aw_node/inst/inst_mi_handler/gen_normal_area.inst_fifo_node_payld/gen_xpm_memory_fifo.inst_fifo/gen_mem_rep[0].inst_xpm_memory/xpm_memory_base_inst with a P_MEMORY_PRIMITIVE property set to distributed. A value of block is required. You will not be able to use the updatemem program to update the bitstream with new data for the andromeda_i/axi_smc/inst/m04_nodes/m04_aw_node/inst/inst_mi_handler/gen_normal_area.inst_fifo_node_payld/gen_xpm_memory_fifo.inst_fifo/gen_mem_rep[0].inst_xpm_memory/xpm_memory_base_inst block.
INFO: [Memdata 28-167] Found XPM memory block andromeda_i/axi_smc/inst/m04_nodes/m04_ar_node/inst/inst_mi_handler/gen_normal_area.inst_fifo_node_payld/gen_xpm_memory_fifo.inst_fifo/gen_mem_rep[0].inst_xpm_memory/xpm_memory_base_inst with a P_MEMORY_PRIMITIVE property set to distributed. A value of block is required. You will not be able to use the updatemem program to update the bitstream with new data for the andromeda_i/axi_smc/inst/m04_nodes/m04_ar_node/inst/inst_mi_handler/gen_normal_area.inst_fifo_node_payld/gen_xpm_memory_fifo.inst_fifo/gen_mem_rep[0].inst_xpm_memory/xpm_memory_base_inst block.
INFO: [Memdata 28-167] Found XPM memory block andromeda_i/axi_smc/inst/m03_nodes/m03_w_node/inst/inst_si_handler/gen_si_handler.gen_request_fifos.gen_req_fifo[0].inst_req_fifo/gen_xpm_memory_fifo.inst_fifo/gen_mem_rep[0].inst_xpm_memory/xpm_memory_base_inst with a P_MEMORY_PRIMITIVE property set to distributed. A value of block is required. You will not be able to use the updatemem program to update the bitstream with new data for the andromeda_i/axi_smc/inst/m03_nodes/m03_w_node/inst/inst_si_handler/gen_si_handler.gen_request_fifos.gen_req_fifo[0].inst_req_fifo/gen_xpm_memory_fifo.inst_fifo/gen_mem_rep[0].inst_xpm_memory/xpm_memory_base_inst block.
INFO: [Memdata 28-167] Found XPM memory block andromeda_i/axi_smc/inst/m03_nodes/m03_w_node/inst/inst_mi_handler/gen_normal_area.inst_fifo_node_payld/gen_xpm_memory_fifo.inst_fifo/gen_mem_rep[1].inst_xpm_memory/xpm_memory_base_inst with a P_MEMORY_PRIMITIVE property set to distributed. A value of block is required. You will not be able to use the updatemem program to update the bitstream with new data for the andromeda_i/axi_smc/inst/m03_nodes/m03_w_node/inst/inst_mi_handler/gen_normal_area.inst_fifo_node_payld/gen_xpm_memory_fifo.inst_fifo/gen_mem_rep[1].inst_xpm_memory/xpm_memory_base_inst block.
INFO: [Memdata 28-167] Found XPM memory block andromeda_i/axi_smc/inst/m03_nodes/m03_w_node/inst/inst_mi_handler/gen_normal_area.inst_fifo_node_payld/gen_xpm_memory_fifo.inst_fifo/gen_mem_rep[0].inst_xpm_memory/xpm_memory_base_inst with a P_MEMORY_PRIMITIVE property set to distributed. A value of block is required. You will not be able to use the updatemem program to update the bitstream with new data for the andromeda_i/axi_smc/inst/m03_nodes/m03_w_node/inst/inst_mi_handler/gen_normal_area.inst_fifo_node_payld/gen_xpm_memory_fifo.inst_fifo/gen_mem_rep[0].inst_xpm_memory/xpm_memory_base_inst block.
INFO: [Memdata 28-167] Found XPM memory block andromeda_i/axi_smc/inst/m03_nodes/m03_r_node/inst/inst_mi_handler/gen_normal_area.inst_fifo_node_payld/gen_xpm_memory_fifo.inst_fifo/gen_mem_rep[1].inst_xpm_memory/xpm_memory_base_inst with a P_MEMORY_PRIMITIVE property set to distributed. A value of block is required. You will not be able to use the updatemem program to update the bitstream with new data for the andromeda_i/axi_smc/inst/m03_nodes/m03_r_node/inst/inst_mi_handler/gen_normal_area.inst_fifo_node_payld/gen_xpm_memory_fifo.inst_fifo/gen_mem_rep[1].inst_xpm_memory/xpm_memory_base_inst block.
INFO: [Memdata 28-167] Found XPM memory block andromeda_i/axi_smc/inst/m03_nodes/m03_r_node/inst/inst_mi_handler/gen_normal_area.inst_fifo_node_payld/gen_xpm_memory_fifo.inst_fifo/gen_mem_rep[0].inst_xpm_memory/xpm_memory_base_inst with a P_MEMORY_PRIMITIVE property set to distributed. A value of block is required. You will not be able to use the updatemem program to update the bitstream with new data for the andromeda_i/axi_smc/inst/m03_nodes/m03_r_node/inst/inst_mi_handler/gen_normal_area.inst_fifo_node_payld/gen_xpm_memory_fifo.inst_fifo/gen_mem_rep[0].inst_xpm_memory/xpm_memory_base_inst block.
INFO: [Memdata 28-167] Found XPM memory block andromeda_i/axi_smc/inst/m03_nodes/m03_r_node/inst/inst_mi_handler/gen_normal_area.gen_fifo_req.inst_fifo_req/gen_xpm_memory_fifo.inst_fifo/gen_mem_rep[0].inst_xpm_memory/xpm_memory_base_inst with a P_MEMORY_PRIMITIVE property set to distributed. A value of block is required. You will not be able to use the updatemem program to update the bitstream with new data for the andromeda_i/axi_smc/inst/m03_nodes/m03_r_node/inst/inst_mi_handler/gen_normal_area.gen_fifo_req.inst_fifo_req/gen_xpm_memory_fifo.inst_fifo/gen_mem_rep[0].inst_xpm_memory/xpm_memory_base_inst block.
INFO: [Memdata 28-167] Found XPM memory block andromeda_i/axi_smc/inst/m03_nodes/m03_b_node/inst/inst_mi_handler/gen_normal_area.gen_fifo_req.inst_fifo_req/gen_xpm_memory_fifo.inst_fifo/gen_mem_rep[0].inst_xpm_memory/xpm_memory_base_inst with a P_MEMORY_PRIMITIVE property set to distributed. A value of block is required. You will not be able to use the updatemem program to update the bitstream with new data for the andromeda_i/axi_smc/inst/m03_nodes/m03_b_node/inst/inst_mi_handler/gen_normal_area.gen_fifo_req.inst_fifo_req/gen_xpm_memory_fifo.inst_fifo/gen_mem_rep[0].inst_xpm_memory/xpm_memory_base_inst block.
INFO: [Memdata 28-167] Found XPM memory block andromeda_i/axi_smc/inst/m03_nodes/m03_aw_node/inst/inst_mi_handler/gen_normal_area.inst_fifo_node_payld/gen_xpm_memory_fifo.inst_fifo/gen_mem_rep[0].inst_xpm_memory/xpm_memory_base_inst with a P_MEMORY_PRIMITIVE property set to distributed. A value of block is required. You will not be able to use the updatemem program to update the bitstream with new data for the andromeda_i/axi_smc/inst/m03_nodes/m03_aw_node/inst/inst_mi_handler/gen_normal_area.inst_fifo_node_payld/gen_xpm_memory_fifo.inst_fifo/gen_mem_rep[0].inst_xpm_memory/xpm_memory_base_inst block.
INFO: [Memdata 28-167] Found XPM memory block andromeda_i/axi_smc/inst/m03_nodes/m03_ar_node/inst/inst_mi_handler/gen_normal_area.inst_fifo_node_payld/gen_xpm_memory_fifo.inst_fifo/gen_mem_rep[0].inst_xpm_memory/xpm_memory_base_inst with a P_MEMORY_PRIMITIVE property set to distributed. A value of block is required. You will not be able to use the updatemem program to update the bitstream with new data for the andromeda_i/axi_smc/inst/m03_nodes/m03_ar_node/inst/inst_mi_handler/gen_normal_area.inst_fifo_node_payld/gen_xpm_memory_fifo.inst_fifo/gen_mem_rep[0].inst_xpm_memory/xpm_memory_base_inst block.
INFO: [Memdata 28-167] Found XPM memory block andromeda_i/axi_smc/inst/m02_nodes/m02_w_node/inst/inst_si_handler/gen_si_handler.gen_request_fifos.gen_req_fifo[0].inst_req_fifo/gen_xpm_memory_fifo.inst_fifo/gen_mem_rep[0].inst_xpm_memory/xpm_memory_base_inst with a P_MEMORY_PRIMITIVE property set to distributed. A value of block is required. You will not be able to use the updatemem program to update the bitstream with new data for the andromeda_i/axi_smc/inst/m02_nodes/m02_w_node/inst/inst_si_handler/gen_si_handler.gen_request_fifos.gen_req_fifo[0].inst_req_fifo/gen_xpm_memory_fifo.inst_fifo/gen_mem_rep[0].inst_xpm_memory/xpm_memory_base_inst block.
INFO: [Memdata 28-167] Found XPM memory block andromeda_i/axi_smc/inst/m02_nodes/m02_w_node/inst/inst_mi_handler/gen_normal_area.inst_fifo_node_payld/gen_xpm_memory_fifo.inst_fifo/gen_mem_rep[1].inst_xpm_memory/xpm_memory_base_inst with a P_MEMORY_PRIMITIVE property set to distributed. A value of block is required. You will not be able to use the updatemem program to update the bitstream with new data for the andromeda_i/axi_smc/inst/m02_nodes/m02_w_node/inst/inst_mi_handler/gen_normal_area.inst_fifo_node_payld/gen_xpm_memory_fifo.inst_fifo/gen_mem_rep[1].inst_xpm_memory/xpm_memory_base_inst block.
INFO: [Memdata 28-167] Found XPM memory block andromeda_i/axi_smc/inst/m02_nodes/m02_w_node/inst/inst_mi_handler/gen_normal_area.inst_fifo_node_payld/gen_xpm_memory_fifo.inst_fifo/gen_mem_rep[0].inst_xpm_memory/xpm_memory_base_inst with a P_MEMORY_PRIMITIVE property set to distributed. A value of block is required. You will not be able to use the updatemem program to update the bitstream with new data for the andromeda_i/axi_smc/inst/m02_nodes/m02_w_node/inst/inst_mi_handler/gen_normal_area.inst_fifo_node_payld/gen_xpm_memory_fifo.inst_fifo/gen_mem_rep[0].inst_xpm_memory/xpm_memory_base_inst block.
INFO: [Memdata 28-167] Found XPM memory block andromeda_i/axi_smc/inst/m02_nodes/m02_r_node/inst/inst_mi_handler/gen_normal_area.inst_fifo_node_payld/gen_xpm_memory_fifo.inst_fifo/gen_mem_rep[1].inst_xpm_memory/xpm_memory_base_inst with a P_MEMORY_PRIMITIVE property set to distributed. A value of block is required. You will not be able to use the updatemem program to update the bitstream with new data for the andromeda_i/axi_smc/inst/m02_nodes/m02_r_node/inst/inst_mi_handler/gen_normal_area.inst_fifo_node_payld/gen_xpm_memory_fifo.inst_fifo/gen_mem_rep[1].inst_xpm_memory/xpm_memory_base_inst block.
INFO: [Memdata 28-167] Found XPM memory block andromeda_i/axi_smc/inst/m02_nodes/m02_r_node/inst/inst_mi_handler/gen_normal_area.inst_fifo_node_payld/gen_xpm_memory_fifo.inst_fifo/gen_mem_rep[0].inst_xpm_memory/xpm_memory_base_inst with a P_MEMORY_PRIMITIVE property set to distributed. A value of block is required. You will not be able to use the updatemem program to update the bitstream with new data for the andromeda_i/axi_smc/inst/m02_nodes/m02_r_node/inst/inst_mi_handler/gen_normal_area.inst_fifo_node_payld/gen_xpm_memory_fifo.inst_fifo/gen_mem_rep[0].inst_xpm_memory/xpm_memory_base_inst block.
INFO: [Memdata 28-167] Found XPM memory block andromeda_i/axi_smc/inst/m02_nodes/m02_r_node/inst/inst_mi_handler/gen_normal_area.gen_fifo_req.inst_fifo_req/gen_xpm_memory_fifo.inst_fifo/gen_mem_rep[0].inst_xpm_memory/xpm_memory_base_inst with a P_MEMORY_PRIMITIVE property set to distributed. A value of block is required. You will not be able to use the updatemem program to update the bitstream with new data for the andromeda_i/axi_smc/inst/m02_nodes/m02_r_node/inst/inst_mi_handler/gen_normal_area.gen_fifo_req.inst_fifo_req/gen_xpm_memory_fifo.inst_fifo/gen_mem_rep[0].inst_xpm_memory/xpm_memory_base_inst block.
INFO: [Memdata 28-167] Found XPM memory block andromeda_i/axi_smc/inst/m02_nodes/m02_b_node/inst/inst_mi_handler/gen_normal_area.gen_fifo_req.inst_fifo_req/gen_xpm_memory_fifo.inst_fifo/gen_mem_rep[0].inst_xpm_memory/xpm_memory_base_inst with a P_MEMORY_PRIMITIVE property set to distributed. A value of block is required. You will not be able to use the updatemem program to update the bitstream with new data for the andromeda_i/axi_smc/inst/m02_nodes/m02_b_node/inst/inst_mi_handler/gen_normal_area.gen_fifo_req.inst_fifo_req/gen_xpm_memory_fifo.inst_fifo/gen_mem_rep[0].inst_xpm_memory/xpm_memory_base_inst block.
INFO: [Memdata 28-167] Found XPM memory block andromeda_i/axi_smc/inst/m02_nodes/m02_aw_node/inst/inst_mi_handler/gen_normal_area.inst_fifo_node_payld/gen_xpm_memory_fifo.inst_fifo/gen_mem_rep[0].inst_xpm_memory/xpm_memory_base_inst with a P_MEMORY_PRIMITIVE property set to distributed. A value of block is required. You will not be able to use the updatemem program to update the bitstream with new data for the andromeda_i/axi_smc/inst/m02_nodes/m02_aw_node/inst/inst_mi_handler/gen_normal_area.inst_fifo_node_payld/gen_xpm_memory_fifo.inst_fifo/gen_mem_rep[0].inst_xpm_memory/xpm_memory_base_inst block.
INFO: [Memdata 28-167] Found XPM memory block andromeda_i/axi_smc/inst/m02_nodes/m02_ar_node/inst/inst_mi_handler/gen_normal_area.inst_fifo_node_payld/gen_xpm_memory_fifo.inst_fifo/gen_mem_rep[0].inst_xpm_memory/xpm_memory_base_inst with a P_MEMORY_PRIMITIVE property set to distributed. A value of block is required. You will not be able to use the updatemem program to update the bitstream with new data for the andromeda_i/axi_smc/inst/m02_nodes/m02_ar_node/inst/inst_mi_handler/gen_normal_area.inst_fifo_node_payld/gen_xpm_memory_fifo.inst_fifo/gen_mem_rep[0].inst_xpm_memory/xpm_memory_base_inst block.
INFO: [Memdata 28-167] Found XPM memory block andromeda_i/axi_smc/inst/m01_nodes/m01_w_node/inst/inst_si_handler/gen_si_handler.gen_request_fifos.gen_req_fifo[0].inst_req_fifo/gen_xpm_memory_fifo.inst_fifo/gen_mem_rep[0].inst_xpm_memory/xpm_memory_base_inst with a P_MEMORY_PRIMITIVE property set to distributed. A value of block is required. You will not be able to use the updatemem program to update the bitstream with new data for the andromeda_i/axi_smc/inst/m01_nodes/m01_w_node/inst/inst_si_handler/gen_si_handler.gen_request_fifos.gen_req_fifo[0].inst_req_fifo/gen_xpm_memory_fifo.inst_fifo/gen_mem_rep[0].inst_xpm_memory/xpm_memory_base_inst block.
INFO: [Memdata 28-167] Found XPM memory block andromeda_i/axi_smc/inst/m01_nodes/m01_w_node/inst/inst_mi_handler/gen_normal_area.inst_fifo_node_payld/gen_xpm_memory_fifo.inst_fifo/gen_mem_rep[1].inst_xpm_memory/xpm_memory_base_inst with a P_MEMORY_PRIMITIVE property set to distributed. A value of block is required. You will not be able to use the updatemem program to update the bitstream with new data for the andromeda_i/axi_smc/inst/m01_nodes/m01_w_node/inst/inst_mi_handler/gen_normal_area.inst_fifo_node_payld/gen_xpm_memory_fifo.inst_fifo/gen_mem_rep[1].inst_xpm_memory/xpm_memory_base_inst block.
INFO: [Memdata 28-167] Found XPM memory block andromeda_i/axi_smc/inst/m01_nodes/m01_w_node/inst/inst_mi_handler/gen_normal_area.inst_fifo_node_payld/gen_xpm_memory_fifo.inst_fifo/gen_mem_rep[0].inst_xpm_memory/xpm_memory_base_inst with a P_MEMORY_PRIMITIVE property set to distributed. A value of block is required. You will not be able to use the updatemem program to update the bitstream with new data for the andromeda_i/axi_smc/inst/m01_nodes/m01_w_node/inst/inst_mi_handler/gen_normal_area.inst_fifo_node_payld/gen_xpm_memory_fifo.inst_fifo/gen_mem_rep[0].inst_xpm_memory/xpm_memory_base_inst block.
INFO: [Memdata 28-167] Found XPM memory block andromeda_i/axi_smc/inst/m01_nodes/m01_r_node/inst/inst_mi_handler/gen_normal_area.inst_fifo_node_payld/gen_xpm_memory_fifo.inst_fifo/gen_mem_rep[1].inst_xpm_memory/xpm_memory_base_inst with a P_MEMORY_PRIMITIVE property set to distributed. A value of block is required. You will not be able to use the updatemem program to update the bitstream with new data for the andromeda_i/axi_smc/inst/m01_nodes/m01_r_node/inst/inst_mi_handler/gen_normal_area.inst_fifo_node_payld/gen_xpm_memory_fifo.inst_fifo/gen_mem_rep[1].inst_xpm_memory/xpm_memory_base_inst block.
INFO: [Memdata 28-167] Found XPM memory block andromeda_i/axi_smc/inst/m01_nodes/m01_r_node/inst/inst_mi_handler/gen_normal_area.inst_fifo_node_payld/gen_xpm_memory_fifo.inst_fifo/gen_mem_rep[0].inst_xpm_memory/xpm_memory_base_inst with a P_MEMORY_PRIMITIVE property set to distributed. A value of block is required. You will not be able to use the updatemem program to update the bitstream with new data for the andromeda_i/axi_smc/inst/m01_nodes/m01_r_node/inst/inst_mi_handler/gen_normal_area.inst_fifo_node_payld/gen_xpm_memory_fifo.inst_fifo/gen_mem_rep[0].inst_xpm_memory/xpm_memory_base_inst block.
INFO: [Memdata 28-167] Found XPM memory block andromeda_i/axi_smc/inst/m01_nodes/m01_r_node/inst/inst_mi_handler/gen_normal_area.gen_fifo_req.inst_fifo_req/gen_xpm_memory_fifo.inst_fifo/gen_mem_rep[0].inst_xpm_memory/xpm_memory_base_inst with a P_MEMORY_PRIMITIVE property set to distributed. A value of block is required. You will not be able to use the updatemem program to update the bitstream with new data for the andromeda_i/axi_smc/inst/m01_nodes/m01_r_node/inst/inst_mi_handler/gen_normal_area.gen_fifo_req.inst_fifo_req/gen_xpm_memory_fifo.inst_fifo/gen_mem_rep[0].inst_xpm_memory/xpm_memory_base_inst block.
INFO: [Memdata 28-167] Found XPM memory block andromeda_i/axi_smc/inst/m01_nodes/m01_b_node/inst/inst_mi_handler/gen_normal_area.gen_fifo_req.inst_fifo_req/gen_xpm_memory_fifo.inst_fifo/gen_mem_rep[0].inst_xpm_memory/xpm_memory_base_inst with a P_MEMORY_PRIMITIVE property set to distributed. A value of block is required. You will not be able to use the updatemem program to update the bitstream with new data for the andromeda_i/axi_smc/inst/m01_nodes/m01_b_node/inst/inst_mi_handler/gen_normal_area.gen_fifo_req.inst_fifo_req/gen_xpm_memory_fifo.inst_fifo/gen_mem_rep[0].inst_xpm_memory/xpm_memory_base_inst block.
INFO: [Memdata 28-167] Found XPM memory block andromeda_i/axi_smc/inst/m01_nodes/m01_aw_node/inst/inst_mi_handler/gen_normal_area.inst_fifo_node_payld/gen_xpm_memory_fifo.inst_fifo/gen_mem_rep[0].inst_xpm_memory/xpm_memory_base_inst with a P_MEMORY_PRIMITIVE property set to distributed. A value of block is required. You will not be able to use the updatemem program to update the bitstream with new data for the andromeda_i/axi_smc/inst/m01_nodes/m01_aw_node/inst/inst_mi_handler/gen_normal_area.inst_fifo_node_payld/gen_xpm_memory_fifo.inst_fifo/gen_mem_rep[0].inst_xpm_memory/xpm_memory_base_inst block.
INFO: [Memdata 28-167] Found XPM memory block andromeda_i/axi_smc/inst/m01_nodes/m01_ar_node/inst/inst_mi_handler/gen_normal_area.inst_fifo_node_payld/gen_xpm_memory_fifo.inst_fifo/gen_mem_rep[0].inst_xpm_memory/xpm_memory_base_inst with a P_MEMORY_PRIMITIVE property set to distributed. A value of block is required. You will not be able to use the updatemem program to update the bitstream with new data for the andromeda_i/axi_smc/inst/m01_nodes/m01_ar_node/inst/inst_mi_handler/gen_normal_area.inst_fifo_node_payld/gen_xpm_memory_fifo.inst_fifo/gen_mem_rep[0].inst_xpm_memory/xpm_memory_base_inst block.
INFO: [Memdata 28-167] Found XPM memory block andromeda_i/axi_smc/inst/m00_nodes/m00_w_node/inst/inst_si_handler/gen_si_handler.gen_request_fifos.gen_req_fifo[0].inst_req_fifo/gen_xpm_memory_fifo.inst_fifo/gen_mem_rep[0].inst_xpm_memory/xpm_memory_base_inst with a P_MEMORY_PRIMITIVE property set to distributed. A value of block is required. You will not be able to use the updatemem program to update the bitstream with new data for the andromeda_i/axi_smc/inst/m00_nodes/m00_w_node/inst/inst_si_handler/gen_si_handler.gen_request_fifos.gen_req_fifo[0].inst_req_fifo/gen_xpm_memory_fifo.inst_fifo/gen_mem_rep[0].inst_xpm_memory/xpm_memory_base_inst block.
INFO: [Memdata 28-167] Found XPM memory block andromeda_i/axi_smc/inst/m00_nodes/m00_w_node/inst/inst_mi_handler/gen_normal_area.inst_fifo_node_payld/gen_xpm_memory_fifo.inst_fifo/gen_mem_rep[1].inst_xpm_memory/xpm_memory_base_inst with a P_MEMORY_PRIMITIVE property set to distributed. A value of block is required. You will not be able to use the updatemem program to update the bitstream with new data for the andromeda_i/axi_smc/inst/m00_nodes/m00_w_node/inst/inst_mi_handler/gen_normal_area.inst_fifo_node_payld/gen_xpm_memory_fifo.inst_fifo/gen_mem_rep[1].inst_xpm_memory/xpm_memory_base_inst block.
INFO: [Memdata 28-167] Found XPM memory block andromeda_i/axi_smc/inst/m00_nodes/m00_w_node/inst/inst_mi_handler/gen_normal_area.inst_fifo_node_payld/gen_xpm_memory_fifo.inst_fifo/gen_mem_rep[0].inst_xpm_memory/xpm_memory_base_inst with a P_MEMORY_PRIMITIVE property set to distributed. A value of block is required. You will not be able to use the updatemem program to update the bitstream with new data for the andromeda_i/axi_smc/inst/m00_nodes/m00_w_node/inst/inst_mi_handler/gen_normal_area.inst_fifo_node_payld/gen_xpm_memory_fifo.inst_fifo/gen_mem_rep[0].inst_xpm_memory/xpm_memory_base_inst block.
INFO: [Memdata 28-167] Found XPM memory block andromeda_i/axi_smc/inst/m00_nodes/m00_r_node/inst/inst_mi_handler/gen_normal_area.inst_fifo_node_payld/gen_xpm_memory_fifo.inst_fifo/gen_mem_rep[1].inst_xpm_memory/xpm_memory_base_inst with a P_MEMORY_PRIMITIVE property set to distributed. A value of block is required. You will not be able to use the updatemem program to update the bitstream with new data for the andromeda_i/axi_smc/inst/m00_nodes/m00_r_node/inst/inst_mi_handler/gen_normal_area.inst_fifo_node_payld/gen_xpm_memory_fifo.inst_fifo/gen_mem_rep[1].inst_xpm_memory/xpm_memory_base_inst block.
INFO: [Memdata 28-167] Found XPM memory block andromeda_i/axi_smc/inst/m00_nodes/m00_r_node/inst/inst_mi_handler/gen_normal_area.inst_fifo_node_payld/gen_xpm_memory_fifo.inst_fifo/gen_mem_rep[0].inst_xpm_memory/xpm_memory_base_inst with a P_MEMORY_PRIMITIVE property set to distributed. A value of block is required. You will not be able to use the updatemem program to update the bitstream with new data for the andromeda_i/axi_smc/inst/m00_nodes/m00_r_node/inst/inst_mi_handler/gen_normal_area.inst_fifo_node_payld/gen_xpm_memory_fifo.inst_fifo/gen_mem_rep[0].inst_xpm_memory/xpm_memory_base_inst block.
INFO: [Memdata 28-167] Found XPM memory block andromeda_i/axi_smc/inst/m00_nodes/m00_r_node/inst/inst_mi_handler/gen_normal_area.gen_fifo_req.inst_fifo_req/gen_xpm_memory_fifo.inst_fifo/gen_mem_rep[0].inst_xpm_memory/xpm_memory_base_inst with a P_MEMORY_PRIMITIVE property set to distributed. A value of block is required. You will not be able to use the updatemem program to update the bitstream with new data for the andromeda_i/axi_smc/inst/m00_nodes/m00_r_node/inst/inst_mi_handler/gen_normal_area.gen_fifo_req.inst_fifo_req/gen_xpm_memory_fifo.inst_fifo/gen_mem_rep[0].inst_xpm_memory/xpm_memory_base_inst block.
INFO: [Memdata 28-167] Found XPM memory block andromeda_i/axi_smc/inst/m00_nodes/m00_b_node/inst/inst_mi_handler/gen_normal_area.gen_fifo_req.inst_fifo_req/gen_xpm_memory_fifo.inst_fifo/gen_mem_rep[0].inst_xpm_memory/xpm_memory_base_inst with a P_MEMORY_PRIMITIVE property set to distributed. A value of block is required. You will not be able to use the updatemem program to update the bitstream with new data for the andromeda_i/axi_smc/inst/m00_nodes/m00_b_node/inst/inst_mi_handler/gen_normal_area.gen_fifo_req.inst_fifo_req/gen_xpm_memory_fifo.inst_fifo/gen_mem_rep[0].inst_xpm_memory/xpm_memory_base_inst block.
INFO: [Memdata 28-167] Found XPM memory block andromeda_i/axi_smc/inst/m00_nodes/m00_aw_node/inst/inst_mi_handler/gen_normal_area.inst_fifo_node_payld/gen_xpm_memory_fifo.inst_fifo/gen_mem_rep[0].inst_xpm_memory/xpm_memory_base_inst with a P_MEMORY_PRIMITIVE property set to distributed. A value of block is required. You will not be able to use the updatemem program to update the bitstream with new data for the andromeda_i/axi_smc/inst/m00_nodes/m00_aw_node/inst/inst_mi_handler/gen_normal_area.inst_fifo_node_payld/gen_xpm_memory_fifo.inst_fifo/gen_mem_rep[0].inst_xpm_memory/xpm_memory_base_inst block.
INFO: [Memdata 28-167] Found XPM memory block andromeda_i/axi_smc/inst/m00_nodes/m00_ar_node/inst/inst_mi_handler/gen_normal_area.inst_fifo_node_payld/gen_xpm_memory_fifo.inst_fifo/gen_mem_rep[0].inst_xpm_memory/xpm_memory_base_inst with a P_MEMORY_PRIMITIVE property set to distributed. A value of block is required. You will not be able to use the updatemem program to update the bitstream with new data for the andromeda_i/axi_smc/inst/m00_nodes/m00_ar_node/inst/inst_mi_handler/gen_normal_area.inst_fifo_node_payld/gen_xpm_memory_fifo.inst_fifo/gen_mem_rep[0].inst_xpm_memory/xpm_memory_base_inst block.
Command: write_bitstream -force andromeda_wrapper.bit -bin_file
Attempting to get a license for feature 'Implementation' and/or device 'xcku5p'
INFO: [Common 17-349] Got license for feature 'Implementation' and/or device 'xcku5p'
Running DRC as a precondition to command write_bitstream
INFO: [IP_Flow 19-1839] IP Catalog is up to date.
INFO: [DRC 23-27] Running DRC with 8 threads
INFO: [Vivado 12-3199] DRC finished with 0 Errors
INFO: [Vivado 12-3200] Please refer to the DRC report (report_drc) for more information.
INFO: [Designutils 20-2272] Running write_bitstream with 8 threads.
Loading data files...
Loading site data...
Loading route data...
Processing options...
Creating bitmap...
Creating bitstream...
Bitstream compression saved 21470048 bits.
Writing bitstream ./andromeda_wrapper.bit...
Writing bitstream ./andromeda_wrapper.bin...
INFO: [Vivado 12-1842] Bitgen Completed Successfully.
INFO: [Project 1-1876] WebTalk data collection is mandatory when using a ULT device. To see the specific WebTalk data collected for your design, open the usage_statistics_webtalk.html or usage_statistics_webtalk.xml file in the implementation directory.
INFO: [Common 17-83] Releasing license: Implementation
97 Infos, 4 Warnings, 0 Critical Warnings and 0 Errors encountered.
write_bitstream completed successfully
write_bitstream: Time (s): cpu = 00:01:06 ; elapsed = 00:00:40 . Memory (MB): peak = 10553.539 ; gain = 0.000 ; free physical = 30023 ; free virtual = 45110
INFO: [Common 17-206] Exiting Vivado at Thu Jun 12 10:37:54 2025...
