#-----------------------------------------------------------
# Vivado v2024.2 (64-bit)
# SW Build 5239630 on Fri Nov 08 22:34:34 MST 2024
# IP Build 5239520 on Sun Nov 10 16:12:51 MST 2024
# SharedData Build 5239561 on Fri Nov 08 14:39:27 MST 2024
# Start of session at: Wed Jun 11 15:27:12 2025
# Process ID         : 3876
# Current directory  : /home/malik/andromeda_ila/AXI-Dot-Product-Accelerator/Vivado/puzhi
# Command line       : vivado puzhi.xpr
# Log file           : /home/malik/andromeda_ila/AXI-Dot-Product-Accelerator/Vivado/puzhi/vivado.log
# Journal file       : /home/malik/andromeda_ila/AXI-Dot-Product-Accelerator/Vivado/puzhi/vivado.jou
# Running On         : dust2
# Platform           : Ubuntu
# Operating System   : Ubuntu 24.04.2 LTS
# Processor Detail   : Intel(R) Core(TM) Ultra 9 285K
# CPU Frequency      : 800.000 MHz
# CPU Physical cores : 24
# CPU Logical cores  : 24
# Host memory        : 100557 MB
# Swap memory        : 8589 MB
# Total Virtual      : 109147 MB
# Available Virtual  : 106718 MB
#-----------------------------------------------------------
start_gui
open_project puzhi.xpr
WARNING: [Board 49-26] cannot add Board Part xilinx.com:zcu208ld:part0:2.0 available at /opt/tools/Xilinx/Vivado/2024.2/data/xhub/boards/XilinxBoardStore/boards/Xilinx/zcu208ld/production/2.0/board.xml as part xczu58dr-fsvg1517-2-i specified in board_part file is either invalid or not available
WARNING: [Board 49-26] cannot add Board Part xilinx.com:zcu216ld:part0:2.0 available at /opt/tools/Xilinx/Vivado/2024.2/data/xhub/boards/XilinxBoardStore/boards/Xilinx/zcu216ld/production/2.0/board.xml as part xczu59dr-ffvf1760-2-i specified in board_part file is either invalid or not available
WARNING: [Board 49-26] cannot add Board Part xilinx.com:zcu670ld:part0:1.0 available at /opt/tools/Xilinx/Vivado/2024.2/data/xhub/boards/XilinxBoardStore/boards/Xilinx/zcu670ld/1.0/board.xml as part xczu57dr-fsve1156-2-i specified in board_part file is either invalid or not available
INFO: [Project 1-313] Project file moved from '/home/hp/Downloads/axi_dpe_ila/AXI-Dot-Product-Accelerator/Vivado/puzhi' since last save.
WARNING: [filemgmt 56-3] IPUserFilesDir: Could not find the directory '/home/malik/andromeda_ila/AXI-Dot-Product-Accelerator/Vivado/puzhi/andromeda.ip_user_files'.
Scanning sources...
Finished scanning sources
INFO: [IP_Flow 19-234] Refreshing IP repositories
INFO: [IP_Flow 19-1704] No user IP repositories specified
INFO: [IP_Flow 19-2313] Loaded Vivado IP repository '/opt/tools/Xilinx/Vivado/2024.2/data/ip'.
WARNING: [filemgmt 56-443] The ECC Algorithm string is empty. Setting the Memory Map to default ECC value to ECC_NONE.
WARNING: [filemgmt 56-443] The ECC Algorithm string is empty. Setting the Memory Map to default ECC value to ECC_NONE.
INFO: [Project 1-5579] Found utility IPs instantiated in one or more block designs which have equivalent inline hdl with improved performance and reduced diskspace. It is recommended to migrate these utility IPs to inline hdl using the command upgrade_project -migrate_to_inline_hdl. The utility IPs may be deprecated in future releases. More information on inline hdl is available in UG994.
open_project: Time (s): cpu = 00:00:10 ; elapsed = 00:00:06 . Memory (MB): peak = 8583.020 ; gain = 975.438 ; free physical = 89382 ; free virtual = 100566
update_compile_order -fileset sources_1
open_bd_design {/home/malik/andromeda_ila/AXI-Dot-Product-Accelerator/Vivado/puzhi/puzhi.srcs/sources_1/bd/andromeda/andromeda.bd}
Reading block design file </home/malik/andromeda_ila/AXI-Dot-Product-Accelerator/Vivado/puzhi/puzhi.srcs/sources_1/bd/andromeda/andromeda.bd>...
Adding component instance block -- xilinx.com:ip:ddr4:2.2 - ddr4_0
Adding component instance block -- xilinx.com:ip:ila:6.2 - ila_0
INFO: [xilinx.com:ip:ila:6.2-6] /ila_0: AMD recommends using the System ILA IP in IP Integrator. The System ILA IP is functionally equivalent to an ILA and offers additional benefits in debugging interfaces both within IP Integrator and the Hardware Manager. Consult the Programming and Debug User Guide UG908 for further details.
Adding component instance block -- xilinx.com:ip:util_vector_logic:2.0 - util_vector_logic_0
Adding component instance block -- xilinx.com:ip:microblaze:11.0 - microblaze_0
Adding component instance block -- xilinx.com:ip:axi_uartlite:2.0 - axi_uartlite_0
Adding component instance block -- xilinx.com:module_ref:sd_controller_wrapper:1.0 - sd_controller_wrapper_0
Adding component instance block -- xilinx.com:ip:axi_timer:2.0 - axi_timer_0
Adding component instance block -- xilinx.com:ip:lmb_v10:3.0 - dlmb_v10
Adding component instance block -- xilinx.com:ip:lmb_v10:3.0 - ilmb_v10
Adding component instance block -- xilinx.com:ip:lmb_bram_if_cntlr:4.0 - dlmb_bram_if_cntlr
Adding component instance block -- xilinx.com:ip:lmb_bram_if_cntlr:4.0 - ilmb_bram_if_cntlr
Adding component instance block -- xilinx.com:ip:blk_mem_gen:8.4 - lmb_bram
Adding component instance block -- xilinx.com:ip:proc_sys_reset:5.0 - rst_ddr4_0_333M
Adding component instance block -- xilinx.com:ip:proc_sys_reset:5.0 - rst_ddr4_0_100M
Adding component instance block -- xilinx.com:ip:smartconnect:1.0 - axi_smc
Adding component instance block -- xilinx.com:module_ref:axi_dpe:1.0 - axi_dpe_0
Adding component instance block -- xilinx.com:ip:mdm:3.2 - mdm_0
Adding component instance block -- xilinx.com:ip:system_ila:1.1 - system_ila_0
Excluding slave segment /axi_dpe_0/s_axi/reg0 from address space /sd_controller_wrapper_0/axi.
Excluding slave segment /axi_timer_0/S_AXI/Reg from address space /sd_controller_wrapper_0/axi.
Excluding slave segment /axi_uartlite_0/S_AXI/Reg from address space /sd_controller_wrapper_0/axi.
Excluding slave segment /sd_controller_wrapper_0/axilite/reg0 from address space /sd_controller_wrapper_0/axi.
Excluding slave segment /axi_dpe_0/s_axi/reg0 from address space /axi_dpe_0/m_axi.
Excluding slave segment /axi_timer_0/S_AXI/Reg from address space /axi_dpe_0/m_axi.
Excluding slave segment /axi_uartlite_0/S_AXI/Reg from address space /axi_dpe_0/m_axi.
Excluding slave segment /sd_controller_wrapper_0/axilite/reg0 from address space /axi_dpe_0/m_axi.
Successfully read diagram <andromeda> from block design file </home/malik/andromeda_ila/AXI-Dot-Product-Accelerator/Vivado/puzhi/puzhi.srcs/sources_1/bd/andromeda/andromeda.bd>
reset_target all [get_files  /home/malik/andromeda_ila/AXI-Dot-Product-Accelerator/Vivado/puzhi/puzhi.srcs/sources_1/bd/andromeda/andromeda.bd]
WARNING: [filemgmt 56-443] The ECC Algorithm string is empty. Setting the Memory Map to default ECC value to ECC_NONE.
WARNING: [filemgmt 56-443] The ECC Algorithm string is empty. Setting the Memory Map to default ECC value to ECC_NONE.
export_ip_user_files -of_objects  [get_files  /home/malik/andromeda_ila/AXI-Dot-Product-Accelerator/Vivado/puzhi/puzhi.srcs/sources_1/bd/andromeda/andromeda.bd] -sync -no_script -force -quiet
delete_ip_run [get_files -of_objects [get_fileset sources_1] /home/malik/andromeda_ila/AXI-Dot-Product-Accelerator/Vivado/puzhi/puzhi.srcs/sources_1/bd/andromeda/andromeda.bd]
WARNING: [filemgmt 56-199] Attempt to get parsing info during refresh. "On-the-fly" syntax checking information may be incorrect. [/home/malik/andromeda_ila/AXI-Dot-Product-Accelerator/Vivado/puzhi/puzhi.srcs/sources_1/imports/hdl/axi_dpe.v:]
WARNING: [filemgmt 56-199] Attempt to get parsing info during refresh. "On-the-fly" syntax checking information may be incorrect. [/home/malik/andromeda_ila/AXI-Dot-Product-Accelerator/Vivado/puzhi/puzhi.gen/sources_1/bd/andromeda/hdl/andromeda_wrapper.v:]
WARNING: [filemgmt 56-199] Attempt to get parsing info during refresh. "On-the-fly" syntax checking information may be incorrect. [/home/malik/andromeda_ila/AXI-Dot-Product-Accelerator/Vivado/puzhi/puzhi.srcs/sources_1/imports/hdl/axi_dpe.v:]
WARNING: [filemgmt 56-199] Attempt to get parsing info during refresh. "On-the-fly" syntax checking information may be incorrect. [/home/malik/andromeda_ila/AXI-Dot-Product-Accelerator/Vivado/puzhi/puzhi.srcs/sources_1/imports/hdl/axi_dpe.v:]
WARNING: [filemgmt 56-199] Attempt to get parsing info during refresh. "On-the-fly" syntax checking information may be incorrect. [/home/malik/andromeda_ila/AXI-Dot-Product-Accelerator/Vivado/puzhi/puzhi.srcs/sources_1/imports/hdl/axi_dpe.v:]
WARNING: [filemgmt 56-199] Attempt to get parsing info during refresh. "On-the-fly" syntax checking information may be incorrect. [/home/malik/andromeda_ila/AXI-Dot-Product-Accelerator/Vivado/puzhi/puzhi.srcs/sources_1/imports/hdl/top_dot_product_engine.sv:]
WARNING: [filemgmt 56-199] Attempt to get parsing info during refresh. "On-the-fly" syntax checking information may be incorrect. [/home/malik/andromeda_ila/AXI-Dot-Product-Accelerator/Vivado/puzhi/puzhi.srcs/sources_1/imports/hdl/top_dot_product_engine.sv:]
WARNING: [filemgmt 56-199] Attempt to get parsing info during refresh. "On-the-fly" syntax checking information may be incorrect. [/home/malik/andromeda_ila/AXI-Dot-Product-Accelerator/Vivado/puzhi/puzhi.srcs/sources_1/imports/hdl/top_dot_product_engine.sv:]
generate_target all [get_files  /home/malik/andromeda_ila/AXI-Dot-Product-Accelerator/Vivado/puzhi/puzhi.srcs/sources_1/bd/andromeda/andromeda.bd]
INFO: [BD 41-1662] The design 'andromeda.bd' is already validated. Therefore parameter propagation will not be re-run.
WARNING: [filemgmt 56-443] The ECC Algorithm string is empty. Setting the Memory Map to default ECC value to ECC_NONE.
WARNING: [filemgmt 56-443] The ECC Algorithm string is empty. Setting the Memory Map to default ECC value to ECC_NONE.
Wrote  : </home/malik/andromeda_ila/AXI-Dot-Product-Accelerator/Vivado/puzhi/puzhi.srcs/sources_1/bd/andromeda/ui/bd_9d7d77c9.ui> 
WARNING: [BD 41-3257] Drive strength cannot be preserved for ports connected to net axi_dpe_0_m_axi_RREADY as it is marked for debug
WARNING: [BD 41-3257] Drive strength cannot be preserved for ports connected to net axi_dpe_0_m_axi_RVALID as it is marked for debug
WARNING: [BD 41-3257] Drive strength cannot be preserved for ports connected to net axi_dpe_0_m_axi_RLAST as it is marked for debug
WARNING: [BD 41-3257] Drive strength cannot be preserved for ports connected to net axi_dpe_0_m_axi_RRESP as it is marked for debug
WARNING: [BD 41-3257] Drive strength cannot be preserved for ports connected to net axi_dpe_0_m_axi_ARBURST as it is marked for debug
WARNING: [BD 41-3257] Drive strength cannot be preserved for ports connected to net axi_dpe_0_m_axi_ARLEN as it is marked for debug
WARNING: [BD 41-3257] Drive strength cannot be preserved for ports connected to net axi_dpe_0_m_axi_AWVALID as it is marked for debug
WARNING: [BD 41-3257] Drive strength cannot be preserved for ports connected to net axi_dpe_0_m_axi_AWCACHE as it is marked for debug
WARNING: [BD 41-3257] Drive strength cannot be preserved for ports connected to net axi_dpe_0_m_axi_ARCACHE as it is marked for debug
WARNING: [BD 41-3257] Drive strength cannot be preserved for ports connected to net axi_dpe_0_m_axi_AWSIZE as it is marked for debug
WARNING: [BD 41-3257] Drive strength cannot be preserved for ports connected to net axi_dpe_0_m_axi_AWBURST as it is marked for debug
WARNING: [BD 41-3257] Drive strength cannot be preserved for ports connected to net axi_dpe_0_m_axi_BREADY as it is marked for debug
WARNING: [BD 41-3257] Drive strength cannot be preserved for ports connected to net axi_dpe_0_m_axi_AWPROT as it is marked for debug
WARNING: [BD 41-3257] Drive strength cannot be preserved for ports connected to net axi_dpe_0_m_axi_AWADDR as it is marked for debug
WARNING: [BD 41-3257] Drive strength cannot be preserved for ports connected to net axi_dpe_0_m_axi_AWREADY as it is marked for debug
WARNING: [BD 41-3257] Drive strength cannot be preserved for ports connected to net axi_dpe_0_m_axi_ARVALID as it is marked for debug
WARNING: [BD 41-3257] Drive strength cannot be preserved for ports connected to net axi_dpe_0_m_axi_WDATA as it is marked for debug
WARNING: [BD 41-3257] Drive strength cannot be preserved for ports connected to net axi_dpe_0_m_axi_ARPROT as it is marked for debug
WARNING: [BD 41-3257] Drive strength cannot be preserved for ports connected to net axi_dpe_0_m_axi_WSTRB as it is marked for debug
WARNING: [BD 41-3257] Drive strength cannot be preserved for ports connected to net axi_dpe_0_m_axi_ARREADY as it is marked for debug
WARNING: [BD 41-3257] Drive strength cannot be preserved for ports connected to net axi_dpe_0_m_axi_ARSIZE as it is marked for debug
WARNING: [BD 41-3257] Drive strength cannot be preserved for ports connected to net axi_dpe_0_m_axi_WLAST as it is marked for debug
WARNING: [BD 41-3257] Drive strength cannot be preserved for ports connected to net axi_dpe_0_m_axi_AWLEN as it is marked for debug
WARNING: [BD 41-3257] Drive strength cannot be preserved for ports connected to net axi_dpe_0_m_axi_BVALID as it is marked for debug
WARNING: [BD 41-3257] Drive strength cannot be preserved for ports connected to net axi_dpe_0_m_axi_WVALID as it is marked for debug
WARNING: [BD 41-3257] Drive strength cannot be preserved for ports connected to net axi_dpe_0_m_axi_WREADY as it is marked for debug
WARNING: [BD 41-3257] Drive strength cannot be preserved for ports connected to net axi_dpe_0_m_axi_RDATA as it is marked for debug
WARNING: [BD 41-3257] Drive strength cannot be preserved for ports connected to net axi_dpe_0_m_axi_BRESP as it is marked for debug
WARNING: [BD 41-3257] Drive strength cannot be preserved for ports connected to net axi_dpe_0_m_axi_ARADDR as it is marked for debug
WARNING: [BD 41-3257] Drive strength cannot be preserved for ports connected to net axi_smc_M03_AXI_RREADY as it is marked for debug
WARNING: [BD 41-3257] Drive strength cannot be preserved for ports connected to net axi_smc_M03_AXI_RVALID as it is marked for debug
WARNING: [BD 41-3257] Drive strength cannot be preserved for ports connected to net axi_smc_M03_AXI_WVALID as it is marked for debug
WARNING: [BD 41-3257] Drive strength cannot be preserved for ports connected to net axi_smc_M03_AXI_AWREADY as it is marked for debug
WARNING: [BD 41-3257] Drive strength cannot be preserved for ports connected to net axi_smc_M03_AXI_AWADDR as it is marked for debug
WARNING: [BD 41-3257] Drive strength cannot be preserved for ports connected to net axi_smc_M03_AXI_ARREADY as it is marked for debug
WARNING: [BD 41-3257] Drive strength cannot be preserved for ports connected to net axi_smc_M03_AXI_AWVALID as it is marked for debug
WARNING: [BD 41-3257] Drive strength cannot be preserved for ports connected to net axi_smc_M03_AXI_AWPROT as it is marked for debug
WARNING: [BD 41-3257] Drive strength cannot be preserved for ports connected to net axi_smc_M03_AXI_BREADY as it is marked for debug
WARNING: [BD 41-3257] Drive strength cannot be preserved for ports connected to net axi_smc_M03_AXI_WSTRB as it is marked for debug
WARNING: [BD 41-3257] Drive strength cannot be preserved for ports connected to net axi_smc_M03_AXI_ARPROT as it is marked for debug
WARNING: [BD 41-3257] Drive strength cannot be preserved for ports connected to net axi_smc_M03_AXI_RRESP as it is marked for debug
WARNING: [BD 41-3257] Drive strength cannot be preserved for ports connected to net axi_smc_M03_AXI_WREADY as it is marked for debug
WARNING: [BD 41-3257] Drive strength cannot be preserved for ports connected to net axi_smc_M03_AXI_RDATA as it is marked for debug
WARNING: [BD 41-3257] Drive strength cannot be preserved for ports connected to net axi_smc_M03_AXI_BRESP as it is marked for debug
WARNING: [BD 41-3257] Drive strength cannot be preserved for ports connected to net axi_smc_M03_AXI_ARADDR as it is marked for debug
WARNING: [BD 41-3257] Drive strength cannot be preserved for ports connected to net axi_smc_M03_AXI_BVALID as it is marked for debug
WARNING: [BD 41-3257] Drive strength cannot be preserved for ports connected to net axi_smc_M03_AXI_WDATA as it is marked for debug
WARNING: [BD 41-3257] Drive strength cannot be preserved for ports connected to net axi_smc_M03_AXI_ARVALID as it is marked for debug
WARNING: [BD 41-3257] Drive strength cannot be preserved for ports connected to net axi_smc_M04_AXI_RREADY as it is marked for debug
WARNING: [BD 41-3257] Drive strength cannot be preserved for ports connected to net axi_smc_M04_AXI_RVALID as it is marked for debug
WARNING: [BD 41-3257] Drive strength cannot be preserved for ports connected to net axi_smc_M04_AXI_RLAST as it is marked for debug
WARNING: [BD 41-3257] Drive strength cannot be preserved for ports connected to net axi_smc_M04_AXI_RRESP as it is marked for debug
WARNING: [BD 41-3257] Drive strength cannot be preserved for ports connected to net axi_smc_M04_AXI_ARBURST as it is marked for debug
WARNING: [BD 41-3257] Drive strength cannot be preserved for ports connected to net axi_smc_M04_AXI_ARLEN as it is marked for debug
WARNING: [BD 41-3257] Drive strength cannot be preserved for ports connected to net axi_smc_M04_AXI_ARADDR as it is marked for debug
WARNING: [BD 41-3257] Drive strength cannot be preserved for ports connected to net axi_smc_M04_AXI_BREADY as it is marked for debug
WARNING: [BD 41-3257] Drive strength cannot be preserved for ports connected to net axi_smc_M04_AXI_AWPROT as it is marked for debug
WARNING: [BD 41-3257] Drive strength cannot be preserved for ports connected to net axi_smc_M04_AXI_AWREADY as it is marked for debug
WARNING: [BD 41-3257] Drive strength cannot be preserved for ports connected to net axi_smc_M04_AXI_AWADDR as it is marked for debug
WARNING: [BD 41-3257] Drive strength cannot be preserved for ports connected to net axi_smc_M04_AXI_AWCACHE as it is marked for debug
WARNING: [BD 41-3257] Drive strength cannot be preserved for ports connected to net axi_smc_M04_AXI_ARCACHE as it is marked for debug
WARNING: [BD 41-3257] Drive strength cannot be preserved for ports connected to net axi_smc_M04_AXI_ARLOCK as it is marked for debug
WARNING: [BD 41-3257] Drive strength cannot be preserved for ports connected to net axi_smc_M04_AXI_AWBURST as it is marked for debug
WARNING: [BD 41-3257] Drive strength cannot be preserved for ports connected to net axi_smc_M04_AXI_AWSIZE as it is marked for debug
WARNING: [BD 41-3257] Drive strength cannot be preserved for ports connected to net axi_smc_M04_AXI_ARQOS as it is marked for debug
WARNING: [BD 41-3257] Drive strength cannot be preserved for ports connected to net axi_smc_M04_AXI_AWVALID as it is marked for debug
WARNING: [BD 41-3257] Drive strength cannot be preserved for ports connected to net axi_smc_M04_AXI_AWQOS as it is marked for debug
WARNING: [BD 41-3257] Drive strength cannot be preserved for ports connected to net axi_smc_M04_AXI_ARVALID as it is marked for debug
WARNING: [BD 41-3257] Drive strength cannot be preserved for ports connected to net axi_smc_M04_AXI_WDATA as it is marked for debug
WARNING: [BD 41-3257] Drive strength cannot be preserved for ports connected to net axi_smc_M04_AXI_ARPROT as it is marked for debug
WARNING: [BD 41-3257] Drive strength cannot be preserved for ports connected to net axi_smc_M04_AXI_WSTRB as it is marked for debug
WARNING: [BD 41-3257] Drive strength cannot be preserved for ports connected to net axi_smc_M04_AXI_ARREADY as it is marked for debug
WARNING: [BD 41-3257] Drive strength cannot be preserved for ports connected to net axi_smc_M04_AXI_ARSIZE as it is marked for debug
WARNING: [BD 41-3257] Drive strength cannot be preserved for ports connected to net axi_smc_M04_AXI_WLAST as it is marked for debug
WARNING: [BD 41-3257] Drive strength cannot be preserved for ports connected to net axi_smc_M04_AXI_AWLEN as it is marked for debug
WARNING: [BD 41-3257] Drive strength cannot be preserved for ports connected to net axi_smc_M04_AXI_AWLOCK as it is marked for debug
WARNING: [BD 41-3257] Drive strength cannot be preserved for ports connected to net axi_smc_M04_AXI_BVALID as it is marked for debug
WARNING: [BD 41-3257] Drive strength cannot be preserved for ports connected to net axi_smc_M04_AXI_WVALID as it is marked for debug
WARNING: [BD 41-3257] Drive strength cannot be preserved for ports connected to net axi_smc_M04_AXI_WREADY as it is marked for debug
WARNING: [BD 41-3257] Drive strength cannot be preserved for ports connected to net axi_smc_M04_AXI_RDATA as it is marked for debug
WARNING: [BD 41-3257] Drive strength cannot be preserved for ports connected to net axi_smc_M04_AXI_BRESP as it is marked for debug
WARNING: [BD 41-3257] Drive strength cannot be preserved for ports connected to net A_fp32_debug as it is marked for debug
WARNING: [BD 41-3257] Drive strength cannot be preserved for ports connected to net A_valid_debug as it is marked for debug
WARNING: [BD 41-3257] Drive strength cannot be preserved for ports connected to net ctrl_state_debug as it is marked for debug
WARNING: [BD 41-3257] Drive strength cannot be preserved for ports connected to net dma_busy_debug as it is marked for debug
WARNING: [BD 41-3257] Drive strength cannot be preserved for ports connected to net dma_start_debug as it is marked for debug
WARNING: [BD 41-3257] Drive strength cannot be preserved for ports connected to net dma_status_debug as it is marked for debug
WARNING: [BD 41-3257] Drive strength cannot be preserved for ports connected to net dpe_done as it is marked for debug
WARNING: [BD 41-3257] Drive strength cannot be preserved for ports connected to net dpe_en_debug as it is marked for debug
WARNING: [BD 41-3257] Drive strength cannot be preserved for ports connected to net dpe_start_debug as it is marked for debug
WARNING: [BD 41-3257] Drive strength cannot be preserved for ports connected to net dpe_state_debug as it is marked for debug
WARNING: [BD 41-3257] Drive strength cannot be preserved for ports connected to net master_state_debug as it is marked for debug
WARNING: [BD 41-3257] Drive strength cannot be preserved for ports connected to net prod_fp32_debug as it is marked for debug
WARNING: [BD 41-3257] Drive strength cannot be preserved for ports connected to net prod_valid_debug as it is marked for debug
WARNING: [BD 41-3257] Drive strength cannot be preserved for ports connected to net read_data_buffer_debug as it is marked for debug
WARNING: [BD 41-3257] Drive strength cannot be preserved for ports connected to net read_data_index_debug as it is marked for debug
WARNING: [BD 41-3257] Drive strength cannot be preserved for ports connected to net read_data_valid_debug as it is marked for debug
WARNING: [BD 41-3257] Drive strength cannot be preserved for ports connected to net read_grant_debug as it is marked for debug
WARNING: [BD 41-3257] Drive strength cannot be preserved for ports connected to net read_request_debug as it is marked for debug
WARNING: [BD 41-3257] Drive strength cannot be preserved for ports connected to net read_state_debug as it is marked for debug
INFO: [Common 17-14] Message 'BD 41-3257' appears 100 times and further instances of the messages will be disabled. Use the Tcl command set_msg_config to change the current settings.
Verilog Output written to : /home/malik/andromeda_ila/AXI-Dot-Product-Accelerator/Vivado/puzhi/puzhi.gen/sources_1/bd/andromeda/synth/andromeda.v
Verilog Output written to : /home/malik/andromeda_ila/AXI-Dot-Product-Accelerator/Vivado/puzhi/puzhi.gen/sources_1/bd/andromeda/sim/andromeda.v
Verilog Output written to : /home/malik/andromeda_ila/AXI-Dot-Product-Accelerator/Vivado/puzhi/puzhi.gen/sources_1/bd/andromeda/hdl/andromeda_wrapper.v
INFO: [Device 21-403] Loading part xcku5p-ffvb676-2-i
WARNING: [filemgmt 56-443] The ECC Algorithm string is empty. Setting the Memory Map to default ECC value to ECC_NONE.
WARNING: [filemgmt 56-443] The ECC Algorithm string is empty. Setting the Memory Map to default ECC value to ECC_NONE.
WARNING: [filemgmt 56-443] The ECC Algorithm string is empty. Setting the Memory Map to default ECC value to ECC_NONE.
WARNING: [filemgmt 56-443] The ECC Algorithm string is empty. Setting the Memory Map to default ECC value to ECC_NONE.
Exporting to file /home/malik/andromeda_ila/AXI-Dot-Product-Accelerator/Vivado/puzhi/puzhi.gen/sources_1/bd/andromeda/ip/andromeda_ddr4_0_0/bd_0/hw_handoff/andromeda_ddr4_0_0_microblaze_mcs.hwh
Generated Hardware Definition File /home/malik/andromeda_ila/AXI-Dot-Product-Accelerator/Vivado/puzhi/puzhi.gen/sources_1/bd/andromeda/ip/andromeda_ddr4_0_0/bd_0/synth/andromeda_ddr4_0_0_microblaze_mcs.hwdef
INFO: [BD 41-1029] Generation completed for the IP Integrator block ddr4_0 .
WARNING: [IP_Flow 19-4994] Overwriting existing constraint file '/home/malik/andromeda_ila/AXI-Dot-Product-Accelerator/Vivado/puzhi/puzhi.gen/sources_1/bd/andromeda/ip/andromeda_ila_0_0/andromeda_ila_0_0_ooc.xdc'
INFO: [BD 41-1029] Generation completed for the IP Integrator block ila_0 .
INFO: [BD 41-1029] Generation completed for the IP Integrator block util_vector_logic_0 .
INFO: [BD 41-1029] Generation completed for the IP Integrator block microblaze_0 .
WARNING: [IP_Flow 19-4994] Overwriting existing constraint file '/home/malik/andromeda_ila/AXI-Dot-Product-Accelerator/Vivado/puzhi/puzhi.gen/sources_1/bd/andromeda/ip/andromeda_axi_uartlite_0_0/andromeda_axi_uartlite_0_0_ooc.xdc'
INFO: [BD 41-1029] Generation completed for the IP Integrator block axi_uartlite_0 .
INFO: [BD 41-1029] Generation completed for the IP Integrator block sd_controller_wrapper_0 .
WARNING: [IP_Flow 19-4994] Overwriting existing constraint file '/home/malik/andromeda_ila/AXI-Dot-Product-Accelerator/Vivado/puzhi/puzhi.gen/sources_1/bd/andromeda/ip/andromeda_axi_timer_0_0/andromeda_axi_timer_0_0_ooc.xdc'
INFO: [BD 41-1029] Generation completed for the IP Integrator block axi_timer_0 .
INFO: [BD 41-1029] Generation completed for the IP Integrator block microblaze_0_local_memory/dlmb_v10 .
INFO: [BD 41-1029] Generation completed for the IP Integrator block microblaze_0_local_memory/ilmb_v10 .
INFO: [BD 41-1029] Generation completed for the IP Integrator block microblaze_0_local_memory/dlmb_bram_if_cntlr .
INFO: [BD 41-1029] Generation completed for the IP Integrator block microblaze_0_local_memory/ilmb_bram_if_cntlr .
INFO: [BD 41-1029] Generation completed for the IP Integrator block microblaze_0_local_memory/lmb_bram .
INFO: [BD 41-1029] Generation completed for the IP Integrator block rst_ddr4_0_333M .
INFO: [BD 41-1029] Generation completed for the IP Integrator block rst_ddr4_0_100M .
Exporting to file /home/malik/andromeda_ila/AXI-Dot-Product-Accelerator/Vivado/puzhi/puzhi.gen/sources_1/bd/andromeda/ip/andromeda_axi_smc_0/bd_0/hw_handoff/andromeda_axi_smc_0.hwh
Generated Hardware Definition File /home/malik/andromeda_ila/AXI-Dot-Product-Accelerator/Vivado/puzhi/puzhi.gen/sources_1/bd/andromeda/ip/andromeda_axi_smc_0/bd_0/synth/andromeda_axi_smc_0.hwdef
INFO: [BD 41-1029] Generation completed for the IP Integrator block axi_smc .
INFO: [BD 41-1029] Generation completed for the IP Integrator block axi_dpe_0 .
INFO: [BD 41-1029] Generation completed for the IP Integrator block mdm_0 .
WARNING: [IP_Flow 19-4994] Overwriting existing constraint file '/home/malik/andromeda_ila/AXI-Dot-Product-Accelerator/Vivado/puzhi/puzhi.gen/sources_1/bd/andromeda/ip/andromeda_system_ila_0_0/andromeda_system_ila_0_0_ooc.xdc'
Exporting to file /home/malik/andromeda_ila/AXI-Dot-Product-Accelerator/Vivado/puzhi/puzhi.gen/sources_1/bd/andromeda/ip/andromeda_system_ila_0_0/bd_0/hw_handoff/andromeda_system_ila_0_0.hwh
Generated Hardware Definition File /home/malik/andromeda_ila/AXI-Dot-Product-Accelerator/Vivado/puzhi/puzhi.gen/sources_1/bd/andromeda/ip/andromeda_system_ila_0_0/bd_0/synth/andromeda_system_ila_0_0.hwdef
INFO: [BD 41-1029] Generation completed for the IP Integrator block system_ila_0 .
Exporting to file /home/malik/andromeda_ila/AXI-Dot-Product-Accelerator/Vivado/puzhi/puzhi.gen/sources_1/bd/andromeda/hw_handoff/andromeda.hwh
Generated Hardware Definition File /home/malik/andromeda_ila/AXI-Dot-Product-Accelerator/Vivado/puzhi/puzhi.gen/sources_1/bd/andromeda/synth/andromeda.hwdef
generate_target: Time (s): cpu = 00:00:13 ; elapsed = 00:00:11 . Memory (MB): peak = 10125.594 ; gain = 106.484 ; free physical = 88148 ; free virtual = 99357
export_ip_user_files -of_objects [get_files /home/malik/andromeda_ila/AXI-Dot-Product-Accelerator/Vivado/puzhi/puzhi.srcs/sources_1/bd/andromeda/andromeda.bd] -no_script -sync -force -quiet
create_ip_run [get_files -of_objects [get_fileset sources_1] /home/malik/andromeda_ila/AXI-Dot-Product-Accelerator/Vivado/puzhi/puzhi.srcs/sources_1/bd/andromeda/andromeda.bd]
launch_runs andromeda_axi_dpe_0_0_synth_1 andromeda_axi_smc_0_synth_1 andromeda_axi_timer_0_0_synth_1 andromeda_axi_uartlite_0_0_synth_1 andromeda_ddr4_0_0_synth_1 andromeda_dlmb_bram_if_cntlr_0_synth_1 andromeda_dlmb_v10_0_synth_1 andromeda_ila_0_0_synth_1 andromeda_ilmb_bram_if_cntlr_0_synth_1 andromeda_ilmb_v10_0_synth_1 andromeda_lmb_bram_0_synth_1 andromeda_mdm_0_0_synth_1 andromeda_microblaze_0_0_synth_1 andromeda_rst_ddr4_0_100M_0_synth_1 andromeda_rst_ddr4_0_333M_0_synth_1 andromeda_sd_controller_wrapper_0_0_synth_1 andromeda_system_ila_0_0_synth_1 andromeda_util_vector_logic_0_0_synth_1 -jobs 12
INFO: [Vivado 12-4149] The synthesis checkpoint for IP '/home/malik/andromeda_ila/AXI-Dot-Product-Accelerator/Vivado/puzhi/puzhi.srcs/sources_1/ip/sdp_w4096x2_r4096x2/sdp_w4096x2_r4096x2.xci' is already up-to-date
INFO: [IP_Flow 19-1686] Generating 'Synthesis' target for IP 'floating_point_2'...
INFO: [IP_Flow 19-1686] Generating 'Synthesis' target for IP 'floating_point_1'...
INFO: [IP_Flow 19-1686] Generating 'Synthesis' target for IP 'floating_point_3'...
WARNING: [filemgmt 56-199] Attempt to get parsing info during refresh. "On-the-fly" syntax checking information may be incorrect. [/home/malik/andromeda_ila/AXI-Dot-Product-Accelerator/Vivado/puzhi/puzhi.srcs/sources_1/imports/hdl/axi_dpe.v:]
WARNING: [filemgmt 56-199] Attempt to get parsing info during refresh. "On-the-fly" syntax checking information may be incorrect. [/home/malik/andromeda_ila/AXI-Dot-Product-Accelerator/Vivado/puzhi/puzhi.srcs/sources_1/imports/hdl/top_dot_product_engine.sv:]
WARNING: [filemgmt 56-199] Attempt to get parsing info during refresh. "On-the-fly" syntax checking information may be incorrect. [/home/malik/andromeda_ila/AXI-Dot-Product-Accelerator/Vivado/puzhi/puzhi.srcs/sources_1/imports/hdl/axi_dpe.v:]
WARNING: [filemgmt 56-199] Attempt to get parsing info during refresh. "On-the-fly" syntax checking information may be incorrect. [/home/malik/andromeda_ila/AXI-Dot-Product-Accelerator/Vivado/puzhi/puzhi.srcs/sources_1/imports/hdl/axi_dpe.v:]
INFO: [IP_Flow 19-1686] Generating 'Synthesis' target for IP 'floating_point_0'...
WARNING: [filemgmt 56-199] Attempt to get parsing info during refresh. "On-the-fly" syntax checking information may be incorrect. [/home/malik/andromeda_ila/AXI-Dot-Product-Accelerator/Vivado/puzhi/puzhi.srcs/sources_1/imports/hdl/axi_dpe.v:]
WARNING: [filemgmt 56-199] Attempt to get parsing info during refresh. "On-the-fly" syntax checking information may be incorrect. [/home/malik/andromeda_ila/AXI-Dot-Product-Accelerator/Vivado/puzhi/puzhi.srcs/sources_1/imports/hdl/top_dot_product_engine.sv:]
WARNING: [filemgmt 56-199] Attempt to get parsing info during refresh. "On-the-fly" syntax checking information may be incorrect. [/home/malik/andromeda_ila/AXI-Dot-Product-Accelerator/Vivado/puzhi/puzhi.srcs/sources_1/imports/hdl/axi_dpe.v:]
WARNING: [filemgmt 56-199] Attempt to get parsing info during refresh. "On-the-fly" syntax checking information may be incorrect. [/home/malik/andromeda_ila/AXI-Dot-Product-Accelerator/Vivado/puzhi/puzhi.srcs/sources_1/imports/hdl/axi_dpe.v:]
[Wed Jun 11 15:38:13 2025] Launched floating_point_2_synth_1, floating_point_1_synth_1, floating_point_3_synth_1, floating_point_0_synth_1...
Run output will be captured here:
floating_point_2_synth_1: /home/malik/andromeda_ila/AXI-Dot-Product-Accelerator/Vivado/puzhi/puzhi.runs/floating_point_2_synth_1/runme.log
floating_point_1_synth_1: /home/malik/andromeda_ila/AXI-Dot-Product-Accelerator/Vivado/puzhi/puzhi.runs/floating_point_1_synth_1/runme.log
floating_point_3_synth_1: /home/malik/andromeda_ila/AXI-Dot-Product-Accelerator/Vivado/puzhi/puzhi.runs/floating_point_3_synth_1/runme.log
floating_point_0_synth_1: /home/malik/andromeda_ila/AXI-Dot-Product-Accelerator/Vivado/puzhi/puzhi.runs/floating_point_0_synth_1/runme.log
[Wed Jun 11 15:38:13 2025] Launched andromeda_axi_dpe_0_0_synth_1, andromeda_axi_smc_0_synth_1, andromeda_axi_timer_0_0_synth_1, andromeda_axi_uartlite_0_0_synth_1, andromeda_ddr4_0_0_synth_1, andromeda_dlmb_bram_if_cntlr_0_synth_1, andromeda_dlmb_v10_0_synth_1, andromeda_ila_0_0_synth_1, andromeda_ilmb_bram_if_cntlr_0_synth_1, andromeda_ilmb_v10_0_synth_1, andromeda_lmb_bram_0_synth_1, andromeda_mdm_0_0_synth_1, andromeda_microblaze_0_0_synth_1, andromeda_rst_ddr4_0_100M_0_synth_1, andromeda_rst_ddr4_0_333M_0_synth_1, andromeda_sd_controller_wrapper_0_0_synth_1, andromeda_system_ila_0_0_synth_1, andromeda_util_vector_logic_0_0_synth_1...
Run output will be captured here:
andromeda_axi_dpe_0_0_synth_1: /home/malik/andromeda_ila/AXI-Dot-Product-Accelerator/Vivado/puzhi/puzhi.runs/andromeda_axi_dpe_0_0_synth_1/runme.log
andromeda_axi_smc_0_synth_1: /home/malik/andromeda_ila/AXI-Dot-Product-Accelerator/Vivado/puzhi/puzhi.runs/andromeda_axi_smc_0_synth_1/runme.log
andromeda_axi_timer_0_0_synth_1: /home/malik/andromeda_ila/AXI-Dot-Product-Accelerator/Vivado/puzhi/puzhi.runs/andromeda_axi_timer_0_0_synth_1/runme.log
andromeda_axi_uartlite_0_0_synth_1: /home/malik/andromeda_ila/AXI-Dot-Product-Accelerator/Vivado/puzhi/puzhi.runs/andromeda_axi_uartlite_0_0_synth_1/runme.log
andromeda_ddr4_0_0_synth_1: /home/malik/andromeda_ila/AXI-Dot-Product-Accelerator/Vivado/puzhi/puzhi.runs/andromeda_ddr4_0_0_synth_1/runme.log
andromeda_dlmb_bram_if_cntlr_0_synth_1: /home/malik/andromeda_ila/AXI-Dot-Product-Accelerator/Vivado/puzhi/puzhi.runs/andromeda_dlmb_bram_if_cntlr_0_synth_1/runme.log
andromeda_dlmb_v10_0_synth_1: /home/malik/andromeda_ila/AXI-Dot-Product-Accelerator/Vivado/puzhi/puzhi.runs/andromeda_dlmb_v10_0_synth_1/runme.log
andromeda_ila_0_0_synth_1: /home/malik/andromeda_ila/AXI-Dot-Product-Accelerator/Vivado/puzhi/puzhi.runs/andromeda_ila_0_0_synth_1/runme.log
andromeda_ilmb_bram_if_cntlr_0_synth_1: /home/malik/andromeda_ila/AXI-Dot-Product-Accelerator/Vivado/puzhi/puzhi.runs/andromeda_ilmb_bram_if_cntlr_0_synth_1/runme.log
andromeda_ilmb_v10_0_synth_1: /home/malik/andromeda_ila/AXI-Dot-Product-Accelerator/Vivado/puzhi/puzhi.runs/andromeda_ilmb_v10_0_synth_1/runme.log
andromeda_lmb_bram_0_synth_1: /home/malik/andromeda_ila/AXI-Dot-Product-Accelerator/Vivado/puzhi/puzhi.runs/andromeda_lmb_bram_0_synth_1/runme.log
andromeda_mdm_0_0_synth_1: /home/malik/andromeda_ila/AXI-Dot-Product-Accelerator/Vivado/puzhi/puzhi.runs/andromeda_mdm_0_0_synth_1/runme.log
andromeda_microblaze_0_0_synth_1: /home/malik/andromeda_ila/AXI-Dot-Product-Accelerator/Vivado/puzhi/puzhi.runs/andromeda_microblaze_0_0_synth_1/runme.log
andromeda_rst_ddr4_0_100M_0_synth_1: /home/malik/andromeda_ila/AXI-Dot-Product-Accelerator/Vivado/puzhi/puzhi.runs/andromeda_rst_ddr4_0_100M_0_synth_1/runme.log
andromeda_rst_ddr4_0_333M_0_synth_1: /home/malik/andromeda_ila/AXI-Dot-Product-Accelerator/Vivado/puzhi/puzhi.runs/andromeda_rst_ddr4_0_333M_0_synth_1/runme.log
andromeda_sd_controller_wrapper_0_0_synth_1: /home/malik/andromeda_ila/AXI-Dot-Product-Accelerator/Vivado/puzhi/puzhi.runs/andromeda_sd_controller_wrapper_0_0_synth_1/runme.log
andromeda_system_ila_0_0_synth_1: /home/malik/andromeda_ila/AXI-Dot-Product-Accelerator/Vivado/puzhi/puzhi.runs/andromeda_system_ila_0_0_synth_1/runme.log
andromeda_util_vector_logic_0_0_synth_1: /home/malik/andromeda_ila/AXI-Dot-Product-Accelerator/Vivado/puzhi/puzhi.runs/andromeda_util_vector_logic_0_0_synth_1/runme.log
export_simulation -lib_map_path [list {modelsim=/home/malik/andromeda_ila/AXI-Dot-Product-Accelerator/Vivado/puzhi/puzhi.cache/compile_simlib/modelsim} {questa=/home/malik/andromeda_ila/AXI-Dot-Product-Accelerator/Vivado/puzhi/puzhi.cache/compile_simlib/questa} {xcelium=/home/malik/andromeda_ila/AXI-Dot-Product-Accelerator/Vivado/puzhi/puzhi.cache/compile_simlib/xcelium} {vcs=/home/malik/andromeda_ila/AXI-Dot-Product-Accelerator/Vivado/puzhi/puzhi.cache/compile_simlib/vcs} {riviera=/home/malik/andromeda_ila/AXI-Dot-Product-Accelerator/Vivado/puzhi/puzhi.cache/compile_simlib/riviera}] -of_objects [get_files /home/malik/andromeda_ila/AXI-Dot-Product-Accelerator/Vivado/puzhi/puzhi.srcs/sources_1/bd/andromeda/andromeda.bd] -directory /home/malik/andromeda_ila/AXI-Dot-Product-Accelerator/Vivado/puzhi/andromeda.ip_user_files/sim_scripts -ip_user_files_dir /home/malik/andromeda_ila/AXI-Dot-Product-Accelerator/Vivado/puzhi/andromeda.ip_user_files -ipstatic_source_dir /home/malik/andromeda_ila/AXI-Dot-Product-Accelerator/Vivado/puzhi/puzhi.ip_user_files/ipstatic -use_ip_compiled_libs -force -quiet
WARNING: [filemgmt 56-199] Attempt to get parsing info during refresh. "On-the-fly" syntax checking information may be incorrect. [/home/malik/andromeda_ila/AXI-Dot-Product-Accelerator/Vivado/puzhi/puzhi.srcs/sources_1/imports/hdl/axi_dpe.v:]
WARNING: [filemgmt 56-199] Attempt to get parsing info during refresh. "On-the-fly" syntax checking information may be incorrect. [/home/malik/andromeda_ila/AXI-Dot-Product-Accelerator/Vivado/puzhi/puzhi.srcs/sources_1/imports/hdl/top_dot_product_engine.sv:]
WARNING: [filemgmt 56-199] Attempt to get parsing info during refresh. "On-the-fly" syntax checking information may be incorrect. [/home/malik/andromeda_ila/AXI-Dot-Product-Accelerator/Vivado/puzhi/puzhi.srcs/sources_1/imports/hdl/axi_dpe.v:]
WARNING: [filemgmt 56-199] Attempt to get parsing info during refresh. "On-the-fly" syntax checking information may be incorrect. [/home/malik/andromeda_ila/AXI-Dot-Product-Accelerator/Vivado/puzhi/puzhi.srcs/sources_1/imports/hdl/axi_dpe.v:]
WARNING: [filemgmt 56-199] Attempt to get parsing info during refresh. "On-the-fly" syntax checking information may be incorrect. [/home/malik/andromeda_ila/AXI-Dot-Product-Accelerator/Vivado/puzhi/puzhi.srcs/sources_1/imports/hdl/axi_dpe.v:]
WARNING: [filemgmt 56-199] Attempt to get parsing info during refresh. "On-the-fly" syntax checking information may be incorrect. [/home/malik/andromeda_ila/AXI-Dot-Product-Accelerator/Vivado/puzhi/puzhi.srcs/sources_1/imports/hdl/top_dot_product_engine.sv:]
WARNING: [filemgmt 56-199] Attempt to get parsing info during refresh. "On-the-fly" syntax checking information may be incorrect. [/home/malik/andromeda_ila/AXI-Dot-Product-Accelerator/Vivado/puzhi/puzhi.srcs/sources_1/imports/hdl/axi_dpe.v:]
WARNING: [filemgmt 56-199] Attempt to get parsing info during refresh. "On-the-fly" syntax checking information may be incorrect. [/home/malik/andromeda_ila/AXI-Dot-Product-Accelerator/Vivado/puzhi/puzhi.srcs/sources_1/imports/hdl/axi_dpe.v:]
WARNING: [filemgmt 56-199] Attempt to get parsing info during refresh. "On-the-fly" syntax checking information may be incorrect. [/home/malik/andromeda_ila/AXI-Dot-Product-Accelerator/Vivado/puzhi/puzhi.srcs/sources_1/imports/hdl/axi_dpe.v:]
WARNING: [filemgmt 56-199] Attempt to get parsing info during refresh. "On-the-fly" syntax checking information may be incorrect. [/home/malik/andromeda_ila/AXI-Dot-Product-Accelerator/Vivado/puzhi/puzhi.srcs/sources_1/imports/hdl/top_dot_product_engine.sv:]
WARNING: [filemgmt 56-199] Attempt to get parsing info during refresh. "On-the-fly" syntax checking information may be incorrect. [/home/malik/andromeda_ila/AXI-Dot-Product-Accelerator/Vivado/puzhi/puzhi.srcs/sources_1/imports/hdl/axi_dpe.v:]
WARNING: [filemgmt 56-199] Attempt to get parsing info during refresh. "On-the-fly" syntax checking information may be incorrect. [/home/malik/andromeda_ila/AXI-Dot-Product-Accelerator/Vivado/puzhi/puzhi.srcs/sources_1/imports/hdl/axi_dpe.v:]
WARNING: [filemgmt 56-199] Attempt to get parsing info during refresh. "On-the-fly" syntax checking information may be incorrect. [/home/malik/andromeda_ila/AXI-Dot-Product-Accelerator/Vivado/puzhi/puzhi.srcs/sources_1/imports/hdl/axi_dpe.v:]
WARNING: [filemgmt 56-199] Attempt to get parsing info during refresh. "On-the-fly" syntax checking information may be incorrect. [/home/malik/andromeda_ila/AXI-Dot-Product-Accelerator/Vivado/puzhi/puzhi.srcs/sources_1/imports/hdl/top_dot_product_engine.sv:]
WARNING: [filemgmt 56-199] Attempt to get parsing info during refresh. "On-the-fly" syntax checking information may be incorrect. [/home/malik/andromeda_ila/AXI-Dot-Product-Accelerator/Vivado/puzhi/puzhi.srcs/sources_1/imports/hdl/axi_dpe.v:]
WARNING: [filemgmt 56-199] Attempt to get parsing info during refresh. "On-the-fly" syntax checking information may be incorrect. [/home/malik/andromeda_ila/AXI-Dot-Product-Accelerator/Vivado/puzhi/puzhi.srcs/sources_1/imports/hdl/axi_dpe.v:]
WARNING: [filemgmt 56-199] Attempt to get parsing info during refresh. "On-the-fly" syntax checking information may be incorrect. [/home/malik/andromeda_ila/AXI-Dot-Product-Accelerator/Vivado/puzhi/puzhi.srcs/sources_1/imports/hdl/axi_dpe.v:]
WARNING: [filemgmt 56-199] Attempt to get parsing info during refresh. "On-the-fly" syntax checking information may be incorrect. [/home/malik/andromeda_ila/AXI-Dot-Product-Accelerator/Vivado/puzhi/puzhi.srcs/sources_1/imports/hdl/top_dot_product_engine.sv:]
WARNING: [filemgmt 56-199] Attempt to get parsing info during refresh. "On-the-fly" syntax checking information may be incorrect. [/home/malik/andromeda_ila/AXI-Dot-Product-Accelerator/Vivado/puzhi/puzhi.srcs/sources_1/imports/hdl/axi_dpe.v:]
WARNING: [filemgmt 56-199] Attempt to get parsing info during refresh. "On-the-fly" syntax checking information may be incorrect. [/home/malik/andromeda_ila/AXI-Dot-Product-Accelerator/Vivado/puzhi/puzhi.srcs/sources_1/imports/hdl/axi_dpe.v:]
WARNING: [filemgmt 56-199] Attempt to get parsing info during refresh. "On-the-fly" syntax checking information may be incorrect. [/home/malik/andromeda_ila/AXI-Dot-Product-Accelerator/Vivado/puzhi/puzhi.srcs/sources_1/imports/hdl/axi_dpe.v:]
WARNING: [filemgmt 56-199] Attempt to get parsing info during refresh. "On-the-fly" syntax checking information may be incorrect. [/home/malik/andromeda_ila/AXI-Dot-Product-Accelerator/Vivado/puzhi/puzhi.srcs/sources_1/imports/hdl/top_dot_product_engine.sv:]
WARNING: [filemgmt 56-199] Attempt to get parsing info during refresh. "On-the-fly" syntax checking information may be incorrect. [/home/malik/andromeda_ila/AXI-Dot-Product-Accelerator/Vivado/puzhi/puzhi.srcs/sources_1/imports/hdl/axi_dpe.v:]
WARNING: [filemgmt 56-199] Attempt to get parsing info during refresh. "On-the-fly" syntax checking information may be incorrect. [/home/malik/andromeda_ila/AXI-Dot-Product-Accelerator/Vivado/puzhi/puzhi.srcs/sources_1/imports/hdl/axi_dpe.v:]
WARNING: [filemgmt 56-199] Attempt to get parsing info during refresh. "On-the-fly" syntax checking information may be incorrect. [/home/malik/andromeda_ila/AXI-Dot-Product-Accelerator/Vivado/puzhi/puzhi.srcs/sources_1/imports/hdl/axi_dpe.v:]
WARNING: [filemgmt 56-199] Attempt to get parsing info during refresh. "On-the-fly" syntax checking information may be incorrect. [/home/malik/andromeda_ila/AXI-Dot-Product-Accelerator/Vivado/puzhi/puzhi.srcs/sources_1/imports/hdl/top_dot_product_engine.sv:]
WARNING: [filemgmt 56-199] Attempt to get parsing info during refresh. "On-the-fly" syntax checking information may be incorrect. [/home/malik/andromeda_ila/AXI-Dot-Product-Accelerator/Vivado/puzhi/puzhi.srcs/sources_1/imports/hdl/axi_dpe.v:]
WARNING: [filemgmt 56-199] Attempt to get parsing info during refresh. "On-the-fly" syntax checking information may be incorrect. [/home/malik/andromeda_ila/AXI-Dot-Product-Accelerator/Vivado/puzhi/puzhi.srcs/sources_1/imports/hdl/axi_dpe.v:]
WARNING: [filemgmt 56-199] Attempt to get parsing info during refresh. "On-the-fly" syntax checking information may be incorrect. [/home/malik/andromeda_ila/AXI-Dot-Product-Accelerator/Vivado/puzhi/puzhi.srcs/sources_1/imports/hdl/axi_dpe.v:]
WARNING: [filemgmt 56-199] Attempt to get parsing info during refresh. "On-the-fly" syntax checking information may be incorrect. [/home/malik/andromeda_ila/AXI-Dot-Product-Accelerator/Vivado/puzhi/puzhi.srcs/sources_1/imports/hdl/top_dot_product_engine.sv:]
WARNING: [filemgmt 56-199] Attempt to get parsing info during refresh. "On-the-fly" syntax checking information may be incorrect. [/home/malik/andromeda_ila/AXI-Dot-Product-Accelerator/Vivado/puzhi/puzhi.srcs/sources_1/imports/hdl/axi_dpe.v:]
WARNING: [filemgmt 56-199] Attempt to get parsing info during refresh. "On-the-fly" syntax checking information may be incorrect. [/home/malik/andromeda_ila/AXI-Dot-Product-Accelerator/Vivado/puzhi/puzhi.srcs/sources_1/imports/hdl/axi_dpe.v:]
reset_run synth_1
INFO: [Project 1-1160] Copying file /home/malik/andromeda_ila/AXI-Dot-Product-Accelerator/Vivado/puzhi/puzhi.runs/synth_1/andromeda_wrapper.dcp to /home/malik/andromeda_ila/AXI-Dot-Product-Accelerator/Vivado/puzhi/puzhi.srcs/utils_1/imports/synth_1 and adding it to utils fileset
reset_run andromeda_axi_dpe_0_0_synth_1
WARNING: [filemgmt 56-199] Attempt to get parsing info during refresh. "On-the-fly" syntax checking information may be incorrect. [/home/malik/andromeda_ila/AXI-Dot-Product-Accelerator/Vivado/puzhi/puzhi.srcs/sources_1/imports/hdl/axi_dpe.v:]
WARNING: [filemgmt 56-199] Attempt to get parsing info during refresh. "On-the-fly" syntax checking information may be incorrect. [/home/malik/andromeda_ila/AXI-Dot-Product-Accelerator/Vivado/puzhi/puzhi.srcs/sources_1/imports/hdl/top_dot_product_engine.sv:]
WARNING: [filemgmt 56-199] Attempt to get parsing info during refresh. "On-the-fly" syntax checking information may be incorrect. [/home/malik/andromeda_ila/AXI-Dot-Product-Accelerator/Vivado/puzhi/puzhi.srcs/sources_1/imports/hdl/axi_dpe.v:]
WARNING: [filemgmt 56-199] Attempt to get parsing info during refresh. "On-the-fly" syntax checking information may be incorrect. [/home/malik/andromeda_ila/AXI-Dot-Product-Accelerator/Vivado/puzhi/puzhi.srcs/sources_1/imports/hdl/axi_dpe.v:]
launch_runs impl_1 -to_step write_bitstream -jobs 12
INFO: [Vivado 12-4149] The synthesis checkpoint for IP '/home/malik/andromeda_ila/AXI-Dot-Product-Accelerator/Vivado/puzhi/puzhi.srcs/sources_1/ip/floating_point_2/floating_point_2.xci' is already up-to-date
INFO: [Vivado 12-4149] The synthesis checkpoint for IP '/home/malik/andromeda_ila/AXI-Dot-Product-Accelerator/Vivado/puzhi/puzhi.srcs/sources_1/ip/floating_point_1/floating_point_1.xci' is already up-to-date
INFO: [Vivado 12-4149] The synthesis checkpoint for IP '/home/malik/andromeda_ila/AXI-Dot-Product-Accelerator/Vivado/puzhi/puzhi.srcs/sources_1/ip/floating_point_3/floating_point_3.xci' is already up-to-date
INFO: [Vivado 12-4149] The synthesis checkpoint for IP '/home/malik/andromeda_ila/AXI-Dot-Product-Accelerator/Vivado/puzhi/puzhi.srcs/sources_1/ip/floating_point_0/floating_point_0.xci' is already up-to-date
INFO: [Vivado 12-4149] The synthesis checkpoint for IP '/home/malik/andromeda_ila/AXI-Dot-Product-Accelerator/Vivado/puzhi/puzhi.srcs/sources_1/ip/sdp_w4096x2_r4096x2/sdp_w4096x2_r4096x2.xci' is already up-to-date
[Wed Jun 11 15:39:25 2025] Launched andromeda_ddr4_0_0_synth_1, andromeda_util_vector_logic_0_0_synth_1, andromeda_microblaze_0_0_synth_1, andromeda_sd_controller_wrapper_0_0_synth_1, andromeda_axi_smc_0_synth_1, andromeda_axi_dpe_0_0_synth_1, andromeda_system_ila_0_0_synth_1, synth_1...
Run output will be captured here:
andromeda_ddr4_0_0_synth_1: /home/malik/andromeda_ila/AXI-Dot-Product-Accelerator/Vivado/puzhi/puzhi.runs/andromeda_ddr4_0_0_synth_1/runme.log
andromeda_util_vector_logic_0_0_synth_1: /home/malik/andromeda_ila/AXI-Dot-Product-Accelerator/Vivado/puzhi/puzhi.runs/andromeda_util_vector_logic_0_0_synth_1/runme.log
andromeda_microblaze_0_0_synth_1: /home/malik/andromeda_ila/AXI-Dot-Product-Accelerator/Vivado/puzhi/puzhi.runs/andromeda_microblaze_0_0_synth_1/runme.log
andromeda_sd_controller_wrapper_0_0_synth_1: /home/malik/andromeda_ila/AXI-Dot-Product-Accelerator/Vivado/puzhi/puzhi.runs/andromeda_sd_controller_wrapper_0_0_synth_1/runme.log
andromeda_axi_smc_0_synth_1: /home/malik/andromeda_ila/AXI-Dot-Product-Accelerator/Vivado/puzhi/puzhi.runs/andromeda_axi_smc_0_synth_1/runme.log
andromeda_axi_dpe_0_0_synth_1: /home/malik/andromeda_ila/AXI-Dot-Product-Accelerator/Vivado/puzhi/puzhi.runs/andromeda_axi_dpe_0_0_synth_1/runme.log
andromeda_system_ila_0_0_synth_1: /home/malik/andromeda_ila/AXI-Dot-Product-Accelerator/Vivado/puzhi/puzhi.runs/andromeda_system_ila_0_0_synth_1/runme.log
synth_1: /home/malik/andromeda_ila/AXI-Dot-Product-Accelerator/Vivado/puzhi/puzhi.runs/synth_1/runme.log
[Wed Jun 11 15:39:25 2025] Launched impl_1...
Run output will be captured here: /home/malik/andromeda_ila/AXI-Dot-Product-Accelerator/Vivado/puzhi/puzhi.runs/impl_1/runme.log
WARNING: [filemgmt 56-199] Attempt to get parsing info during refresh. "On-the-fly" syntax checking information may be incorrect. [/home/malik/andromeda_ila/AXI-Dot-Product-Accelerator/Vivado/puzhi/puzhi.srcs/sources_1/imports/hdl/axi_dpe.v:]
WARNING: [filemgmt 56-199] Attempt to get parsing info during refresh. "On-the-fly" syntax checking information may be incorrect. [/home/malik/andromeda_ila/AXI-Dot-Product-Accelerator/Vivado/puzhi/puzhi.srcs/sources_1/imports/hdl/top_dot_product_engine.sv:]
WARNING: [filemgmt 56-199] Attempt to get parsing info during refresh. "On-the-fly" syntax checking information may be incorrect. [/home/malik/andromeda_ila/AXI-Dot-Product-Accelerator/Vivado/puzhi/puzhi.srcs/sources_1/imports/hdl/axi_dpe.v:]
WARNING: [filemgmt 56-199] Attempt to get parsing info during refresh. "On-the-fly" syntax checking information may be incorrect. [/home/malik/andromeda_ila/AXI-Dot-Product-Accelerator/Vivado/puzhi/puzhi.srcs/sources_1/imports/hdl/axi_dpe.v:]
WARNING: [filemgmt 56-199] Attempt to get parsing info during refresh. "On-the-fly" syntax checking information may be incorrect. [/home/malik/andromeda_ila/AXI-Dot-Product-Accelerator/Vivado/puzhi/puzhi.srcs/sources_1/imports/hdl/axi_dpe.v:]
WARNING: [filemgmt 56-199] Attempt to get parsing info during refresh. "On-the-fly" syntax checking information may be incorrect. [/home/malik/andromeda_ila/AXI-Dot-Product-Accelerator/Vivado/puzhi/puzhi.srcs/sources_1/imports/hdl/top_dot_product_engine.sv:]
WARNING: [filemgmt 56-199] Attempt to get parsing info during refresh. "On-the-fly" syntax checking information may be incorrect. [/home/malik/andromeda_ila/AXI-Dot-Product-Accelerator/Vivado/puzhi/puzhi.srcs/sources_1/imports/hdl/axi_dpe.v:]
WARNING: [filemgmt 56-199] Attempt to get parsing info during refresh. "On-the-fly" syntax checking information may be incorrect. [/home/malik/andromeda_ila/AXI-Dot-Product-Accelerator/Vivado/puzhi/puzhi.srcs/sources_1/imports/hdl/axi_dpe.v:]
WARNING: [filemgmt 56-199] Attempt to get parsing info during refresh. "On-the-fly" syntax checking information may be incorrect. [/home/malik/andromeda_ila/AXI-Dot-Product-Accelerator/Vivado/puzhi/puzhi.srcs/sources_1/imports/hdl/axi_dpe.v:]
WARNING: [filemgmt 56-199] Attempt to get parsing info during refresh. "On-the-fly" syntax checking information may be incorrect. [/home/malik/andromeda_ila/AXI-Dot-Product-Accelerator/Vivado/puzhi/puzhi.srcs/sources_1/imports/hdl/top_dot_product_engine.sv:]
WARNING: [filemgmt 56-199] Attempt to get parsing info during refresh. "On-the-fly" syntax checking information may be incorrect. [/home/malik/andromeda_ila/AXI-Dot-Product-Accelerator/Vivado/puzhi/puzhi.srcs/sources_1/imports/hdl/axi_dpe.v:]
WARNING: [filemgmt 56-199] Attempt to get parsing info during refresh. "On-the-fly" syntax checking information may be incorrect. [/home/malik/andromeda_ila/AXI-Dot-Product-Accelerator/Vivado/puzhi/puzhi.srcs/sources_1/imports/hdl/axi_dpe.v:]
WARNING: [filemgmt 56-199] Attempt to get parsing info during refresh. "On-the-fly" syntax checking information may be incorrect. [/home/malik/andromeda_ila/AXI-Dot-Product-Accelerator/Vivado/puzhi/puzhi.srcs/sources_1/imports/hdl/axi_dpe.v:]
WARNING: [filemgmt 56-199] Attempt to get parsing info during refresh. "On-the-fly" syntax checking information may be incorrect. [/home/malik/andromeda_ila/AXI-Dot-Product-Accelerator/Vivado/puzhi/puzhi.srcs/sources_1/imports/hdl/top_dot_product_engine.sv:]
WARNING: [filemgmt 56-199] Attempt to get parsing info during refresh. "On-the-fly" syntax checking information may be incorrect. [/home/malik/andromeda_ila/AXI-Dot-Product-Accelerator/Vivado/puzhi/puzhi.srcs/sources_1/imports/hdl/axi_dpe.v:]
WARNING: [filemgmt 56-199] Attempt to get parsing info during refresh. "On-the-fly" syntax checking information may be incorrect. [/home/malik/andromeda_ila/AXI-Dot-Product-Accelerator/Vivado/puzhi/puzhi.srcs/sources_1/imports/hdl/axi_dpe.v:]
WARNING: [filemgmt 56-199] Attempt to get parsing info during refresh. "On-the-fly" syntax checking information may be incorrect. [/home/malik/andromeda_ila/AXI-Dot-Product-Accelerator/Vivado/puzhi/puzhi.srcs/sources_1/imports/hdl/axi_dpe.v:]
WARNING: [filemgmt 56-199] Attempt to get parsing info during refresh. "On-the-fly" syntax checking information may be incorrect. [/home/malik/andromeda_ila/AXI-Dot-Product-Accelerator/Vivado/puzhi/puzhi.srcs/sources_1/imports/hdl/top_dot_product_engine.sv:]
WARNING: [filemgmt 56-199] Attempt to get parsing info during refresh. "On-the-fly" syntax checking information may be incorrect. [/home/malik/andromeda_ila/AXI-Dot-Product-Accelerator/Vivado/puzhi/puzhi.srcs/sources_1/imports/hdl/axi_dpe.v:]
WARNING: [filemgmt 56-199] Attempt to get parsing info during refresh. "On-the-fly" syntax checking information may be incorrect. [/home/malik/andromeda_ila/AXI-Dot-Product-Accelerator/Vivado/puzhi/puzhi.srcs/sources_1/imports/hdl/axi_dpe.v:]
WARNING: [filemgmt 56-199] Attempt to get parsing info during refresh. "On-the-fly" syntax checking information may be incorrect. [/home/malik/andromeda_ila/AXI-Dot-Product-Accelerator/Vivado/puzhi/puzhi.srcs/sources_1/imports/hdl/axi_dpe.v:]
WARNING: [filemgmt 56-199] Attempt to get parsing info during refresh. "On-the-fly" syntax checking information may be incorrect. [/home/malik/andromeda_ila/AXI-Dot-Product-Accelerator/Vivado/puzhi/puzhi.srcs/sources_1/imports/hdl/top_dot_product_engine.sv:]
WARNING: [filemgmt 56-199] Attempt to get parsing info during refresh. "On-the-fly" syntax checking information may be incorrect. [/home/malik/andromeda_ila/AXI-Dot-Product-Accelerator/Vivado/puzhi/puzhi.srcs/sources_1/imports/hdl/axi_dpe.v:]
WARNING: [filemgmt 56-199] Attempt to get parsing info during refresh. "On-the-fly" syntax checking information may be incorrect. [/home/malik/andromeda_ila/AXI-Dot-Product-Accelerator/Vivado/puzhi/puzhi.srcs/sources_1/imports/hdl/axi_dpe.v:]
WARNING: [filemgmt 56-199] Attempt to get parsing info during refresh. "On-the-fly" syntax checking information may be incorrect. [/home/malik/andromeda_ila/AXI-Dot-Product-Accelerator/Vivado/puzhi/puzhi.srcs/sources_1/imports/hdl/axi_dpe.v:]
WARNING: [filemgmt 56-199] Attempt to get parsing info during refresh. "On-the-fly" syntax checking information may be incorrect. [/home/malik/andromeda_ila/AXI-Dot-Product-Accelerator/Vivado/puzhi/puzhi.srcs/sources_1/imports/hdl/top_dot_product_engine.sv:]
WARNING: [filemgmt 56-199] Attempt to get parsing info during refresh. "On-the-fly" syntax checking information may be incorrect. [/home/malik/andromeda_ila/AXI-Dot-Product-Accelerator/Vivado/puzhi/puzhi.srcs/sources_1/imports/hdl/axi_dpe.v:]
WARNING: [filemgmt 56-199] Attempt to get parsing info during refresh. "On-the-fly" syntax checking information may be incorrect. [/home/malik/andromeda_ila/AXI-Dot-Product-Accelerator/Vivado/puzhi/puzhi.srcs/sources_1/imports/hdl/axi_dpe.v:]
WARNING: [filemgmt 56-199] Attempt to get parsing info during refresh. "On-the-fly" syntax checking information may be incorrect. [/home/malik/andromeda_ila/AXI-Dot-Product-Accelerator/Vivado/puzhi/puzhi.srcs/sources_1/imports/hdl/dot_product_engine.sv:]
WARNING: [filemgmt 56-199] Attempt to get parsing info during refresh. "On-the-fly" syntax checking information may be incorrect. [/home/malik/andromeda_ila/AXI-Dot-Product-Accelerator/Vivado/puzhi/puzhi.srcs/sources_1/imports/hdl/axi_dpe.v:]
WARNING: [filemgmt 56-199] Attempt to get parsing info during refresh. "On-the-fly" syntax checking information may be incorrect. [/home/malik/andromeda_ila/AXI-Dot-Product-Accelerator/Vivado/puzhi/puzhi.srcs/sources_1/imports/hdl/top_dot_product_engine.sv:]
WARNING: [filemgmt 56-199] Attempt to get parsing info during refresh. "On-the-fly" syntax checking information may be incorrect. [/home/malik/andromeda_ila/AXI-Dot-Product-Accelerator/Vivado/puzhi/puzhi.srcs/sources_1/imports/hdl/axi_dpe.v:]
WARNING: [filemgmt 56-199] Attempt to get parsing info during refresh. "On-the-fly" syntax checking information may be incorrect. [/home/malik/andromeda_ila/AXI-Dot-Product-Accelerator/Vivado/puzhi/puzhi.srcs/sources_1/imports/hdl/axi_dpe.v:]
WARNING: [filemgmt 56-199] Attempt to get parsing info during refresh. "On-the-fly" syntax checking information may be incorrect. [/home/malik/andromeda_ila/AXI-Dot-Product-Accelerator/Vivado/puzhi/puzhi.srcs/sources_1/imports/hdl/dot_product_engine.sv:]
WARNING: [filemgmt 56-199] Attempt to get parsing info during refresh. "On-the-fly" syntax checking information may be incorrect. [/home/malik/andromeda_ila/AXI-Dot-Product-Accelerator/Vivado/puzhi/puzhi.srcs/sources_1/imports/hdl/axi_dpe.v:]
WARNING: [filemgmt 56-199] Attempt to get parsing info during refresh. "On-the-fly" syntax checking information may be incorrect. [/home/malik/andromeda_ila/AXI-Dot-Product-Accelerator/Vivado/puzhi/puzhi.srcs/sources_1/imports/hdl/top_dot_product_engine.sv:]
WARNING: [filemgmt 56-199] Attempt to get parsing info during refresh. "On-the-fly" syntax checking information may be incorrect. [/home/malik/andromeda_ila/AXI-Dot-Product-Accelerator/Vivado/puzhi/puzhi.srcs/sources_1/imports/hdl/top_dot_product_engine.sv:]
WARNING: [filemgmt 56-199] Attempt to get parsing info during refresh. "On-the-fly" syntax checking information may be incorrect. [/home/malik/andromeda_ila/AXI-Dot-Product-Accelerator/Vivado/puzhi/puzhi.srcs/sources_1/imports/hdl/top_dot_product_engine.sv:]
WARNING: [filemgmt 56-199] Attempt to get parsing info during refresh. "On-the-fly" syntax checking information may be incorrect. [/home/malik/andromeda_ila/AXI-Dot-Product-Accelerator/Vivado/puzhi/puzhi.srcs/sources_1/imports/hdl/dot_product_engine.sv:]
WARNING: [filemgmt 56-199] Attempt to get parsing info during refresh. "On-the-fly" syntax checking information may be incorrect. [/home/malik/andromeda_ila/AXI-Dot-Product-Accelerator/Vivado/puzhi/puzhi.srcs/sources_1/imports/hdl/axi_dpe.v:]
WARNING: [filemgmt 56-199] Attempt to get parsing info during refresh. "On-the-fly" syntax checking information may be incorrect. [/home/malik/andromeda_ila/AXI-Dot-Product-Accelerator/Vivado/puzhi/puzhi.srcs/sources_1/imports/hdl/top_dot_product_engine.sv:]
WARNING: [filemgmt 56-199] Attempt to get parsing info during refresh. "On-the-fly" syntax checking information may be incorrect. [/home/malik/andromeda_ila/AXI-Dot-Product-Accelerator/Vivado/puzhi/puzhi.srcs/sources_1/imports/hdl/axi_dpe.v:]
WARNING: [filemgmt 56-199] Attempt to get parsing info during refresh. "On-the-fly" syntax checking information may be incorrect. [/home/malik/andromeda_ila/AXI-Dot-Product-Accelerator/Vivado/puzhi/puzhi.srcs/sources_1/imports/hdl/axi_dpe.v:]
WARNING: [filemgmt 56-199] Attempt to get parsing info during refresh. "On-the-fly" syntax checking information may be incorrect. [/home/malik/andromeda_ila/AXI-Dot-Product-Accelerator/Vivado/puzhi/puzhi.srcs/sources_1/imports/hdl/dot_product_engine.sv:]
WARNING: [filemgmt 56-199] Attempt to get parsing info during refresh. "On-the-fly" syntax checking information may be incorrect. [/home/malik/andromeda_ila/AXI-Dot-Product-Accelerator/Vivado/puzhi/puzhi.srcs/sources_1/imports/hdl/axi_dpe.v:]
WARNING: [filemgmt 56-199] Attempt to get parsing info during refresh. "On-the-fly" syntax checking information may be incorrect. [/home/malik/andromeda_ila/AXI-Dot-Product-Accelerator/Vivado/puzhi/puzhi.srcs/sources_1/imports/hdl/top_dot_product_engine.sv:]
WARNING: [filemgmt 56-199] Attempt to get parsing info during refresh. "On-the-fly" syntax checking information may be incorrect. [/home/malik/andromeda_ila/AXI-Dot-Product-Accelerator/Vivado/puzhi/puzhi.srcs/sources_1/imports/hdl/top_dot_product_engine.sv:]
WARNING: [filemgmt 56-199] Attempt to get parsing info during refresh. "On-the-fly" syntax checking information may be incorrect. [/home/malik/andromeda_ila/AXI-Dot-Product-Accelerator/Vivado/puzhi/puzhi.srcs/sources_1/imports/hdl/top_dot_product_engine.sv:]
WARNING: [filemgmt 56-199] Attempt to get parsing info during refresh. "On-the-fly" syntax checking information may be incorrect. [/home/malik/andromeda_ila/AXI-Dot-Product-Accelerator/Vivado/puzhi/puzhi.srcs/sources_1/imports/hdl/dot_product_engine.sv:]
WARNING: [filemgmt 56-199] Attempt to get parsing info during refresh. "On-the-fly" syntax checking information may be incorrect. [/home/malik/andromeda_ila/AXI-Dot-Product-Accelerator/Vivado/puzhi/puzhi.srcs/sources_1/imports/hdl/axi_dpe.v:]
WARNING: [filemgmt 56-199] Attempt to get parsing info during refresh. "On-the-fly" syntax checking information may be incorrect. [/home/malik/andromeda_ila/AXI-Dot-Product-Accelerator/Vivado/puzhi/puzhi.srcs/sources_1/imports/hdl/top_dot_product_engine.sv:]
WARNING: [filemgmt 56-199] Attempt to get parsing info during refresh. "On-the-fly" syntax checking information may be incorrect. [/home/malik/andromeda_ila/AXI-Dot-Product-Accelerator/Vivado/puzhi/puzhi.srcs/sources_1/imports/hdl/axi_dpe.v:]
WARNING: [filemgmt 56-199] Attempt to get parsing info during refresh. "On-the-fly" syntax checking information may be incorrect. [/home/malik/andromeda_ila/AXI-Dot-Product-Accelerator/Vivado/puzhi/puzhi.srcs/sources_1/imports/hdl/axi_dpe.v:]
WARNING: [filemgmt 56-199] Attempt to get parsing info during refresh. "On-the-fly" syntax checking information may be incorrect. [/home/malik/andromeda_ila/AXI-Dot-Product-Accelerator/Vivado/puzhi/puzhi.srcs/sources_1/imports/hdl/dot_product_engine.sv:]
WARNING: [filemgmt 56-199] Attempt to get parsing info during refresh. "On-the-fly" syntax checking information may be incorrect. [/home/malik/andromeda_ila/AXI-Dot-Product-Accelerator/Vivado/puzhi/puzhi.srcs/sources_1/imports/hdl/axi_dpe.v:]
WARNING: [filemgmt 56-199] Attempt to get parsing info during refresh. "On-the-fly" syntax checking information may be incorrect. [/home/malik/andromeda_ila/AXI-Dot-Product-Accelerator/Vivado/puzhi/puzhi.srcs/sources_1/imports/hdl/top_dot_product_engine.sv:]
WARNING: [filemgmt 56-199] Attempt to get parsing info during refresh. "On-the-fly" syntax checking information may be incorrect. [/home/malik/andromeda_ila/AXI-Dot-Product-Accelerator/Vivado/puzhi/puzhi.srcs/sources_1/imports/hdl/top_dot_product_engine.sv:]
WARNING: [filemgmt 56-199] Attempt to get parsing info during refresh. "On-the-fly" syntax checking information may be incorrect. [/home/malik/andromeda_ila/AXI-Dot-Product-Accelerator/Vivado/puzhi/puzhi.srcs/sources_1/imports/hdl/top_dot_product_engine.sv:]
WARNING: [filemgmt 56-199] Attempt to get parsing info during refresh. "On-the-fly" syntax checking information may be incorrect. [/home/malik/andromeda_ila/AXI-Dot-Product-Accelerator/Vivado/puzhi/puzhi.srcs/sources_1/imports/hdl/dot_product_engine.sv:]
WARNING: [filemgmt 56-199] Attempt to get parsing info during refresh. "On-the-fly" syntax checking information may be incorrect. [/home/malik/andromeda_ila/AXI-Dot-Product-Accelerator/Vivado/puzhi/puzhi.srcs/sources_1/imports/hdl/axi_dpe.v:]
WARNING: [filemgmt 56-199] Attempt to get parsing info during refresh. "On-the-fly" syntax checking information may be incorrect. [/home/malik/andromeda_ila/AXI-Dot-Product-Accelerator/Vivado/puzhi/puzhi.srcs/sources_1/imports/hdl/top_dot_product_engine.sv:]
WARNING: [filemgmt 56-199] Attempt to get parsing info during refresh. "On-the-fly" syntax checking information may be incorrect. [/home/malik/andromeda_ila/AXI-Dot-Product-Accelerator/Vivado/puzhi/puzhi.srcs/sources_1/imports/hdl/axi_dpe.v:]
WARNING: [filemgmt 56-199] Attempt to get parsing info during refresh. "On-the-fly" syntax checking information may be incorrect. [/home/malik/andromeda_ila/AXI-Dot-Product-Accelerator/Vivado/puzhi/puzhi.srcs/sources_1/imports/hdl/axi_dpe.v:]
WARNING: [filemgmt 56-199] Attempt to get parsing info during refresh. "On-the-fly" syntax checking information may be incorrect. [/home/malik/andromeda_ila/AXI-Dot-Product-Accelerator/Vivado/puzhi/puzhi.srcs/sources_1/imports/hdl/dot_product_engine.sv:]
WARNING: [filemgmt 56-199] Attempt to get parsing info during refresh. "On-the-fly" syntax checking information may be incorrect. [/home/malik/andromeda_ila/AXI-Dot-Product-Accelerator/Vivado/puzhi/puzhi.srcs/sources_1/imports/hdl/axi_dpe.v:]
WARNING: [filemgmt 56-199] Attempt to get parsing info during refresh. "On-the-fly" syntax checking information may be incorrect. [/home/malik/andromeda_ila/AXI-Dot-Product-Accelerator/Vivado/puzhi/puzhi.srcs/sources_1/imports/hdl/top_dot_product_engine.sv:]
WARNING: [filemgmt 56-199] Attempt to get parsing info during refresh. "On-the-fly" syntax checking information may be incorrect. [/home/malik/andromeda_ila/AXI-Dot-Product-Accelerator/Vivado/puzhi/puzhi.srcs/sources_1/imports/hdl/top_dot_product_engine.sv:]
WARNING: [filemgmt 56-199] Attempt to get parsing info during refresh. "On-the-fly" syntax checking information may be incorrect. [/home/malik/andromeda_ila/AXI-Dot-Product-Accelerator/Vivado/puzhi/puzhi.srcs/sources_1/imports/hdl/top_dot_product_engine.sv:]
WARNING: [filemgmt 56-199] Attempt to get parsing info during refresh. "On-the-fly" syntax checking information may be incorrect. [/home/malik/andromeda_ila/AXI-Dot-Product-Accelerator/Vivado/puzhi/puzhi.srcs/sources_1/imports/hdl/dot_product_engine.sv:]
WARNING: [filemgmt 56-199] Attempt to get parsing info during refresh. "On-the-fly" syntax checking information may be incorrect. [/home/malik/andromeda_ila/AXI-Dot-Product-Accelerator/Vivado/puzhi/puzhi.srcs/sources_1/imports/hdl/axi_dpe.v:]
WARNING: [filemgmt 56-199] Attempt to get parsing info during refresh. "On-the-fly" syntax checking information may be incorrect. [/home/malik/andromeda_ila/AXI-Dot-Product-Accelerator/Vivado/puzhi/puzhi.srcs/sources_1/imports/hdl/top_dot_product_engine.sv:]
WARNING: [filemgmt 56-199] Attempt to get parsing info during refresh. "On-the-fly" syntax checking information may be incorrect. [/home/malik/andromeda_ila/AXI-Dot-Product-Accelerator/Vivado/puzhi/puzhi.srcs/sources_1/imports/hdl/axi_dpe.v:]
WARNING: [filemgmt 56-199] Attempt to get parsing info during refresh. "On-the-fly" syntax checking information may be incorrect. [/home/malik/andromeda_ila/AXI-Dot-Product-Accelerator/Vivado/puzhi/puzhi.srcs/sources_1/imports/hdl/axi_dpe.v:]
WARNING: [filemgmt 56-199] Attempt to get parsing info during refresh. "On-the-fly" syntax checking information may be incorrect. [/home/malik/andromeda_ila/AXI-Dot-Product-Accelerator/Vivado/puzhi/puzhi.srcs/sources_1/imports/hdl/dot_product_engine.sv:]
WARNING: [filemgmt 56-199] Attempt to get parsing info during refresh. "On-the-fly" syntax checking information may be incorrect. [/home/malik/andromeda_ila/AXI-Dot-Product-Accelerator/Vivado/puzhi/puzhi.srcs/sources_1/imports/hdl/axi_dpe.v:]
WARNING: [filemgmt 56-199] Attempt to get parsing info during refresh. "On-the-fly" syntax checking information may be incorrect. [/home/malik/andromeda_ila/AXI-Dot-Product-Accelerator/Vivado/puzhi/puzhi.srcs/sources_1/imports/hdl/top_dot_product_engine.sv:]
WARNING: [filemgmt 56-199] Attempt to get parsing info during refresh. "On-the-fly" syntax checking information may be incorrect. [/home/malik/andromeda_ila/AXI-Dot-Product-Accelerator/Vivado/puzhi/puzhi.srcs/sources_1/imports/hdl/top_dot_product_engine.sv:]
WARNING: [filemgmt 56-199] Attempt to get parsing info during refresh. "On-the-fly" syntax checking information may be incorrect. [/home/malik/andromeda_ila/AXI-Dot-Product-Accelerator/Vivado/puzhi/puzhi.srcs/sources_1/imports/hdl/top_dot_product_engine.sv:]
WARNING: [filemgmt 56-199] Attempt to get parsing info during refresh. "On-the-fly" syntax checking information may be incorrect. [/home/malik/andromeda_ila/AXI-Dot-Product-Accelerator/Vivado/puzhi/puzhi.srcs/sources_1/imports/hdl/dot_product_engine.sv:]
WARNING: [filemgmt 56-199] Attempt to get parsing info during refresh. "On-the-fly" syntax checking information may be incorrect. [/home/malik/andromeda_ila/AXI-Dot-Product-Accelerator/Vivado/puzhi/puzhi.srcs/sources_1/imports/hdl/axi_dpe.v:]
WARNING: [filemgmt 56-199] Attempt to get parsing info during refresh. "On-the-fly" syntax checking information may be incorrect. [/home/malik/andromeda_ila/AXI-Dot-Product-Accelerator/Vivado/puzhi/puzhi.srcs/sources_1/imports/hdl/top_dot_product_engine.sv:]
WARNING: [filemgmt 56-199] Attempt to get parsing info during refresh. "On-the-fly" syntax checking information may be incorrect. [/home/malik/andromeda_ila/AXI-Dot-Product-Accelerator/Vivado/puzhi/puzhi.srcs/sources_1/imports/hdl/axi_dpe.v:]
WARNING: [filemgmt 56-199] Attempt to get parsing info during refresh. "On-the-fly" syntax checking information may be incorrect. [/home/malik/andromeda_ila/AXI-Dot-Product-Accelerator/Vivado/puzhi/puzhi.srcs/sources_1/imports/hdl/axi_dpe.v:]
WARNING: [filemgmt 56-199] Attempt to get parsing info during refresh. "On-the-fly" syntax checking information may be incorrect. [/home/malik/andromeda_ila/AXI-Dot-Product-Accelerator/Vivado/puzhi/puzhi.srcs/sources_1/imports/hdl/dot_product_engine.sv:]
WARNING: [filemgmt 56-199] Attempt to get parsing info during refresh. "On-the-fly" syntax checking information may be incorrect. [/home/malik/andromeda_ila/AXI-Dot-Product-Accelerator/Vivado/puzhi/puzhi.srcs/sources_1/imports/hdl/axi_dpe.v:]
WARNING: [filemgmt 56-199] Attempt to get parsing info during refresh. "On-the-fly" syntax checking information may be incorrect. [/home/malik/andromeda_ila/AXI-Dot-Product-Accelerator/Vivado/puzhi/puzhi.srcs/sources_1/imports/hdl/top_dot_product_engine.sv:]
WARNING: [filemgmt 56-199] Attempt to get parsing info during refresh. "On-the-fly" syntax checking information may be incorrect. [/home/malik/andromeda_ila/AXI-Dot-Product-Accelerator/Vivado/puzhi/puzhi.srcs/sources_1/imports/hdl/top_dot_product_engine.sv:]
WARNING: [filemgmt 56-199] Attempt to get parsing info during refresh. "On-the-fly" syntax checking information may be incorrect. [/home/malik/andromeda_ila/AXI-Dot-Product-Accelerator/Vivado/puzhi/puzhi.srcs/sources_1/imports/hdl/top_dot_product_engine.sv:]
WARNING: [filemgmt 56-199] Attempt to get parsing info during refresh. "On-the-fly" syntax checking information may be incorrect. [/home/malik/andromeda_ila/AXI-Dot-Product-Accelerator/Vivado/puzhi/puzhi.srcs/sources_1/imports/hdl/dot_product_engine.sv:]
WARNING: [filemgmt 56-199] Attempt to get parsing info during refresh. "On-the-fly" syntax checking information may be incorrect. [/home/malik/andromeda_ila/AXI-Dot-Product-Accelerator/Vivado/puzhi/puzhi.srcs/sources_1/imports/hdl/axi_dpe.v:]
WARNING: [filemgmt 56-199] Attempt to get parsing info during refresh. "On-the-fly" syntax checking information may be incorrect. [/home/malik/andromeda_ila/AXI-Dot-Product-Accelerator/Vivado/puzhi/puzhi.srcs/sources_1/imports/hdl/top_dot_product_engine.sv:]
WARNING: [filemgmt 56-199] Attempt to get parsing info during refresh. "On-the-fly" syntax checking information may be incorrect. [/home/malik/andromeda_ila/AXI-Dot-Product-Accelerator/Vivado/puzhi/puzhi.srcs/sources_1/imports/hdl/axi_dpe.v:]
WARNING: [filemgmt 56-199] Attempt to get parsing info during refresh. "On-the-fly" syntax checking information may be incorrect. [/home/malik/andromeda_ila/AXI-Dot-Product-Accelerator/Vivado/puzhi/puzhi.srcs/sources_1/imports/hdl/axi_dpe.v:]
WARNING: [filemgmt 56-199] Attempt to get parsing info during refresh. "On-the-fly" syntax checking information may be incorrect. [/home/malik/andromeda_ila/AXI-Dot-Product-Accelerator/Vivado/puzhi/puzhi.srcs/sources_1/imports/hdl/dot_product_engine.sv:]
WARNING: [filemgmt 56-199] Attempt to get parsing info during refresh. "On-the-fly" syntax checking information may be incorrect. [/home/malik/andromeda_ila/AXI-Dot-Product-Accelerator/Vivado/puzhi/puzhi.srcs/sources_1/imports/hdl/axi_dpe.v:]
WARNING: [filemgmt 56-199] Attempt to get parsing info during refresh. "On-the-fly" syntax checking information may be incorrect. [/home/malik/andromeda_ila/AXI-Dot-Product-Accelerator/Vivado/puzhi/puzhi.srcs/sources_1/imports/hdl/top_dot_product_engine.sv:]
WARNING: [filemgmt 56-199] Attempt to get parsing info during refresh. "On-the-fly" syntax checking information may be incorrect. [/home/malik/andromeda_ila/AXI-Dot-Product-Accelerator/Vivado/puzhi/puzhi.srcs/sources_1/imports/hdl/axi_dpe.v:]
WARNING: [filemgmt 56-199] Attempt to get parsing info during refresh. "On-the-fly" syntax checking information may be incorrect. [/home/malik/andromeda_ila/AXI-Dot-Product-Accelerator/Vivado/puzhi/puzhi.srcs/sources_1/imports/hdl/axi_dpe.v:]
report_ip_status -name ip_status 
WARNING: [filemgmt 56-199] Attempt to get parsing info during refresh. "On-the-fly" syntax checking information may be incorrect. [/home/malik/andromeda_ila/AXI-Dot-Product-Accelerator/Vivado/puzhi/puzhi.srcs/sources_1/imports/hdl/dot_product_engine.sv:]
WARNING: [filemgmt 56-199] Attempt to get parsing info during refresh. "On-the-fly" syntax checking information may be incorrect. [/home/malik/andromeda_ila/AXI-Dot-Product-Accelerator/Vivado/puzhi/puzhi.srcs/sources_1/imports/hdl/axi_dpe.v:]
WARNING: [filemgmt 56-199] Attempt to get parsing info during refresh. "On-the-fly" syntax checking information may be incorrect. [/home/malik/andromeda_ila/AXI-Dot-Product-Accelerator/Vivado/puzhi/puzhi.srcs/sources_1/imports/hdl/top_dot_product_engine.sv:]
WARNING: [filemgmt 56-199] Attempt to get parsing info during refresh. "On-the-fly" syntax checking information may be incorrect. [/home/malik/andromeda_ila/AXI-Dot-Product-Accelerator/Vivado/puzhi/puzhi.srcs/sources_1/imports/hdl/axi_dpe.v:]
WARNING: [filemgmt 56-199] Attempt to get parsing info during refresh. "On-the-fly" syntax checking information may be incorrect. [/home/malik/andromeda_ila/AXI-Dot-Product-Accelerator/Vivado/puzhi/puzhi.srcs/sources_1/imports/hdl/axi_dpe.v:]
update_module_reference [get_ips  andromeda_axi_dpe_0_0]
INFO: [IP_Flow 19-5107] Inferred bus interface 'm_axi' of definition 'xilinx.com:interface:aximm:1.0' (from Xilinx Repository).
INFO: [IP_Flow 19-5107] Inferred bus interface 's_axi' of definition 'xilinx.com:interface:aximm:1.0' (from Xilinx Repository).
INFO: [IP_Flow 19-5107] Inferred bus interface 'aresetn' of definition 'xilinx.com:signal:reset:1.0' (from Xilinx Repository).
INFO: [IP_Flow 19-5107] Inferred bus interface 'aclk' of definition 'xilinx.com:signal:clock:1.0' (from Xilinx Repository).
INFO: [IP_Flow 19-4728] Bus Interface 'aresetn': Added interface parameter 'POLARITY' with value 'ACTIVE_LOW'.
INFO: [IP_Flow 19-4728] Bus Interface 'aclk': Added interface parameter 'ASSOCIATED_BUSIF' with value 'm_axi'.
INFO: [IP_Flow 19-4728] Bus Interface 'aclk': Added interface parameter 'ASSOCIATED_RESET' with value 'aresetn'.
WARNING: [IP_Flow 19-11770] Clock interface 'aclk' has no FREQ_HZ parameter.
INFO: [IP_Flow 19-5107] Inferred bus interface 'm_axi' of definition 'xilinx.com:interface:aximm:1.0' (from Xilinx Repository).
INFO: [IP_Flow 19-5107] Inferred bus interface 's_axi' of definition 'xilinx.com:interface:aximm:1.0' (from Xilinx Repository).
INFO: [IP_Flow 19-5107] Inferred bus interface 'aresetn' of definition 'xilinx.com:signal:reset:1.0' (from Xilinx Repository).
INFO: [IP_Flow 19-5107] Inferred bus interface 'aclk' of definition 'xilinx.com:signal:clock:1.0' (from Xilinx Repository).
INFO: [IP_Flow 19-4728] Bus Interface 'aresetn': Added interface parameter 'POLARITY' with value 'ACTIVE_LOW'.
INFO: [IP_Flow 19-4728] Bus Interface 'aclk': Added interface parameter 'ASSOCIATED_BUSIF' with value 'm_axi'.
INFO: [IP_Flow 19-4728] Bus Interface 'aclk': Added interface parameter 'ASSOCIATED_RESET' with value 'aresetn'.
WARNING: [IP_Flow 19-11770] Clock interface 'aclk' has no FREQ_HZ parameter.
Upgrading '/home/malik/andromeda_ila/AXI-Dot-Product-Accelerator/Vivado/puzhi/puzhi.srcs/sources_1/bd/andromeda/andromeda.bd'
INFO: [IP_Flow 19-3420] Updated andromeda_axi_dpe_0_0 to use current project options
WARNING: [IP_Flow 19-4700] Upgrade has removed port 'A_fp32_debug'
WARNING: [IP_Flow 19-4700] Upgrade has removed port 'prod_fp32_debug'
WARNING: [IP_Flow 19-4698] Upgrade has added port 'A_debug'
WARNING: [IP_Flow 19-4698] Upgrade has added port 'prod_debug'
WARNING: [IP_Flow 19-3298] Detected external port differences while upgrading 'andromeda_axi_dpe_0_0'. These changes may impact your design.
CRITICAL WARNING: [BD 41-1167] The pin 'A_fp32_debug' is not found on the upgraded version of the cell '/axi_dpe_0'. Its connection to the net 'A_fp32_debug' has been removed.
CRITICAL WARNING: [BD 41-1167] The pin 'prod_fp32_debug' is not found on the upgraded version of the cell '/axi_dpe_0'. Its connection to the net 'prod_fp32_debug' has been removed.
Excluding slave segment /axi_dpe_0/s_axi/reg0 from address space /axi_dpe_0/m_axi.
Excluding slave segment /axi_dpe_0/s_axi/reg0 from address space /sd_controller_wrapper_0/axi.
Excluding slave segment /axi_timer_0/S_AXI/Reg from address space /axi_dpe_0/m_axi.
Excluding slave segment /axi_uartlite_0/S_AXI/Reg from address space /axi_dpe_0/m_axi.
Excluding slave segment /sd_controller_wrapper_0/axilite/reg0 from address space /axi_dpe_0/m_axi.
CRITICAL WARNING: [Coretcl 2-1280] The upgrade of 'andromeda_axi_dpe_0_0' has identified issues that may require user intervention. Please verify that the instance is correctly configured, and review any upgrade messages.
WARNING: [BD 41-597] NET <A_fp32_debug> has no source
WARNING: [BD 41-597] NET <prod_fp32_debug> has no source
Wrote  : </home/malik/andromeda_ila/AXI-Dot-Product-Accelerator/Vivado/puzhi/puzhi.srcs/sources_1/bd/andromeda/andromeda.bd> 
Wrote  : </home/malik/andromeda_ila/AXI-Dot-Product-Accelerator/Vivado/puzhi/puzhi.srcs/sources_1/bd/andromeda/ui/bd_9d7d77c9.ui> 
generate_target all [get_files  /home/malik/andromeda_ila/AXI-Dot-Product-Accelerator/Vivado/puzhi/puzhi.srcs/sources_1/bd/andromeda/andromeda.bd]
WARNING: [BD 41-1781] Updates have been made to one or more nets/interface connections marked for debug.
Debug nets, which are already connected to any ILA IP core in the block-design, will be automatically available for debug in Hardware Manager.
For unconnected Debug nets, please open synthesized design and use 'Set Up Debug' wizard to insert, modify or delete Debug Cores. 
Excluding slave segment /axi_timer_0/S_AXI/Reg from address space /axi_dpe_0/m_axi.
Excluding slave segment /axi_timer_0/S_AXI/Reg from address space /sd_controller_wrapper_0/axi.
INFO: [BD 5-943] Reserving offset range <0x41C0_0000 [ 64K ]> from slave interface '/axi_smc/S00_AXI' to master interface '/axi_smc/M00_AXI'. This will be used by smartconnect on path for routing.
INFO: [BD 5-943] Reserving offset range <0x4060_0000 [ 64K ]> from slave interface '/axi_smc/S00_AXI' to master interface '/axi_smc/M01_AXI'. This will be used by smartconnect on path for routing.
INFO: [BD 5-943] Reserving offset range <0x0002_0000 [ 4K ]> from slave interface '/axi_smc/S00_AXI' to master interface '/axi_smc/M02_AXI'. This will be used by smartconnect on path for routing.
INFO: [BD 5-943] Reserving offset range <0x0003_0000 [ 64K ]> from slave interface '/axi_smc/S00_AXI' to master interface '/axi_smc/M03_AXI'. This will be used by smartconnect on path for routing.
INFO: [BD 5-943] Reserving offset range <0x8000_0000 [ 2G ]> from slave interface '/axi_smc/S00_AXI' to master interface '/axi_smc/M04_AXI'. This will be used by smartconnect on path for routing.
INFO: [BD 5-943] Reserving offset range <0x8000_0000 [ 2G ]> from slave interface '/axi_smc/S01_AXI' to master interface '/axi_smc/M04_AXI'. This will be used by smartconnect on path for routing.
INFO: [BD 5-943] Reserving offset range <0x8000_0000 [ 2G ]> from slave interface '/axi_smc/S02_AXI' to master interface '/axi_smc/M04_AXI'. This will be used by smartconnect on path for routing.
INFO: [xilinx.com:ip:smartconnect:1.0-1] andromeda_axi_smc_0: SmartConnect andromeda_axi_smc_0 is in High-performance Mode.
WARNING: [BD 41-702] Propagation TCL tries to overwrite USER strength parameter C_PROBE20_WIDTH(1) on '/ila_lib' with propagated value(32). Command ignored
WARNING: [BD 41-702] Propagation TCL tries to overwrite USER strength parameter C_PROBE22_WIDTH(1) on '/ila_lib' with propagated value(32). Command ignored
WARNING: [BD 41-702] Propagation TCL tries to overwrite USER strength parameter C_PROBE20_WIDTH(1) on '/ila_lib' with propagated value(32). Command ignored
WARNING: [BD 41-702] Propagation TCL tries to overwrite USER strength parameter C_PROBE22_WIDTH(1) on '/ila_lib' with propagated value(32). Command ignored
WARNING: [filemgmt 56-443] The ECC Algorithm string is empty. Setting the Memory Map to default ECC value to ECC_NONE.
WARNING: [filemgmt 56-443] The ECC Algorithm string is empty. Setting the Memory Map to default ECC value to ECC_NONE.
INFO: [xilinx.com:ip:microblaze:11.0-9] /microblaze_0: Setting C_BASE_VECTORS to 0x00000000.
CRITICAL WARNING: [BD 41-759] The input pins (listed below) are either not connected or do not have a source port, and they don't have a tie-off specified. These pins are tied-off to all 0's to avoid error in Implementation flow.
Please check your design and connect them as needed: 
/system_ila_0/probe20
/system_ila_0/probe22

WARNING: [BD 41-597] NET <A_fp32_debug> has no source
WARNING: [BD 41-597] NET <prod_fp32_debug> has no source
Wrote  : </home/malik/andromeda_ila/AXI-Dot-Product-Accelerator/Vivado/puzhi/puzhi.srcs/sources_1/bd/andromeda/andromeda.bd> 
WARNING: [BD 41-3257] Drive strength cannot be preserved for ports connected to net axi_dpe_0_m_axi_RREADY as it is marked for debug
WARNING: [BD 41-3257] Drive strength cannot be preserved for ports connected to net axi_dpe_0_m_axi_RVALID as it is marked for debug
WARNING: [BD 41-3257] Drive strength cannot be preserved for ports connected to net axi_dpe_0_m_axi_RLAST as it is marked for debug
WARNING: [BD 41-3257] Drive strength cannot be preserved for ports connected to net axi_dpe_0_m_axi_RRESP as it is marked for debug
WARNING: [BD 41-3257] Drive strength cannot be preserved for ports connected to net axi_dpe_0_m_axi_ARBURST as it is marked for debug
WARNING: [BD 41-3257] Drive strength cannot be preserved for ports connected to net axi_dpe_0_m_axi_ARLEN as it is marked for debug
WARNING: [BD 41-3257] Drive strength cannot be preserved for ports connected to net axi_dpe_0_m_axi_AWVALID as it is marked for debug
WARNING: [BD 41-3257] Drive strength cannot be preserved for ports connected to net axi_dpe_0_m_axi_AWCACHE as it is marked for debug
WARNING: [BD 41-3257] Drive strength cannot be preserved for ports connected to net axi_dpe_0_m_axi_ARCACHE as it is marked for debug
WARNING: [BD 41-3257] Drive strength cannot be preserved for ports connected to net axi_dpe_0_m_axi_AWSIZE as it is marked for debug
WARNING: [BD 41-3257] Drive strength cannot be preserved for ports connected to net axi_dpe_0_m_axi_AWBURST as it is marked for debug
WARNING: [BD 41-3257] Drive strength cannot be preserved for ports connected to net axi_dpe_0_m_axi_BREADY as it is marked for debug
WARNING: [BD 41-3257] Drive strength cannot be preserved for ports connected to net axi_dpe_0_m_axi_AWPROT as it is marked for debug
WARNING: [BD 41-3257] Drive strength cannot be preserved for ports connected to net axi_dpe_0_m_axi_AWADDR as it is marked for debug
WARNING: [BD 41-3257] Drive strength cannot be preserved for ports connected to net axi_dpe_0_m_axi_AWREADY as it is marked for debug
WARNING: [BD 41-3257] Drive strength cannot be preserved for ports connected to net axi_dpe_0_m_axi_ARVALID as it is marked for debug
WARNING: [BD 41-3257] Drive strength cannot be preserved for ports connected to net axi_dpe_0_m_axi_WDATA as it is marked for debug
WARNING: [BD 41-3257] Drive strength cannot be preserved for ports connected to net axi_dpe_0_m_axi_ARPROT as it is marked for debug
WARNING: [BD 41-3257] Drive strength cannot be preserved for ports connected to net axi_dpe_0_m_axi_WSTRB as it is marked for debug
WARNING: [BD 41-3257] Drive strength cannot be preserved for ports connected to net axi_dpe_0_m_axi_ARREADY as it is marked for debug
WARNING: [BD 41-3257] Drive strength cannot be preserved for ports connected to net axi_dpe_0_m_axi_ARSIZE as it is marked for debug
WARNING: [BD 41-3257] Drive strength cannot be preserved for ports connected to net axi_dpe_0_m_axi_WLAST as it is marked for debug
WARNING: [BD 41-3257] Drive strength cannot be preserved for ports connected to net axi_dpe_0_m_axi_AWLEN as it is marked for debug
WARNING: [BD 41-3257] Drive strength cannot be preserved for ports connected to net axi_dpe_0_m_axi_BVALID as it is marked for debug
WARNING: [BD 41-3257] Drive strength cannot be preserved for ports connected to net axi_dpe_0_m_axi_WVALID as it is marked for debug
WARNING: [BD 41-3257] Drive strength cannot be preserved for ports connected to net axi_dpe_0_m_axi_WREADY as it is marked for debug
WARNING: [BD 41-3257] Drive strength cannot be preserved for ports connected to net axi_dpe_0_m_axi_RDATA as it is marked for debug
WARNING: [BD 41-3257] Drive strength cannot be preserved for ports connected to net axi_dpe_0_m_axi_BRESP as it is marked for debug
WARNING: [BD 41-3257] Drive strength cannot be preserved for ports connected to net axi_dpe_0_m_axi_ARADDR as it is marked for debug
WARNING: [BD 41-3257] Drive strength cannot be preserved for ports connected to net axi_smc_M03_AXI_RREADY as it is marked for debug
WARNING: [BD 41-3257] Drive strength cannot be preserved for ports connected to net axi_smc_M03_AXI_RVALID as it is marked for debug
WARNING: [BD 41-3257] Drive strength cannot be preserved for ports connected to net axi_smc_M03_AXI_WVALID as it is marked for debug
WARNING: [BD 41-3257] Drive strength cannot be preserved for ports connected to net axi_smc_M03_AXI_AWREADY as it is marked for debug
WARNING: [BD 41-3257] Drive strength cannot be preserved for ports connected to net axi_smc_M03_AXI_AWADDR as it is marked for debug
WARNING: [BD 41-3257] Drive strength cannot be preserved for ports connected to net axi_smc_M03_AXI_ARREADY as it is marked for debug
WARNING: [BD 41-3257] Drive strength cannot be preserved for ports connected to net axi_smc_M03_AXI_AWVALID as it is marked for debug
WARNING: [BD 41-3257] Drive strength cannot be preserved for ports connected to net axi_smc_M03_AXI_AWPROT as it is marked for debug
WARNING: [BD 41-3257] Drive strength cannot be preserved for ports connected to net axi_smc_M03_AXI_BREADY as it is marked for debug
WARNING: [BD 41-3257] Drive strength cannot be preserved for ports connected to net axi_smc_M03_AXI_WSTRB as it is marked for debug
WARNING: [BD 41-3257] Drive strength cannot be preserved for ports connected to net axi_smc_M03_AXI_ARPROT as it is marked for debug
WARNING: [BD 41-3257] Drive strength cannot be preserved for ports connected to net axi_smc_M03_AXI_RRESP as it is marked for debug
WARNING: [BD 41-3257] Drive strength cannot be preserved for ports connected to net axi_smc_M03_AXI_WREADY as it is marked for debug
WARNING: [BD 41-3257] Drive strength cannot be preserved for ports connected to net axi_smc_M03_AXI_RDATA as it is marked for debug
WARNING: [BD 41-3257] Drive strength cannot be preserved for ports connected to net axi_smc_M03_AXI_BRESP as it is marked for debug
WARNING: [BD 41-3257] Drive strength cannot be preserved for ports connected to net axi_smc_M03_AXI_ARADDR as it is marked for debug
WARNING: [BD 41-3257] Drive strength cannot be preserved for ports connected to net axi_smc_M03_AXI_BVALID as it is marked for debug
WARNING: [BD 41-3257] Drive strength cannot be preserved for ports connected to net axi_smc_M03_AXI_WDATA as it is marked for debug
WARNING: [BD 41-3257] Drive strength cannot be preserved for ports connected to net axi_smc_M03_AXI_ARVALID as it is marked for debug
WARNING: [BD 41-3257] Drive strength cannot be preserved for ports connected to net axi_smc_M04_AXI_RREADY as it is marked for debug
WARNING: [BD 41-3257] Drive strength cannot be preserved for ports connected to net axi_smc_M04_AXI_RVALID as it is marked for debug
WARNING: [BD 41-3257] Drive strength cannot be preserved for ports connected to net axi_smc_M04_AXI_RLAST as it is marked for debug
WARNING: [BD 41-3257] Drive strength cannot be preserved for ports connected to net axi_smc_M04_AXI_RRESP as it is marked for debug
WARNING: [BD 41-3257] Drive strength cannot be preserved for ports connected to net axi_smc_M04_AXI_ARBURST as it is marked for debug
WARNING: [BD 41-3257] Drive strength cannot be preserved for ports connected to net axi_smc_M04_AXI_ARLEN as it is marked for debug
WARNING: [BD 41-3257] Drive strength cannot be preserved for ports connected to net axi_smc_M04_AXI_ARADDR as it is marked for debug
WARNING: [BD 41-3257] Drive strength cannot be preserved for ports connected to net axi_smc_M04_AXI_BREADY as it is marked for debug
WARNING: [BD 41-3257] Drive strength cannot be preserved for ports connected to net axi_smc_M04_AXI_AWPROT as it is marked for debug
WARNING: [BD 41-3257] Drive strength cannot be preserved for ports connected to net axi_smc_M04_AXI_AWREADY as it is marked for debug
WARNING: [BD 41-3257] Drive strength cannot be preserved for ports connected to net axi_smc_M04_AXI_AWADDR as it is marked for debug
WARNING: [BD 41-3257] Drive strength cannot be preserved for ports connected to net axi_smc_M04_AXI_AWCACHE as it is marked for debug
WARNING: [BD 41-3257] Drive strength cannot be preserved for ports connected to net axi_smc_M04_AXI_ARCACHE as it is marked for debug
WARNING: [BD 41-3257] Drive strength cannot be preserved for ports connected to net axi_smc_M04_AXI_ARLOCK as it is marked for debug
WARNING: [BD 41-3257] Drive strength cannot be preserved for ports connected to net axi_smc_M04_AXI_AWBURST as it is marked for debug
WARNING: [BD 41-3257] Drive strength cannot be preserved for ports connected to net axi_smc_M04_AXI_AWSIZE as it is marked for debug
WARNING: [BD 41-3257] Drive strength cannot be preserved for ports connected to net axi_smc_M04_AXI_ARQOS as it is marked for debug
WARNING: [BD 41-3257] Drive strength cannot be preserved for ports connected to net axi_smc_M04_AXI_AWVALID as it is marked for debug
WARNING: [BD 41-3257] Drive strength cannot be preserved for ports connected to net axi_smc_M04_AXI_AWQOS as it is marked for debug
WARNING: [BD 41-3257] Drive strength cannot be preserved for ports connected to net axi_smc_M04_AXI_ARVALID as it is marked for debug
WARNING: [BD 41-3257] Drive strength cannot be preserved for ports connected to net axi_smc_M04_AXI_WDATA as it is marked for debug
WARNING: [BD 41-3257] Drive strength cannot be preserved for ports connected to net axi_smc_M04_AXI_ARPROT as it is marked for debug
WARNING: [BD 41-3257] Drive strength cannot be preserved for ports connected to net axi_smc_M04_AXI_WSTRB as it is marked for debug
WARNING: [BD 41-3257] Drive strength cannot be preserved for ports connected to net axi_smc_M04_AXI_ARREADY as it is marked for debug
WARNING: [BD 41-3257] Drive strength cannot be preserved for ports connected to net axi_smc_M04_AXI_ARSIZE as it is marked for debug
WARNING: [BD 41-3257] Drive strength cannot be preserved for ports connected to net axi_smc_M04_AXI_WLAST as it is marked for debug
WARNING: [BD 41-3257] Drive strength cannot be preserved for ports connected to net axi_smc_M04_AXI_AWLEN as it is marked for debug
WARNING: [BD 41-3257] Drive strength cannot be preserved for ports connected to net axi_smc_M04_AXI_AWLOCK as it is marked for debug
WARNING: [BD 41-3257] Drive strength cannot be preserved for ports connected to net axi_smc_M04_AXI_BVALID as it is marked for debug
WARNING: [BD 41-3257] Drive strength cannot be preserved for ports connected to net axi_smc_M04_AXI_WVALID as it is marked for debug
WARNING: [BD 41-3257] Drive strength cannot be preserved for ports connected to net axi_smc_M04_AXI_WREADY as it is marked for debug
WARNING: [BD 41-3257] Drive strength cannot be preserved for ports connected to net axi_smc_M04_AXI_RDATA as it is marked for debug
WARNING: [BD 41-3257] Drive strength cannot be preserved for ports connected to net axi_smc_M04_AXI_BRESP as it is marked for debug
WARNING: [BD 41-3257] Drive strength cannot be preserved for ports connected to net A_fp32_debug as it is marked for debug
WARNING: [BD 41-166] Source port for the net:A_fp32_debug is NULL! Connection will be grounded!
WARNING: [BD 41-3257] Drive strength cannot be preserved for ports connected to net A_valid_debug as it is marked for debug
WARNING: [BD 41-3257] Drive strength cannot be preserved for ports connected to net ctrl_state_debug as it is marked for debug
WARNING: [BD 41-3257] Drive strength cannot be preserved for ports connected to net dma_busy_debug as it is marked for debug
WARNING: [BD 41-3257] Drive strength cannot be preserved for ports connected to net dma_start_debug as it is marked for debug
WARNING: [BD 41-3257] Drive strength cannot be preserved for ports connected to net dma_status_debug as it is marked for debug
WARNING: [BD 41-3257] Drive strength cannot be preserved for ports connected to net dpe_done as it is marked for debug
WARNING: [BD 41-3257] Drive strength cannot be preserved for ports connected to net dpe_en_debug as it is marked for debug
WARNING: [BD 41-3257] Drive strength cannot be preserved for ports connected to net dpe_start_debug as it is marked for debug
WARNING: [BD 41-3257] Drive strength cannot be preserved for ports connected to net dpe_state_debug as it is marked for debug
WARNING: [BD 41-3257] Drive strength cannot be preserved for ports connected to net master_state_debug as it is marked for debug
WARNING: [BD 41-3257] Drive strength cannot be preserved for ports connected to net prod_fp32_debug as it is marked for debug
WARNING: [BD 41-166] Source port for the net:prod_fp32_debug is NULL! Connection will be grounded!
WARNING: [BD 41-3257] Drive strength cannot be preserved for ports connected to net prod_valid_debug as it is marked for debug
WARNING: [BD 41-3257] Drive strength cannot be preserved for ports connected to net read_data_buffer_debug as it is marked for debug
WARNING: [BD 41-3257] Drive strength cannot be preserved for ports connected to net read_data_index_debug as it is marked for debug
WARNING: [BD 41-3257] Drive strength cannot be preserved for ports connected to net read_data_valid_debug as it is marked for debug
WARNING: [BD 41-3257] Drive strength cannot be preserved for ports connected to net read_grant_debug as it is marked for debug
WARNING: [BD 41-3257] Drive strength cannot be preserved for ports connected to net read_request_debug as it is marked for debug
WARNING: [BD 41-3257] Drive strength cannot be preserved for ports connected to net read_state_debug as it is marked for debug
INFO: [Common 17-14] Message 'BD 41-3257' appears 100 times and further instances of the messages will be disabled. Use the Tcl command set_msg_config to change the current settings.
Verilog Output written to : /home/malik/andromeda_ila/AXI-Dot-Product-Accelerator/Vivado/puzhi/puzhi.gen/sources_1/bd/andromeda/synth/andromeda.v
WARNING: [BD 41-166] Source port for the net:A_fp32_debug is NULL! Connection will be grounded!
WARNING: [BD 41-166] Source port for the net:prod_fp32_debug is NULL! Connection will be grounded!
Verilog Output written to : /home/malik/andromeda_ila/AXI-Dot-Product-Accelerator/Vivado/puzhi/puzhi.gen/sources_1/bd/andromeda/sim/andromeda.v
Verilog Output written to : /home/malik/andromeda_ila/AXI-Dot-Product-Accelerator/Vivado/puzhi/puzhi.gen/sources_1/bd/andromeda/hdl/andromeda_wrapper.v
INFO: [BD 41-1637] Generated targets are already up-to-date for block design 'bd_828f' - hence not re-generating.
Exporting to file /home/malik/andromeda_ila/AXI-Dot-Product-Accelerator/Vivado/puzhi/puzhi.gen/sources_1/bd/andromeda/ip/andromeda_axi_smc_0/bd_0/hw_handoff/andromeda_axi_smc_0.hwh
Generated Hardware Definition File /home/malik/andromeda_ila/AXI-Dot-Product-Accelerator/Vivado/puzhi/puzhi.gen/sources_1/bd/andromeda/ip/andromeda_axi_smc_0/bd_0/synth/andromeda_axi_smc_0.hwdef
INFO: [BD 41-1029] Generation completed for the IP Integrator block axi_smc .
INFO: [BD 41-1029] Generation completed for the IP Integrator block axi_dpe_0 .
WARNING: [IP_Flow 19-4994] Overwriting existing constraint file '/home/malik/andromeda_ila/AXI-Dot-Product-Accelerator/Vivado/puzhi/puzhi.gen/sources_1/bd/andromeda/ip/andromeda_system_ila_0_0/andromeda_system_ila_0_0_ooc.xdc'
CRITICAL WARNING: [BD 41-2383] Width mismatch when connecting input pin '/ila_lib/probe20'(1) to pin '/probe20'(32) - Only lower order bits will be connected, and other input bits of this pin will be left unconnected.
CRITICAL WARNING: [BD 41-2383] Width mismatch when connecting input pin '/ila_lib/probe22'(1) to pin '/probe22'(32) - Only lower order bits will be connected, and other input bits of this pin will be left unconnected.
CRITICAL WARNING: [BD 41-2383] Width mismatch when connecting input pin '/ila_lib/probe20'(1) to pin '/probe20'(32) - Only lower order bits will be connected, and other input bits of this pin will be left unconnected.
CRITICAL WARNING: [BD 41-2383] Width mismatch when connecting input pin '/ila_lib/probe22'(1) to pin '/probe22'(32) - Only lower order bits will be connected, and other input bits of this pin will be left unconnected.
Exporting to file /home/malik/andromeda_ila/AXI-Dot-Product-Accelerator/Vivado/puzhi/puzhi.gen/sources_1/bd/andromeda/ip/andromeda_system_ila_0_0/bd_0/hw_handoff/andromeda_system_ila_0_0.hwh
Generated Hardware Definition File /home/malik/andromeda_ila/AXI-Dot-Product-Accelerator/Vivado/puzhi/puzhi.gen/sources_1/bd/andromeda/ip/andromeda_system_ila_0_0/bd_0/synth/andromeda_system_ila_0_0.hwdef
INFO: [BD 41-1029] Generation completed for the IP Integrator block system_ila_0 .
Exporting to file /home/malik/andromeda_ila/AXI-Dot-Product-Accelerator/Vivado/puzhi/puzhi.gen/sources_1/bd/andromeda/hw_handoff/andromeda.hwh
Generated Hardware Definition File /home/malik/andromeda_ila/AXI-Dot-Product-Accelerator/Vivado/puzhi/puzhi.gen/sources_1/bd/andromeda/synth/andromeda.hwdef
generate_target: Time (s): cpu = 00:00:22 ; elapsed = 00:00:19 . Memory (MB): peak = 11407.945 ; gain = 0.000 ; free physical = 87306 ; free virtual = 98724
export_ip_user_files -of_objects [get_files /home/malik/andromeda_ila/AXI-Dot-Product-Accelerator/Vivado/puzhi/puzhi.srcs/sources_1/bd/andromeda/andromeda.bd] -no_script -sync -force -quiet
create_ip_run [get_files -of_objects [get_fileset sources_1] /home/malik/andromeda_ila/AXI-Dot-Product-Accelerator/Vivado/puzhi/puzhi.srcs/sources_1/bd/andromeda/andromeda.bd]
launch_runs andromeda_axi_dpe_0_0_synth_1 andromeda_axi_smc_0_synth_1 andromeda_system_ila_0_0_synth_1 -jobs 24
INFO: [Vivado 12-4149] The synthesis checkpoint for IP '/home/malik/andromeda_ila/AXI-Dot-Product-Accelerator/Vivado/puzhi/puzhi.srcs/sources_1/ip/floating_point_2/floating_point_2.xci' is already up-to-date
INFO: [Vivado 12-4149] The synthesis checkpoint for IP '/home/malik/andromeda_ila/AXI-Dot-Product-Accelerator/Vivado/puzhi/puzhi.srcs/sources_1/ip/floating_point_1/floating_point_1.xci' is already up-to-date
INFO: [Vivado 12-4149] The synthesis checkpoint for IP '/home/malik/andromeda_ila/AXI-Dot-Product-Accelerator/Vivado/puzhi/puzhi.srcs/sources_1/ip/floating_point_3/floating_point_3.xci' is already up-to-date
INFO: [Vivado 12-4149] The synthesis checkpoint for IP '/home/malik/andromeda_ila/AXI-Dot-Product-Accelerator/Vivado/puzhi/puzhi.srcs/sources_1/ip/floating_point_0/floating_point_0.xci' is already up-to-date
INFO: [Vivado 12-4149] The synthesis checkpoint for IP '/home/malik/andromeda_ila/AXI-Dot-Product-Accelerator/Vivado/puzhi/puzhi.srcs/sources_1/ip/sdp_w4096x2_r4096x2/sdp_w4096x2_r4096x2.xci' is already up-to-date
[Wed Jun 11 15:53:45 2025] Launched andromeda_axi_dpe_0_0_synth_1, andromeda_axi_smc_0_synth_1, andromeda_system_ila_0_0_synth_1...
Run output will be captured here:
andromeda_axi_dpe_0_0_synth_1: /home/malik/andromeda_ila/AXI-Dot-Product-Accelerator/Vivado/puzhi/puzhi.runs/andromeda_axi_dpe_0_0_synth_1/runme.log
andromeda_axi_smc_0_synth_1: /home/malik/andromeda_ila/AXI-Dot-Product-Accelerator/Vivado/puzhi/puzhi.runs/andromeda_axi_smc_0_synth_1/runme.log
andromeda_system_ila_0_0_synth_1: /home/malik/andromeda_ila/AXI-Dot-Product-Accelerator/Vivado/puzhi/puzhi.runs/andromeda_system_ila_0_0_synth_1/runme.log
export_simulation -lib_map_path [list {modelsim=/home/malik/andromeda_ila/AXI-Dot-Product-Accelerator/Vivado/puzhi/puzhi.cache/compile_simlib/modelsim} {questa=/home/malik/andromeda_ila/AXI-Dot-Product-Accelerator/Vivado/puzhi/puzhi.cache/compile_simlib/questa} {xcelium=/home/malik/andromeda_ila/AXI-Dot-Product-Accelerator/Vivado/puzhi/puzhi.cache/compile_simlib/xcelium} {vcs=/home/malik/andromeda_ila/AXI-Dot-Product-Accelerator/Vivado/puzhi/puzhi.cache/compile_simlib/vcs} {riviera=/home/malik/andromeda_ila/AXI-Dot-Product-Accelerator/Vivado/puzhi/puzhi.cache/compile_simlib/riviera}] -of_objects [get_files /home/malik/andromeda_ila/AXI-Dot-Product-Accelerator/Vivado/puzhi/puzhi.srcs/sources_1/bd/andromeda/andromeda.bd] -directory /home/malik/andromeda_ila/AXI-Dot-Product-Accelerator/Vivado/puzhi/andromeda.ip_user_files/sim_scripts -ip_user_files_dir /home/malik/andromeda_ila/AXI-Dot-Product-Accelerator/Vivado/puzhi/andromeda.ip_user_files -ipstatic_source_dir /home/malik/andromeda_ila/AXI-Dot-Product-Accelerator/Vivado/puzhi/puzhi.ip_user_files/ipstatic -use_ip_compiled_libs -force -quiet
WARNING: [filemgmt 56-199] Attempt to get parsing info during refresh. "On-the-fly" syntax checking information may be incorrect. [/home/malik/andromeda_ila/AXI-Dot-Product-Accelerator/Vivado/puzhi/puzhi.srcs/sources_1/imports/hdl/dot_product_engine.sv:]
WARNING: [filemgmt 56-199] Attempt to get parsing info during refresh. "On-the-fly" syntax checking information may be incorrect. [/home/malik/andromeda_ila/AXI-Dot-Product-Accelerator/Vivado/puzhi/puzhi.srcs/sources_1/imports/hdl/axi_dpe.v:]
WARNING: [filemgmt 56-199] Attempt to get parsing info during refresh. "On-the-fly" syntax checking information may be incorrect. [/home/malik/andromeda_ila/AXI-Dot-Product-Accelerator/Vivado/puzhi/puzhi.srcs/sources_1/imports/hdl/top_dot_product_engine.sv:]
WARNING: [filemgmt 56-199] Attempt to get parsing info during refresh. "On-the-fly" syntax checking information may be incorrect. [/home/malik/andromeda_ila/AXI-Dot-Product-Accelerator/Vivado/puzhi/puzhi.srcs/sources_1/imports/hdl/axi_dpe.v:]
WARNING: [filemgmt 56-199] Attempt to get parsing info during refresh. "On-the-fly" syntax checking information may be incorrect. [/home/malik/andromeda_ila/AXI-Dot-Product-Accelerator/Vivado/puzhi/puzhi.srcs/sources_1/imports/hdl/axi_dpe.v:]
WARNING: [filemgmt 56-199] Attempt to get parsing info during refresh. "On-the-fly" syntax checking information may be incorrect. [/home/malik/andromeda_ila/AXI-Dot-Product-Accelerator/Vivado/puzhi/puzhi.srcs/sources_1/imports/hdl/dot_product_engine.sv:]
WARNING: [filemgmt 56-199] Attempt to get parsing info during refresh. "On-the-fly" syntax checking information may be incorrect. [/home/malik/andromeda_ila/AXI-Dot-Product-Accelerator/Vivado/puzhi/puzhi.srcs/sources_1/imports/hdl/axi_dpe.v:]
WARNING: [filemgmt 56-199] Attempt to get parsing info during refresh. "On-the-fly" syntax checking information may be incorrect. [/home/malik/andromeda_ila/AXI-Dot-Product-Accelerator/Vivado/puzhi/puzhi.srcs/sources_1/imports/hdl/top_dot_product_engine.sv:]
WARNING: [filemgmt 56-199] Attempt to get parsing info during refresh. "On-the-fly" syntax checking information may be incorrect. [/home/malik/andromeda_ila/AXI-Dot-Product-Accelerator/Vivado/puzhi/puzhi.srcs/sources_1/imports/hdl/top_dot_product_engine.sv:]
WARNING: [filemgmt 56-199] Attempt to get parsing info during refresh. "On-the-fly" syntax checking information may be incorrect. [/home/malik/andromeda_ila/AXI-Dot-Product-Accelerator/Vivado/puzhi/puzhi.srcs/sources_1/imports/hdl/top_dot_product_engine.sv:]
report_ip_status -name ip_status 
startgroup
connect_bd_net -net A_debug [get_bd_pins axi_dpe_0/A_debug]
set_property HDL_ATTRIBUTE.DEBUG true [get_bd_nets {A_debug }]
true
endgroup
startgroup
connect_bd_net -net prod_debug [get_bd_pins axi_dpe_0/prod_debug]
set_property HDL_ATTRIBUTE.DEBUG true [get_bd_nets {prod_debug }]
true
endgroup
WARNING: [filemgmt 56-199] Attempt to get parsing info during refresh. "On-the-fly" syntax checking information may be incorrect. [/home/malik/andromeda_ila/AXI-Dot-Product-Accelerator/Vivado/puzhi/puzhi.srcs/sources_1/imports/hdl/dot_product_engine.sv:]
WARNING: [filemgmt 56-199] Attempt to get parsing info during refresh. "On-the-fly" syntax checking information may be incorrect. [/home/malik/andromeda_ila/AXI-Dot-Product-Accelerator/Vivado/puzhi/puzhi.srcs/sources_1/imports/hdl/axi_dpe.v:]
WARNING: [filemgmt 56-199] Attempt to get parsing info during refresh. "On-the-fly" syntax checking information may be incorrect. [/home/malik/andromeda_ila/AXI-Dot-Product-Accelerator/Vivado/puzhi/puzhi.srcs/sources_1/imports/hdl/top_dot_product_engine.sv:]
WARNING: [filemgmt 56-199] Attempt to get parsing info during refresh. "On-the-fly" syntax checking information may be incorrect. [/home/malik/andromeda_ila/AXI-Dot-Product-Accelerator/Vivado/puzhi/puzhi.srcs/sources_1/imports/hdl/axi_dpe.v:]
WARNING: [filemgmt 56-199] Attempt to get parsing info during refresh. "On-the-fly" syntax checking information may be incorrect. [/home/malik/andromeda_ila/AXI-Dot-Product-Accelerator/Vivado/puzhi/puzhi.srcs/sources_1/imports/hdl/axi_dpe.v:]
WARNING: [filemgmt 56-199] Attempt to get parsing info during refresh. "On-the-fly" syntax checking information may be incorrect. [/home/malik/andromeda_ila/AXI-Dot-Product-Accelerator/Vivado/puzhi/puzhi.srcs/sources_1/imports/hdl/dot_product_engine.sv:]
WARNING: [filemgmt 56-199] Attempt to get parsing info during refresh. "On-the-fly" syntax checking information may be incorrect. [/home/malik/andromeda_ila/AXI-Dot-Product-Accelerator/Vivado/puzhi/puzhi.srcs/sources_1/imports/hdl/axi_dpe.v:]
WARNING: [filemgmt 56-199] Attempt to get parsing info during refresh. "On-the-fly" syntax checking information may be incorrect. [/home/malik/andromeda_ila/AXI-Dot-Product-Accelerator/Vivado/puzhi/puzhi.srcs/sources_1/imports/hdl/top_dot_product_engine.sv:]
WARNING: [filemgmt 56-199] Attempt to get parsing info during refresh. "On-the-fly" syntax checking information may be incorrect. [/home/malik/andromeda_ila/AXI-Dot-Product-Accelerator/Vivado/puzhi/puzhi.srcs/sources_1/imports/hdl/top_dot_product_engine.sv:]
WARNING: [filemgmt 56-199] Attempt to get parsing info during refresh. "On-the-fly" syntax checking information may be incorrect. [/home/malik/andromeda_ila/AXI-Dot-Product-Accelerator/Vivado/puzhi/puzhi.srcs/sources_1/imports/hdl/top_dot_product_engine.sv:]
startgroup
connect_bd_net -net write_valid [get_bd_pins axi_dpe_0/write_valid]
set_property HDL_ATTRIBUTE.DEBUG true [get_bd_nets {write_valid }]
true
endgroup
startgroup
apply_bd_automation -rule xilinx.com:bd_rule:debug -dict [list \
                                                          [get_bd_nets A_debug] {PROBE_TYPE "Data and Trigger" CLK_SRC "/ddr4_0/c0_ddr4_ui_clk" SYSTEM_ILA "Auto" } \
                                                          [get_bd_nets prod_debug] {PROBE_TYPE "Data and Trigger" CLK_SRC "/ddr4_0/c0_ddr4_ui_clk" SYSTEM_ILA "Auto" } \
                                                          [get_bd_nets write_valid] {PROBE_TYPE "Data and Trigger" CLK_SRC "/ddr4_0/c0_ddr4_ui_clk" SYSTEM_ILA "Auto" } \
                                                         ]
WARNING: [BD 5-1069] Please specify '-mon_dir' argument when interface mode is 'Monitor'. Using 'in' as default.
WARNING: [BD 5-1069] Please specify '-mon_dir' argument when interface mode is 'Monitor'. Using 'in' as default.
WARNING: [BD 5-1069] Please specify '-mon_dir' argument when interface mode is 'Monitor'. Using 'in' as default.
Debug Automation : Re-customizing System ILA block '/system_ila_0' to mode MIX, with 0 new slot interface pins and 3 new probe pins. Also setting parameters on this block, corresponding to newly enabled interface pins and probe pins as specified via Debug Automation.
Debug Automation : Connecting net /A_debug, to System ILA probe pin /system_ila_0/probe39 for debug.
Debug Automation : Connecting net /prod_debug, to System ILA probe pin /system_ila_0/probe40 for debug.
Debug Automation : Connecting net /write_valid, to System ILA probe pin /system_ila_0/probe41 for debug.
endgroup
WARNING: [filemgmt 56-199] Attempt to get parsing info during refresh. "On-the-fly" syntax checking information may be incorrect. [/home/malik/andromeda_ila/AXI-Dot-Product-Accelerator/Vivado/puzhi/puzhi.srcs/sources_1/imports/hdl/dot_product_engine.sv:]
WARNING: [filemgmt 56-199] Attempt to get parsing info during refresh. "On-the-fly" syntax checking information may be incorrect. [/home/malik/andromeda_ila/AXI-Dot-Product-Accelerator/Vivado/puzhi/puzhi.srcs/sources_1/imports/hdl/axi_dpe.v:]
WARNING: [filemgmt 56-199] Attempt to get parsing info during refresh. "On-the-fly" syntax checking information may be incorrect. [/home/malik/andromeda_ila/AXI-Dot-Product-Accelerator/Vivado/puzhi/puzhi.srcs/sources_1/imports/hdl/top_dot_product_engine.sv:]
WARNING: [filemgmt 56-199] Attempt to get parsing info during refresh. "On-the-fly" syntax checking information may be incorrect. [/home/malik/andromeda_ila/AXI-Dot-Product-Accelerator/Vivado/puzhi/puzhi.srcs/sources_1/imports/hdl/top_dot_product_engine.sv:]
WARNING: [filemgmt 56-199] Attempt to get parsing info during refresh. "On-the-fly" syntax checking information may be incorrect. [/home/malik/andromeda_ila/AXI-Dot-Product-Accelerator/Vivado/puzhi/puzhi.srcs/sources_1/imports/hdl/top_dot_product_engine.sv:]
WARNING: [filemgmt 56-199] Attempt to get parsing info during refresh. "On-the-fly" syntax checking information may be incorrect. [/home/malik/andromeda_ila/AXI-Dot-Product-Accelerator/Vivado/puzhi/puzhi.srcs/sources_1/imports/hdl/dot_product_engine.sv:]
WARNING: [filemgmt 56-199] Attempt to get parsing info during refresh. "On-the-fly" syntax checking information may be incorrect. [/home/malik/andromeda_ila/AXI-Dot-Product-Accelerator/Vivado/puzhi/puzhi.srcs/sources_1/imports/hdl/axi_dpe.v:]
WARNING: [filemgmt 56-199] Attempt to get parsing info during refresh. "On-the-fly" syntax checking information may be incorrect. [/home/malik/andromeda_ila/AXI-Dot-Product-Accelerator/Vivado/puzhi/puzhi.srcs/sources_1/imports/hdl/top_dot_product_engine.sv:]
WARNING: [filemgmt 56-199] Attempt to get parsing info during refresh. "On-the-fly" syntax checking information may be incorrect. [/home/malik/andromeda_ila/AXI-Dot-Product-Accelerator/Vivado/puzhi/puzhi.srcs/sources_1/imports/hdl/axi_dpe.v:]
WARNING: [filemgmt 56-199] Attempt to get parsing info during refresh. "On-the-fly" syntax checking information may be incorrect. [/home/malik/andromeda_ila/AXI-Dot-Product-Accelerator/Vivado/puzhi/puzhi.srcs/sources_1/imports/hdl/axi_dpe.v:]
WARNING: [filemgmt 56-199] Attempt to get parsing info during refresh. "On-the-fly" syntax checking information may be incorrect. [/home/malik/andromeda_ila/AXI-Dot-Product-Accelerator/Vivado/puzhi/puzhi.srcs/sources_1/imports/hdl/dot_product_engine.sv:]
WARNING: [filemgmt 56-199] Attempt to get parsing info during refresh. "On-the-fly" syntax checking information may be incorrect. [/home/malik/andromeda_ila/AXI-Dot-Product-Accelerator/Vivado/puzhi/puzhi.srcs/sources_1/imports/hdl/axi_dpe.v:]
WARNING: [filemgmt 56-199] Attempt to get parsing info during refresh. "On-the-fly" syntax checking information may be incorrect. [/home/malik/andromeda_ila/AXI-Dot-Product-Accelerator/Vivado/puzhi/puzhi.srcs/sources_1/imports/hdl/top_dot_product_engine.sv:]
WARNING: [filemgmt 56-199] Attempt to get parsing info during refresh. "On-the-fly" syntax checking information may be incorrect. [/home/malik/andromeda_ila/AXI-Dot-Product-Accelerator/Vivado/puzhi/puzhi.srcs/sources_1/imports/hdl/axi_dpe.v:]
WARNING: [filemgmt 56-199] Attempt to get parsing info during refresh. "On-the-fly" syntax checking information may be incorrect. [/home/malik/andromeda_ila/AXI-Dot-Product-Accelerator/Vivado/puzhi/puzhi.srcs/sources_1/imports/hdl/axi_dpe.v:]
WARNING: [filemgmt 56-199] Attempt to get parsing info during refresh. "On-the-fly" syntax checking information may be incorrect. [/home/malik/andromeda_ila/AXI-Dot-Product-Accelerator/Vivado/puzhi/puzhi.srcs/sources_1/imports/hdl/dot_product_engine.sv:]
WARNING: [filemgmt 56-199] Attempt to get parsing info during refresh. "On-the-fly" syntax checking information may be incorrect. [/home/malik/andromeda_ila/AXI-Dot-Product-Accelerator/Vivado/puzhi/puzhi.srcs/sources_1/imports/hdl/axi_dpe.v:]
WARNING: [filemgmt 56-199] Attempt to get parsing info during refresh. "On-the-fly" syntax checking information may be incorrect. [/home/malik/andromeda_ila/AXI-Dot-Product-Accelerator/Vivado/puzhi/puzhi.srcs/sources_1/imports/hdl/top_dot_product_engine.sv:]
WARNING: [filemgmt 56-199] Attempt to get parsing info during refresh. "On-the-fly" syntax checking information may be incorrect. [/home/malik/andromeda_ila/AXI-Dot-Product-Accelerator/Vivado/puzhi/puzhi.srcs/sources_1/imports/hdl/top_dot_product_engine.sv:]
WARNING: [filemgmt 56-199] Attempt to get parsing info during refresh. "On-the-fly" syntax checking information may be incorrect. [/home/malik/andromeda_ila/AXI-Dot-Product-Accelerator/Vivado/puzhi/puzhi.srcs/sources_1/imports/hdl/top_dot_product_engine.sv:]
WARNING: [filemgmt 56-199] Attempt to get parsing info during refresh. "On-the-fly" syntax checking information may be incorrect. [/home/malik/andromeda_ila/AXI-Dot-Product-Accelerator/Vivado/puzhi/puzhi.srcs/sources_1/imports/hdl/dot_product_engine.sv:]
WARNING: [filemgmt 56-199] Attempt to get parsing info during refresh. "On-the-fly" syntax checking information may be incorrect. [/home/malik/andromeda_ila/AXI-Dot-Product-Accelerator/Vivado/puzhi/puzhi.srcs/sources_1/imports/hdl/axi_dpe.v:]
WARNING: [filemgmt 56-199] Attempt to get parsing info during refresh. "On-the-fly" syntax checking information may be incorrect. [/home/malik/andromeda_ila/AXI-Dot-Product-Accelerator/Vivado/puzhi/puzhi.srcs/sources_1/imports/hdl/top_dot_product_engine.sv:]
WARNING: [filemgmt 56-199] Attempt to get parsing info during refresh. "On-the-fly" syntax checking information may be incorrect. [/home/malik/andromeda_ila/AXI-Dot-Product-Accelerator/Vivado/puzhi/puzhi.srcs/sources_1/imports/hdl/dot_product_engine.sv:]
WARNING: [filemgmt 56-199] Attempt to get parsing info during refresh. "On-the-fly" syntax checking information may be incorrect. [/home/malik/andromeda_ila/AXI-Dot-Product-Accelerator/Vivado/puzhi/puzhi.srcs/sources_1/imports/hdl/dot_product_engine.sv:]
WARNING: [filemgmt 56-199] Attempt to get parsing info during refresh. "On-the-fly" syntax checking information may be incorrect. [/home/malik/andromeda_ila/AXI-Dot-Product-Accelerator/Vivado/puzhi/puzhi.srcs/sources_1/imports/hdl/dot_product_engine.sv:]
WARNING: [filemgmt 56-199] Attempt to get parsing info during refresh. "On-the-fly" syntax checking information may be incorrect. [/home/malik/andromeda_ila/AXI-Dot-Product-Accelerator/Vivado/puzhi/puzhi.srcs/sources_1/imports/hdl/axi_dpe.v:]
WARNING: [filemgmt 56-199] Attempt to get parsing info during refresh. "On-the-fly" syntax checking information may be incorrect. [/home/malik/andromeda_ila/AXI-Dot-Product-Accelerator/Vivado/puzhi/puzhi.srcs/sources_1/imports/hdl/top_dot_product_engine.sv:]
WARNING: [filemgmt 56-199] Attempt to get parsing info during refresh. "On-the-fly" syntax checking information may be incorrect. [/home/malik/andromeda_ila/AXI-Dot-Product-Accelerator/Vivado/puzhi/puzhi.srcs/sources_1/imports/hdl/top_dot_product_engine.sv:]
WARNING: [filemgmt 56-199] Attempt to get parsing info during refresh. "On-the-fly" syntax checking information may be incorrect. [/home/malik/andromeda_ila/AXI-Dot-Product-Accelerator/Vivado/puzhi/puzhi.srcs/sources_1/imports/hdl/top_dot_product_engine.sv:]
WARNING: [filemgmt 56-199] Attempt to get parsing info during refresh. "On-the-fly" syntax checking information may be incorrect. [/home/malik/andromeda_ila/AXI-Dot-Product-Accelerator/Vivado/puzhi/puzhi.srcs/sources_1/imports/hdl/dot_product_engine.sv:]
WARNING: [filemgmt 56-199] Attempt to get parsing info during refresh. "On-the-fly" syntax checking information may be incorrect. [/home/malik/andromeda_ila/AXI-Dot-Product-Accelerator/Vivado/puzhi/puzhi.srcs/sources_1/imports/hdl/axi_dpe.v:]
WARNING: [filemgmt 56-199] Attempt to get parsing info during refresh. "On-the-fly" syntax checking information may be incorrect. [/home/malik/andromeda_ila/AXI-Dot-Product-Accelerator/Vivado/puzhi/puzhi.srcs/sources_1/imports/hdl/top_dot_product_engine.sv:]
WARNING: [filemgmt 56-199] Attempt to get parsing info during refresh. "On-the-fly" syntax checking information may be incorrect. [/home/malik/andromeda_ila/AXI-Dot-Product-Accelerator/Vivado/puzhi/puzhi.srcs/sources_1/imports/hdl/axi_dpe.v:]
WARNING: [filemgmt 56-199] Attempt to get parsing info during refresh. "On-the-fly" syntax checking information may be incorrect. [/home/malik/andromeda_ila/AXI-Dot-Product-Accelerator/Vivado/puzhi/puzhi.srcs/sources_1/imports/hdl/axi_dpe.v:]
save_bd_design
WARNING: [BD 41-597] NET <A_fp32_debug> has no source
WARNING: [BD 41-597] NET <prod_fp32_debug> has no source
Wrote  : </home/malik/andromeda_ila/AXI-Dot-Product-Accelerator/Vivado/puzhi/puzhi.srcs/sources_1/bd/andromeda/andromeda.bd> 
Wrote  : </home/malik/andromeda_ila/AXI-Dot-Product-Accelerator/Vivado/puzhi/puzhi.srcs/sources_1/bd/andromeda/ui/bd_9d7d77c9.ui> 
reset_target all [get_files  /home/malik/andromeda_ila/AXI-Dot-Product-Accelerator/Vivado/puzhi/puzhi.srcs/sources_1/bd/andromeda/andromeda.bd]
WARNING: [filemgmt 56-443] The ECC Algorithm string is empty. Setting the Memory Map to default ECC value to ECC_NONE.
WARNING: [filemgmt 56-443] The ECC Algorithm string is empty. Setting the Memory Map to default ECC value to ECC_NONE.
export_ip_user_files -of_objects  [get_files  /home/malik/andromeda_ila/AXI-Dot-Product-Accelerator/Vivado/puzhi/puzhi.srcs/sources_1/bd/andromeda/andromeda.bd] -sync -no_script -force -quiet
delete_ip_run [get_files -of_objects [get_fileset sources_1] /home/malik/andromeda_ila/AXI-Dot-Product-Accelerator/Vivado/puzhi/puzhi.srcs/sources_1/bd/andromeda/andromeda.bd]
WARNING: [filemgmt 56-199] Attempt to get parsing info during refresh. "On-the-fly" syntax checking information may be incorrect. [/home/malik/andromeda_ila/AXI-Dot-Product-Accelerator/Vivado/puzhi/puzhi.srcs/sources_1/imports/hdl/dot_product_engine.sv:]
WARNING: [filemgmt 56-199] Attempt to get parsing info during refresh. "On-the-fly" syntax checking information may be incorrect. [/home/malik/andromeda_ila/AXI-Dot-Product-Accelerator/Vivado/puzhi/puzhi.srcs/sources_1/imports/hdl/axi_dpe.v:]
WARNING: [filemgmt 56-199] Attempt to get parsing info during refresh. "On-the-fly" syntax checking information may be incorrect. [/home/malik/andromeda_ila/AXI-Dot-Product-Accelerator/Vivado/puzhi/puzhi.srcs/sources_1/imports/hdl/top_dot_product_engine.sv:]
WARNING: [filemgmt 56-199] Attempt to get parsing info during refresh. "On-the-fly" syntax checking information may be incorrect. [/home/malik/andromeda_ila/AXI-Dot-Product-Accelerator/Vivado/puzhi/puzhi.srcs/sources_1/imports/hdl/axi_dpe.v:]
WARNING: [filemgmt 56-199] Attempt to get parsing info during refresh. "On-the-fly" syntax checking information may be incorrect. [/home/malik/andromeda_ila/AXI-Dot-Product-Accelerator/Vivado/puzhi/puzhi.srcs/sources_1/imports/hdl/axi_dpe.v:]
WARNING: [filemgmt 56-199] Attempt to get parsing info during refresh. "On-the-fly" syntax checking information may be incorrect. [/home/malik/andromeda_ila/AXI-Dot-Product-Accelerator/Vivado/puzhi/puzhi.srcs/sources_1/imports/hdl/dot_product_engine.sv:]
WARNING: [filemgmt 56-199] Attempt to get parsing info during refresh. "On-the-fly" syntax checking information may be incorrect. [/home/malik/andromeda_ila/AXI-Dot-Product-Accelerator/Vivado/puzhi/puzhi.srcs/sources_1/imports/hdl/axi_dpe.v:]
WARNING: [filemgmt 56-199] Attempt to get parsing info during refresh. "On-the-fly" syntax checking information may be incorrect. [/home/malik/andromeda_ila/AXI-Dot-Product-Accelerator/Vivado/puzhi/puzhi.srcs/sources_1/imports/hdl/top_dot_product_engine.sv:]
WARNING: [filemgmt 56-199] Attempt to get parsing info during refresh. "On-the-fly" syntax checking information may be incorrect. [/home/malik/andromeda_ila/AXI-Dot-Product-Accelerator/Vivado/puzhi/puzhi.srcs/sources_1/imports/hdl/top_dot_product_engine.sv:]
WARNING: [filemgmt 56-199] Attempt to get parsing info during refresh. "On-the-fly" syntax checking information may be incorrect. [/home/malik/andromeda_ila/AXI-Dot-Product-Accelerator/Vivado/puzhi/puzhi.srcs/sources_1/imports/hdl/top_dot_product_engine.sv:]
report_ip_status -name ip_status 
generate_target all [get_files  /home/malik/andromeda_ila/AXI-Dot-Product-Accelerator/Vivado/puzhi/puzhi.srcs/sources_1/bd/andromeda/andromeda.bd]
WARNING: [BD 41-1781] Updates have been made to one or more nets/interface connections marked for debug.
Debug nets, which are already connected to any ILA IP core in the block-design, will be automatically available for debug in Hardware Manager.
For unconnected Debug nets, please open synthesized design and use 'Set Up Debug' wizard to insert, modify or delete Debug Cores. 
Excluding slave segment /axi_timer_0/S_AXI/Reg from address space /axi_dpe_0/m_axi.
Excluding slave segment /axi_timer_0/S_AXI/Reg from address space /sd_controller_wrapper_0/axi.
INFO: [BD 5-943] Reserving offset range <0x41C0_0000 [ 64K ]> from slave interface '/axi_smc/S00_AXI' to master interface '/axi_smc/M00_AXI'. This will be used by smartconnect on path for routing.
INFO: [BD 5-943] Reserving offset range <0x4060_0000 [ 64K ]> from slave interface '/axi_smc/S00_AXI' to master interface '/axi_smc/M01_AXI'. This will be used by smartconnect on path for routing.
INFO: [BD 5-943] Reserving offset range <0x0002_0000 [ 4K ]> from slave interface '/axi_smc/S00_AXI' to master interface '/axi_smc/M02_AXI'. This will be used by smartconnect on path for routing.
INFO: [BD 5-943] Reserving offset range <0x0003_0000 [ 64K ]> from slave interface '/axi_smc/S00_AXI' to master interface '/axi_smc/M03_AXI'. This will be used by smartconnect on path for routing.
INFO: [BD 5-943] Reserving offset range <0x8000_0000 [ 2G ]> from slave interface '/axi_smc/S00_AXI' to master interface '/axi_smc/M04_AXI'. This will be used by smartconnect on path for routing.
INFO: [BD 5-943] Reserving offset range <0x8000_0000 [ 2G ]> from slave interface '/axi_smc/S01_AXI' to master interface '/axi_smc/M04_AXI'. This will be used by smartconnect on path for routing.
INFO: [BD 5-943] Reserving offset range <0x8000_0000 [ 2G ]> from slave interface '/axi_smc/S02_AXI' to master interface '/axi_smc/M04_AXI'. This will be used by smartconnect on path for routing.
INFO: [xilinx.com:ip:smartconnect:1.0-1] andromeda_axi_smc_0: SmartConnect andromeda_axi_smc_0 is in High-performance Mode.
WARNING: [filemgmt 56-443] The ECC Algorithm string is empty. Setting the Memory Map to default ECC value to ECC_NONE.
WARNING: [filemgmt 56-443] The ECC Algorithm string is empty. Setting the Memory Map to default ECC value to ECC_NONE.
INFO: [xilinx.com:ip:microblaze:11.0-9] /microblaze_0: Setting C_BASE_VECTORS to 0x00000000.
CRITICAL WARNING: [BD 41-759] The input pins (listed below) are either not connected or do not have a source port, and they don't have a tie-off specified. These pins are tied-off to all 0's to avoid error in Implementation flow.
Please check your design and connect them as needed: 
/system_ila_0/probe20
/system_ila_0/probe22

WARNING: [BD 41-597] NET <A_fp32_debug> has no source
WARNING: [BD 41-597] NET <prod_fp32_debug> has no source
Wrote  : </home/malik/andromeda_ila/AXI-Dot-Product-Accelerator/Vivado/puzhi/puzhi.srcs/sources_1/bd/andromeda/andromeda.bd> 
Wrote  : </home/malik/andromeda_ila/AXI-Dot-Product-Accelerator/Vivado/puzhi/puzhi.srcs/sources_1/bd/andromeda/ui/bd_9d7d77c9.ui> 
WARNING: [BD 41-3257] Drive strength cannot be preserved for ports connected to net axi_dpe_0_m_axi_RREADY as it is marked for debug
WARNING: [BD 41-3257] Drive strength cannot be preserved for ports connected to net axi_dpe_0_m_axi_RVALID as it is marked for debug
WARNING: [BD 41-3257] Drive strength cannot be preserved for ports connected to net axi_dpe_0_m_axi_RLAST as it is marked for debug
WARNING: [BD 41-3257] Drive strength cannot be preserved for ports connected to net axi_dpe_0_m_axi_RRESP as it is marked for debug
WARNING: [BD 41-3257] Drive strength cannot be preserved for ports connected to net axi_dpe_0_m_axi_ARBURST as it is marked for debug
WARNING: [BD 41-3257] Drive strength cannot be preserved for ports connected to net axi_dpe_0_m_axi_ARLEN as it is marked for debug
WARNING: [BD 41-3257] Drive strength cannot be preserved for ports connected to net axi_dpe_0_m_axi_AWVALID as it is marked for debug
WARNING: [BD 41-3257] Drive strength cannot be preserved for ports connected to net axi_dpe_0_m_axi_AWCACHE as it is marked for debug
WARNING: [BD 41-3257] Drive strength cannot be preserved for ports connected to net axi_dpe_0_m_axi_ARCACHE as it is marked for debug
WARNING: [BD 41-3257] Drive strength cannot be preserved for ports connected to net axi_dpe_0_m_axi_AWSIZE as it is marked for debug
WARNING: [BD 41-3257] Drive strength cannot be preserved for ports connected to net axi_dpe_0_m_axi_AWBURST as it is marked for debug
WARNING: [BD 41-3257] Drive strength cannot be preserved for ports connected to net axi_dpe_0_m_axi_BREADY as it is marked for debug
WARNING: [BD 41-3257] Drive strength cannot be preserved for ports connected to net axi_dpe_0_m_axi_AWPROT as it is marked for debug
WARNING: [BD 41-3257] Drive strength cannot be preserved for ports connected to net axi_dpe_0_m_axi_AWADDR as it is marked for debug
WARNING: [BD 41-3257] Drive strength cannot be preserved for ports connected to net axi_dpe_0_m_axi_AWREADY as it is marked for debug
WARNING: [BD 41-3257] Drive strength cannot be preserved for ports connected to net axi_dpe_0_m_axi_ARVALID as it is marked for debug
WARNING: [BD 41-3257] Drive strength cannot be preserved for ports connected to net axi_dpe_0_m_axi_WDATA as it is marked for debug
WARNING: [BD 41-3257] Drive strength cannot be preserved for ports connected to net axi_dpe_0_m_axi_ARPROT as it is marked for debug
WARNING: [BD 41-3257] Drive strength cannot be preserved for ports connected to net axi_dpe_0_m_axi_WSTRB as it is marked for debug
WARNING: [BD 41-3257] Drive strength cannot be preserved for ports connected to net axi_dpe_0_m_axi_ARREADY as it is marked for debug
WARNING: [BD 41-3257] Drive strength cannot be preserved for ports connected to net axi_dpe_0_m_axi_ARSIZE as it is marked for debug
WARNING: [BD 41-3257] Drive strength cannot be preserved for ports connected to net axi_dpe_0_m_axi_WLAST as it is marked for debug
WARNING: [BD 41-3257] Drive strength cannot be preserved for ports connected to net axi_dpe_0_m_axi_AWLEN as it is marked for debug
WARNING: [BD 41-3257] Drive strength cannot be preserved for ports connected to net axi_dpe_0_m_axi_BVALID as it is marked for debug
WARNING: [BD 41-3257] Drive strength cannot be preserved for ports connected to net axi_dpe_0_m_axi_WVALID as it is marked for debug
WARNING: [BD 41-3257] Drive strength cannot be preserved for ports connected to net axi_dpe_0_m_axi_WREADY as it is marked for debug
WARNING: [BD 41-3257] Drive strength cannot be preserved for ports connected to net axi_dpe_0_m_axi_RDATA as it is marked for debug
WARNING: [BD 41-3257] Drive strength cannot be preserved for ports connected to net axi_dpe_0_m_axi_BRESP as it is marked for debug
WARNING: [BD 41-3257] Drive strength cannot be preserved for ports connected to net axi_dpe_0_m_axi_ARADDR as it is marked for debug
WARNING: [BD 41-3257] Drive strength cannot be preserved for ports connected to net axi_smc_M03_AXI_RREADY as it is marked for debug
WARNING: [BD 41-3257] Drive strength cannot be preserved for ports connected to net axi_smc_M03_AXI_RVALID as it is marked for debug
WARNING: [BD 41-3257] Drive strength cannot be preserved for ports connected to net axi_smc_M03_AXI_WVALID as it is marked for debug
WARNING: [BD 41-3257] Drive strength cannot be preserved for ports connected to net axi_smc_M03_AXI_AWREADY as it is marked for debug
WARNING: [BD 41-3257] Drive strength cannot be preserved for ports connected to net axi_smc_M03_AXI_AWADDR as it is marked for debug
WARNING: [BD 41-3257] Drive strength cannot be preserved for ports connected to net axi_smc_M03_AXI_ARREADY as it is marked for debug
WARNING: [BD 41-3257] Drive strength cannot be preserved for ports connected to net axi_smc_M03_AXI_AWVALID as it is marked for debug
WARNING: [BD 41-3257] Drive strength cannot be preserved for ports connected to net axi_smc_M03_AXI_AWPROT as it is marked for debug
WARNING: [BD 41-3257] Drive strength cannot be preserved for ports connected to net axi_smc_M03_AXI_BREADY as it is marked for debug
WARNING: [BD 41-3257] Drive strength cannot be preserved for ports connected to net axi_smc_M03_AXI_WSTRB as it is marked for debug
WARNING: [BD 41-3257] Drive strength cannot be preserved for ports connected to net axi_smc_M03_AXI_ARPROT as it is marked for debug
WARNING: [BD 41-3257] Drive strength cannot be preserved for ports connected to net axi_smc_M03_AXI_RRESP as it is marked for debug
WARNING: [BD 41-3257] Drive strength cannot be preserved for ports connected to net axi_smc_M03_AXI_WREADY as it is marked for debug
WARNING: [BD 41-3257] Drive strength cannot be preserved for ports connected to net axi_smc_M03_AXI_RDATA as it is marked for debug
WARNING: [BD 41-3257] Drive strength cannot be preserved for ports connected to net axi_smc_M03_AXI_BRESP as it is marked for debug
WARNING: [BD 41-3257] Drive strength cannot be preserved for ports connected to net axi_smc_M03_AXI_ARADDR as it is marked for debug
WARNING: [BD 41-3257] Drive strength cannot be preserved for ports connected to net axi_smc_M03_AXI_BVALID as it is marked for debug
WARNING: [BD 41-3257] Drive strength cannot be preserved for ports connected to net axi_smc_M03_AXI_WDATA as it is marked for debug
WARNING: [BD 41-3257] Drive strength cannot be preserved for ports connected to net axi_smc_M03_AXI_ARVALID as it is marked for debug
WARNING: [BD 41-3257] Drive strength cannot be preserved for ports connected to net axi_smc_M04_AXI_RREADY as it is marked for debug
WARNING: [BD 41-3257] Drive strength cannot be preserved for ports connected to net axi_smc_M04_AXI_RVALID as it is marked for debug
WARNING: [BD 41-3257] Drive strength cannot be preserved for ports connected to net axi_smc_M04_AXI_RLAST as it is marked for debug
WARNING: [BD 41-3257] Drive strength cannot be preserved for ports connected to net axi_smc_M04_AXI_RRESP as it is marked for debug
WARNING: [BD 41-3257] Drive strength cannot be preserved for ports connected to net axi_smc_M04_AXI_ARBURST as it is marked for debug
WARNING: [BD 41-3257] Drive strength cannot be preserved for ports connected to net axi_smc_M04_AXI_ARLEN as it is marked for debug
WARNING: [BD 41-3257] Drive strength cannot be preserved for ports connected to net axi_smc_M04_AXI_ARADDR as it is marked for debug
WARNING: [BD 41-3257] Drive strength cannot be preserved for ports connected to net axi_smc_M04_AXI_BREADY as it is marked for debug
WARNING: [BD 41-3257] Drive strength cannot be preserved for ports connected to net axi_smc_M04_AXI_AWPROT as it is marked for debug
WARNING: [BD 41-3257] Drive strength cannot be preserved for ports connected to net axi_smc_M04_AXI_AWREADY as it is marked for debug
WARNING: [BD 41-3257] Drive strength cannot be preserved for ports connected to net axi_smc_M04_AXI_AWADDR as it is marked for debug
WARNING: [BD 41-3257] Drive strength cannot be preserved for ports connected to net axi_smc_M04_AXI_AWCACHE as it is marked for debug
WARNING: [BD 41-3257] Drive strength cannot be preserved for ports connected to net axi_smc_M04_AXI_ARCACHE as it is marked for debug
WARNING: [BD 41-3257] Drive strength cannot be preserved for ports connected to net axi_smc_M04_AXI_ARLOCK as it is marked for debug
WARNING: [BD 41-3257] Drive strength cannot be preserved for ports connected to net axi_smc_M04_AXI_AWBURST as it is marked for debug
WARNING: [BD 41-3257] Drive strength cannot be preserved for ports connected to net axi_smc_M04_AXI_AWSIZE as it is marked for debug
WARNING: [BD 41-3257] Drive strength cannot be preserved for ports connected to net axi_smc_M04_AXI_ARQOS as it is marked for debug
WARNING: [BD 41-3257] Drive strength cannot be preserved for ports connected to net axi_smc_M04_AXI_AWVALID as it is marked for debug
WARNING: [BD 41-3257] Drive strength cannot be preserved for ports connected to net axi_smc_M04_AXI_AWQOS as it is marked for debug
WARNING: [BD 41-3257] Drive strength cannot be preserved for ports connected to net axi_smc_M04_AXI_ARVALID as it is marked for debug
WARNING: [BD 41-3257] Drive strength cannot be preserved for ports connected to net axi_smc_M04_AXI_WDATA as it is marked for debug
WARNING: [BD 41-3257] Drive strength cannot be preserved for ports connected to net axi_smc_M04_AXI_ARPROT as it is marked for debug
WARNING: [BD 41-3257] Drive strength cannot be preserved for ports connected to net axi_smc_M04_AXI_WSTRB as it is marked for debug
WARNING: [BD 41-3257] Drive strength cannot be preserved for ports connected to net axi_smc_M04_AXI_ARREADY as it is marked for debug
WARNING: [BD 41-3257] Drive strength cannot be preserved for ports connected to net axi_smc_M04_AXI_ARSIZE as it is marked for debug
WARNING: [BD 41-3257] Drive strength cannot be preserved for ports connected to net axi_smc_M04_AXI_WLAST as it is marked for debug
WARNING: [BD 41-3257] Drive strength cannot be preserved for ports connected to net axi_smc_M04_AXI_AWLEN as it is marked for debug
WARNING: [BD 41-3257] Drive strength cannot be preserved for ports connected to net axi_smc_M04_AXI_AWLOCK as it is marked for debug
WARNING: [BD 41-3257] Drive strength cannot be preserved for ports connected to net axi_smc_M04_AXI_BVALID as it is marked for debug
WARNING: [BD 41-3257] Drive strength cannot be preserved for ports connected to net axi_smc_M04_AXI_WVALID as it is marked for debug
WARNING: [BD 41-3257] Drive strength cannot be preserved for ports connected to net axi_smc_M04_AXI_WREADY as it is marked for debug
WARNING: [BD 41-3257] Drive strength cannot be preserved for ports connected to net axi_smc_M04_AXI_RDATA as it is marked for debug
WARNING: [BD 41-3257] Drive strength cannot be preserved for ports connected to net axi_smc_M04_AXI_BRESP as it is marked for debug
WARNING: [BD 41-3257] Drive strength cannot be preserved for ports connected to net A_fp32_debug as it is marked for debug
WARNING: [BD 41-166] Source port for the net:A_fp32_debug is NULL! Connection will be grounded!
WARNING: [BD 41-3257] Drive strength cannot be preserved for ports connected to net A_valid_debug as it is marked for debug
WARNING: [BD 41-3257] Drive strength cannot be preserved for ports connected to net ctrl_state_debug as it is marked for debug
WARNING: [BD 41-3257] Drive strength cannot be preserved for ports connected to net dma_busy_debug as it is marked for debug
WARNING: [BD 41-3257] Drive strength cannot be preserved for ports connected to net dma_start_debug as it is marked for debug
WARNING: [BD 41-3257] Drive strength cannot be preserved for ports connected to net dma_status_debug as it is marked for debug
WARNING: [BD 41-3257] Drive strength cannot be preserved for ports connected to net dpe_done as it is marked for debug
WARNING: [BD 41-3257] Drive strength cannot be preserved for ports connected to net dpe_en_debug as it is marked for debug
WARNING: [BD 41-3257] Drive strength cannot be preserved for ports connected to net dpe_start_debug as it is marked for debug
WARNING: [BD 41-3257] Drive strength cannot be preserved for ports connected to net dpe_state_debug as it is marked for debug
WARNING: [BD 41-3257] Drive strength cannot be preserved for ports connected to net master_state_debug as it is marked for debug
WARNING: [BD 41-3257] Drive strength cannot be preserved for ports connected to net prod_fp32_debug as it is marked for debug
WARNING: [BD 41-166] Source port for the net:prod_fp32_debug is NULL! Connection will be grounded!
WARNING: [BD 41-3257] Drive strength cannot be preserved for ports connected to net prod_valid_debug as it is marked for debug
WARNING: [BD 41-3257] Drive strength cannot be preserved for ports connected to net read_data_buffer_debug as it is marked for debug
WARNING: [BD 41-3257] Drive strength cannot be preserved for ports connected to net read_data_index_debug as it is marked for debug
WARNING: [BD 41-3257] Drive strength cannot be preserved for ports connected to net read_data_valid_debug as it is marked for debug
WARNING: [BD 41-3257] Drive strength cannot be preserved for ports connected to net read_grant_debug as it is marked for debug
WARNING: [BD 41-3257] Drive strength cannot be preserved for ports connected to net read_request_debug as it is marked for debug
WARNING: [BD 41-3257] Drive strength cannot be preserved for ports connected to net read_state_debug as it is marked for debug
INFO: [Common 17-14] Message 'BD 41-3257' appears 100 times and further instances of the messages will be disabled. Use the Tcl command set_msg_config to change the current settings.
Verilog Output written to : /home/malik/andromeda_ila/AXI-Dot-Product-Accelerator/Vivado/puzhi/puzhi.gen/sources_1/bd/andromeda/synth/andromeda.v
WARNING: [BD 41-166] Source port for the net:A_fp32_debug is NULL! Connection will be grounded!
WARNING: [BD 41-166] Source port for the net:prod_fp32_debug is NULL! Connection will be grounded!
Verilog Output written to : /home/malik/andromeda_ila/AXI-Dot-Product-Accelerator/Vivado/puzhi/puzhi.gen/sources_1/bd/andromeda/sim/andromeda.v
Verilog Output written to : /home/malik/andromeda_ila/AXI-Dot-Product-Accelerator/Vivado/puzhi/puzhi.gen/sources_1/bd/andromeda/hdl/andromeda_wrapper.v
WARNING: [filemgmt 56-443] The ECC Algorithm string is empty. Setting the Memory Map to default ECC value to ECC_NONE.
WARNING: [filemgmt 56-443] The ECC Algorithm string is empty. Setting the Memory Map to default ECC value to ECC_NONE.
WARNING: [filemgmt 56-443] The ECC Algorithm string is empty. Setting the Memory Map to default ECC value to ECC_NONE.
WARNING: [filemgmt 56-443] The ECC Algorithm string is empty. Setting the Memory Map to default ECC value to ECC_NONE.
Exporting to file /home/malik/andromeda_ila/AXI-Dot-Product-Accelerator/Vivado/puzhi/puzhi.gen/sources_1/bd/andromeda/ip/andromeda_ddr4_0_0/bd_0/hw_handoff/andromeda_ddr4_0_0_microblaze_mcs.hwh
Generated Hardware Definition File /home/malik/andromeda_ila/AXI-Dot-Product-Accelerator/Vivado/puzhi/puzhi.gen/sources_1/bd/andromeda/ip/andromeda_ddr4_0_0/bd_0/synth/andromeda_ddr4_0_0_microblaze_mcs.hwdef
INFO: [BD 41-1029] Generation completed for the IP Integrator block ddr4_0 .
WARNING: [IP_Flow 19-4994] Overwriting existing constraint file '/home/malik/andromeda_ila/AXI-Dot-Product-Accelerator/Vivado/puzhi/puzhi.gen/sources_1/bd/andromeda/ip/andromeda_ila_0_0/andromeda_ila_0_0_ooc.xdc'
INFO: [BD 41-1029] Generation completed for the IP Integrator block ila_0 .
INFO: [BD 41-1029] Generation completed for the IP Integrator block util_vector_logic_0 .
INFO: [BD 41-1029] Generation completed for the IP Integrator block microblaze_0 .
WARNING: [IP_Flow 19-4994] Overwriting existing constraint file '/home/malik/andromeda_ila/AXI-Dot-Product-Accelerator/Vivado/puzhi/puzhi.gen/sources_1/bd/andromeda/ip/andromeda_axi_uartlite_0_0/andromeda_axi_uartlite_0_0_ooc.xdc'
INFO: [BD 41-1029] Generation completed for the IP Integrator block axi_uartlite_0 .
INFO: [BD 41-1029] Generation completed for the IP Integrator block sd_controller_wrapper_0 .
WARNING: [IP_Flow 19-4994] Overwriting existing constraint file '/home/malik/andromeda_ila/AXI-Dot-Product-Accelerator/Vivado/puzhi/puzhi.gen/sources_1/bd/andromeda/ip/andromeda_axi_timer_0_0/andromeda_axi_timer_0_0_ooc.xdc'
INFO: [BD 41-1029] Generation completed for the IP Integrator block axi_timer_0 .
INFO: [BD 41-1029] Generation completed for the IP Integrator block microblaze_0_local_memory/dlmb_v10 .
INFO: [BD 41-1029] Generation completed for the IP Integrator block microblaze_0_local_memory/ilmb_v10 .
INFO: [BD 41-1029] Generation completed for the IP Integrator block microblaze_0_local_memory/dlmb_bram_if_cntlr .
INFO: [BD 41-1029] Generation completed for the IP Integrator block microblaze_0_local_memory/ilmb_bram_if_cntlr .
INFO: [BD 41-1029] Generation completed for the IP Integrator block microblaze_0_local_memory/lmb_bram .
INFO: [BD 41-1029] Generation completed for the IP Integrator block rst_ddr4_0_333M .
INFO: [BD 41-1029] Generation completed for the IP Integrator block rst_ddr4_0_100M .
Exporting to file /home/malik/andromeda_ila/AXI-Dot-Product-Accelerator/Vivado/puzhi/puzhi.gen/sources_1/bd/andromeda/ip/andromeda_axi_smc_0/bd_0/hw_handoff/andromeda_axi_smc_0.hwh
Generated Hardware Definition File /home/malik/andromeda_ila/AXI-Dot-Product-Accelerator/Vivado/puzhi/puzhi.gen/sources_1/bd/andromeda/ip/andromeda_axi_smc_0/bd_0/synth/andromeda_axi_smc_0.hwdef
INFO: [BD 41-1029] Generation completed for the IP Integrator block axi_smc .
INFO: [BD 41-1029] Generation completed for the IP Integrator block axi_dpe_0 .
INFO: [BD 41-1029] Generation completed for the IP Integrator block mdm_0 .
WARNING: [IP_Flow 19-4994] Overwriting existing constraint file '/home/malik/andromeda_ila/AXI-Dot-Product-Accelerator/Vivado/puzhi/puzhi.gen/sources_1/bd/andromeda/ip/andromeda_system_ila_0_0/andromeda_system_ila_0_0_ooc.xdc'
Exporting to file /home/malik/andromeda_ila/AXI-Dot-Product-Accelerator/Vivado/puzhi/puzhi.gen/sources_1/bd/andromeda/ip/andromeda_system_ila_0_0/bd_0/hw_handoff/andromeda_system_ila_0_0.hwh
Generated Hardware Definition File /home/malik/andromeda_ila/AXI-Dot-Product-Accelerator/Vivado/puzhi/puzhi.gen/sources_1/bd/andromeda/ip/andromeda_system_ila_0_0/bd_0/synth/andromeda_system_ila_0_0.hwdef
INFO: [BD 41-1029] Generation completed for the IP Integrator block system_ila_0 .
Exporting to file /home/malik/andromeda_ila/AXI-Dot-Product-Accelerator/Vivado/puzhi/puzhi.gen/sources_1/bd/andromeda/hw_handoff/andromeda.hwh
Generated Hardware Definition File /home/malik/andromeda_ila/AXI-Dot-Product-Accelerator/Vivado/puzhi/puzhi.gen/sources_1/bd/andromeda/synth/andromeda.hwdef
generate_target: Time (s): cpu = 00:00:16 ; elapsed = 00:00:14 . Memory (MB): peak = 12522.359 ; gain = 0.000 ; free physical = 87378 ; free virtual = 98610
export_ip_user_files -of_objects [get_files /home/malik/andromeda_ila/AXI-Dot-Product-Accelerator/Vivado/puzhi/puzhi.srcs/sources_1/bd/andromeda/andromeda.bd] -no_script -sync -force -quiet
create_ip_run [get_files -of_objects [get_fileset sources_1] /home/malik/andromeda_ila/AXI-Dot-Product-Accelerator/Vivado/puzhi/puzhi.srcs/sources_1/bd/andromeda/andromeda.bd]
launch_runs andromeda_axi_dpe_0_0_synth_1 andromeda_axi_smc_0_synth_1 andromeda_axi_timer_0_0_synth_1 andromeda_axi_uartlite_0_0_synth_1 andromeda_ddr4_0_0_synth_1 andromeda_dlmb_bram_if_cntlr_0_synth_1 andromeda_dlmb_v10_0_synth_1 andromeda_ila_0_0_synth_1 andromeda_ilmb_bram_if_cntlr_0_synth_1 andromeda_ilmb_v10_0_synth_1 andromeda_lmb_bram_0_synth_1 andromeda_mdm_0_0_synth_1 andromeda_microblaze_0_0_synth_1 andromeda_rst_ddr4_0_100M_0_synth_1 andromeda_rst_ddr4_0_333M_0_synth_1 andromeda_sd_controller_wrapper_0_0_synth_1 andromeda_system_ila_0_0_synth_1 andromeda_util_vector_logic_0_0_synth_1 -jobs 24
INFO: [Vivado 12-4149] The synthesis checkpoint for IP '/home/malik/andromeda_ila/AXI-Dot-Product-Accelerator/Vivado/puzhi/puzhi.srcs/sources_1/ip/floating_point_2/floating_point_2.xci' is already up-to-date
INFO: [Vivado 12-4149] The synthesis checkpoint for IP '/home/malik/andromeda_ila/AXI-Dot-Product-Accelerator/Vivado/puzhi/puzhi.srcs/sources_1/ip/floating_point_1/floating_point_1.xci' is already up-to-date
INFO: [Vivado 12-4149] The synthesis checkpoint for IP '/home/malik/andromeda_ila/AXI-Dot-Product-Accelerator/Vivado/puzhi/puzhi.srcs/sources_1/ip/floating_point_3/floating_point_3.xci' is already up-to-date
INFO: [Vivado 12-4149] The synthesis checkpoint for IP '/home/malik/andromeda_ila/AXI-Dot-Product-Accelerator/Vivado/puzhi/puzhi.srcs/sources_1/ip/floating_point_0/floating_point_0.xci' is already up-to-date
INFO: [Vivado 12-4149] The synthesis checkpoint for IP '/home/malik/andromeda_ila/AXI-Dot-Product-Accelerator/Vivado/puzhi/puzhi.srcs/sources_1/ip/sdp_w4096x2_r4096x2/sdp_w4096x2_r4096x2.xci' is already up-to-date
WARNING: [filemgmt 56-199] Attempt to get parsing info during refresh. "On-the-fly" syntax checking information may be incorrect. [/home/malik/andromeda_ila/AXI-Dot-Product-Accelerator/Vivado/puzhi/puzhi.srcs/sources_1/imports/hdl/dot_product_engine.sv:]
[Wed Jun 11 16:01:27 2025] Launched andromeda_axi_dpe_0_0_synth_1, andromeda_axi_smc_0_synth_1, andromeda_axi_timer_0_0_synth_1, andromeda_axi_uartlite_0_0_synth_1, andromeda_ddr4_0_0_synth_1, andromeda_dlmb_bram_if_cntlr_0_synth_1, andromeda_dlmb_v10_0_synth_1, andromeda_ila_0_0_synth_1, andromeda_ilmb_bram_if_cntlr_0_synth_1, andromeda_ilmb_v10_0_synth_1, andromeda_lmb_bram_0_synth_1, andromeda_mdm_0_0_synth_1, andromeda_microblaze_0_0_synth_1, andromeda_rst_ddr4_0_100M_0_synth_1, andromeda_rst_ddr4_0_333M_0_synth_1, andromeda_sd_controller_wrapper_0_0_synth_1, andromeda_system_ila_0_0_synth_1, andromeda_util_vector_logic_0_0_synth_1...
Run output will be captured here:
andromeda_axi_dpe_0_0_synth_1: /home/malik/andromeda_ila/AXI-Dot-Product-Accelerator/Vivado/puzhi/puzhi.runs/andromeda_axi_dpe_0_0_synth_1/runme.log
andromeda_axi_smc_0_synth_1: /home/malik/andromeda_ila/AXI-Dot-Product-Accelerator/Vivado/puzhi/puzhi.runs/andromeda_axi_smc_0_synth_1/runme.log
andromeda_axi_timer_0_0_synth_1: /home/malik/andromeda_ila/AXI-Dot-Product-Accelerator/Vivado/puzhi/puzhi.runs/andromeda_axi_timer_0_0_synth_1/runme.log
andromeda_axi_uartlite_0_0_synth_1: /home/malik/andromeda_ila/AXI-Dot-Product-Accelerator/Vivado/puzhi/puzhi.runs/andromeda_axi_uartlite_0_0_synth_1/runme.log
andromeda_ddr4_0_0_synth_1: /home/malik/andromeda_ila/AXI-Dot-Product-Accelerator/Vivado/puzhi/puzhi.runs/andromeda_ddr4_0_0_synth_1/runme.log
andromeda_dlmb_bram_if_cntlr_0_synth_1: /home/malik/andromeda_ila/AXI-Dot-Product-Accelerator/Vivado/puzhi/puzhi.runs/andromeda_dlmb_bram_if_cntlr_0_synth_1/runme.log
andromeda_dlmb_v10_0_synth_1: /home/malik/andromeda_ila/AXI-Dot-Product-Accelerator/Vivado/puzhi/puzhi.runs/andromeda_dlmb_v10_0_synth_1/runme.log
andromeda_ila_0_0_synth_1: /home/malik/andromeda_ila/AXI-Dot-Product-Accelerator/Vivado/puzhi/puzhi.runs/andromeda_ila_0_0_synth_1/runme.log
andromeda_ilmb_bram_if_cntlr_0_synth_1: /home/malik/andromeda_ila/AXI-Dot-Product-Accelerator/Vivado/puzhi/puzhi.runs/andromeda_ilmb_bram_if_cntlr_0_synth_1/runme.log
andromeda_ilmb_v10_0_synth_1: /home/malik/andromeda_ila/AXI-Dot-Product-Accelerator/Vivado/puzhi/puzhi.runs/andromeda_ilmb_v10_0_synth_1/runme.log
andromeda_lmb_bram_0_synth_1: /home/malik/andromeda_ila/AXI-Dot-Product-Accelerator/Vivado/puzhi/puzhi.runs/andromeda_lmb_bram_0_synth_1/runme.log
andromeda_mdm_0_0_synth_1: /home/malik/andromeda_ila/AXI-Dot-Product-Accelerator/Vivado/puzhi/puzhi.runs/andromeda_mdm_0_0_synth_1/runme.log
andromeda_microblaze_0_0_synth_1: /home/malik/andromeda_ila/AXI-Dot-Product-Accelerator/Vivado/puzhi/puzhi.runs/andromeda_microblaze_0_0_synth_1/runme.log
andromeda_rst_ddr4_0_100M_0_synth_1: /home/malik/andromeda_ila/AXI-Dot-Product-Accelerator/Vivado/puzhi/puzhi.runs/andromeda_rst_ddr4_0_100M_0_synth_1/runme.log
andromeda_rst_ddr4_0_333M_0_synth_1: /home/malik/andromeda_ila/AXI-Dot-Product-Accelerator/Vivado/puzhi/puzhi.runs/andromeda_rst_ddr4_0_333M_0_synth_1/runme.log
andromeda_sd_controller_wrapper_0_0_synth_1: /home/malik/andromeda_ila/AXI-Dot-Product-Accelerator/Vivado/puzhi/puzhi.runs/andromeda_sd_controller_wrapper_0_0_synth_1/runme.log
andromeda_system_ila_0_0_synth_1: /home/malik/andromeda_ila/AXI-Dot-Product-Accelerator/Vivado/puzhi/puzhi.runs/andromeda_system_ila_0_0_synth_1/runme.log
andromeda_util_vector_logic_0_0_synth_1: /home/malik/andromeda_ila/AXI-Dot-Product-Accelerator/Vivado/puzhi/puzhi.runs/andromeda_util_vector_logic_0_0_synth_1/runme.log
export_simulation -lib_map_path [list {modelsim=/home/malik/andromeda_ila/AXI-Dot-Product-Accelerator/Vivado/puzhi/puzhi.cache/compile_simlib/modelsim} {questa=/home/malik/andromeda_ila/AXI-Dot-Product-Accelerator/Vivado/puzhi/puzhi.cache/compile_simlib/questa} {xcelium=/home/malik/andromeda_ila/AXI-Dot-Product-Accelerator/Vivado/puzhi/puzhi.cache/compile_simlib/xcelium} {vcs=/home/malik/andromeda_ila/AXI-Dot-Product-Accelerator/Vivado/puzhi/puzhi.cache/compile_simlib/vcs} {riviera=/home/malik/andromeda_ila/AXI-Dot-Product-Accelerator/Vivado/puzhi/puzhi.cache/compile_simlib/riviera}] -of_objects [get_files /home/malik/andromeda_ila/AXI-Dot-Product-Accelerator/Vivado/puzhi/puzhi.srcs/sources_1/bd/andromeda/andromeda.bd] -directory /home/malik/andromeda_ila/AXI-Dot-Product-Accelerator/Vivado/puzhi/andromeda.ip_user_files/sim_scripts -ip_user_files_dir /home/malik/andromeda_ila/AXI-Dot-Product-Accelerator/Vivado/puzhi/andromeda.ip_user_files -ipstatic_source_dir /home/malik/andromeda_ila/AXI-Dot-Product-Accelerator/Vivado/puzhi/puzhi.ip_user_files/ipstatic -use_ip_compiled_libs -force -quiet
WARNING: [filemgmt 56-199] Attempt to get parsing info during refresh. "On-the-fly" syntax checking information may be incorrect. [/home/malik/andromeda_ila/AXI-Dot-Product-Accelerator/Vivado/puzhi/puzhi.srcs/sources_1/imports/hdl/dot_product_engine.sv:]
WARNING: [filemgmt 56-199] Attempt to get parsing info during refresh. "On-the-fly" syntax checking information may be incorrect. [/home/malik/andromeda_ila/AXI-Dot-Product-Accelerator/Vivado/puzhi/puzhi.srcs/sources_1/imports/hdl/axi_dpe.v:]
WARNING: [filemgmt 56-199] Attempt to get parsing info during refresh. "On-the-fly" syntax checking information may be incorrect. [/home/malik/andromeda_ila/AXI-Dot-Product-Accelerator/Vivado/puzhi/puzhi.srcs/sources_1/imports/hdl/top_dot_product_engine.sv:]
WARNING: [filemgmt 56-199] Attempt to get parsing info during refresh. "On-the-fly" syntax checking information may be incorrect. [/home/malik/andromeda_ila/AXI-Dot-Product-Accelerator/Vivado/puzhi/puzhi.srcs/sources_1/imports/hdl/dot_product_engine.sv:]
WARNING: [filemgmt 56-199] Attempt to get parsing info during refresh. "On-the-fly" syntax checking information may be incorrect. [/home/malik/andromeda_ila/AXI-Dot-Product-Accelerator/Vivado/puzhi/puzhi.srcs/sources_1/imports/hdl/dot_product_engine.sv:]
report_ip_status -name ip_status 
reset_run synth_1
launch_runs impl_1 -to_step write_bitstream -jobs 24
INFO: [Vivado 12-4149] The synthesis checkpoint for IP '/home/malik/andromeda_ila/AXI-Dot-Product-Accelerator/Vivado/puzhi/puzhi.srcs/sources_1/ip/floating_point_2/floating_point_2.xci' is already up-to-date
INFO: [Vivado 12-4149] The synthesis checkpoint for IP '/home/malik/andromeda_ila/AXI-Dot-Product-Accelerator/Vivado/puzhi/puzhi.srcs/sources_1/ip/floating_point_1/floating_point_1.xci' is already up-to-date
INFO: [Vivado 12-4149] The synthesis checkpoint for IP '/home/malik/andromeda_ila/AXI-Dot-Product-Accelerator/Vivado/puzhi/puzhi.srcs/sources_1/ip/floating_point_3/floating_point_3.xci' is already up-to-date
INFO: [Vivado 12-4149] The synthesis checkpoint for IP '/home/malik/andromeda_ila/AXI-Dot-Product-Accelerator/Vivado/puzhi/puzhi.srcs/sources_1/ip/floating_point_0/floating_point_0.xci' is already up-to-date
INFO: [Vivado 12-4149] The synthesis checkpoint for IP '/home/malik/andromeda_ila/AXI-Dot-Product-Accelerator/Vivado/puzhi/puzhi.srcs/sources_1/ip/sdp_w4096x2_r4096x2/sdp_w4096x2_r4096x2.xci' is already up-to-date
[Wed Jun 11 16:02:02 2025] Launched andromeda_ddr4_0_0_synth_1, andromeda_ila_0_0_synth_1, andromeda_util_vector_logic_0_0_synth_1, andromeda_microblaze_0_0_synth_1, andromeda_axi_uartlite_0_0_synth_1, andromeda_sd_controller_wrapper_0_0_synth_1, andromeda_axi_timer_0_0_synth_1, andromeda_dlmb_v10_0_synth_1, andromeda_ilmb_v10_0_synth_1, andromeda_dlmb_bram_if_cntlr_0_synth_1, andromeda_ilmb_bram_if_cntlr_0_synth_1, andromeda_lmb_bram_0_synth_1, andromeda_rst_ddr4_0_333M_0_synth_1, andromeda_rst_ddr4_0_100M_0_synth_1, andromeda_axi_smc_0_synth_1, andromeda_axi_dpe_0_0_synth_1, andromeda_mdm_0_0_synth_1, andromeda_system_ila_0_0_synth_1, synth_1...
Run output will be captured here:
andromeda_ddr4_0_0_synth_1: /home/malik/andromeda_ila/AXI-Dot-Product-Accelerator/Vivado/puzhi/puzhi.runs/andromeda_ddr4_0_0_synth_1/runme.log
andromeda_ila_0_0_synth_1: /home/malik/andromeda_ila/AXI-Dot-Product-Accelerator/Vivado/puzhi/puzhi.runs/andromeda_ila_0_0_synth_1/runme.log
andromeda_util_vector_logic_0_0_synth_1: /home/malik/andromeda_ila/AXI-Dot-Product-Accelerator/Vivado/puzhi/puzhi.runs/andromeda_util_vector_logic_0_0_synth_1/runme.log
andromeda_microblaze_0_0_synth_1: /home/malik/andromeda_ila/AXI-Dot-Product-Accelerator/Vivado/puzhi/puzhi.runs/andromeda_microblaze_0_0_synth_1/runme.log
andromeda_axi_uartlite_0_0_synth_1: /home/malik/andromeda_ila/AXI-Dot-Product-Accelerator/Vivado/puzhi/puzhi.runs/andromeda_axi_uartlite_0_0_synth_1/runme.log
andromeda_sd_controller_wrapper_0_0_synth_1: /home/malik/andromeda_ila/AXI-Dot-Product-Accelerator/Vivado/puzhi/puzhi.runs/andromeda_sd_controller_wrapper_0_0_synth_1/runme.log
andromeda_axi_timer_0_0_synth_1: /home/malik/andromeda_ila/AXI-Dot-Product-Accelerator/Vivado/puzhi/puzhi.runs/andromeda_axi_timer_0_0_synth_1/runme.log
andromeda_dlmb_v10_0_synth_1: /home/malik/andromeda_ila/AXI-Dot-Product-Accelerator/Vivado/puzhi/puzhi.runs/andromeda_dlmb_v10_0_synth_1/runme.log
andromeda_ilmb_v10_0_synth_1: /home/malik/andromeda_ila/AXI-Dot-Product-Accelerator/Vivado/puzhi/puzhi.runs/andromeda_ilmb_v10_0_synth_1/runme.log
andromeda_dlmb_bram_if_cntlr_0_synth_1: /home/malik/andromeda_ila/AXI-Dot-Product-Accelerator/Vivado/puzhi/puzhi.runs/andromeda_dlmb_bram_if_cntlr_0_synth_1/runme.log
andromeda_ilmb_bram_if_cntlr_0_synth_1: /home/malik/andromeda_ila/AXI-Dot-Product-Accelerator/Vivado/puzhi/puzhi.runs/andromeda_ilmb_bram_if_cntlr_0_synth_1/runme.log
andromeda_lmb_bram_0_synth_1: /home/malik/andromeda_ila/AXI-Dot-Product-Accelerator/Vivado/puzhi/puzhi.runs/andromeda_lmb_bram_0_synth_1/runme.log
andromeda_rst_ddr4_0_333M_0_synth_1: /home/malik/andromeda_ila/AXI-Dot-Product-Accelerator/Vivado/puzhi/puzhi.runs/andromeda_rst_ddr4_0_333M_0_synth_1/runme.log
andromeda_rst_ddr4_0_100M_0_synth_1: /home/malik/andromeda_ila/AXI-Dot-Product-Accelerator/Vivado/puzhi/puzhi.runs/andromeda_rst_ddr4_0_100M_0_synth_1/runme.log
andromeda_axi_smc_0_synth_1: /home/malik/andromeda_ila/AXI-Dot-Product-Accelerator/Vivado/puzhi/puzhi.runs/andromeda_axi_smc_0_synth_1/runme.log
andromeda_axi_dpe_0_0_synth_1: /home/malik/andromeda_ila/AXI-Dot-Product-Accelerator/Vivado/puzhi/puzhi.runs/andromeda_axi_dpe_0_0_synth_1/runme.log
andromeda_mdm_0_0_synth_1: /home/malik/andromeda_ila/AXI-Dot-Product-Accelerator/Vivado/puzhi/puzhi.runs/andromeda_mdm_0_0_synth_1/runme.log
andromeda_system_ila_0_0_synth_1: /home/malik/andromeda_ila/AXI-Dot-Product-Accelerator/Vivado/puzhi/puzhi.runs/andromeda_system_ila_0_0_synth_1/runme.log
synth_1: /home/malik/andromeda_ila/AXI-Dot-Product-Accelerator/Vivado/puzhi/puzhi.runs/synth_1/runme.log
[Wed Jun 11 16:02:03 2025] Launched impl_1...
Run output will be captured here: /home/malik/andromeda_ila/AXI-Dot-Product-Accelerator/Vivado/puzhi/puzhi.runs/impl_1/runme.log
launch_runs: Time (s): cpu = 00:00:18 ; elapsed = 00:00:16 . Memory (MB): peak = 12593.238 ; gain = 0.000 ; free physical = 86740 ; free virtual = 97983
WARNING: [filemgmt 56-199] Attempt to get parsing info during refresh. "On-the-fly" syntax checking information may be incorrect. [/home/malik/andromeda_ila/AXI-Dot-Product-Accelerator/Vivado/puzhi/puzhi.srcs/sources_1/imports/hdl/dot_product_engine.sv:]
WARNING: [filemgmt 56-199] Attempt to get parsing info during refresh. "On-the-fly" syntax checking information may be incorrect. [/home/malik/andromeda_ila/AXI-Dot-Product-Accelerator/Vivado/puzhi/puzhi.srcs/sources_1/imports/hdl/axi_dpe.v:]
WARNING: [filemgmt 56-199] Attempt to get parsing info during refresh. "On-the-fly" syntax checking information may be incorrect. [/home/malik/andromeda_ila/AXI-Dot-Product-Accelerator/Vivado/puzhi/puzhi.srcs/sources_1/imports/hdl/top_dot_product_engine.sv:]
WARNING: [filemgmt 56-199] Attempt to get parsing info during refresh. "On-the-fly" syntax checking information may be incorrect. [/home/malik/andromeda_ila/AXI-Dot-Product-Accelerator/Vivado/puzhi/puzhi.srcs/sources_1/imports/hdl/top_dot_product_engine.sv:]
WARNING: [filemgmt 56-199] Attempt to get parsing info during refresh. "On-the-fly" syntax checking information may be incorrect. [/home/malik/andromeda_ila/AXI-Dot-Product-Accelerator/Vivado/puzhi/puzhi.srcs/sources_1/imports/hdl/top_dot_product_engine.sv:]
WARNING: [filemgmt 56-199] Attempt to get parsing info during refresh. "On-the-fly" syntax checking information may be incorrect. [/home/malik/andromeda_ila/AXI-Dot-Product-Accelerator/Vivado/puzhi/puzhi.srcs/sources_1/imports/hdl/dot_product_engine.sv:]
WARNING: [filemgmt 56-199] Attempt to get parsing info during refresh. "On-the-fly" syntax checking information may be incorrect. [/home/malik/andromeda_ila/AXI-Dot-Product-Accelerator/Vivado/puzhi/puzhi.srcs/sources_1/imports/hdl/axi_dpe.v:]
WARNING: [filemgmt 56-199] Attempt to get parsing info during refresh. "On-the-fly" syntax checking information may be incorrect. [/home/malik/andromeda_ila/AXI-Dot-Product-Accelerator/Vivado/puzhi/puzhi.srcs/sources_1/imports/hdl/top_dot_product_engine.sv:]
WARNING: [filemgmt 56-199] Attempt to get parsing info during refresh. "On-the-fly" syntax checking information may be incorrect. [/home/malik/andromeda_ila/AXI-Dot-Product-Accelerator/Vivado/puzhi/puzhi.srcs/sources_1/imports/hdl/axi_dpe.v:]
WARNING: [filemgmt 56-199] Attempt to get parsing info during refresh. "On-the-fly" syntax checking information may be incorrect. [/home/malik/andromeda_ila/AXI-Dot-Product-Accelerator/Vivado/puzhi/puzhi.srcs/sources_1/imports/hdl/axi_dpe.v:]
WARNING: [filemgmt 56-199] Attempt to get parsing info during refresh. "On-the-fly" syntax checking information may be incorrect. [/home/malik/andromeda_ila/AXI-Dot-Product-Accelerator/Vivado/puzhi/puzhi.srcs/sources_1/imports/hdl/dot_product_engine.sv:]
WARNING: [filemgmt 56-199] Attempt to get parsing info during refresh. "On-the-fly" syntax checking information may be incorrect. [/home/malik/andromeda_ila/AXI-Dot-Product-Accelerator/Vivado/puzhi/puzhi.srcs/sources_1/imports/hdl/axi_dpe.v:]
WARNING: [filemgmt 56-199] Attempt to get parsing info during refresh. "On-the-fly" syntax checking information may be incorrect. [/home/malik/andromeda_ila/AXI-Dot-Product-Accelerator/Vivado/puzhi/puzhi.srcs/sources_1/imports/hdl/top_dot_product_engine.sv:]
WARNING: [filemgmt 56-199] Attempt to get parsing info during refresh. "On-the-fly" syntax checking information may be incorrect. [/home/malik/andromeda_ila/AXI-Dot-Product-Accelerator/Vivado/puzhi/puzhi.srcs/sources_1/imports/hdl/axi_dpe.v:]
WARNING: [filemgmt 56-199] Attempt to get parsing info during refresh. "On-the-fly" syntax checking information may be incorrect. [/home/malik/andromeda_ila/AXI-Dot-Product-Accelerator/Vivado/puzhi/puzhi.srcs/sources_1/imports/hdl/axi_dpe.v:]
WARNING: [filemgmt 56-199] Attempt to get parsing info during refresh. "On-the-fly" syntax checking information may be incorrect. [/home/malik/andromeda_ila/AXI-Dot-Product-Accelerator/Vivado/puzhi/puzhi.srcs/sources_1/imports/hdl/dot_product_engine.sv:]
WARNING: [filemgmt 56-199] Attempt to get parsing info during refresh. "On-the-fly" syntax checking information may be incorrect. [/home/malik/andromeda_ila/AXI-Dot-Product-Accelerator/Vivado/puzhi/puzhi.srcs/sources_1/imports/hdl/axi_dpe.v:]
WARNING: [filemgmt 56-199] Attempt to get parsing info during refresh. "On-the-fly" syntax checking information may be incorrect. [/home/malik/andromeda_ila/AXI-Dot-Product-Accelerator/Vivado/puzhi/puzhi.srcs/sources_1/imports/hdl/top_dot_product_engine.sv:]
WARNING: [filemgmt 56-199] Attempt to get parsing info during refresh. "On-the-fly" syntax checking information may be incorrect. [/home/malik/andromeda_ila/AXI-Dot-Product-Accelerator/Vivado/puzhi/puzhi.srcs/sources_1/imports/hdl/top_dot_product_engine.sv:]
WARNING: [filemgmt 56-199] Attempt to get parsing info during refresh. "On-the-fly" syntax checking information may be incorrect. [/home/malik/andromeda_ila/AXI-Dot-Product-Accelerator/Vivado/puzhi/puzhi.srcs/sources_1/imports/hdl/top_dot_product_engine.sv:]
WARNING: [filemgmt 56-199] Attempt to get parsing info during refresh. "On-the-fly" syntax checking information may be incorrect. [/home/malik/andromeda_ila/AXI-Dot-Product-Accelerator/Vivado/puzhi/puzhi.srcs/sources_1/imports/hdl/dot_product_engine.sv:]
WARNING: [filemgmt 56-199] Attempt to get parsing info during refresh. "On-the-fly" syntax checking information may be incorrect. [/home/malik/andromeda_ila/AXI-Dot-Product-Accelerator/Vivado/puzhi/puzhi.srcs/sources_1/imports/hdl/axi_dpe.v:]
WARNING: [filemgmt 56-199] Attempt to get parsing info during refresh. "On-the-fly" syntax checking information may be incorrect. [/home/malik/andromeda_ila/AXI-Dot-Product-Accelerator/Vivado/puzhi/puzhi.srcs/sources_1/imports/hdl/top_dot_product_engine.sv:]
WARNING: [filemgmt 56-199] Attempt to get parsing info during refresh. "On-the-fly" syntax checking information may be incorrect. [/home/malik/andromeda_ila/AXI-Dot-Product-Accelerator/Vivado/puzhi/puzhi.srcs/sources_1/imports/hdl/top_dot_product_engine.sv:]
WARNING: [filemgmt 56-199] Attempt to get parsing info during refresh. "On-the-fly" syntax checking information may be incorrect. [/home/malik/andromeda_ila/AXI-Dot-Product-Accelerator/Vivado/puzhi/puzhi.srcs/sources_1/imports/hdl/top_dot_product_engine.sv:]
WARNING: [filemgmt 56-199] Attempt to get parsing info during refresh. "On-the-fly" syntax checking information may be incorrect. [/home/malik/andromeda_ila/AXI-Dot-Product-Accelerator/Vivado/puzhi/puzhi.srcs/sources_1/imports/hdl/dot_product_engine.sv:]
WARNING: [filemgmt 56-199] Attempt to get parsing info during refresh. "On-the-fly" syntax checking information may be incorrect. [/home/malik/andromeda_ila/AXI-Dot-Product-Accelerator/Vivado/puzhi/puzhi.srcs/sources_1/imports/hdl/axi_dpe.v:]
WARNING: [filemgmt 56-199] Attempt to get parsing info during refresh. "On-the-fly" syntax checking information may be incorrect. [/home/malik/andromeda_ila/AXI-Dot-Product-Accelerator/Vivado/puzhi/puzhi.srcs/sources_1/imports/hdl/top_dot_product_engine.sv:]
WARNING: [filemgmt 56-199] Attempt to get parsing info during refresh. "On-the-fly" syntax checking information may be incorrect. [/home/malik/andromeda_ila/AXI-Dot-Product-Accelerator/Vivado/puzhi/puzhi.srcs/sources_1/imports/hdl/axi_dpe.v:]
WARNING: [filemgmt 56-199] Attempt to get parsing info during refresh. "On-the-fly" syntax checking information may be incorrect. [/home/malik/andromeda_ila/AXI-Dot-Product-Accelerator/Vivado/puzhi/puzhi.srcs/sources_1/imports/hdl/axi_dpe.v:]
WARNING: [filemgmt 56-199] Attempt to get parsing info during refresh. "On-the-fly" syntax checking information may be incorrect. [/home/malik/andromeda_ila/AXI-Dot-Product-Accelerator/Vivado/puzhi/puzhi.srcs/sources_1/imports/hdl/dot_product_engine.sv:]
WARNING: [filemgmt 56-199] Attempt to get parsing info during refresh. "On-the-fly" syntax checking information may be incorrect. [/home/malik/andromeda_ila/AXI-Dot-Product-Accelerator/Vivado/puzhi/puzhi.srcs/sources_1/imports/hdl/axi_dpe.v:]
WARNING: [filemgmt 56-199] Attempt to get parsing info during refresh. "On-the-fly" syntax checking information may be incorrect. [/home/malik/andromeda_ila/AXI-Dot-Product-Accelerator/Vivado/puzhi/puzhi.srcs/sources_1/imports/hdl/top_dot_product_engine.sv:]
WARNING: [filemgmt 56-199] Attempt to get parsing info during refresh. "On-the-fly" syntax checking information may be incorrect. [/home/malik/andromeda_ila/AXI-Dot-Product-Accelerator/Vivado/puzhi/puzhi.srcs/sources_1/imports/hdl/axi_dpe.v:]
WARNING: [filemgmt 56-199] Attempt to get parsing info during refresh. "On-the-fly" syntax checking information may be incorrect. [/home/malik/andromeda_ila/AXI-Dot-Product-Accelerator/Vivado/puzhi/puzhi.srcs/sources_1/imports/hdl/axi_dpe.v:]
WARNING: [filemgmt 56-199] Attempt to get parsing info during refresh. "On-the-fly" syntax checking information may be incorrect. [/home/malik/andromeda_ila/AXI-Dot-Product-Accelerator/Vivado/puzhi/puzhi.srcs/sources_1/imports/hdl/dot_product_engine.sv:]
WARNING: [filemgmt 56-199] Attempt to get parsing info during refresh. "On-the-fly" syntax checking information may be incorrect. [/home/malik/andromeda_ila/AXI-Dot-Product-Accelerator/Vivado/puzhi/puzhi.srcs/sources_1/imports/hdl/axi_dpe.v:]
WARNING: [filemgmt 56-199] Attempt to get parsing info during refresh. "On-the-fly" syntax checking information may be incorrect. [/home/malik/andromeda_ila/AXI-Dot-Product-Accelerator/Vivado/puzhi/puzhi.srcs/sources_1/imports/hdl/top_dot_product_engine.sv:]
WARNING: [filemgmt 56-199] Attempt to get parsing info during refresh. "On-the-fly" syntax checking information may be incorrect. [/home/malik/andromeda_ila/AXI-Dot-Product-Accelerator/Vivado/puzhi/puzhi.srcs/sources_1/imports/hdl/top_dot_product_engine.sv:]
WARNING: [filemgmt 56-199] Attempt to get parsing info during refresh. "On-the-fly" syntax checking information may be incorrect. [/home/malik/andromeda_ila/AXI-Dot-Product-Accelerator/Vivado/puzhi/puzhi.srcs/sources_1/imports/hdl/top_dot_product_engine.sv:]
WARNING: [filemgmt 56-199] Attempt to get parsing info during refresh. "On-the-fly" syntax checking information may be incorrect. [/home/malik/andromeda_ila/AXI-Dot-Product-Accelerator/Vivado/puzhi/puzhi.srcs/sources_1/imports/hdl/dot_product_engine.sv:]
WARNING: [filemgmt 56-199] Attempt to get parsing info during refresh. "On-the-fly" syntax checking information may be incorrect. [/home/malik/andromeda_ila/AXI-Dot-Product-Accelerator/Vivado/puzhi/puzhi.srcs/sources_1/imports/hdl/axi_dpe.v:]
WARNING: [filemgmt 56-199] Attempt to get parsing info during refresh. "On-the-fly" syntax checking information may be incorrect. [/home/malik/andromeda_ila/AXI-Dot-Product-Accelerator/Vivado/puzhi/puzhi.srcs/sources_1/imports/hdl/top_dot_product_engine.sv:]
WARNING: [filemgmt 56-199] Attempt to get parsing info during refresh. "On-the-fly" syntax checking information may be incorrect. [/home/malik/andromeda_ila/AXI-Dot-Product-Accelerator/Vivado/puzhi/puzhi.srcs/sources_1/imports/hdl/top_dot_product_engine.sv:]
WARNING: [filemgmt 56-199] Attempt to get parsing info during refresh. "On-the-fly" syntax checking information may be incorrect. [/home/malik/andromeda_ila/AXI-Dot-Product-Accelerator/Vivado/puzhi/puzhi.srcs/sources_1/imports/hdl/top_dot_product_engine.sv:]
WARNING: [filemgmt 56-199] Attempt to get parsing info during refresh. "On-the-fly" syntax checking information may be incorrect. [/home/malik/andromeda_ila/AXI-Dot-Product-Accelerator/Vivado/puzhi/puzhi.srcs/sources_1/imports/hdl/dot_product_engine.sv:]
WARNING: [filemgmt 56-199] Attempt to get parsing info during refresh. "On-the-fly" syntax checking information may be incorrect. [/home/malik/andromeda_ila/AXI-Dot-Product-Accelerator/Vivado/puzhi/puzhi.srcs/sources_1/imports/hdl/axi_dpe.v:]
WARNING: [filemgmt 56-199] Attempt to get parsing info during refresh. "On-the-fly" syntax checking information may be incorrect. [/home/malik/andromeda_ila/AXI-Dot-Product-Accelerator/Vivado/puzhi/puzhi.srcs/sources_1/imports/hdl/top_dot_product_engine.sv:]
WARNING: [filemgmt 56-199] Attempt to get parsing info during refresh. "On-the-fly" syntax checking information may be incorrect. [/home/malik/andromeda_ila/AXI-Dot-Product-Accelerator/Vivado/puzhi/puzhi.srcs/sources_1/imports/hdl/axi_dpe.v:]
WARNING: [filemgmt 56-199] Attempt to get parsing info during refresh. "On-the-fly" syntax checking information may be incorrect. [/home/malik/andromeda_ila/AXI-Dot-Product-Accelerator/Vivado/puzhi/puzhi.srcs/sources_1/imports/hdl/axi_dpe.v:]
WARNING: [filemgmt 56-199] Attempt to get parsing info during refresh. "On-the-fly" syntax checking information may be incorrect. [/home/malik/andromeda_ila/AXI-Dot-Product-Accelerator/Vivado/puzhi/puzhi.srcs/sources_1/imports/hdl/dot_product_engine.sv:]
WARNING: [filemgmt 56-199] Attempt to get parsing info during refresh. "On-the-fly" syntax checking information may be incorrect. [/home/malik/andromeda_ila/AXI-Dot-Product-Accelerator/Vivado/puzhi/puzhi.srcs/sources_1/imports/hdl/axi_dpe.v:]
WARNING: [filemgmt 56-199] Attempt to get parsing info during refresh. "On-the-fly" syntax checking information may be incorrect. [/home/malik/andromeda_ila/AXI-Dot-Product-Accelerator/Vivado/puzhi/puzhi.srcs/sources_1/imports/hdl/top_dot_product_engine.sv:]
WARNING: [filemgmt 56-199] Attempt to get parsing info during refresh. "On-the-fly" syntax checking information may be incorrect. [/home/malik/andromeda_ila/AXI-Dot-Product-Accelerator/Vivado/puzhi/puzhi.srcs/sources_1/imports/hdl/axi_dpe.v:]
WARNING: [filemgmt 56-199] Attempt to get parsing info during refresh. "On-the-fly" syntax checking information may be incorrect. [/home/malik/andromeda_ila/AXI-Dot-Product-Accelerator/Vivado/puzhi/puzhi.srcs/sources_1/imports/hdl/axi_dpe.v:]
WARNING: [filemgmt 56-199] Attempt to get parsing info during refresh. "On-the-fly" syntax checking information may be incorrect. [/home/malik/andromeda_ila/AXI-Dot-Product-Accelerator/Vivado/puzhi/puzhi.srcs/sources_1/imports/hdl/dot_product_engine.sv:]
WARNING: [filemgmt 56-199] Attempt to get parsing info during refresh. "On-the-fly" syntax checking information may be incorrect. [/home/malik/andromeda_ila/AXI-Dot-Product-Accelerator/Vivado/puzhi/puzhi.srcs/sources_1/imports/hdl/axi_dpe.v:]
WARNING: [filemgmt 56-199] Attempt to get parsing info during refresh. "On-the-fly" syntax checking information may be incorrect. [/home/malik/andromeda_ila/AXI-Dot-Product-Accelerator/Vivado/puzhi/puzhi.srcs/sources_1/imports/hdl/top_dot_product_engine.sv:]
WARNING: [filemgmt 56-199] Attempt to get parsing info during refresh. "On-the-fly" syntax checking information may be incorrect. [/home/malik/andromeda_ila/AXI-Dot-Product-Accelerator/Vivado/puzhi/puzhi.srcs/sources_1/imports/hdl/top_dot_product_engine.sv:]
WARNING: [filemgmt 56-199] Attempt to get parsing info during refresh. "On-the-fly" syntax checking information may be incorrect. [/home/malik/andromeda_ila/AXI-Dot-Product-Accelerator/Vivado/puzhi/puzhi.srcs/sources_1/imports/hdl/top_dot_product_engine.sv:]
WARNING: [filemgmt 56-199] Attempt to get parsing info during refresh. "On-the-fly" syntax checking information may be incorrect. [/home/malik/andromeda_ila/AXI-Dot-Product-Accelerator/Vivado/puzhi/puzhi.srcs/sources_1/imports/hdl/dot_product_engine.sv:]
WARNING: [filemgmt 56-199] Attempt to get parsing info during refresh. "On-the-fly" syntax checking information may be incorrect. [/home/malik/andromeda_ila/AXI-Dot-Product-Accelerator/Vivado/puzhi/puzhi.srcs/sources_1/imports/hdl/axi_dpe.v:]
WARNING: [filemgmt 56-199] Attempt to get parsing info during refresh. "On-the-fly" syntax checking information may be incorrect. [/home/malik/andromeda_ila/AXI-Dot-Product-Accelerator/Vivado/puzhi/puzhi.srcs/sources_1/imports/hdl/top_dot_product_engine.sv:]
WARNING: [filemgmt 56-199] Attempt to get parsing info during refresh. "On-the-fly" syntax checking information may be incorrect. [/home/malik/andromeda_ila/AXI-Dot-Product-Accelerator/Vivado/puzhi/puzhi.srcs/sources_1/imports/hdl/axi_dpe.v:]
WARNING: [filemgmt 56-199] Attempt to get parsing info during refresh. "On-the-fly" syntax checking information may be incorrect. [/home/malik/andromeda_ila/AXI-Dot-Product-Accelerator/Vivado/puzhi/puzhi.srcs/sources_1/imports/hdl/axi_dpe.v:]
WARNING: [filemgmt 56-199] Attempt to get parsing info during refresh. "On-the-fly" syntax checking information may be incorrect. [/home/malik/andromeda_ila/AXI-Dot-Product-Accelerator/Vivado/puzhi/puzhi.srcs/sources_1/imports/hdl/dot_product_engine.sv:]
WARNING: [filemgmt 56-199] Attempt to get parsing info during refresh. "On-the-fly" syntax checking information may be incorrect. [/home/malik/andromeda_ila/AXI-Dot-Product-Accelerator/Vivado/puzhi/puzhi.srcs/sources_1/imports/hdl/axi_dpe.v:]
WARNING: [filemgmt 56-199] Attempt to get parsing info during refresh. "On-the-fly" syntax checking information may be incorrect. [/home/malik/andromeda_ila/AXI-Dot-Product-Accelerator/Vivado/puzhi/puzhi.srcs/sources_1/imports/hdl/top_dot_product_engine.sv:]
WARNING: [filemgmt 56-199] Attempt to get parsing info during refresh. "On-the-fly" syntax checking information may be incorrect. [/home/malik/andromeda_ila/AXI-Dot-Product-Accelerator/Vivado/puzhi/puzhi.srcs/sources_1/imports/hdl/axi_dpe.v:]
WARNING: [filemgmt 56-199] Attempt to get parsing info during refresh. "On-the-fly" syntax checking information may be incorrect. [/home/malik/andromeda_ila/AXI-Dot-Product-Accelerator/Vivado/puzhi/puzhi.srcs/sources_1/imports/hdl/axi_dpe.v:]
WARNING: [filemgmt 56-199] Attempt to get parsing info during refresh. "On-the-fly" syntax checking information may be incorrect. [/home/malik/andromeda_ila/AXI-Dot-Product-Accelerator/Vivado/puzhi/puzhi.srcs/sources_1/imports/hdl/dot_product_engine.sv:]
WARNING: [filemgmt 56-199] Attempt to get parsing info during refresh. "On-the-fly" syntax checking information may be incorrect. [/home/malik/andromeda_ila/AXI-Dot-Product-Accelerator/Vivado/puzhi/puzhi.srcs/sources_1/imports/hdl/axi_dpe.v:]
WARNING: [filemgmt 56-199] Attempt to get parsing info during refresh. "On-the-fly" syntax checking information may be incorrect. [/home/malik/andromeda_ila/AXI-Dot-Product-Accelerator/Vivado/puzhi/puzhi.srcs/sources_1/imports/hdl/top_dot_product_engine.sv:]
WARNING: [filemgmt 56-199] Attempt to get parsing info during refresh. "On-the-fly" syntax checking information may be incorrect. [/home/malik/andromeda_ila/AXI-Dot-Product-Accelerator/Vivado/puzhi/puzhi.srcs/sources_1/imports/hdl/top_dot_product_engine.sv:]
WARNING: [filemgmt 56-199] Attempt to get parsing info during refresh. "On-the-fly" syntax checking information may be incorrect. [/home/malik/andromeda_ila/AXI-Dot-Product-Accelerator/Vivado/puzhi/puzhi.srcs/sources_1/imports/hdl/top_dot_product_engine.sv:]
WARNING: [filemgmt 56-199] Attempt to get parsing info during refresh. "On-the-fly" syntax checking information may be incorrect. [/home/malik/andromeda_ila/AXI-Dot-Product-Accelerator/Vivado/puzhi/puzhi.srcs/sources_1/imports/hdl/dot_product_engine.sv:]
WARNING: [filemgmt 56-199] Attempt to get parsing info during refresh. "On-the-fly" syntax checking information may be incorrect. [/home/malik/andromeda_ila/AXI-Dot-Product-Accelerator/Vivado/puzhi/puzhi.srcs/sources_1/imports/hdl/axi_dpe.v:]
WARNING: [filemgmt 56-199] Attempt to get parsing info during refresh. "On-the-fly" syntax checking information may be incorrect. [/home/malik/andromeda_ila/AXI-Dot-Product-Accelerator/Vivado/puzhi/puzhi.srcs/sources_1/imports/hdl/top_dot_product_engine.sv:]
WARNING: [filemgmt 56-199] Attempt to get parsing info during refresh. "On-the-fly" syntax checking information may be incorrect. [/home/malik/andromeda_ila/AXI-Dot-Product-Accelerator/Vivado/puzhi/puzhi.srcs/sources_1/imports/hdl/axi_dpe.v:]
WARNING: [filemgmt 56-199] Attempt to get parsing info during refresh. "On-the-fly" syntax checking information may be incorrect. [/home/malik/andromeda_ila/AXI-Dot-Product-Accelerator/Vivado/puzhi/puzhi.srcs/sources_1/imports/hdl/axi_dpe.v:]
WARNING: [filemgmt 56-199] Attempt to get parsing info during refresh. "On-the-fly" syntax checking information may be incorrect. [/home/malik/andromeda_ila/AXI-Dot-Product-Accelerator/Vivado/puzhi/puzhi.srcs/sources_1/imports/hdl/dot_product_engine.sv:]
WARNING: [filemgmt 56-199] Attempt to get parsing info during refresh. "On-the-fly" syntax checking information may be incorrect. [/home/malik/andromeda_ila/AXI-Dot-Product-Accelerator/Vivado/puzhi/puzhi.srcs/sources_1/imports/hdl/axi_dpe.v:]
WARNING: [filemgmt 56-199] Attempt to get parsing info during refresh. "On-the-fly" syntax checking information may be incorrect. [/home/malik/andromeda_ila/AXI-Dot-Product-Accelerator/Vivado/puzhi/puzhi.srcs/sources_1/imports/hdl/top_dot_product_engine.sv:]
WARNING: [filemgmt 56-199] Attempt to get parsing info during refresh. "On-the-fly" syntax checking information may be incorrect. [/home/malik/andromeda_ila/AXI-Dot-Product-Accelerator/Vivado/puzhi/puzhi.srcs/sources_1/imports/hdl/top_dot_product_engine.sv:]
WARNING: [filemgmt 56-199] Attempt to get parsing info during refresh. "On-the-fly" syntax checking information may be incorrect. [/home/malik/andromeda_ila/AXI-Dot-Product-Accelerator/Vivado/puzhi/puzhi.srcs/sources_1/imports/hdl/top_dot_product_engine.sv:]
WARNING: [filemgmt 56-199] Attempt to get parsing info during refresh. "On-the-fly" syntax checking information may be incorrect. [/home/malik/andromeda_ila/AXI-Dot-Product-Accelerator/Vivado/puzhi/puzhi.srcs/sources_1/imports/hdl/dot_product_engine.sv:]
WARNING: [filemgmt 56-199] Attempt to get parsing info during refresh. "On-the-fly" syntax checking information may be incorrect. [/home/malik/andromeda_ila/AXI-Dot-Product-Accelerator/Vivado/puzhi/puzhi.srcs/sources_1/imports/hdl/axi_dpe.v:]
WARNING: [filemgmt 56-199] Attempt to get parsing info during refresh. "On-the-fly" syntax checking information may be incorrect. [/home/malik/andromeda_ila/AXI-Dot-Product-Accelerator/Vivado/puzhi/puzhi.srcs/sources_1/imports/hdl/top_dot_product_engine.sv:]
WARNING: [filemgmt 56-199] Attempt to get parsing info during refresh. "On-the-fly" syntax checking information may be incorrect. [/home/malik/andromeda_ila/AXI-Dot-Product-Accelerator/Vivado/puzhi/puzhi.srcs/sources_1/imports/hdl/axi_dpe.v:]
WARNING: [filemgmt 56-199] Attempt to get parsing info during refresh. "On-the-fly" syntax checking information may be incorrect. [/home/malik/andromeda_ila/AXI-Dot-Product-Accelerator/Vivado/puzhi/puzhi.srcs/sources_1/imports/hdl/axi_dpe.v:]
WARNING: [filemgmt 56-199] Attempt to get parsing info during refresh. "On-the-fly" syntax checking information may be incorrect. [/home/malik/andromeda_ila/AXI-Dot-Product-Accelerator/Vivado/puzhi/puzhi.srcs/sources_1/imports/hdl/dot_product_engine.sv:]
WARNING: [filemgmt 56-199] Attempt to get parsing info during refresh. "On-the-fly" syntax checking information may be incorrect. [/home/malik/andromeda_ila/AXI-Dot-Product-Accelerator/Vivado/puzhi/puzhi.srcs/sources_1/imports/hdl/axi_dpe.v:]
WARNING: [filemgmt 56-199] Attempt to get parsing info during refresh. "On-the-fly" syntax checking information may be incorrect. [/home/malik/andromeda_ila/AXI-Dot-Product-Accelerator/Vivado/puzhi/puzhi.srcs/sources_1/imports/hdl/top_dot_product_engine.sv:]
WARNING: [filemgmt 56-199] Attempt to get parsing info during refresh. "On-the-fly" syntax checking information may be incorrect. [/home/malik/andromeda_ila/AXI-Dot-Product-Accelerator/Vivado/puzhi/puzhi.srcs/sources_1/imports/hdl/top_dot_product_engine.sv:]
WARNING: [filemgmt 56-199] Attempt to get parsing info during refresh. "On-the-fly" syntax checking information may be incorrect. [/home/malik/andromeda_ila/AXI-Dot-Product-Accelerator/Vivado/puzhi/puzhi.srcs/sources_1/imports/hdl/top_dot_product_engine.sv:]
WARNING: [filemgmt 56-199] Attempt to get parsing info during refresh. "On-the-fly" syntax checking information may be incorrect. [/home/malik/andromeda_ila/AXI-Dot-Product-Accelerator/Vivado/puzhi/puzhi.srcs/sources_1/imports/hdl/dot_product_engine.sv:]
WARNING: [filemgmt 56-199] Attempt to get parsing info during refresh. "On-the-fly" syntax checking information may be incorrect. [/home/malik/andromeda_ila/AXI-Dot-Product-Accelerator/Vivado/puzhi/puzhi.srcs/sources_1/imports/hdl/axi_dpe.v:]
WARNING: [filemgmt 56-199] Attempt to get parsing info during refresh. "On-the-fly" syntax checking information may be incorrect. [/home/malik/andromeda_ila/AXI-Dot-Product-Accelerator/Vivado/puzhi/puzhi.srcs/sources_1/imports/hdl/top_dot_product_engine.sv:]
WARNING: [filemgmt 56-199] Attempt to get parsing info during refresh. "On-the-fly" syntax checking information may be incorrect. [/home/malik/andromeda_ila/AXI-Dot-Product-Accelerator/Vivado/puzhi/puzhi.srcs/sources_1/imports/hdl/axi_dpe.v:]
WARNING: [filemgmt 56-199] Attempt to get parsing info during refresh. "On-the-fly" syntax checking information may be incorrect. [/home/malik/andromeda_ila/AXI-Dot-Product-Accelerator/Vivado/puzhi/puzhi.srcs/sources_1/imports/hdl/axi_dpe.v:]
WARNING: [filemgmt 56-199] Attempt to get parsing info during refresh. "On-the-fly" syntax checking information may be incorrect. [/home/malik/andromeda_ila/AXI-Dot-Product-Accelerator/Vivado/puzhi/puzhi.srcs/sources_1/imports/hdl/dot_product_engine.sv:]
WARNING: [filemgmt 56-199] Attempt to get parsing info during refresh. "On-the-fly" syntax checking information may be incorrect. [/home/malik/andromeda_ila/AXI-Dot-Product-Accelerator/Vivado/puzhi/puzhi.srcs/sources_1/imports/hdl/axi_dpe.v:]
WARNING: [filemgmt 56-199] Attempt to get parsing info during refresh. "On-the-fly" syntax checking information may be incorrect. [/home/malik/andromeda_ila/AXI-Dot-Product-Accelerator/Vivado/puzhi/puzhi.srcs/sources_1/imports/hdl/top_dot_product_engine.sv:]
WARNING: [filemgmt 56-199] Attempt to get parsing info during refresh. "On-the-fly" syntax checking information may be incorrect. [/home/malik/andromeda_ila/AXI-Dot-Product-Accelerator/Vivado/puzhi/puzhi.srcs/sources_1/imports/hdl/top_dot_product_engine.sv:]
WARNING: [filemgmt 56-199] Attempt to get parsing info during refresh. "On-the-fly" syntax checking information may be incorrect. [/home/malik/andromeda_ila/AXI-Dot-Product-Accelerator/Vivado/puzhi/puzhi.srcs/sources_1/imports/hdl/top_dot_product_engine.sv:]
WARNING: [filemgmt 56-199] Attempt to get parsing info during refresh. "On-the-fly" syntax checking information may be incorrect. [/home/malik/andromeda_ila/AXI-Dot-Product-Accelerator/Vivado/puzhi/puzhi.srcs/sources_1/imports/hdl/dot_product_engine.sv:]
WARNING: [filemgmt 56-199] Attempt to get parsing info during refresh. "On-the-fly" syntax checking information may be incorrect. [/home/malik/andromeda_ila/AXI-Dot-Product-Accelerator/Vivado/puzhi/puzhi.srcs/sources_1/imports/hdl/axi_dpe.v:]
WARNING: [filemgmt 56-199] Attempt to get parsing info during refresh. "On-the-fly" syntax checking information may be incorrect. [/home/malik/andromeda_ila/AXI-Dot-Product-Accelerator/Vivado/puzhi/puzhi.srcs/sources_1/imports/hdl/top_dot_product_engine.sv:]
WARNING: [filemgmt 56-199] Attempt to get parsing info during refresh. "On-the-fly" syntax checking information may be incorrect. [/home/malik/andromeda_ila/AXI-Dot-Product-Accelerator/Vivado/puzhi/puzhi.srcs/sources_1/imports/hdl/top_dot_product_engine.sv:]
WARNING: [filemgmt 56-199] Attempt to get parsing info during refresh. "On-the-fly" syntax checking information may be incorrect. [/home/malik/andromeda_ila/AXI-Dot-Product-Accelerator/Vivado/puzhi/puzhi.srcs/sources_1/imports/hdl/top_dot_product_engine.sv:]
WARNING: [filemgmt 56-199] Attempt to get parsing info during refresh. "On-the-fly" syntax checking information may be incorrect. [/home/malik/andromeda_ila/AXI-Dot-Product-Accelerator/Vivado/puzhi/puzhi.srcs/sources_1/imports/hdl/dot_product_engine.sv:]
WARNING: [filemgmt 56-199] Attempt to get parsing info during refresh. "On-the-fly" syntax checking information may be incorrect. [/home/malik/andromeda_ila/AXI-Dot-Product-Accelerator/Vivado/puzhi/puzhi.srcs/sources_1/imports/hdl/axi_dpe.v:]
WARNING: [filemgmt 56-199] Attempt to get parsing info during refresh. "On-the-fly" syntax checking information may be incorrect. [/home/malik/andromeda_ila/AXI-Dot-Product-Accelerator/Vivado/puzhi/puzhi.srcs/sources_1/imports/hdl/top_dot_product_engine.sv:]
WARNING: [filemgmt 56-199] Attempt to get parsing info during refresh. "On-the-fly" syntax checking information may be incorrect. [/home/malik/andromeda_ila/AXI-Dot-Product-Accelerator/Vivado/puzhi/puzhi.srcs/sources_1/imports/hdl/axi_dpe.v:]
WARNING: [filemgmt 56-199] Attempt to get parsing info during refresh. "On-the-fly" syntax checking information may be incorrect. [/home/malik/andromeda_ila/AXI-Dot-Product-Accelerator/Vivado/puzhi/puzhi.srcs/sources_1/imports/hdl/axi_dpe.v:]
WARNING: [filemgmt 56-199] Attempt to get parsing info during refresh. "On-the-fly" syntax checking information may be incorrect. [/home/malik/andromeda_ila/AXI-Dot-Product-Accelerator/Vivado/puzhi/puzhi.srcs/sources_1/imports/hdl/dot_product_engine.sv:]
WARNING: [filemgmt 56-199] Attempt to get parsing info during refresh. "On-the-fly" syntax checking information may be incorrect. [/home/malik/andromeda_ila/AXI-Dot-Product-Accelerator/Vivado/puzhi/puzhi.srcs/sources_1/imports/hdl/axi_dpe.v:]
WARNING: [filemgmt 56-199] Attempt to get parsing info during refresh. "On-the-fly" syntax checking information may be incorrect. [/home/malik/andromeda_ila/AXI-Dot-Product-Accelerator/Vivado/puzhi/puzhi.srcs/sources_1/imports/hdl/top_dot_product_engine.sv:]
WARNING: [filemgmt 56-199] Attempt to get parsing info during refresh. "On-the-fly" syntax checking information may be incorrect. [/home/malik/andromeda_ila/AXI-Dot-Product-Accelerator/Vivado/puzhi/puzhi.srcs/sources_1/imports/hdl/dot_product_engine.sv:]
WARNING: [filemgmt 56-199] Attempt to get parsing info during refresh. "On-the-fly" syntax checking information may be incorrect. [/home/malik/andromeda_ila/AXI-Dot-Product-Accelerator/Vivado/puzhi/puzhi.srcs/sources_1/imports/hdl/dot_product_engine.sv:]
WARNING: [filemgmt 56-199] Attempt to get parsing info during refresh. "On-the-fly" syntax checking information may be incorrect. [/home/malik/andromeda_ila/AXI-Dot-Product-Accelerator/Vivado/puzhi/puzhi.srcs/sources_1/imports/hdl/dot_product_engine.sv:]
WARNING: [filemgmt 56-199] Attempt to get parsing info during refresh. "On-the-fly" syntax checking information may be incorrect. [/home/malik/andromeda_ila/AXI-Dot-Product-Accelerator/Vivado/puzhi/puzhi.srcs/sources_1/imports/hdl/axi_dpe.v:]
WARNING: [filemgmt 56-199] Attempt to get parsing info during refresh. "On-the-fly" syntax checking information may be incorrect. [/home/malik/andromeda_ila/AXI-Dot-Product-Accelerator/Vivado/puzhi/puzhi.srcs/sources_1/imports/hdl/top_dot_product_engine.sv:]
WARNING: [filemgmt 56-199] Attempt to get parsing info during refresh. "On-the-fly" syntax checking information may be incorrect. [/home/malik/andromeda_ila/AXI-Dot-Product-Accelerator/Vivado/puzhi/puzhi.srcs/sources_1/imports/hdl/top_dot_product_engine.sv:]
WARNING: [filemgmt 56-199] Attempt to get parsing info during refresh. "On-the-fly" syntax checking information may be incorrect. [/home/malik/andromeda_ila/AXI-Dot-Product-Accelerator/Vivado/puzhi/puzhi.srcs/sources_1/imports/hdl/top_dot_product_engine.sv:]
WARNING: [filemgmt 56-199] Attempt to get parsing info during refresh. "On-the-fly" syntax checking information may be incorrect. [/home/malik/andromeda_ila/AXI-Dot-Product-Accelerator/Vivado/puzhi/puzhi.srcs/sources_1/imports/hdl/dot_product_engine.sv:]
WARNING: [filemgmt 56-199] Attempt to get parsing info during refresh. "On-the-fly" syntax checking information may be incorrect. [/home/malik/andromeda_ila/AXI-Dot-Product-Accelerator/Vivado/puzhi/puzhi.srcs/sources_1/imports/hdl/axi_dpe.v:]
WARNING: [filemgmt 56-199] Attempt to get parsing info during refresh. "On-the-fly" syntax checking information may be incorrect. [/home/malik/andromeda_ila/AXI-Dot-Product-Accelerator/Vivado/puzhi/puzhi.srcs/sources_1/imports/hdl/top_dot_product_engine.sv:]
WARNING: [filemgmt 56-199] Attempt to get parsing info during refresh. "On-the-fly" syntax checking information may be incorrect. [/home/malik/andromeda_ila/AXI-Dot-Product-Accelerator/Vivado/puzhi/puzhi.srcs/sources_1/imports/hdl/axi_dpe.v:]
WARNING: [filemgmt 56-199] Attempt to get parsing info during refresh. "On-the-fly" syntax checking information may be incorrect. [/home/malik/andromeda_ila/AXI-Dot-Product-Accelerator/Vivado/puzhi/puzhi.srcs/sources_1/imports/hdl/axi_dpe.v:]
WARNING: [filemgmt 56-199] Attempt to get parsing info during refresh. "On-the-fly" syntax checking information may be incorrect. [/home/malik/andromeda_ila/AXI-Dot-Product-Accelerator/Vivado/puzhi/puzhi.srcs/sources_1/imports/hdl/dot_product_engine.sv:]
WARNING: [filemgmt 56-199] Attempt to get parsing info during refresh. "On-the-fly" syntax checking information may be incorrect. [/home/malik/andromeda_ila/AXI-Dot-Product-Accelerator/Vivado/puzhi/puzhi.srcs/sources_1/imports/hdl/axi_dpe.v:]
WARNING: [filemgmt 56-199] Attempt to get parsing info during refresh. "On-the-fly" syntax checking information may be incorrect. [/home/malik/andromeda_ila/AXI-Dot-Product-Accelerator/Vivado/puzhi/puzhi.srcs/sources_1/imports/hdl/top_dot_product_engine.sv:]
WARNING: [filemgmt 56-199] Attempt to get parsing info during refresh. "On-the-fly" syntax checking information may be incorrect. [/home/malik/andromeda_ila/AXI-Dot-Product-Accelerator/Vivado/puzhi/puzhi.srcs/sources_1/imports/hdl/top_dot_product_engine.sv:]
WARNING: [filemgmt 56-199] Attempt to get parsing info during refresh. "On-the-fly" syntax checking information may be incorrect. [/home/malik/andromeda_ila/AXI-Dot-Product-Accelerator/Vivado/puzhi/puzhi.srcs/sources_1/imports/hdl/top_dot_product_engine.sv:]
WARNING: [filemgmt 56-199] Attempt to get parsing info during refresh. "On-the-fly" syntax checking information may be incorrect. [/home/malik/andromeda_ila/AXI-Dot-Product-Accelerator/Vivado/puzhi/puzhi.srcs/sources_1/imports/hdl/dot_product_engine.sv:]
WARNING: [filemgmt 56-199] Attempt to get parsing info during refresh. "On-the-fly" syntax checking information may be incorrect. [/home/malik/andromeda_ila/AXI-Dot-Product-Accelerator/Vivado/puzhi/puzhi.srcs/sources_1/imports/hdl/axi_dpe.v:]
WARNING: [filemgmt 56-199] Attempt to get parsing info during refresh. "On-the-fly" syntax checking information may be incorrect. [/home/malik/andromeda_ila/AXI-Dot-Product-Accelerator/Vivado/puzhi/puzhi.srcs/sources_1/imports/hdl/top_dot_product_engine.sv:]
WARNING: [filemgmt 56-199] Attempt to get parsing info during refresh. "On-the-fly" syntax checking information may be incorrect. [/home/malik/andromeda_ila/AXI-Dot-Product-Accelerator/Vivado/puzhi/puzhi.srcs/sources_1/imports/hdl/axi_dpe.v:]
WARNING: [filemgmt 56-199] Attempt to get parsing info during refresh. "On-the-fly" syntax checking information may be incorrect. [/home/malik/andromeda_ila/AXI-Dot-Product-Accelerator/Vivado/puzhi/puzhi.srcs/sources_1/imports/hdl/axi_dpe.v:]
WARNING: [filemgmt 56-199] Attempt to get parsing info during refresh. "On-the-fly" syntax checking information may be incorrect. [/home/malik/andromeda_ila/AXI-Dot-Product-Accelerator/Vivado/puzhi/puzhi.srcs/sources_1/imports/hdl/dot_product_engine.sv:]
WARNING: [filemgmt 56-199] Attempt to get parsing info during refresh. "On-the-fly" syntax checking information may be incorrect. [/home/malik/andromeda_ila/AXI-Dot-Product-Accelerator/Vivado/puzhi/puzhi.srcs/sources_1/imports/hdl/axi_dpe.v:]
WARNING: [filemgmt 56-199] Attempt to get parsing info during refresh. "On-the-fly" syntax checking information may be incorrect. [/home/malik/andromeda_ila/AXI-Dot-Product-Accelerator/Vivado/puzhi/puzhi.srcs/sources_1/imports/hdl/top_dot_product_engine.sv:]
WARNING: [filemgmt 56-199] Attempt to get parsing info during refresh. "On-the-fly" syntax checking information may be incorrect. [/home/malik/andromeda_ila/AXI-Dot-Product-Accelerator/Vivado/puzhi/puzhi.srcs/sources_1/imports/hdl/top_dot_product_engine.sv:]
WARNING: [filemgmt 56-199] Attempt to get parsing info during refresh. "On-the-fly" syntax checking information may be incorrect. [/home/malik/andromeda_ila/AXI-Dot-Product-Accelerator/Vivado/puzhi/puzhi.srcs/sources_1/imports/hdl/top_dot_product_engine.sv:]
WARNING: [filemgmt 56-199] Attempt to get parsing info during refresh. "On-the-fly" syntax checking information may be incorrect. [/home/malik/andromeda_ila/AXI-Dot-Product-Accelerator/Vivado/puzhi/puzhi.srcs/sources_1/imports/hdl/dot_product_engine.sv:]
WARNING: [filemgmt 56-199] Attempt to get parsing info during refresh. "On-the-fly" syntax checking information may be incorrect. [/home/malik/andromeda_ila/AXI-Dot-Product-Accelerator/Vivado/puzhi/puzhi.srcs/sources_1/imports/hdl/axi_dpe.v:]
WARNING: [filemgmt 56-199] Attempt to get parsing info during refresh. "On-the-fly" syntax checking information may be incorrect. [/home/malik/andromeda_ila/AXI-Dot-Product-Accelerator/Vivado/puzhi/puzhi.srcs/sources_1/imports/hdl/top_dot_product_engine.sv:]
WARNING: [filemgmt 56-199] Attempt to get parsing info during refresh. "On-the-fly" syntax checking information may be incorrect. [/home/malik/andromeda_ila/AXI-Dot-Product-Accelerator/Vivado/puzhi/puzhi.srcs/sources_1/imports/hdl/axi_dpe.v:]
WARNING: [filemgmt 56-199] Attempt to get parsing info during refresh. "On-the-fly" syntax checking information may be incorrect. [/home/malik/andromeda_ila/AXI-Dot-Product-Accelerator/Vivado/puzhi/puzhi.srcs/sources_1/imports/hdl/axi_dpe.v:]
WARNING: [filemgmt 56-199] Attempt to get parsing info during refresh. "On-the-fly" syntax checking information may be incorrect. [/home/malik/andromeda_ila/AXI-Dot-Product-Accelerator/Vivado/puzhi/puzhi.srcs/sources_1/imports/hdl/dot_product_engine.sv:]
WARNING: [filemgmt 56-199] Attempt to get parsing info during refresh. "On-the-fly" syntax checking information may be incorrect. [/home/malik/andromeda_ila/AXI-Dot-Product-Accelerator/Vivado/puzhi/puzhi.srcs/sources_1/imports/hdl/axi_dpe.v:]
WARNING: [filemgmt 56-199] Attempt to get parsing info during refresh. "On-the-fly" syntax checking information may be incorrect. [/home/malik/andromeda_ila/AXI-Dot-Product-Accelerator/Vivado/puzhi/puzhi.srcs/sources_1/imports/hdl/top_dot_product_engine.sv:]
WARNING: [filemgmt 56-199] Attempt to get parsing info during refresh. "On-the-fly" syntax checking information may be incorrect. [/home/malik/andromeda_ila/AXI-Dot-Product-Accelerator/Vivado/puzhi/puzhi.srcs/sources_1/imports/hdl/top_dot_product_engine.sv:]
WARNING: [filemgmt 56-199] Attempt to get parsing info during refresh. "On-the-fly" syntax checking information may be incorrect. [/home/malik/andromeda_ila/AXI-Dot-Product-Accelerator/Vivado/puzhi/puzhi.srcs/sources_1/imports/hdl/top_dot_product_engine.sv:]
reset_target all [get_files  /home/malik/andromeda_ila/AXI-Dot-Product-Accelerator/Vivado/puzhi/puzhi.srcs/sources_1/bd/andromeda/andromeda.bd]
WARNING: [filemgmt 56-443] The ECC Algorithm string is empty. Setting the Memory Map to default ECC value to ECC_NONE.
WARNING: [filemgmt 56-443] The ECC Algorithm string is empty. Setting the Memory Map to default ECC value to ECC_NONE.
export_ip_user_files -of_objects  [get_files  /home/malik/andromeda_ila/AXI-Dot-Product-Accelerator/Vivado/puzhi/puzhi.srcs/sources_1/bd/andromeda/andromeda.bd] -sync -no_script -force -quiet
delete_ip_run [get_files -of_objects [get_fileset sources_1] /home/malik/andromeda_ila/AXI-Dot-Product-Accelerator/Vivado/puzhi/puzhi.srcs/sources_1/bd/andromeda/andromeda.bd]
WARNING: [filemgmt 56-199] Attempt to get parsing info during refresh. "On-the-fly" syntax checking information may be incorrect. [/home/malik/andromeda_ila/AXI-Dot-Product-Accelerator/Vivado/puzhi/puzhi.srcs/sources_1/imports/hdl/dot_product_engine.sv:]
WARNING: [filemgmt 56-199] Attempt to get parsing info during refresh. "On-the-fly" syntax checking information may be incorrect. [/home/malik/andromeda_ila/AXI-Dot-Product-Accelerator/Vivado/puzhi/puzhi.srcs/sources_1/imports/hdl/axi_dpe.v:]
WARNING: [filemgmt 56-199] Attempt to get parsing info during refresh. "On-the-fly" syntax checking information may be incorrect. [/home/malik/andromeda_ila/AXI-Dot-Product-Accelerator/Vivado/puzhi/puzhi.srcs/sources_1/imports/hdl/top_dot_product_engine.sv:]
WARNING: [filemgmt 56-199] Attempt to get parsing info during refresh. "On-the-fly" syntax checking information may be incorrect. [/home/malik/andromeda_ila/AXI-Dot-Product-Accelerator/Vivado/puzhi/puzhi.srcs/sources_1/imports/hdl/dot_product_engine.sv:]
WARNING: [filemgmt 56-199] Attempt to get parsing info during refresh. "On-the-fly" syntax checking information may be incorrect. [/home/malik/andromeda_ila/AXI-Dot-Product-Accelerator/Vivado/puzhi/puzhi.srcs/sources_1/imports/hdl/dot_product_engine.sv:]
WARNING: [filemgmt 56-199] Attempt to get parsing info during refresh. "On-the-fly" syntax checking information may be incorrect. [/home/malik/andromeda_ila/AXI-Dot-Product-Accelerator/Vivado/puzhi/puzhi.srcs/sources_1/imports/hdl/dot_product_engine.sv:]
WARNING: [filemgmt 56-199] Attempt to get parsing info during refresh. "On-the-fly" syntax checking information may be incorrect. [/home/malik/andromeda_ila/AXI-Dot-Product-Accelerator/Vivado/puzhi/puzhi.srcs/sources_1/imports/hdl/axi_dpe.v:]
WARNING: [filemgmt 56-199] Attempt to get parsing info during refresh. "On-the-fly" syntax checking information may be incorrect. [/home/malik/andromeda_ila/AXI-Dot-Product-Accelerator/Vivado/puzhi/puzhi.srcs/sources_1/imports/hdl/top_dot_product_engine.sv:]
WARNING: [filemgmt 56-199] Attempt to get parsing info during refresh. "On-the-fly" syntax checking information may be incorrect. [/home/malik/andromeda_ila/AXI-Dot-Product-Accelerator/Vivado/puzhi/puzhi.srcs/sources_1/imports/hdl/top_dot_product_engine.sv:]
WARNING: [filemgmt 56-199] Attempt to get parsing info during refresh. "On-the-fly" syntax checking information may be incorrect. [/home/malik/andromeda_ila/AXI-Dot-Product-Accelerator/Vivado/puzhi/puzhi.srcs/sources_1/imports/hdl/top_dot_product_engine.sv:]
generate_target all [get_files  /home/malik/andromeda_ila/AXI-Dot-Product-Accelerator/Vivado/puzhi/puzhi.srcs/sources_1/bd/andromeda/andromeda.bd]
INFO: [BD 41-1662] The design 'andromeda.bd' is already validated. Therefore parameter propagation will not be re-run.
WARNING: [filemgmt 56-443] The ECC Algorithm string is empty. Setting the Memory Map to default ECC value to ECC_NONE.
WARNING: [filemgmt 56-443] The ECC Algorithm string is empty. Setting the Memory Map to default ECC value to ECC_NONE.
CRITICAL WARNING: [BD 41-759] The input pins (listed below) are either not connected or do not have a source port, and they don't have a tie-off specified. These pins are tied-off to all 0's to avoid error in Implementation flow.
Please check your design and connect them as needed: 
/system_ila_0/probe20
/system_ila_0/probe22

Wrote  : </home/malik/andromeda_ila/AXI-Dot-Product-Accelerator/Vivado/puzhi/puzhi.srcs/sources_1/bd/andromeda/ui/bd_9d7d77c9.ui> 
WARNING: [BD 41-3257] Drive strength cannot be preserved for ports connected to net axi_dpe_0_m_axi_RREADY as it is marked for debug
WARNING: [BD 41-3257] Drive strength cannot be preserved for ports connected to net axi_dpe_0_m_axi_RVALID as it is marked for debug
WARNING: [BD 41-3257] Drive strength cannot be preserved for ports connected to net axi_dpe_0_m_axi_RLAST as it is marked for debug
WARNING: [BD 41-3257] Drive strength cannot be preserved for ports connected to net axi_dpe_0_m_axi_RRESP as it is marked for debug
WARNING: [BD 41-3257] Drive strength cannot be preserved for ports connected to net axi_dpe_0_m_axi_ARBURST as it is marked for debug
WARNING: [BD 41-3257] Drive strength cannot be preserved for ports connected to net axi_dpe_0_m_axi_ARLEN as it is marked for debug
WARNING: [BD 41-3257] Drive strength cannot be preserved for ports connected to net axi_dpe_0_m_axi_AWVALID as it is marked for debug
WARNING: [BD 41-3257] Drive strength cannot be preserved for ports connected to net axi_dpe_0_m_axi_AWCACHE as it is marked for debug
WARNING: [BD 41-3257] Drive strength cannot be preserved for ports connected to net axi_dpe_0_m_axi_ARCACHE as it is marked for debug
WARNING: [BD 41-3257] Drive strength cannot be preserved for ports connected to net axi_dpe_0_m_axi_AWSIZE as it is marked for debug
WARNING: [BD 41-3257] Drive strength cannot be preserved for ports connected to net axi_dpe_0_m_axi_AWBURST as it is marked for debug
WARNING: [BD 41-3257] Drive strength cannot be preserved for ports connected to net axi_dpe_0_m_axi_BREADY as it is marked for debug
WARNING: [BD 41-3257] Drive strength cannot be preserved for ports connected to net axi_dpe_0_m_axi_AWPROT as it is marked for debug
WARNING: [BD 41-3257] Drive strength cannot be preserved for ports connected to net axi_dpe_0_m_axi_AWADDR as it is marked for debug
WARNING: [BD 41-3257] Drive strength cannot be preserved for ports connected to net axi_dpe_0_m_axi_AWREADY as it is marked for debug
WARNING: [BD 41-3257] Drive strength cannot be preserved for ports connected to net axi_dpe_0_m_axi_ARVALID as it is marked for debug
WARNING: [BD 41-3257] Drive strength cannot be preserved for ports connected to net axi_dpe_0_m_axi_WDATA as it is marked for debug
WARNING: [BD 41-3257] Drive strength cannot be preserved for ports connected to net axi_dpe_0_m_axi_ARPROT as it is marked for debug
WARNING: [BD 41-3257] Drive strength cannot be preserved for ports connected to net axi_dpe_0_m_axi_WSTRB as it is marked for debug
WARNING: [BD 41-3257] Drive strength cannot be preserved for ports connected to net axi_dpe_0_m_axi_ARREADY as it is marked for debug
WARNING: [BD 41-3257] Drive strength cannot be preserved for ports connected to net axi_dpe_0_m_axi_ARSIZE as it is marked for debug
WARNING: [BD 41-3257] Drive strength cannot be preserved for ports connected to net axi_dpe_0_m_axi_WLAST as it is marked for debug
WARNING: [BD 41-3257] Drive strength cannot be preserved for ports connected to net axi_dpe_0_m_axi_AWLEN as it is marked for debug
WARNING: [BD 41-3257] Drive strength cannot be preserved for ports connected to net axi_dpe_0_m_axi_BVALID as it is marked for debug
WARNING: [BD 41-3257] Drive strength cannot be preserved for ports connected to net axi_dpe_0_m_axi_WVALID as it is marked for debug
WARNING: [BD 41-3257] Drive strength cannot be preserved for ports connected to net axi_dpe_0_m_axi_WREADY as it is marked for debug
WARNING: [BD 41-3257] Drive strength cannot be preserved for ports connected to net axi_dpe_0_m_axi_RDATA as it is marked for debug
WARNING: [BD 41-3257] Drive strength cannot be preserved for ports connected to net axi_dpe_0_m_axi_BRESP as it is marked for debug
WARNING: [BD 41-3257] Drive strength cannot be preserved for ports connected to net axi_dpe_0_m_axi_ARADDR as it is marked for debug
WARNING: [BD 41-3257] Drive strength cannot be preserved for ports connected to net axi_smc_M03_AXI_RREADY as it is marked for debug
WARNING: [BD 41-3257] Drive strength cannot be preserved for ports connected to net axi_smc_M03_AXI_RVALID as it is marked for debug
WARNING: [BD 41-3257] Drive strength cannot be preserved for ports connected to net axi_smc_M03_AXI_WVALID as it is marked for debug
WARNING: [BD 41-3257] Drive strength cannot be preserved for ports connected to net axi_smc_M03_AXI_AWREADY as it is marked for debug
WARNING: [BD 41-3257] Drive strength cannot be preserved for ports connected to net axi_smc_M03_AXI_AWADDR as it is marked for debug
WARNING: [BD 41-3257] Drive strength cannot be preserved for ports connected to net axi_smc_M03_AXI_ARREADY as it is marked for debug
WARNING: [BD 41-3257] Drive strength cannot be preserved for ports connected to net axi_smc_M03_AXI_AWVALID as it is marked for debug
WARNING: [BD 41-3257] Drive strength cannot be preserved for ports connected to net axi_smc_M03_AXI_AWPROT as it is marked for debug
WARNING: [BD 41-3257] Drive strength cannot be preserved for ports connected to net axi_smc_M03_AXI_BREADY as it is marked for debug
WARNING: [BD 41-3257] Drive strength cannot be preserved for ports connected to net axi_smc_M03_AXI_WSTRB as it is marked for debug
WARNING: [BD 41-3257] Drive strength cannot be preserved for ports connected to net axi_smc_M03_AXI_ARPROT as it is marked for debug
WARNING: [BD 41-3257] Drive strength cannot be preserved for ports connected to net axi_smc_M03_AXI_RRESP as it is marked for debug
WARNING: [BD 41-3257] Drive strength cannot be preserved for ports connected to net axi_smc_M03_AXI_WREADY as it is marked for debug
WARNING: [BD 41-3257] Drive strength cannot be preserved for ports connected to net axi_smc_M03_AXI_RDATA as it is marked for debug
WARNING: [BD 41-3257] Drive strength cannot be preserved for ports connected to net axi_smc_M03_AXI_BRESP as it is marked for debug
WARNING: [BD 41-3257] Drive strength cannot be preserved for ports connected to net axi_smc_M03_AXI_ARADDR as it is marked for debug
WARNING: [BD 41-3257] Drive strength cannot be preserved for ports connected to net axi_smc_M03_AXI_BVALID as it is marked for debug
WARNING: [BD 41-3257] Drive strength cannot be preserved for ports connected to net axi_smc_M03_AXI_WDATA as it is marked for debug
WARNING: [BD 41-3257] Drive strength cannot be preserved for ports connected to net axi_smc_M03_AXI_ARVALID as it is marked for debug
WARNING: [BD 41-3257] Drive strength cannot be preserved for ports connected to net axi_smc_M04_AXI_RREADY as it is marked for debug
WARNING: [BD 41-3257] Drive strength cannot be preserved for ports connected to net axi_smc_M04_AXI_RVALID as it is marked for debug
WARNING: [BD 41-3257] Drive strength cannot be preserved for ports connected to net axi_smc_M04_AXI_RLAST as it is marked for debug
WARNING: [BD 41-3257] Drive strength cannot be preserved for ports connected to net axi_smc_M04_AXI_RRESP as it is marked for debug
WARNING: [BD 41-3257] Drive strength cannot be preserved for ports connected to net axi_smc_M04_AXI_ARBURST as it is marked for debug
WARNING: [BD 41-3257] Drive strength cannot be preserved for ports connected to net axi_smc_M04_AXI_ARLEN as it is marked for debug
WARNING: [BD 41-3257] Drive strength cannot be preserved for ports connected to net axi_smc_M04_AXI_ARADDR as it is marked for debug
WARNING: [BD 41-3257] Drive strength cannot be preserved for ports connected to net axi_smc_M04_AXI_BREADY as it is marked for debug
WARNING: [BD 41-3257] Drive strength cannot be preserved for ports connected to net axi_smc_M04_AXI_AWPROT as it is marked for debug
WARNING: [BD 41-3257] Drive strength cannot be preserved for ports connected to net axi_smc_M04_AXI_AWREADY as it is marked for debug
WARNING: [BD 41-3257] Drive strength cannot be preserved for ports connected to net axi_smc_M04_AXI_AWADDR as it is marked for debug
WARNING: [BD 41-3257] Drive strength cannot be preserved for ports connected to net axi_smc_M04_AXI_AWCACHE as it is marked for debug
WARNING: [BD 41-3257] Drive strength cannot be preserved for ports connected to net axi_smc_M04_AXI_ARCACHE as it is marked for debug
WARNING: [BD 41-3257] Drive strength cannot be preserved for ports connected to net axi_smc_M04_AXI_ARLOCK as it is marked for debug
WARNING: [BD 41-3257] Drive strength cannot be preserved for ports connected to net axi_smc_M04_AXI_AWBURST as it is marked for debug
WARNING: [BD 41-3257] Drive strength cannot be preserved for ports connected to net axi_smc_M04_AXI_AWSIZE as it is marked for debug
WARNING: [BD 41-3257] Drive strength cannot be preserved for ports connected to net axi_smc_M04_AXI_ARQOS as it is marked for debug
WARNING: [BD 41-3257] Drive strength cannot be preserved for ports connected to net axi_smc_M04_AXI_AWVALID as it is marked for debug
WARNING: [BD 41-3257] Drive strength cannot be preserved for ports connected to net axi_smc_M04_AXI_AWQOS as it is marked for debug
WARNING: [BD 41-3257] Drive strength cannot be preserved for ports connected to net axi_smc_M04_AXI_ARVALID as it is marked for debug
WARNING: [BD 41-3257] Drive strength cannot be preserved for ports connected to net axi_smc_M04_AXI_WDATA as it is marked for debug
WARNING: [BD 41-3257] Drive strength cannot be preserved for ports connected to net axi_smc_M04_AXI_ARPROT as it is marked for debug
WARNING: [BD 41-3257] Drive strength cannot be preserved for ports connected to net axi_smc_M04_AXI_WSTRB as it is marked for debug
WARNING: [BD 41-3257] Drive strength cannot be preserved for ports connected to net axi_smc_M04_AXI_ARREADY as it is marked for debug
WARNING: [BD 41-3257] Drive strength cannot be preserved for ports connected to net axi_smc_M04_AXI_ARSIZE as it is marked for debug
WARNING: [BD 41-3257] Drive strength cannot be preserved for ports connected to net axi_smc_M04_AXI_WLAST as it is marked for debug
WARNING: [BD 41-3257] Drive strength cannot be preserved for ports connected to net axi_smc_M04_AXI_AWLEN as it is marked for debug
WARNING: [BD 41-3257] Drive strength cannot be preserved for ports connected to net axi_smc_M04_AXI_AWLOCK as it is marked for debug
WARNING: [BD 41-3257] Drive strength cannot be preserved for ports connected to net axi_smc_M04_AXI_BVALID as it is marked for debug
WARNING: [BD 41-3257] Drive strength cannot be preserved for ports connected to net axi_smc_M04_AXI_WVALID as it is marked for debug
WARNING: [BD 41-3257] Drive strength cannot be preserved for ports connected to net axi_smc_M04_AXI_WREADY as it is marked for debug
WARNING: [BD 41-3257] Drive strength cannot be preserved for ports connected to net axi_smc_M04_AXI_RDATA as it is marked for debug
WARNING: [BD 41-3257] Drive strength cannot be preserved for ports connected to net axi_smc_M04_AXI_BRESP as it is marked for debug
WARNING: [BD 41-3257] Drive strength cannot be preserved for ports connected to net A_fp32_debug as it is marked for debug
WARNING: [BD 41-166] Source port for the net:A_fp32_debug is NULL! Connection will be grounded!
WARNING: [BD 41-3257] Drive strength cannot be preserved for ports connected to net A_valid_debug as it is marked for debug
WARNING: [BD 41-3257] Drive strength cannot be preserved for ports connected to net ctrl_state_debug as it is marked for debug
WARNING: [BD 41-3257] Drive strength cannot be preserved for ports connected to net dma_busy_debug as it is marked for debug
WARNING: [BD 41-3257] Drive strength cannot be preserved for ports connected to net dma_start_debug as it is marked for debug
WARNING: [BD 41-3257] Drive strength cannot be preserved for ports connected to net dma_status_debug as it is marked for debug
WARNING: [BD 41-3257] Drive strength cannot be preserved for ports connected to net dpe_done as it is marked for debug
WARNING: [BD 41-3257] Drive strength cannot be preserved for ports connected to net dpe_en_debug as it is marked for debug
WARNING: [BD 41-3257] Drive strength cannot be preserved for ports connected to net dpe_start_debug as it is marked for debug
WARNING: [BD 41-3257] Drive strength cannot be preserved for ports connected to net dpe_state_debug as it is marked for debug
WARNING: [BD 41-3257] Drive strength cannot be preserved for ports connected to net master_state_debug as it is marked for debug
WARNING: [BD 41-3257] Drive strength cannot be preserved for ports connected to net prod_fp32_debug as it is marked for debug
WARNING: [BD 41-166] Source port for the net:prod_fp32_debug is NULL! Connection will be grounded!
WARNING: [BD 41-3257] Drive strength cannot be preserved for ports connected to net prod_valid_debug as it is marked for debug
WARNING: [BD 41-3257] Drive strength cannot be preserved for ports connected to net read_data_buffer_debug as it is marked for debug
WARNING: [BD 41-3257] Drive strength cannot be preserved for ports connected to net read_data_index_debug as it is marked for debug
WARNING: [BD 41-3257] Drive strength cannot be preserved for ports connected to net read_data_valid_debug as it is marked for debug
WARNING: [BD 41-3257] Drive strength cannot be preserved for ports connected to net read_grant_debug as it is marked for debug
WARNING: [BD 41-3257] Drive strength cannot be preserved for ports connected to net read_request_debug as it is marked for debug
WARNING: [BD 41-3257] Drive strength cannot be preserved for ports connected to net read_state_debug as it is marked for debug
INFO: [Common 17-14] Message 'BD 41-3257' appears 100 times and further instances of the messages will be disabled. Use the Tcl command set_msg_config to change the current settings.
Verilog Output written to : /home/malik/andromeda_ila/AXI-Dot-Product-Accelerator/Vivado/puzhi/puzhi.gen/sources_1/bd/andromeda/synth/andromeda.v
WARNING: [BD 41-166] Source port for the net:A_fp32_debug is NULL! Connection will be grounded!
WARNING: [BD 41-166] Source port for the net:prod_fp32_debug is NULL! Connection will be grounded!
Verilog Output written to : /home/malik/andromeda_ila/AXI-Dot-Product-Accelerator/Vivado/puzhi/puzhi.gen/sources_1/bd/andromeda/sim/andromeda.v
Verilog Output written to : /home/malik/andromeda_ila/AXI-Dot-Product-Accelerator/Vivado/puzhi/puzhi.gen/sources_1/bd/andromeda/hdl/andromeda_wrapper.v
WARNING: [filemgmt 56-443] The ECC Algorithm string is empty. Setting the Memory Map to default ECC value to ECC_NONE.
WARNING: [filemgmt 56-443] The ECC Algorithm string is empty. Setting the Memory Map to default ECC value to ECC_NONE.
WARNING: [filemgmt 56-443] The ECC Algorithm string is empty. Setting the Memory Map to default ECC value to ECC_NONE.
WARNING: [filemgmt 56-443] The ECC Algorithm string is empty. Setting the Memory Map to default ECC value to ECC_NONE.
Exporting to file /home/malik/andromeda_ila/AXI-Dot-Product-Accelerator/Vivado/puzhi/puzhi.gen/sources_1/bd/andromeda/ip/andromeda_ddr4_0_0/bd_0/hw_handoff/andromeda_ddr4_0_0_microblaze_mcs.hwh
Generated Hardware Definition File /home/malik/andromeda_ila/AXI-Dot-Product-Accelerator/Vivado/puzhi/puzhi.gen/sources_1/bd/andromeda/ip/andromeda_ddr4_0_0/bd_0/synth/andromeda_ddr4_0_0_microblaze_mcs.hwdef
INFO: [BD 41-1029] Generation completed for the IP Integrator block ddr4_0 .
WARNING: [IP_Flow 19-4994] Overwriting existing constraint file '/home/malik/andromeda_ila/AXI-Dot-Product-Accelerator/Vivado/puzhi/puzhi.gen/sources_1/bd/andromeda/ip/andromeda_ila_0_0/andromeda_ila_0_0_ooc.xdc'
INFO: [BD 41-1029] Generation completed for the IP Integrator block ila_0 .
INFO: [BD 41-1029] Generation completed for the IP Integrator block util_vector_logic_0 .
INFO: [BD 41-1029] Generation completed for the IP Integrator block microblaze_0 .
WARNING: [IP_Flow 19-4994] Overwriting existing constraint file '/home/malik/andromeda_ila/AXI-Dot-Product-Accelerator/Vivado/puzhi/puzhi.gen/sources_1/bd/andromeda/ip/andromeda_axi_uartlite_0_0/andromeda_axi_uartlite_0_0_ooc.xdc'
INFO: [BD 41-1029] Generation completed for the IP Integrator block axi_uartlite_0 .
INFO: [BD 41-1029] Generation completed for the IP Integrator block sd_controller_wrapper_0 .
WARNING: [IP_Flow 19-4994] Overwriting existing constraint file '/home/malik/andromeda_ila/AXI-Dot-Product-Accelerator/Vivado/puzhi/puzhi.gen/sources_1/bd/andromeda/ip/andromeda_axi_timer_0_0/andromeda_axi_timer_0_0_ooc.xdc'
INFO: [BD 41-1029] Generation completed for the IP Integrator block axi_timer_0 .
INFO: [BD 41-1029] Generation completed for the IP Integrator block microblaze_0_local_memory/dlmb_v10 .
INFO: [BD 41-1029] Generation completed for the IP Integrator block microblaze_0_local_memory/ilmb_v10 .
INFO: [BD 41-1029] Generation completed for the IP Integrator block microblaze_0_local_memory/dlmb_bram_if_cntlr .
INFO: [BD 41-1029] Generation completed for the IP Integrator block microblaze_0_local_memory/ilmb_bram_if_cntlr .
INFO: [BD 41-1029] Generation completed for the IP Integrator block microblaze_0_local_memory/lmb_bram .
INFO: [BD 41-1029] Generation completed for the IP Integrator block rst_ddr4_0_333M .
INFO: [BD 41-1029] Generation completed for the IP Integrator block rst_ddr4_0_100M .
Exporting to file /home/malik/andromeda_ila/AXI-Dot-Product-Accelerator/Vivado/puzhi/puzhi.gen/sources_1/bd/andromeda/ip/andromeda_axi_smc_0/bd_0/hw_handoff/andromeda_axi_smc_0.hwh
Generated Hardware Definition File /home/malik/andromeda_ila/AXI-Dot-Product-Accelerator/Vivado/puzhi/puzhi.gen/sources_1/bd/andromeda/ip/andromeda_axi_smc_0/bd_0/synth/andromeda_axi_smc_0.hwdef
INFO: [BD 41-1029] Generation completed for the IP Integrator block axi_smc .
INFO: [BD 41-1029] Generation completed for the IP Integrator block axi_dpe_0 .
INFO: [BD 41-1029] Generation completed for the IP Integrator block mdm_0 .
WARNING: [IP_Flow 19-4994] Overwriting existing constraint file '/home/malik/andromeda_ila/AXI-Dot-Product-Accelerator/Vivado/puzhi/puzhi.gen/sources_1/bd/andromeda/ip/andromeda_system_ila_0_0/andromeda_system_ila_0_0_ooc.xdc'
Exporting to file /home/malik/andromeda_ila/AXI-Dot-Product-Accelerator/Vivado/puzhi/puzhi.gen/sources_1/bd/andromeda/ip/andromeda_system_ila_0_0/bd_0/hw_handoff/andromeda_system_ila_0_0.hwh
Generated Hardware Definition File /home/malik/andromeda_ila/AXI-Dot-Product-Accelerator/Vivado/puzhi/puzhi.gen/sources_1/bd/andromeda/ip/andromeda_system_ila_0_0/bd_0/synth/andromeda_system_ila_0_0.hwdef
INFO: [BD 41-1029] Generation completed for the IP Integrator block system_ila_0 .
Exporting to file /home/malik/andromeda_ila/AXI-Dot-Product-Accelerator/Vivado/puzhi/puzhi.gen/sources_1/bd/andromeda/hw_handoff/andromeda.hwh
Generated Hardware Definition File /home/malik/andromeda_ila/AXI-Dot-Product-Accelerator/Vivado/puzhi/puzhi.gen/sources_1/bd/andromeda/synth/andromeda.hwdef
generate_target: Time (s): cpu = 00:00:12 ; elapsed = 00:00:10 . Memory (MB): peak = 13342.703 ; gain = 0.000 ; free physical = 87159 ; free virtual = 98393
export_ip_user_files -of_objects [get_files /home/malik/andromeda_ila/AXI-Dot-Product-Accelerator/Vivado/puzhi/puzhi.srcs/sources_1/bd/andromeda/andromeda.bd] -no_script -sync -force -quiet
create_ip_run [get_files -of_objects [get_fileset sources_1] /home/malik/andromeda_ila/AXI-Dot-Product-Accelerator/Vivado/puzhi/puzhi.srcs/sources_1/bd/andromeda/andromeda.bd]
launch_runs andromeda_axi_dpe_0_0_synth_1 andromeda_axi_smc_0_synth_1 andromeda_axi_timer_0_0_synth_1 andromeda_axi_uartlite_0_0_synth_1 andromeda_ddr4_0_0_synth_1 andromeda_dlmb_bram_if_cntlr_0_synth_1 andromeda_dlmb_v10_0_synth_1 andromeda_ila_0_0_synth_1 andromeda_ilmb_bram_if_cntlr_0_synth_1 andromeda_ilmb_v10_0_synth_1 andromeda_lmb_bram_0_synth_1 andromeda_mdm_0_0_synth_1 andromeda_microblaze_0_0_synth_1 andromeda_rst_ddr4_0_100M_0_synth_1 andromeda_rst_ddr4_0_333M_0_synth_1 andromeda_sd_controller_wrapper_0_0_synth_1 andromeda_system_ila_0_0_synth_1 andromeda_util_vector_logic_0_0_synth_1 -jobs 24
INFO: [Vivado 12-4149] The synthesis checkpoint for IP '/home/malik/andromeda_ila/AXI-Dot-Product-Accelerator/Vivado/puzhi/puzhi.srcs/sources_1/ip/floating_point_2/floating_point_2.xci' is already up-to-date
INFO: [Vivado 12-4149] The synthesis checkpoint for IP '/home/malik/andromeda_ila/AXI-Dot-Product-Accelerator/Vivado/puzhi/puzhi.srcs/sources_1/ip/floating_point_1/floating_point_1.xci' is already up-to-date
INFO: [Vivado 12-4149] The synthesis checkpoint for IP '/home/malik/andromeda_ila/AXI-Dot-Product-Accelerator/Vivado/puzhi/puzhi.srcs/sources_1/ip/floating_point_3/floating_point_3.xci' is already up-to-date
INFO: [Vivado 12-4149] The synthesis checkpoint for IP '/home/malik/andromeda_ila/AXI-Dot-Product-Accelerator/Vivado/puzhi/puzhi.srcs/sources_1/ip/floating_point_0/floating_point_0.xci' is already up-to-date
INFO: [Vivado 12-4149] The synthesis checkpoint for IP '/home/malik/andromeda_ila/AXI-Dot-Product-Accelerator/Vivado/puzhi/puzhi.srcs/sources_1/ip/sdp_w4096x2_r4096x2/sdp_w4096x2_r4096x2.xci' is already up-to-date
WARNING: [filemgmt 56-199] Attempt to get parsing info during refresh. "On-the-fly" syntax checking information may be incorrect. [/home/malik/andromeda_ila/AXI-Dot-Product-Accelerator/Vivado/puzhi/puzhi.srcs/sources_1/imports/hdl/dot_product_engine.sv:]
WARNING: [filemgmt 56-199] Attempt to get parsing info during refresh. "On-the-fly" syntax checking information may be incorrect. [/home/malik/andromeda_ila/AXI-Dot-Product-Accelerator/Vivado/puzhi/puzhi.srcs/sources_1/imports/hdl/axi_dpe.v:]
WARNING: [filemgmt 56-199] Attempt to get parsing info during refresh. "On-the-fly" syntax checking information may be incorrect. [/home/malik/andromeda_ila/AXI-Dot-Product-Accelerator/Vivado/puzhi/puzhi.srcs/sources_1/imports/hdl/top_dot_product_engine.sv:]
WARNING: [filemgmt 56-199] Attempt to get parsing info during refresh. "On-the-fly" syntax checking information may be incorrect. [/home/malik/andromeda_ila/AXI-Dot-Product-Accelerator/Vivado/puzhi/puzhi.srcs/sources_1/imports/hdl/top_dot_product_engine.sv:]
WARNING: [filemgmt 56-199] Attempt to get parsing info during refresh. "On-the-fly" syntax checking information may be incorrect. [/home/malik/andromeda_ila/AXI-Dot-Product-Accelerator/Vivado/puzhi/puzhi.srcs/sources_1/imports/hdl/top_dot_product_engine.sv:]
WARNING: [filemgmt 56-199] Attempt to get parsing info during refresh. "On-the-fly" syntax checking information may be incorrect. [/home/malik/andromeda_ila/AXI-Dot-Product-Accelerator/Vivado/puzhi/puzhi.srcs/sources_1/imports/hdl/dot_product_engine.sv:]
WARNING: [filemgmt 56-199] Attempt to get parsing info during refresh. "On-the-fly" syntax checking information may be incorrect. [/home/malik/andromeda_ila/AXI-Dot-Product-Accelerator/Vivado/puzhi/puzhi.srcs/sources_1/imports/hdl/axi_dpe.v:]
WARNING: [filemgmt 56-199] Attempt to get parsing info during refresh. "On-the-fly" syntax checking information may be incorrect. [/home/malik/andromeda_ila/AXI-Dot-Product-Accelerator/Vivado/puzhi/puzhi.srcs/sources_1/imports/hdl/top_dot_product_engine.sv:]
WARNING: [filemgmt 56-199] Attempt to get parsing info during refresh. "On-the-fly" syntax checking information may be incorrect. [/home/malik/andromeda_ila/AXI-Dot-Product-Accelerator/Vivado/puzhi/puzhi.srcs/sources_1/imports/hdl/dot_product_engine.sv:]
WARNING: [filemgmt 56-199] Attempt to get parsing info during refresh. "On-the-fly" syntax checking information may be incorrect. [/home/malik/andromeda_ila/AXI-Dot-Product-Accelerator/Vivado/puzhi/puzhi.srcs/sources_1/imports/hdl/dot_product_engine.sv:]
[Wed Jun 11 16:12:44 2025] Launched andromeda_axi_dpe_0_0_synth_1, andromeda_axi_smc_0_synth_1, andromeda_axi_timer_0_0_synth_1, andromeda_axi_uartlite_0_0_synth_1, andromeda_ddr4_0_0_synth_1, andromeda_dlmb_bram_if_cntlr_0_synth_1, andromeda_dlmb_v10_0_synth_1, andromeda_ila_0_0_synth_1, andromeda_ilmb_bram_if_cntlr_0_synth_1, andromeda_ilmb_v10_0_synth_1, andromeda_lmb_bram_0_synth_1, andromeda_mdm_0_0_synth_1, andromeda_microblaze_0_0_synth_1, andromeda_rst_ddr4_0_100M_0_synth_1, andromeda_rst_ddr4_0_333M_0_synth_1, andromeda_sd_controller_wrapper_0_0_synth_1, andromeda_system_ila_0_0_synth_1, andromeda_util_vector_logic_0_0_synth_1...
Run output will be captured here:
andromeda_axi_dpe_0_0_synth_1: /home/malik/andromeda_ila/AXI-Dot-Product-Accelerator/Vivado/puzhi/puzhi.runs/andromeda_axi_dpe_0_0_synth_1/runme.log
andromeda_axi_smc_0_synth_1: /home/malik/andromeda_ila/AXI-Dot-Product-Accelerator/Vivado/puzhi/puzhi.runs/andromeda_axi_smc_0_synth_1/runme.log
andromeda_axi_timer_0_0_synth_1: /home/malik/andromeda_ila/AXI-Dot-Product-Accelerator/Vivado/puzhi/puzhi.runs/andromeda_axi_timer_0_0_synth_1/runme.log
andromeda_axi_uartlite_0_0_synth_1: /home/malik/andromeda_ila/AXI-Dot-Product-Accelerator/Vivado/puzhi/puzhi.runs/andromeda_axi_uartlite_0_0_synth_1/runme.log
andromeda_ddr4_0_0_synth_1: /home/malik/andromeda_ila/AXI-Dot-Product-Accelerator/Vivado/puzhi/puzhi.runs/andromeda_ddr4_0_0_synth_1/runme.log
andromeda_dlmb_bram_if_cntlr_0_synth_1: /home/malik/andromeda_ila/AXI-Dot-Product-Accelerator/Vivado/puzhi/puzhi.runs/andromeda_dlmb_bram_if_cntlr_0_synth_1/runme.log
andromeda_dlmb_v10_0_synth_1: /home/malik/andromeda_ila/AXI-Dot-Product-Accelerator/Vivado/puzhi/puzhi.runs/andromeda_dlmb_v10_0_synth_1/runme.log
andromeda_ila_0_0_synth_1: /home/malik/andromeda_ila/AXI-Dot-Product-Accelerator/Vivado/puzhi/puzhi.runs/andromeda_ila_0_0_synth_1/runme.log
andromeda_ilmb_bram_if_cntlr_0_synth_1: /home/malik/andromeda_ila/AXI-Dot-Product-Accelerator/Vivado/puzhi/puzhi.runs/andromeda_ilmb_bram_if_cntlr_0_synth_1/runme.log
andromeda_ilmb_v10_0_synth_1: /home/malik/andromeda_ila/AXI-Dot-Product-Accelerator/Vivado/puzhi/puzhi.runs/andromeda_ilmb_v10_0_synth_1/runme.log
andromeda_lmb_bram_0_synth_1: /home/malik/andromeda_ila/AXI-Dot-Product-Accelerator/Vivado/puzhi/puzhi.runs/andromeda_lmb_bram_0_synth_1/runme.log
andromeda_mdm_0_0_synth_1: /home/malik/andromeda_ila/AXI-Dot-Product-Accelerator/Vivado/puzhi/puzhi.runs/andromeda_mdm_0_0_synth_1/runme.log
andromeda_microblaze_0_0_synth_1: /home/malik/andromeda_ila/AXI-Dot-Product-Accelerator/Vivado/puzhi/puzhi.runs/andromeda_microblaze_0_0_synth_1/runme.log
andromeda_rst_ddr4_0_100M_0_synth_1: /home/malik/andromeda_ila/AXI-Dot-Product-Accelerator/Vivado/puzhi/puzhi.runs/andromeda_rst_ddr4_0_100M_0_synth_1/runme.log
andromeda_rst_ddr4_0_333M_0_synth_1: /home/malik/andromeda_ila/AXI-Dot-Product-Accelerator/Vivado/puzhi/puzhi.runs/andromeda_rst_ddr4_0_333M_0_synth_1/runme.log
andromeda_sd_controller_wrapper_0_0_synth_1: /home/malik/andromeda_ila/AXI-Dot-Product-Accelerator/Vivado/puzhi/puzhi.runs/andromeda_sd_controller_wrapper_0_0_synth_1/runme.log
andromeda_system_ila_0_0_synth_1: /home/malik/andromeda_ila/AXI-Dot-Product-Accelerator/Vivado/puzhi/puzhi.runs/andromeda_system_ila_0_0_synth_1/runme.log
andromeda_util_vector_logic_0_0_synth_1: /home/malik/andromeda_ila/AXI-Dot-Product-Accelerator/Vivado/puzhi/puzhi.runs/andromeda_util_vector_logic_0_0_synth_1/runme.log
export_simulation -lib_map_path [list {modelsim=/home/malik/andromeda_ila/AXI-Dot-Product-Accelerator/Vivado/puzhi/puzhi.cache/compile_simlib/modelsim} {questa=/home/malik/andromeda_ila/AXI-Dot-Product-Accelerator/Vivado/puzhi/puzhi.cache/compile_simlib/questa} {xcelium=/home/malik/andromeda_ila/AXI-Dot-Product-Accelerator/Vivado/puzhi/puzhi.cache/compile_simlib/xcelium} {vcs=/home/malik/andromeda_ila/AXI-Dot-Product-Accelerator/Vivado/puzhi/puzhi.cache/compile_simlib/vcs} {riviera=/home/malik/andromeda_ila/AXI-Dot-Product-Accelerator/Vivado/puzhi/puzhi.cache/compile_simlib/riviera}] -of_objects [get_files /home/malik/andromeda_ila/AXI-Dot-Product-Accelerator/Vivado/puzhi/puzhi.srcs/sources_1/bd/andromeda/andromeda.bd] -directory /home/malik/andromeda_ila/AXI-Dot-Product-Accelerator/Vivado/puzhi/andromeda.ip_user_files/sim_scripts -ip_user_files_dir /home/malik/andromeda_ila/AXI-Dot-Product-Accelerator/Vivado/puzhi/andromeda.ip_user_files -ipstatic_source_dir /home/malik/andromeda_ila/AXI-Dot-Product-Accelerator/Vivado/puzhi/puzhi.ip_user_files/ipstatic -use_ip_compiled_libs -force -quiet
WARNING: [filemgmt 56-199] Attempt to get parsing info during refresh. "On-the-fly" syntax checking information may be incorrect. [/home/malik/andromeda_ila/AXI-Dot-Product-Accelerator/Vivado/puzhi/puzhi.srcs/sources_1/imports/hdl/dot_product_engine.sv:]
WARNING: [filemgmt 56-199] Attempt to get parsing info during refresh. "On-the-fly" syntax checking information may be incorrect. [/home/malik/andromeda_ila/AXI-Dot-Product-Accelerator/Vivado/puzhi/puzhi.srcs/sources_1/imports/hdl/axi_dpe.v:]
WARNING: [filemgmt 56-199] Attempt to get parsing info during refresh. "On-the-fly" syntax checking information may be incorrect. [/home/malik/andromeda_ila/AXI-Dot-Product-Accelerator/Vivado/puzhi/puzhi.srcs/sources_1/imports/hdl/top_dot_product_engine.sv:]
WARNING: [filemgmt 56-199] Attempt to get parsing info during refresh. "On-the-fly" syntax checking information may be incorrect. [/home/malik/andromeda_ila/AXI-Dot-Product-Accelerator/Vivado/puzhi/puzhi.srcs/sources_1/imports/hdl/top_dot_product_engine.sv:]
WARNING: [filemgmt 56-199] Attempt to get parsing info during refresh. "On-the-fly" syntax checking information may be incorrect. [/home/malik/andromeda_ila/AXI-Dot-Product-Accelerator/Vivado/puzhi/puzhi.srcs/sources_1/imports/hdl/top_dot_product_engine.sv:]
WARNING: [filemgmt 56-199] Attempt to get parsing info during refresh. "On-the-fly" syntax checking information may be incorrect. [/home/malik/andromeda_ila/AXI-Dot-Product-Accelerator/Vivado/puzhi/puzhi.srcs/sources_1/imports/hdl/dot_product_engine.sv:]
WARNING: [filemgmt 56-199] Attempt to get parsing info during refresh. "On-the-fly" syntax checking information may be incorrect. [/home/malik/andromeda_ila/AXI-Dot-Product-Accelerator/Vivado/puzhi/puzhi.srcs/sources_1/imports/hdl/axi_dpe.v:]
WARNING: [filemgmt 56-199] Attempt to get parsing info during refresh. "On-the-fly" syntax checking information may be incorrect. [/home/malik/andromeda_ila/AXI-Dot-Product-Accelerator/Vivado/puzhi/puzhi.srcs/sources_1/imports/hdl/top_dot_product_engine.sv:]
WARNING: [filemgmt 56-199] Attempt to get parsing info during refresh. "On-the-fly" syntax checking information may be incorrect. [/home/malik/andromeda_ila/AXI-Dot-Product-Accelerator/Vivado/puzhi/puzhi.srcs/sources_1/imports/hdl/axi_dpe.v:]
WARNING: [filemgmt 56-199] Attempt to get parsing info during refresh. "On-the-fly" syntax checking information may be incorrect. [/home/malik/andromeda_ila/AXI-Dot-Product-Accelerator/Vivado/puzhi/puzhi.srcs/sources_1/imports/hdl/axi_dpe.v:]
WARNING: [filemgmt 56-199] Attempt to get parsing info during refresh. "On-the-fly" syntax checking information may be incorrect. [/home/malik/andromeda_ila/AXI-Dot-Product-Accelerator/Vivado/puzhi/puzhi.srcs/sources_1/imports/hdl/dot_product_engine.sv:]
WARNING: [filemgmt 56-199] Attempt to get parsing info during refresh. "On-the-fly" syntax checking information may be incorrect. [/home/malik/andromeda_ila/AXI-Dot-Product-Accelerator/Vivado/puzhi/puzhi.srcs/sources_1/imports/hdl/axi_dpe.v:]
WARNING: [filemgmt 56-199] Attempt to get parsing info during refresh. "On-the-fly" syntax checking information may be incorrect. [/home/malik/andromeda_ila/AXI-Dot-Product-Accelerator/Vivado/puzhi/puzhi.srcs/sources_1/imports/hdl/top_dot_product_engine.sv:]
WARNING: [filemgmt 56-199] Attempt to get parsing info during refresh. "On-the-fly" syntax checking information may be incorrect. [/home/malik/andromeda_ila/AXI-Dot-Product-Accelerator/Vivado/puzhi/puzhi.srcs/sources_1/imports/hdl/dot_product_engine.sv:]
WARNING: [filemgmt 56-199] Attempt to get parsing info during refresh. "On-the-fly" syntax checking information may be incorrect. [/home/malik/andromeda_ila/AXI-Dot-Product-Accelerator/Vivado/puzhi/puzhi.srcs/sources_1/imports/hdl/dot_product_engine.sv:]
WARNING: [filemgmt 56-199] Attempt to get parsing info during refresh. "On-the-fly" syntax checking information may be incorrect. [/home/malik/andromeda_ila/AXI-Dot-Product-Accelerator/Vivado/puzhi/puzhi.srcs/sources_1/imports/hdl/dot_product_engine.sv:]
WARNING: [filemgmt 56-199] Attempt to get parsing info during refresh. "On-the-fly" syntax checking information may be incorrect. [/home/malik/andromeda_ila/AXI-Dot-Product-Accelerator/Vivado/puzhi/puzhi.srcs/sources_1/imports/hdl/axi_dpe.v:]
WARNING: [filemgmt 56-199] Attempt to get parsing info during refresh. "On-the-fly" syntax checking information may be incorrect. [/home/malik/andromeda_ila/AXI-Dot-Product-Accelerator/Vivado/puzhi/puzhi.srcs/sources_1/imports/hdl/top_dot_product_engine.sv:]
WARNING: [filemgmt 56-199] Attempt to get parsing info during refresh. "On-the-fly" syntax checking information may be incorrect. [/home/malik/andromeda_ila/AXI-Dot-Product-Accelerator/Vivado/puzhi/puzhi.srcs/sources_1/imports/hdl/axi_dpe.v:]
WARNING: [filemgmt 56-199] Attempt to get parsing info during refresh. "On-the-fly" syntax checking information may be incorrect. [/home/malik/andromeda_ila/AXI-Dot-Product-Accelerator/Vivado/puzhi/puzhi.srcs/sources_1/imports/hdl/axi_dpe.v:]
WARNING: [filemgmt 56-199] Attempt to get parsing info during refresh. "On-the-fly" syntax checking information may be incorrect. [/home/malik/andromeda_ila/AXI-Dot-Product-Accelerator/Vivado/puzhi/puzhi.srcs/sources_1/imports/hdl/dot_product_engine.sv:]
WARNING: [filemgmt 56-199] Attempt to get parsing info during refresh. "On-the-fly" syntax checking information may be incorrect. [/home/malik/andromeda_ila/AXI-Dot-Product-Accelerator/Vivado/puzhi/puzhi.srcs/sources_1/imports/hdl/axi_dpe.v:]
WARNING: [filemgmt 56-199] Attempt to get parsing info during refresh. "On-the-fly" syntax checking information may be incorrect. [/home/malik/andromeda_ila/AXI-Dot-Product-Accelerator/Vivado/puzhi/puzhi.srcs/sources_1/imports/hdl/top_dot_product_engine.sv:]
WARNING: [filemgmt 56-199] Attempt to get parsing info during refresh. "On-the-fly" syntax checking information may be incorrect. [/home/malik/andromeda_ila/AXI-Dot-Product-Accelerator/Vivado/puzhi/puzhi.srcs/sources_1/imports/hdl/axi_dpe.v:]
WARNING: [filemgmt 56-199] Attempt to get parsing info during refresh. "On-the-fly" syntax checking information may be incorrect. [/home/malik/andromeda_ila/AXI-Dot-Product-Accelerator/Vivado/puzhi/puzhi.srcs/sources_1/imports/hdl/axi_dpe.v:]
WARNING: [filemgmt 56-199] Attempt to get parsing info during refresh. "On-the-fly" syntax checking information may be incorrect. [/home/malik/andromeda_ila/AXI-Dot-Product-Accelerator/Vivado/puzhi/puzhi.srcs/sources_1/imports/hdl/dot_product_engine.sv:]
WARNING: [filemgmt 56-199] Attempt to get parsing info during refresh. "On-the-fly" syntax checking information may be incorrect. [/home/malik/andromeda_ila/AXI-Dot-Product-Accelerator/Vivado/puzhi/puzhi.srcs/sources_1/imports/hdl/axi_dpe.v:]
WARNING: [filemgmt 56-199] Attempt to get parsing info during refresh. "On-the-fly" syntax checking information may be incorrect. [/home/malik/andromeda_ila/AXI-Dot-Product-Accelerator/Vivado/puzhi/puzhi.srcs/sources_1/imports/hdl/top_dot_product_engine.sv:]
WARNING: [filemgmt 56-199] Attempt to get parsing info during refresh. "On-the-fly" syntax checking information may be incorrect. [/home/malik/andromeda_ila/AXI-Dot-Product-Accelerator/Vivado/puzhi/puzhi.srcs/sources_1/imports/hdl/top_dot_product_engine.sv:]
WARNING: [filemgmt 56-199] Attempt to get parsing info during refresh. "On-the-fly" syntax checking information may be incorrect. [/home/malik/andromeda_ila/AXI-Dot-Product-Accelerator/Vivado/puzhi/puzhi.srcs/sources_1/imports/hdl/top_dot_product_engine.sv:]
WARNING: [filemgmt 56-199] Attempt to get parsing info during refresh. "On-the-fly" syntax checking information may be incorrect. [/home/malik/andromeda_ila/AXI-Dot-Product-Accelerator/Vivado/puzhi/puzhi.srcs/sources_1/imports/hdl/dot_product_engine.sv:]
WARNING: [filemgmt 56-199] Attempt to get parsing info during refresh. "On-the-fly" syntax checking information may be incorrect. [/home/malik/andromeda_ila/AXI-Dot-Product-Accelerator/Vivado/puzhi/puzhi.srcs/sources_1/imports/hdl/axi_dpe.v:]
WARNING: [filemgmt 56-199] Attempt to get parsing info during refresh. "On-the-fly" syntax checking information may be incorrect. [/home/malik/andromeda_ila/AXI-Dot-Product-Accelerator/Vivado/puzhi/puzhi.srcs/sources_1/imports/hdl/top_dot_product_engine.sv:]
WARNING: [filemgmt 56-199] Attempt to get parsing info during refresh. "On-the-fly" syntax checking information may be incorrect. [/home/malik/andromeda_ila/AXI-Dot-Product-Accelerator/Vivado/puzhi/puzhi.srcs/sources_1/imports/hdl/axi_dpe.v:]
WARNING: [filemgmt 56-199] Attempt to get parsing info during refresh. "On-the-fly" syntax checking information may be incorrect. [/home/malik/andromeda_ila/AXI-Dot-Product-Accelerator/Vivado/puzhi/puzhi.srcs/sources_1/imports/hdl/axi_dpe.v:]
WARNING: [filemgmt 56-199] Attempt to get parsing info during refresh. "On-the-fly" syntax checking information may be incorrect. [/home/malik/andromeda_ila/AXI-Dot-Product-Accelerator/Vivado/puzhi/puzhi.srcs/sources_1/imports/hdl/dot_product_engine.sv:]
WARNING: [filemgmt 56-199] Attempt to get parsing info during refresh. "On-the-fly" syntax checking information may be incorrect. [/home/malik/andromeda_ila/AXI-Dot-Product-Accelerator/Vivado/puzhi/puzhi.srcs/sources_1/imports/hdl/axi_dpe.v:]
WARNING: [filemgmt 56-199] Attempt to get parsing info during refresh. "On-the-fly" syntax checking information may be incorrect. [/home/malik/andromeda_ila/AXI-Dot-Product-Accelerator/Vivado/puzhi/puzhi.srcs/sources_1/imports/hdl/top_dot_product_engine.sv:]
WARNING: [filemgmt 56-199] Attempt to get parsing info during refresh. "On-the-fly" syntax checking information may be incorrect. [/home/malik/andromeda_ila/AXI-Dot-Product-Accelerator/Vivado/puzhi/puzhi.srcs/sources_1/imports/hdl/top_dot_product_engine.sv:]
WARNING: [filemgmt 56-199] Attempt to get parsing info during refresh. "On-the-fly" syntax checking information may be incorrect. [/home/malik/andromeda_ila/AXI-Dot-Product-Accelerator/Vivado/puzhi/puzhi.srcs/sources_1/imports/hdl/top_dot_product_engine.sv:]
WARNING: [filemgmt 56-199] Attempt to get parsing info during refresh. "On-the-fly" syntax checking information may be incorrect. [/home/malik/andromeda_ila/AXI-Dot-Product-Accelerator/Vivado/puzhi/puzhi.srcs/sources_1/imports/hdl/dot_product_engine.sv:]
WARNING: [filemgmt 56-199] Attempt to get parsing info during refresh. "On-the-fly" syntax checking information may be incorrect. [/home/malik/andromeda_ila/AXI-Dot-Product-Accelerator/Vivado/puzhi/puzhi.srcs/sources_1/imports/hdl/axi_dpe.v:]
WARNING: [filemgmt 56-199] Attempt to get parsing info during refresh. "On-the-fly" syntax checking information may be incorrect. [/home/malik/andromeda_ila/AXI-Dot-Product-Accelerator/Vivado/puzhi/puzhi.srcs/sources_1/imports/hdl/top_dot_product_engine.sv:]
WARNING: [filemgmt 56-199] Attempt to get parsing info during refresh. "On-the-fly" syntax checking information may be incorrect. [/home/malik/andromeda_ila/AXI-Dot-Product-Accelerator/Vivado/puzhi/puzhi.srcs/sources_1/imports/hdl/top_dot_product_engine.sv:]
WARNING: [filemgmt 56-199] Attempt to get parsing info during refresh. "On-the-fly" syntax checking information may be incorrect. [/home/malik/andromeda_ila/AXI-Dot-Product-Accelerator/Vivado/puzhi/puzhi.srcs/sources_1/imports/hdl/top_dot_product_engine.sv:]
WARNING: [filemgmt 56-199] Attempt to get parsing info during refresh. "On-the-fly" syntax checking information may be incorrect. [/home/malik/andromeda_ila/AXI-Dot-Product-Accelerator/Vivado/puzhi/puzhi.srcs/sources_1/imports/hdl/dot_product_engine.sv:]
WARNING: [filemgmt 56-199] Attempt to get parsing info during refresh. "On-the-fly" syntax checking information may be incorrect. [/home/malik/andromeda_ila/AXI-Dot-Product-Accelerator/Vivado/puzhi/puzhi.srcs/sources_1/imports/hdl/axi_dpe.v:]
WARNING: [filemgmt 56-199] Attempt to get parsing info during refresh. "On-the-fly" syntax checking information may be incorrect. [/home/malik/andromeda_ila/AXI-Dot-Product-Accelerator/Vivado/puzhi/puzhi.srcs/sources_1/imports/hdl/top_dot_product_engine.sv:]
WARNING: [filemgmt 56-199] Attempt to get parsing info during refresh. "On-the-fly" syntax checking information may be incorrect. [/home/malik/andromeda_ila/AXI-Dot-Product-Accelerator/Vivado/puzhi/puzhi.srcs/sources_1/imports/hdl/axi_dpe.v:]
WARNING: [filemgmt 56-199] Attempt to get parsing info during refresh. "On-the-fly" syntax checking information may be incorrect. [/home/malik/andromeda_ila/AXI-Dot-Product-Accelerator/Vivado/puzhi/puzhi.srcs/sources_1/imports/hdl/axi_dpe.v:]
WARNING: [filemgmt 56-199] Attempt to get parsing info during refresh. "On-the-fly" syntax checking information may be incorrect. [/home/malik/andromeda_ila/AXI-Dot-Product-Accelerator/Vivado/puzhi/puzhi.srcs/sources_1/imports/hdl/dot_product_engine.sv:]
WARNING: [filemgmt 56-199] Attempt to get parsing info during refresh. "On-the-fly" syntax checking information may be incorrect. [/home/malik/andromeda_ila/AXI-Dot-Product-Accelerator/Vivado/puzhi/puzhi.srcs/sources_1/imports/hdl/axi_dpe.v:]
WARNING: [filemgmt 56-199] Attempt to get parsing info during refresh. "On-the-fly" syntax checking information may be incorrect. [/home/malik/andromeda_ila/AXI-Dot-Product-Accelerator/Vivado/puzhi/puzhi.srcs/sources_1/imports/hdl/top_dot_product_engine.sv:]
WARNING: [filemgmt 56-199] Attempt to get parsing info during refresh. "On-the-fly" syntax checking information may be incorrect. [/home/malik/andromeda_ila/AXI-Dot-Product-Accelerator/Vivado/puzhi/puzhi.srcs/sources_1/imports/hdl/axi_dpe.v:]
WARNING: [filemgmt 56-199] Attempt to get parsing info during refresh. "On-the-fly" syntax checking information may be incorrect. [/home/malik/andromeda_ila/AXI-Dot-Product-Accelerator/Vivado/puzhi/puzhi.srcs/sources_1/imports/hdl/axi_dpe.v:]
WARNING: [filemgmt 56-199] Attempt to get parsing info during refresh. "On-the-fly" syntax checking information may be incorrect. [/home/malik/andromeda_ila/AXI-Dot-Product-Accelerator/Vivado/puzhi/puzhi.srcs/sources_1/imports/hdl/dot_product_engine.sv:]
WARNING: [filemgmt 56-199] Attempt to get parsing info during refresh. "On-the-fly" syntax checking information may be incorrect. [/home/malik/andromeda_ila/AXI-Dot-Product-Accelerator/Vivado/puzhi/puzhi.srcs/sources_1/imports/hdl/axi_dpe.v:]
WARNING: [filemgmt 56-199] Attempt to get parsing info during refresh. "On-the-fly" syntax checking information may be incorrect. [/home/malik/andromeda_ila/AXI-Dot-Product-Accelerator/Vivado/puzhi/puzhi.srcs/sources_1/imports/hdl/top_dot_product_engine.sv:]
WARNING: [filemgmt 56-199] Attempt to get parsing info during refresh. "On-the-fly" syntax checking information may be incorrect. [/home/malik/andromeda_ila/AXI-Dot-Product-Accelerator/Vivado/puzhi/puzhi.srcs/sources_1/imports/hdl/top_dot_product_engine.sv:]
WARNING: [filemgmt 56-199] Attempt to get parsing info during refresh. "On-the-fly" syntax checking information may be incorrect. [/home/malik/andromeda_ila/AXI-Dot-Product-Accelerator/Vivado/puzhi/puzhi.srcs/sources_1/imports/hdl/top_dot_product_engine.sv:]
WARNING: [filemgmt 56-199] Attempt to get parsing info during refresh. "On-the-fly" syntax checking information may be incorrect. [/home/malik/andromeda_ila/AXI-Dot-Product-Accelerator/Vivado/puzhi/puzhi.srcs/sources_1/imports/hdl/dot_product_engine.sv:]
WARNING: [filemgmt 56-199] Attempt to get parsing info during refresh. "On-the-fly" syntax checking information may be incorrect. [/home/malik/andromeda_ila/AXI-Dot-Product-Accelerator/Vivado/puzhi/puzhi.srcs/sources_1/imports/hdl/axi_dpe.v:]
WARNING: [filemgmt 56-199] Attempt to get parsing info during refresh. "On-the-fly" syntax checking information may be incorrect. [/home/malik/andromeda_ila/AXI-Dot-Product-Accelerator/Vivado/puzhi/puzhi.srcs/sources_1/imports/hdl/top_dot_product_engine.sv:]
WARNING: [filemgmt 56-199] Attempt to get parsing info during refresh. "On-the-fly" syntax checking information may be incorrect. [/home/malik/andromeda_ila/AXI-Dot-Product-Accelerator/Vivado/puzhi/puzhi.srcs/sources_1/imports/hdl/axi_dpe.v:]
WARNING: [filemgmt 56-199] Attempt to get parsing info during refresh. "On-the-fly" syntax checking information may be incorrect. [/home/malik/andromeda_ila/AXI-Dot-Product-Accelerator/Vivado/puzhi/puzhi.srcs/sources_1/imports/hdl/axi_dpe.v:]
WARNING: [filemgmt 56-199] Attempt to get parsing info during refresh. "On-the-fly" syntax checking information may be incorrect. [/home/malik/andromeda_ila/AXI-Dot-Product-Accelerator/Vivado/puzhi/puzhi.srcs/sources_1/imports/hdl/dot_product_engine.sv:]
WARNING: [filemgmt 56-199] Attempt to get parsing info during refresh. "On-the-fly" syntax checking information may be incorrect. [/home/malik/andromeda_ila/AXI-Dot-Product-Accelerator/Vivado/puzhi/puzhi.srcs/sources_1/imports/hdl/axi_dpe.v:]
WARNING: [filemgmt 56-199] Attempt to get parsing info during refresh. "On-the-fly" syntax checking information may be incorrect. [/home/malik/andromeda_ila/AXI-Dot-Product-Accelerator/Vivado/puzhi/puzhi.srcs/sources_1/imports/hdl/top_dot_product_engine.sv:]
WARNING: [filemgmt 56-199] Attempt to get parsing info during refresh. "On-the-fly" syntax checking information may be incorrect. [/home/malik/andromeda_ila/AXI-Dot-Product-Accelerator/Vivado/puzhi/puzhi.srcs/sources_1/imports/hdl/top_dot_product_engine.sv:]
WARNING: [filemgmt 56-199] Attempt to get parsing info during refresh. "On-the-fly" syntax checking information may be incorrect. [/home/malik/andromeda_ila/AXI-Dot-Product-Accelerator/Vivado/puzhi/puzhi.srcs/sources_1/imports/hdl/top_dot_product_engine.sv:]
WARNING: [filemgmt 56-199] Attempt to get parsing info during refresh. "On-the-fly" syntax checking information may be incorrect. [/home/malik/andromeda_ila/AXI-Dot-Product-Accelerator/Vivado/puzhi/puzhi.srcs/sources_1/imports/hdl/dot_product_engine.sv:]
WARNING: [filemgmt 56-199] Attempt to get parsing info during refresh. "On-the-fly" syntax checking information may be incorrect. [/home/malik/andromeda_ila/AXI-Dot-Product-Accelerator/Vivado/puzhi/puzhi.srcs/sources_1/imports/hdl/axi_dpe.v:]
WARNING: [filemgmt 56-199] Attempt to get parsing info during refresh. "On-the-fly" syntax checking information may be incorrect. [/home/malik/andromeda_ila/AXI-Dot-Product-Accelerator/Vivado/puzhi/puzhi.srcs/sources_1/imports/hdl/top_dot_product_engine.sv:]
WARNING: [filemgmt 56-199] Attempt to get parsing info during refresh. "On-the-fly" syntax checking information may be incorrect. [/home/malik/andromeda_ila/AXI-Dot-Product-Accelerator/Vivado/puzhi/puzhi.srcs/sources_1/imports/hdl/axi_dpe.v:]
WARNING: [filemgmt 56-199] Attempt to get parsing info during refresh. "On-the-fly" syntax checking information may be incorrect. [/home/malik/andromeda_ila/AXI-Dot-Product-Accelerator/Vivado/puzhi/puzhi.srcs/sources_1/imports/hdl/axi_dpe.v:]
WARNING: [filemgmt 56-199] Attempt to get parsing info during refresh. "On-the-fly" syntax checking information may be incorrect. [/home/malik/andromeda_ila/AXI-Dot-Product-Accelerator/Vivado/puzhi/puzhi.srcs/sources_1/imports/hdl/dot_product_engine.sv:]
WARNING: [filemgmt 56-199] Attempt to get parsing info during refresh. "On-the-fly" syntax checking information may be incorrect. [/home/malik/andromeda_ila/AXI-Dot-Product-Accelerator/Vivado/puzhi/puzhi.srcs/sources_1/imports/hdl/axi_dpe.v:]
WARNING: [filemgmt 56-199] Attempt to get parsing info during refresh. "On-the-fly" syntax checking information may be incorrect. [/home/malik/andromeda_ila/AXI-Dot-Product-Accelerator/Vivado/puzhi/puzhi.srcs/sources_1/imports/hdl/top_dot_product_engine.sv:]
WARNING: [filemgmt 56-199] Attempt to get parsing info during refresh. "On-the-fly" syntax checking information may be incorrect. [/home/malik/andromeda_ila/AXI-Dot-Product-Accelerator/Vivado/puzhi/puzhi.srcs/sources_1/imports/hdl/top_dot_product_engine.sv:]
WARNING: [filemgmt 56-199] Attempt to get parsing info during refresh. "On-the-fly" syntax checking information may be incorrect. [/home/malik/andromeda_ila/AXI-Dot-Product-Accelerator/Vivado/puzhi/puzhi.srcs/sources_1/imports/hdl/top_dot_product_engine.sv:]
WARNING: [filemgmt 56-199] Attempt to get parsing info during refresh. "On-the-fly" syntax checking information may be incorrect. [/home/malik/andromeda_ila/AXI-Dot-Product-Accelerator/Vivado/puzhi/puzhi.srcs/sources_1/imports/hdl/dot_product_engine.sv:]
WARNING: [filemgmt 56-199] Attempt to get parsing info during refresh. "On-the-fly" syntax checking information may be incorrect. [/home/malik/andromeda_ila/AXI-Dot-Product-Accelerator/Vivado/puzhi/puzhi.srcs/sources_1/imports/hdl/axi_dpe.v:]
WARNING: [filemgmt 56-199] Attempt to get parsing info during refresh. "On-the-fly" syntax checking information may be incorrect. [/home/malik/andromeda_ila/AXI-Dot-Product-Accelerator/Vivado/puzhi/puzhi.srcs/sources_1/imports/hdl/top_dot_product_engine.sv:]
WARNING: [filemgmt 56-199] Attempt to get parsing info during refresh. "On-the-fly" syntax checking information may be incorrect. [/home/malik/andromeda_ila/AXI-Dot-Product-Accelerator/Vivado/puzhi/puzhi.srcs/sources_1/imports/hdl/axi_dpe.v:]
WARNING: [filemgmt 56-199] Attempt to get parsing info during refresh. "On-the-fly" syntax checking information may be incorrect. [/home/malik/andromeda_ila/AXI-Dot-Product-Accelerator/Vivado/puzhi/puzhi.srcs/sources_1/imports/hdl/axi_dpe.v:]
WARNING: [filemgmt 56-199] Attempt to get parsing info during refresh. "On-the-fly" syntax checking information may be incorrect. [/home/malik/andromeda_ila/AXI-Dot-Product-Accelerator/Vivado/puzhi/puzhi.srcs/sources_1/imports/hdl/dot_product_engine.sv:]
WARNING: [filemgmt 56-199] Attempt to get parsing info during refresh. "On-the-fly" syntax checking information may be incorrect. [/home/malik/andromeda_ila/AXI-Dot-Product-Accelerator/Vivado/puzhi/puzhi.srcs/sources_1/imports/hdl/axi_dpe.v:]
WARNING: [filemgmt 56-199] Attempt to get parsing info during refresh. "On-the-fly" syntax checking information may be incorrect. [/home/malik/andromeda_ila/AXI-Dot-Product-Accelerator/Vivado/puzhi/puzhi.srcs/sources_1/imports/hdl/top_dot_product_engine.sv:]
WARNING: [filemgmt 56-199] Attempt to get parsing info during refresh. "On-the-fly" syntax checking information may be incorrect. [/home/malik/andromeda_ila/AXI-Dot-Product-Accelerator/Vivado/puzhi/puzhi.srcs/sources_1/imports/hdl/top_dot_product_engine.sv:]
WARNING: [filemgmt 56-199] Attempt to get parsing info during refresh. "On-the-fly" syntax checking information may be incorrect. [/home/malik/andromeda_ila/AXI-Dot-Product-Accelerator/Vivado/puzhi/puzhi.srcs/sources_1/imports/hdl/top_dot_product_engine.sv:]
WARNING: [filemgmt 56-199] Attempt to get parsing info during refresh. "On-the-fly" syntax checking information may be incorrect. [/home/malik/andromeda_ila/AXI-Dot-Product-Accelerator/Vivado/puzhi/puzhi.srcs/sources_1/imports/hdl/dot_product_engine.sv:]
WARNING: [filemgmt 56-199] Attempt to get parsing info during refresh. "On-the-fly" syntax checking information may be incorrect. [/home/malik/andromeda_ila/AXI-Dot-Product-Accelerator/Vivado/puzhi/puzhi.srcs/sources_1/imports/hdl/axi_dpe.v:]
WARNING: [filemgmt 56-199] Attempt to get parsing info during refresh. "On-the-fly" syntax checking information may be incorrect. [/home/malik/andromeda_ila/AXI-Dot-Product-Accelerator/Vivado/puzhi/puzhi.srcs/sources_1/imports/hdl/top_dot_product_engine.sv:]
WARNING: [filemgmt 56-199] Attempt to get parsing info during refresh. "On-the-fly" syntax checking information may be incorrect. [/home/malik/andromeda_ila/AXI-Dot-Product-Accelerator/Vivado/puzhi/puzhi.srcs/sources_1/imports/hdl/axi_dpe.v:]
WARNING: [filemgmt 56-199] Attempt to get parsing info during refresh. "On-the-fly" syntax checking information may be incorrect. [/home/malik/andromeda_ila/AXI-Dot-Product-Accelerator/Vivado/puzhi/puzhi.srcs/sources_1/imports/hdl/axi_dpe.v:]
WARNING: [filemgmt 56-199] Attempt to get parsing info during refresh. "On-the-fly" syntax checking information may be incorrect. [/home/malik/andromeda_ila/AXI-Dot-Product-Accelerator/Vivado/puzhi/puzhi.srcs/sources_1/imports/hdl/dot_product_engine.sv:]
WARNING: [filemgmt 56-199] Attempt to get parsing info during refresh. "On-the-fly" syntax checking information may be incorrect. [/home/malik/andromeda_ila/AXI-Dot-Product-Accelerator/Vivado/puzhi/puzhi.srcs/sources_1/imports/hdl/axi_dpe.v:]
WARNING: [filemgmt 56-199] Attempt to get parsing info during refresh. "On-the-fly" syntax checking information may be incorrect. [/home/malik/andromeda_ila/AXI-Dot-Product-Accelerator/Vivado/puzhi/puzhi.srcs/sources_1/imports/hdl/top_dot_product_engine.sv:]
WARNING: [filemgmt 56-199] Attempt to get parsing info during refresh. "On-the-fly" syntax checking information may be incorrect. [/home/malik/andromeda_ila/AXI-Dot-Product-Accelerator/Vivado/puzhi/puzhi.srcs/sources_1/imports/hdl/top_dot_product_engine.sv:]
WARNING: [filemgmt 56-199] Attempt to get parsing info during refresh. "On-the-fly" syntax checking information may be incorrect. [/home/malik/andromeda_ila/AXI-Dot-Product-Accelerator/Vivado/puzhi/puzhi.srcs/sources_1/imports/hdl/top_dot_product_engine.sv:]
WARNING: [filemgmt 56-199] Attempt to get parsing info during refresh. "On-the-fly" syntax checking information may be incorrect. [/home/malik/andromeda_ila/AXI-Dot-Product-Accelerator/Vivado/puzhi/puzhi.srcs/sources_1/imports/hdl/dot_product_engine.sv:]
WARNING: [filemgmt 56-199] Attempt to get parsing info during refresh. "On-the-fly" syntax checking information may be incorrect. [/home/malik/andromeda_ila/AXI-Dot-Product-Accelerator/Vivado/puzhi/puzhi.srcs/sources_1/imports/hdl/axi_dpe.v:]
WARNING: [filemgmt 56-199] Attempt to get parsing info during refresh. "On-the-fly" syntax checking information may be incorrect. [/home/malik/andromeda_ila/AXI-Dot-Product-Accelerator/Vivado/puzhi/puzhi.srcs/sources_1/imports/hdl/top_dot_product_engine.sv:]
WARNING: [filemgmt 56-199] Attempt to get parsing info during refresh. "On-the-fly" syntax checking information may be incorrect. [/home/malik/andromeda_ila/AXI-Dot-Product-Accelerator/Vivado/puzhi/puzhi.srcs/sources_1/imports/hdl/axi_dpe.v:]
WARNING: [filemgmt 56-199] Attempt to get parsing info during refresh. "On-the-fly" syntax checking information may be incorrect. [/home/malik/andromeda_ila/AXI-Dot-Product-Accelerator/Vivado/puzhi/puzhi.srcs/sources_1/imports/hdl/axi_dpe.v:]
WARNING: [filemgmt 56-199] Attempt to get parsing info during refresh. "On-the-fly" syntax checking information may be incorrect. [/home/malik/andromeda_ila/AXI-Dot-Product-Accelerator/Vivado/puzhi/puzhi.srcs/sources_1/imports/hdl/dot_product_engine.sv:]
WARNING: [filemgmt 56-199] Attempt to get parsing info during refresh. "On-the-fly" syntax checking information may be incorrect. [/home/malik/andromeda_ila/AXI-Dot-Product-Accelerator/Vivado/puzhi/puzhi.srcs/sources_1/imports/hdl/axi_dpe.v:]
WARNING: [filemgmt 56-199] Attempt to get parsing info during refresh. "On-the-fly" syntax checking information may be incorrect. [/home/malik/andromeda_ila/AXI-Dot-Product-Accelerator/Vivado/puzhi/puzhi.srcs/sources_1/imports/hdl/top_dot_product_engine.sv:]
WARNING: [filemgmt 56-199] Attempt to get parsing info during refresh. "On-the-fly" syntax checking information may be incorrect. [/home/malik/andromeda_ila/AXI-Dot-Product-Accelerator/Vivado/puzhi/puzhi.srcs/sources_1/imports/hdl/top_dot_product_engine.sv:]
WARNING: [filemgmt 56-199] Attempt to get parsing info during refresh. "On-the-fly" syntax checking information may be incorrect. [/home/malik/andromeda_ila/AXI-Dot-Product-Accelerator/Vivado/puzhi/puzhi.srcs/sources_1/imports/hdl/top_dot_product_engine.sv:]
WARNING: [filemgmt 56-199] Attempt to get parsing info during refresh. "On-the-fly" syntax checking information may be incorrect. [/home/malik/andromeda_ila/AXI-Dot-Product-Accelerator/Vivado/puzhi/puzhi.srcs/sources_1/imports/hdl/dot_product_engine.sv:]
WARNING: [filemgmt 56-199] Attempt to get parsing info during refresh. "On-the-fly" syntax checking information may be incorrect. [/home/malik/andromeda_ila/AXI-Dot-Product-Accelerator/Vivado/puzhi/puzhi.srcs/sources_1/imports/hdl/axi_dpe.v:]
WARNING: [filemgmt 56-199] Attempt to get parsing info during refresh. "On-the-fly" syntax checking information may be incorrect. [/home/malik/andromeda_ila/AXI-Dot-Product-Accelerator/Vivado/puzhi/puzhi.srcs/sources_1/imports/hdl/top_dot_product_engine.sv:]
WARNING: [filemgmt 56-199] Attempt to get parsing info during refresh. "On-the-fly" syntax checking information may be incorrect. [/home/malik/andromeda_ila/AXI-Dot-Product-Accelerator/Vivado/puzhi/puzhi.srcs/sources_1/imports/hdl/top_dot_product_engine.sv:]
WARNING: [filemgmt 56-199] Attempt to get parsing info during refresh. "On-the-fly" syntax checking information may be incorrect. [/home/malik/andromeda_ila/AXI-Dot-Product-Accelerator/Vivado/puzhi/puzhi.srcs/sources_1/imports/hdl/top_dot_product_engine.sv:]
WARNING: [filemgmt 56-199] Attempt to get parsing info during refresh. "On-the-fly" syntax checking information may be incorrect. [/home/malik/andromeda_ila/AXI-Dot-Product-Accelerator/Vivado/puzhi/puzhi.srcs/sources_1/imports/hdl/dot_product_engine.sv:]
WARNING: [filemgmt 56-199] Attempt to get parsing info during refresh. "On-the-fly" syntax checking information may be incorrect. [/home/malik/andromeda_ila/AXI-Dot-Product-Accelerator/Vivado/puzhi/puzhi.srcs/sources_1/imports/hdl/axi_dpe.v:]
WARNING: [filemgmt 56-199] Attempt to get parsing info during refresh. "On-the-fly" syntax checking information may be incorrect. [/home/malik/andromeda_ila/AXI-Dot-Product-Accelerator/Vivado/puzhi/puzhi.srcs/sources_1/imports/hdl/top_dot_product_engine.sv:]
WARNING: [filemgmt 56-199] Attempt to get parsing info during refresh. "On-the-fly" syntax checking information may be incorrect. [/home/malik/andromeda_ila/AXI-Dot-Product-Accelerator/Vivado/puzhi/puzhi.srcs/sources_1/imports/hdl/axi_dpe.v:]
WARNING: [filemgmt 56-199] Attempt to get parsing info during refresh. "On-the-fly" syntax checking information may be incorrect. [/home/malik/andromeda_ila/AXI-Dot-Product-Accelerator/Vivado/puzhi/puzhi.srcs/sources_1/imports/hdl/axi_dpe.v:]
WARNING: [filemgmt 56-199] Attempt to get parsing info during refresh. "On-the-fly" syntax checking information may be incorrect. [/home/malik/andromeda_ila/AXI-Dot-Product-Accelerator/Vivado/puzhi/puzhi.srcs/sources_1/imports/hdl/dot_product_engine.sv:]
WARNING: [filemgmt 56-199] Attempt to get parsing info during refresh. "On-the-fly" syntax checking information may be incorrect. [/home/malik/andromeda_ila/AXI-Dot-Product-Accelerator/Vivado/puzhi/puzhi.srcs/sources_1/imports/hdl/axi_dpe.v:]
WARNING: [filemgmt 56-199] Attempt to get parsing info during refresh. "On-the-fly" syntax checking information may be incorrect. [/home/malik/andromeda_ila/AXI-Dot-Product-Accelerator/Vivado/puzhi/puzhi.srcs/sources_1/imports/hdl/top_dot_product_engine.sv:]
WARNING: [filemgmt 56-199] Attempt to get parsing info during refresh. "On-the-fly" syntax checking information may be incorrect. [/home/malik/andromeda_ila/AXI-Dot-Product-Accelerator/Vivado/puzhi/puzhi.srcs/sources_1/imports/hdl/axi_dpe.v:]
WARNING: [filemgmt 56-199] Attempt to get parsing info during refresh. "On-the-fly" syntax checking information may be incorrect. [/home/malik/andromeda_ila/AXI-Dot-Product-Accelerator/Vivado/puzhi/puzhi.srcs/sources_1/imports/hdl/axi_dpe.v:]
WARNING: [filemgmt 56-199] Attempt to get parsing info during refresh. "On-the-fly" syntax checking information may be incorrect. [/home/malik/andromeda_ila/AXI-Dot-Product-Accelerator/Vivado/puzhi/puzhi.srcs/sources_1/imports/hdl/dot_product_engine.sv:]
WARNING: [filemgmt 56-199] Attempt to get parsing info during refresh. "On-the-fly" syntax checking information may be incorrect. [/home/malik/andromeda_ila/AXI-Dot-Product-Accelerator/Vivado/puzhi/puzhi.srcs/sources_1/imports/hdl/axi_dpe.v:]
WARNING: [filemgmt 56-199] Attempt to get parsing info during refresh. "On-the-fly" syntax checking information may be incorrect. [/home/malik/andromeda_ila/AXI-Dot-Product-Accelerator/Vivado/puzhi/puzhi.srcs/sources_1/imports/hdl/top_dot_product_engine.sv:]
WARNING: [filemgmt 56-199] Attempt to get parsing info during refresh. "On-the-fly" syntax checking information may be incorrect. [/home/malik/andromeda_ila/AXI-Dot-Product-Accelerator/Vivado/puzhi/puzhi.srcs/sources_1/imports/hdl/top_dot_product_engine.sv:]
WARNING: [filemgmt 56-199] Attempt to get parsing info during refresh. "On-the-fly" syntax checking information may be incorrect. [/home/malik/andromeda_ila/AXI-Dot-Product-Accelerator/Vivado/puzhi/puzhi.srcs/sources_1/imports/hdl/top_dot_product_engine.sv:]
WARNING: [filemgmt 56-199] Attempt to get parsing info during refresh. "On-the-fly" syntax checking information may be incorrect. [/home/malik/andromeda_ila/AXI-Dot-Product-Accelerator/Vivado/puzhi/puzhi.srcs/sources_1/imports/hdl/dot_product_engine.sv:]
WARNING: [filemgmt 56-199] Attempt to get parsing info during refresh. "On-the-fly" syntax checking information may be incorrect. [/home/malik/andromeda_ila/AXI-Dot-Product-Accelerator/Vivado/puzhi/puzhi.srcs/sources_1/imports/hdl/axi_dpe.v:]
WARNING: [filemgmt 56-199] Attempt to get parsing info during refresh. "On-the-fly" syntax checking information may be incorrect. [/home/malik/andromeda_ila/AXI-Dot-Product-Accelerator/Vivado/puzhi/puzhi.gen/sources_1/bd/andromeda/ip/andromeda_axi_dpe_0_0/synth/andromeda_axi_dpe_0_0.v:]
WARNING: [filemgmt 56-199] Attempt to get parsing info during refresh. "On-the-fly" syntax checking information may be incorrect. [/home/malik/andromeda_ila/AXI-Dot-Product-Accelerator/Vivado/puzhi/puzhi.srcs/sources_1/imports/hdl/top_dot_product_engine.sv:]
WARNING: [filemgmt 56-199] Attempt to get parsing info during refresh. "On-the-fly" syntax checking information may be incorrect. [/home/malik/andromeda_ila/AXI-Dot-Product-Accelerator/Vivado/puzhi/puzhi.srcs/sources_1/imports/hdl/axi_dpe.v:]
WARNING: [filemgmt 56-199] Attempt to get parsing info during refresh. "On-the-fly" syntax checking information may be incorrect. [/home/malik/andromeda_ila/AXI-Dot-Product-Accelerator/Vivado/puzhi/puzhi.srcs/sources_1/imports/hdl/axi_dpe.v:]
WARNING: [filemgmt 56-199] Attempt to get parsing info during refresh. "On-the-fly" syntax checking information may be incorrect. [/home/malik/andromeda_ila/AXI-Dot-Product-Accelerator/Vivado/puzhi/puzhi.srcs/sources_1/imports/hdl/dot_product_engine.sv:]
WARNING: [filemgmt 56-199] Attempt to get parsing info during refresh. "On-the-fly" syntax checking information may be incorrect. [/home/malik/andromeda_ila/AXI-Dot-Product-Accelerator/Vivado/puzhi/puzhi.srcs/sources_1/imports/hdl/axi_dpe.v:]
WARNING: [filemgmt 56-199] Attempt to get parsing info during refresh. "On-the-fly" syntax checking information may be incorrect. [/home/malik/andromeda_ila/AXI-Dot-Product-Accelerator/Vivado/puzhi/puzhi.gen/sources_1/bd/andromeda/ip/andromeda_axi_dpe_0_0/synth/andromeda_axi_dpe_0_0.v:]
WARNING: [filemgmt 56-199] Attempt to get parsing info during refresh. "On-the-fly" syntax checking information may be incorrect. [/home/malik/andromeda_ila/AXI-Dot-Product-Accelerator/Vivado/puzhi/puzhi.srcs/sources_1/imports/hdl/top_dot_product_engine.sv:]
WARNING: [filemgmt 56-199] Attempt to get parsing info during refresh. "On-the-fly" syntax checking information may be incorrect. [/home/malik/andromeda_ila/AXI-Dot-Product-Accelerator/Vivado/puzhi/puzhi.gen/sources_1/bd/andromeda/ip/andromeda_axi_dpe_0_0/synth/andromeda_axi_dpe_0_0.v:]
WARNING: [filemgmt 56-199] Attempt to get parsing info during refresh. "On-the-fly" syntax checking information may be incorrect. [/home/malik/andromeda_ila/AXI-Dot-Product-Accelerator/Vivado/puzhi/puzhi.gen/sources_1/bd/andromeda/ip/andromeda_axi_dpe_0_0/synth/andromeda_axi_dpe_0_0.v:]
WARNING: [filemgmt 56-199] Attempt to get parsing info during refresh. "On-the-fly" syntax checking information may be incorrect. [/home/malik/andromeda_ila/AXI-Dot-Product-Accelerator/Vivado/puzhi/puzhi.srcs/sources_1/imports/hdl/dot_product_engine.sv:]
WARNING: [filemgmt 56-199] Attempt to get parsing info during refresh. "On-the-fly" syntax checking information may be incorrect. [/home/malik/andromeda_ila/AXI-Dot-Product-Accelerator/Vivado/puzhi/puzhi.srcs/sources_1/imports/hdl/axi_dpe.v:]
WARNING: [filemgmt 56-199] Attempt to get parsing info during refresh. "On-the-fly" syntax checking information may be incorrect. [/home/malik/andromeda_ila/AXI-Dot-Product-Accelerator/Vivado/puzhi/puzhi.gen/sources_1/bd/andromeda/ip/andromeda_axi_dpe_0_0/synth/andromeda_axi_dpe_0_0.v:]
WARNING: [filemgmt 56-199] Attempt to get parsing info during refresh. "On-the-fly" syntax checking information may be incorrect. [/home/malik/andromeda_ila/AXI-Dot-Product-Accelerator/Vivado/puzhi/puzhi.srcs/sources_1/imports/hdl/top_dot_product_engine.sv:]
WARNING: [filemgmt 56-199] Attempt to get parsing info during refresh. "On-the-fly" syntax checking information may be incorrect. [/home/malik/andromeda_ila/AXI-Dot-Product-Accelerator/Vivado/puzhi/puzhi.srcs/sources_1/imports/hdl/top_dot_product_engine.sv:]
WARNING: [filemgmt 56-199] Attempt to get parsing info during refresh. "On-the-fly" syntax checking information may be incorrect. [/home/malik/andromeda_ila/AXI-Dot-Product-Accelerator/Vivado/puzhi/puzhi.srcs/sources_1/imports/hdl/top_dot_product_engine.sv:]
reset_target all [get_files  /home/malik/andromeda_ila/AXI-Dot-Product-Accelerator/Vivado/puzhi/puzhi.srcs/sources_1/bd/andromeda/andromeda.bd]
WARNING: [filemgmt 56-443] The ECC Algorithm string is empty. Setting the Memory Map to default ECC value to ECC_NONE.
WARNING: [filemgmt 56-443] The ECC Algorithm string is empty. Setting the Memory Map to default ECC value to ECC_NONE.
export_ip_user_files -of_objects  [get_files  /home/malik/andromeda_ila/AXI-Dot-Product-Accelerator/Vivado/puzhi/puzhi.srcs/sources_1/bd/andromeda/andromeda.bd] -sync -no_script -force -quiet
delete_ip_run [get_files -of_objects [get_fileset sources_1] /home/malik/andromeda_ila/AXI-Dot-Product-Accelerator/Vivado/puzhi/puzhi.srcs/sources_1/bd/andromeda/andromeda.bd]
WARNING: [filemgmt 56-199] Attempt to get parsing info during refresh. "On-the-fly" syntax checking information may be incorrect. [/home/malik/andromeda_ila/AXI-Dot-Product-Accelerator/Vivado/puzhi/puzhi.srcs/sources_1/imports/hdl/dot_product_engine.sv:]
WARNING: [filemgmt 56-199] Attempt to get parsing info during refresh. "On-the-fly" syntax checking information may be incorrect. [/home/malik/andromeda_ila/AXI-Dot-Product-Accelerator/Vivado/puzhi/puzhi.srcs/sources_1/imports/hdl/axi_dpe.v:]
WARNING: [filemgmt 56-199] Attempt to get parsing info during refresh. "On-the-fly" syntax checking information may be incorrect. [/home/malik/andromeda_ila/AXI-Dot-Product-Accelerator/Vivado/puzhi/puzhi.srcs/sources_1/imports/hdl/top_dot_product_engine.sv:]
WARNING: [filemgmt 56-199] Attempt to get parsing info during refresh. "On-the-fly" syntax checking information may be incorrect. [/home/malik/andromeda_ila/AXI-Dot-Product-Accelerator/Vivado/puzhi/puzhi.srcs/sources_1/imports/hdl/axi_dpe.v:]
WARNING: [filemgmt 56-199] Attempt to get parsing info during refresh. "On-the-fly" syntax checking information may be incorrect. [/home/malik/andromeda_ila/AXI-Dot-Product-Accelerator/Vivado/puzhi/puzhi.srcs/sources_1/imports/hdl/axi_dpe.v:]
WARNING: [filemgmt 56-199] Attempt to get parsing info during refresh. "On-the-fly" syntax checking information may be incorrect. [/home/malik/andromeda_ila/AXI-Dot-Product-Accelerator/Vivado/puzhi/puzhi.srcs/sources_1/imports/hdl/dot_product_engine.sv:]
WARNING: [filemgmt 56-199] Attempt to get parsing info during refresh. "On-the-fly" syntax checking information may be incorrect. [/home/malik/andromeda_ila/AXI-Dot-Product-Accelerator/Vivado/puzhi/puzhi.srcs/sources_1/imports/hdl/axi_dpe.v:]
WARNING: [filemgmt 56-199] Attempt to get parsing info during refresh. "On-the-fly" syntax checking information may be incorrect. [/home/malik/andromeda_ila/AXI-Dot-Product-Accelerator/Vivado/puzhi/puzhi.srcs/sources_1/imports/hdl/top_dot_product_engine.sv:]
WARNING: [filemgmt 56-199] Attempt to get parsing info during refresh. "On-the-fly" syntax checking information may be incorrect. [/home/malik/andromeda_ila/AXI-Dot-Product-Accelerator/Vivado/puzhi/puzhi.srcs/sources_1/imports/hdl/dot_product_engine.sv:]
WARNING: [filemgmt 56-199] Attempt to get parsing info during refresh. "On-the-fly" syntax checking information may be incorrect. [/home/malik/andromeda_ila/AXI-Dot-Product-Accelerator/Vivado/puzhi/puzhi.srcs/sources_1/imports/hdl/dot_product_engine.sv:]
generate_target all [get_files  /home/malik/andromeda_ila/AXI-Dot-Product-Accelerator/Vivado/puzhi/puzhi.srcs/sources_1/bd/andromeda/andromeda.bd]
INFO: [BD 41-1662] The design 'andromeda.bd' is already validated. Therefore parameter propagation will not be re-run.
WARNING: [filemgmt 56-443] The ECC Algorithm string is empty. Setting the Memory Map to default ECC value to ECC_NONE.
WARNING: [filemgmt 56-443] The ECC Algorithm string is empty. Setting the Memory Map to default ECC value to ECC_NONE.
CRITICAL WARNING: [BD 41-759] The input pins (listed below) are either not connected or do not have a source port, and they don't have a tie-off specified. These pins are tied-off to all 0's to avoid error in Implementation flow.
Please check your design and connect them as needed: 
/system_ila_0/probe20
/system_ila_0/probe22

WARNING: [BD 41-3257] Drive strength cannot be preserved for ports connected to net axi_dpe_0_m_axi_RREADY as it is marked for debug
WARNING: [BD 41-3257] Drive strength cannot be preserved for ports connected to net axi_dpe_0_m_axi_RVALID as it is marked for debug
WARNING: [BD 41-3257] Drive strength cannot be preserved for ports connected to net axi_dpe_0_m_axi_RLAST as it is marked for debug
WARNING: [BD 41-3257] Drive strength cannot be preserved for ports connected to net axi_dpe_0_m_axi_RRESP as it is marked for debug
WARNING: [BD 41-3257] Drive strength cannot be preserved for ports connected to net axi_dpe_0_m_axi_ARBURST as it is marked for debug
WARNING: [BD 41-3257] Drive strength cannot be preserved for ports connected to net axi_dpe_0_m_axi_ARLEN as it is marked for debug
WARNING: [BD 41-3257] Drive strength cannot be preserved for ports connected to net axi_dpe_0_m_axi_AWVALID as it is marked for debug
WARNING: [BD 41-3257] Drive strength cannot be preserved for ports connected to net axi_dpe_0_m_axi_AWCACHE as it is marked for debug
WARNING: [BD 41-3257] Drive strength cannot be preserved for ports connected to net axi_dpe_0_m_axi_ARCACHE as it is marked for debug
WARNING: [BD 41-3257] Drive strength cannot be preserved for ports connected to net axi_dpe_0_m_axi_AWSIZE as it is marked for debug
WARNING: [BD 41-3257] Drive strength cannot be preserved for ports connected to net axi_dpe_0_m_axi_AWBURST as it is marked for debug
WARNING: [BD 41-3257] Drive strength cannot be preserved for ports connected to net axi_dpe_0_m_axi_BREADY as it is marked for debug
WARNING: [BD 41-3257] Drive strength cannot be preserved for ports connected to net axi_dpe_0_m_axi_AWPROT as it is marked for debug
WARNING: [BD 41-3257] Drive strength cannot be preserved for ports connected to net axi_dpe_0_m_axi_AWADDR as it is marked for debug
WARNING: [BD 41-3257] Drive strength cannot be preserved for ports connected to net axi_dpe_0_m_axi_AWREADY as it is marked for debug
WARNING: [BD 41-3257] Drive strength cannot be preserved for ports connected to net axi_dpe_0_m_axi_ARVALID as it is marked for debug
WARNING: [BD 41-3257] Drive strength cannot be preserved for ports connected to net axi_dpe_0_m_axi_WDATA as it is marked for debug
WARNING: [BD 41-3257] Drive strength cannot be preserved for ports connected to net axi_dpe_0_m_axi_ARPROT as it is marked for debug
WARNING: [BD 41-3257] Drive strength cannot be preserved for ports connected to net axi_dpe_0_m_axi_WSTRB as it is marked for debug
WARNING: [BD 41-3257] Drive strength cannot be preserved for ports connected to net axi_dpe_0_m_axi_ARREADY as it is marked for debug
WARNING: [BD 41-3257] Drive strength cannot be preserved for ports connected to net axi_dpe_0_m_axi_ARSIZE as it is marked for debug
WARNING: [BD 41-3257] Drive strength cannot be preserved for ports connected to net axi_dpe_0_m_axi_WLAST as it is marked for debug
WARNING: [BD 41-3257] Drive strength cannot be preserved for ports connected to net axi_dpe_0_m_axi_AWLEN as it is marked for debug
WARNING: [BD 41-3257] Drive strength cannot be preserved for ports connected to net axi_dpe_0_m_axi_BVALID as it is marked for debug
WARNING: [BD 41-3257] Drive strength cannot be preserved for ports connected to net axi_dpe_0_m_axi_WVALID as it is marked for debug
WARNING: [BD 41-3257] Drive strength cannot be preserved for ports connected to net axi_dpe_0_m_axi_WREADY as it is marked for debug
WARNING: [BD 41-3257] Drive strength cannot be preserved for ports connected to net axi_dpe_0_m_axi_RDATA as it is marked for debug
WARNING: [BD 41-3257] Drive strength cannot be preserved for ports connected to net axi_dpe_0_m_axi_BRESP as it is marked for debug
WARNING: [BD 41-3257] Drive strength cannot be preserved for ports connected to net axi_dpe_0_m_axi_ARADDR as it is marked for debug
WARNING: [BD 41-3257] Drive strength cannot be preserved for ports connected to net axi_smc_M03_AXI_RREADY as it is marked for debug
WARNING: [BD 41-3257] Drive strength cannot be preserved for ports connected to net axi_smc_M03_AXI_RVALID as it is marked for debug
WARNING: [BD 41-3257] Drive strength cannot be preserved for ports connected to net axi_smc_M03_AXI_WVALID as it is marked for debug
WARNING: [BD 41-3257] Drive strength cannot be preserved for ports connected to net axi_smc_M03_AXI_AWREADY as it is marked for debug
WARNING: [BD 41-3257] Drive strength cannot be preserved for ports connected to net axi_smc_M03_AXI_AWADDR as it is marked for debug
WARNING: [BD 41-3257] Drive strength cannot be preserved for ports connected to net axi_smc_M03_AXI_ARREADY as it is marked for debug
WARNING: [BD 41-3257] Drive strength cannot be preserved for ports connected to net axi_smc_M03_AXI_AWVALID as it is marked for debug
WARNING: [BD 41-3257] Drive strength cannot be preserved for ports connected to net axi_smc_M03_AXI_AWPROT as it is marked for debug
WARNING: [BD 41-3257] Drive strength cannot be preserved for ports connected to net axi_smc_M03_AXI_BREADY as it is marked for debug
WARNING: [BD 41-3257] Drive strength cannot be preserved for ports connected to net axi_smc_M03_AXI_WSTRB as it is marked for debug
WARNING: [BD 41-3257] Drive strength cannot be preserved for ports connected to net axi_smc_M03_AXI_ARPROT as it is marked for debug
WARNING: [BD 41-3257] Drive strength cannot be preserved for ports connected to net axi_smc_M03_AXI_RRESP as it is marked for debug
WARNING: [BD 41-3257] Drive strength cannot be preserved for ports connected to net axi_smc_M03_AXI_WREADY as it is marked for debug
WARNING: [BD 41-3257] Drive strength cannot be preserved for ports connected to net axi_smc_M03_AXI_RDATA as it is marked for debug
WARNING: [BD 41-3257] Drive strength cannot be preserved for ports connected to net axi_smc_M03_AXI_BRESP as it is marked for debug
WARNING: [BD 41-3257] Drive strength cannot be preserved for ports connected to net axi_smc_M03_AXI_ARADDR as it is marked for debug
WARNING: [BD 41-3257] Drive strength cannot be preserved for ports connected to net axi_smc_M03_AXI_BVALID as it is marked for debug
WARNING: [BD 41-3257] Drive strength cannot be preserved for ports connected to net axi_smc_M03_AXI_WDATA as it is marked for debug
WARNING: [BD 41-3257] Drive strength cannot be preserved for ports connected to net axi_smc_M03_AXI_ARVALID as it is marked for debug
WARNING: [BD 41-3257] Drive strength cannot be preserved for ports connected to net axi_smc_M04_AXI_RREADY as it is marked for debug
WARNING: [BD 41-3257] Drive strength cannot be preserved for ports connected to net axi_smc_M04_AXI_RVALID as it is marked for debug
WARNING: [BD 41-3257] Drive strength cannot be preserved for ports connected to net axi_smc_M04_AXI_RLAST as it is marked for debug
WARNING: [BD 41-3257] Drive strength cannot be preserved for ports connected to net axi_smc_M04_AXI_RRESP as it is marked for debug
WARNING: [BD 41-3257] Drive strength cannot be preserved for ports connected to net axi_smc_M04_AXI_ARBURST as it is marked for debug
WARNING: [BD 41-3257] Drive strength cannot be preserved for ports connected to net axi_smc_M04_AXI_ARLEN as it is marked for debug
WARNING: [BD 41-3257] Drive strength cannot be preserved for ports connected to net axi_smc_M04_AXI_ARADDR as it is marked for debug
WARNING: [BD 41-3257] Drive strength cannot be preserved for ports connected to net axi_smc_M04_AXI_BREADY as it is marked for debug
WARNING: [BD 41-3257] Drive strength cannot be preserved for ports connected to net axi_smc_M04_AXI_AWPROT as it is marked for debug
WARNING: [BD 41-3257] Drive strength cannot be preserved for ports connected to net axi_smc_M04_AXI_AWREADY as it is marked for debug
WARNING: [BD 41-3257] Drive strength cannot be preserved for ports connected to net axi_smc_M04_AXI_AWADDR as it is marked for debug
WARNING: [BD 41-3257] Drive strength cannot be preserved for ports connected to net axi_smc_M04_AXI_AWCACHE as it is marked for debug
WARNING: [BD 41-3257] Drive strength cannot be preserved for ports connected to net axi_smc_M04_AXI_ARCACHE as it is marked for debug
WARNING: [BD 41-3257] Drive strength cannot be preserved for ports connected to net axi_smc_M04_AXI_ARLOCK as it is marked for debug
WARNING: [BD 41-3257] Drive strength cannot be preserved for ports connected to net axi_smc_M04_AXI_AWBURST as it is marked for debug
WARNING: [BD 41-3257] Drive strength cannot be preserved for ports connected to net axi_smc_M04_AXI_AWSIZE as it is marked for debug
WARNING: [BD 41-3257] Drive strength cannot be preserved for ports connected to net axi_smc_M04_AXI_ARQOS as it is marked for debug
WARNING: [BD 41-3257] Drive strength cannot be preserved for ports connected to net axi_smc_M04_AXI_AWVALID as it is marked for debug
WARNING: [BD 41-3257] Drive strength cannot be preserved for ports connected to net axi_smc_M04_AXI_AWQOS as it is marked for debug
WARNING: [BD 41-3257] Drive strength cannot be preserved for ports connected to net axi_smc_M04_AXI_ARVALID as it is marked for debug
WARNING: [BD 41-3257] Drive strength cannot be preserved for ports connected to net axi_smc_M04_AXI_WDATA as it is marked for debug
WARNING: [BD 41-3257] Drive strength cannot be preserved for ports connected to net axi_smc_M04_AXI_ARPROT as it is marked for debug
WARNING: [BD 41-3257] Drive strength cannot be preserved for ports connected to net axi_smc_M04_AXI_WSTRB as it is marked for debug
WARNING: [BD 41-3257] Drive strength cannot be preserved for ports connected to net axi_smc_M04_AXI_ARREADY as it is marked for debug
WARNING: [BD 41-3257] Drive strength cannot be preserved for ports connected to net axi_smc_M04_AXI_ARSIZE as it is marked for debug
WARNING: [BD 41-3257] Drive strength cannot be preserved for ports connected to net axi_smc_M04_AXI_WLAST as it is marked for debug
WARNING: [BD 41-3257] Drive strength cannot be preserved for ports connected to net axi_smc_M04_AXI_AWLEN as it is marked for debug
WARNING: [BD 41-3257] Drive strength cannot be preserved for ports connected to net axi_smc_M04_AXI_AWLOCK as it is marked for debug
WARNING: [BD 41-3257] Drive strength cannot be preserved for ports connected to net axi_smc_M04_AXI_BVALID as it is marked for debug
WARNING: [BD 41-3257] Drive strength cannot be preserved for ports connected to net axi_smc_M04_AXI_WVALID as it is marked for debug
WARNING: [BD 41-3257] Drive strength cannot be preserved for ports connected to net axi_smc_M04_AXI_WREADY as it is marked for debug
WARNING: [BD 41-3257] Drive strength cannot be preserved for ports connected to net axi_smc_M04_AXI_RDATA as it is marked for debug
WARNING: [BD 41-3257] Drive strength cannot be preserved for ports connected to net axi_smc_M04_AXI_BRESP as it is marked for debug
WARNING: [BD 41-3257] Drive strength cannot be preserved for ports connected to net A_fp32_debug as it is marked for debug
WARNING: [BD 41-166] Source port for the net:A_fp32_debug is NULL! Connection will be grounded!
WARNING: [BD 41-3257] Drive strength cannot be preserved for ports connected to net A_valid_debug as it is marked for debug
WARNING: [BD 41-3257] Drive strength cannot be preserved for ports connected to net ctrl_state_debug as it is marked for debug
WARNING: [BD 41-3257] Drive strength cannot be preserved for ports connected to net dma_busy_debug as it is marked for debug
WARNING: [BD 41-3257] Drive strength cannot be preserved for ports connected to net dma_start_debug as it is marked for debug
WARNING: [BD 41-3257] Drive strength cannot be preserved for ports connected to net dma_status_debug as it is marked for debug
WARNING: [BD 41-3257] Drive strength cannot be preserved for ports connected to net dpe_done as it is marked for debug
WARNING: [BD 41-3257] Drive strength cannot be preserved for ports connected to net dpe_en_debug as it is marked for debug
WARNING: [BD 41-3257] Drive strength cannot be preserved for ports connected to net dpe_start_debug as it is marked for debug
WARNING: [BD 41-3257] Drive strength cannot be preserved for ports connected to net dpe_state_debug as it is marked for debug
WARNING: [BD 41-3257] Drive strength cannot be preserved for ports connected to net master_state_debug as it is marked for debug
WARNING: [BD 41-3257] Drive strength cannot be preserved for ports connected to net prod_fp32_debug as it is marked for debug
WARNING: [BD 41-166] Source port for the net:prod_fp32_debug is NULL! Connection will be grounded!
WARNING: [BD 41-3257] Drive strength cannot be preserved for ports connected to net prod_valid_debug as it is marked for debug
WARNING: [BD 41-3257] Drive strength cannot be preserved for ports connected to net read_data_buffer_debug as it is marked for debug
WARNING: [BD 41-3257] Drive strength cannot be preserved for ports connected to net read_data_index_debug as it is marked for debug
WARNING: [BD 41-3257] Drive strength cannot be preserved for ports connected to net read_data_valid_debug as it is marked for debug
WARNING: [BD 41-3257] Drive strength cannot be preserved for ports connected to net read_grant_debug as it is marked for debug
WARNING: [BD 41-3257] Drive strength cannot be preserved for ports connected to net read_request_debug as it is marked for debug
WARNING: [BD 41-3257] Drive strength cannot be preserved for ports connected to net read_state_debug as it is marked for debug
INFO: [Common 17-14] Message 'BD 41-3257' appears 100 times and further instances of the messages will be disabled. Use the Tcl command set_msg_config to change the current settings.
Verilog Output written to : /home/malik/andromeda_ila/AXI-Dot-Product-Accelerator/Vivado/puzhi/puzhi.gen/sources_1/bd/andromeda/synth/andromeda.v
WARNING: [BD 41-166] Source port for the net:A_fp32_debug is NULL! Connection will be grounded!
WARNING: [BD 41-166] Source port for the net:prod_fp32_debug is NULL! Connection will be grounded!
Verilog Output written to : /home/malik/andromeda_ila/AXI-Dot-Product-Accelerator/Vivado/puzhi/puzhi.gen/sources_1/bd/andromeda/sim/andromeda.v
Verilog Output written to : /home/malik/andromeda_ila/AXI-Dot-Product-Accelerator/Vivado/puzhi/puzhi.gen/sources_1/bd/andromeda/hdl/andromeda_wrapper.v
WARNING: [filemgmt 56-443] The ECC Algorithm string is empty. Setting the Memory Map to default ECC value to ECC_NONE.
WARNING: [filemgmt 56-443] The ECC Algorithm string is empty. Setting the Memory Map to default ECC value to ECC_NONE.
WARNING: [filemgmt 56-443] The ECC Algorithm string is empty. Setting the Memory Map to default ECC value to ECC_NONE.
WARNING: [filemgmt 56-443] The ECC Algorithm string is empty. Setting the Memory Map to default ECC value to ECC_NONE.
Exporting to file /home/malik/andromeda_ila/AXI-Dot-Product-Accelerator/Vivado/puzhi/puzhi.gen/sources_1/bd/andromeda/ip/andromeda_ddr4_0_0/bd_0/hw_handoff/andromeda_ddr4_0_0_microblaze_mcs.hwh
Generated Hardware Definition File /home/malik/andromeda_ila/AXI-Dot-Product-Accelerator/Vivado/puzhi/puzhi.gen/sources_1/bd/andromeda/ip/andromeda_ddr4_0_0/bd_0/synth/andromeda_ddr4_0_0_microblaze_mcs.hwdef
INFO: [BD 41-1029] Generation completed for the IP Integrator block ddr4_0 .
WARNING: [IP_Flow 19-4994] Overwriting existing constraint file '/home/malik/andromeda_ila/AXI-Dot-Product-Accelerator/Vivado/puzhi/puzhi.gen/sources_1/bd/andromeda/ip/andromeda_ila_0_0/andromeda_ila_0_0_ooc.xdc'
INFO: [BD 41-1029] Generation completed for the IP Integrator block ila_0 .
INFO: [BD 41-1029] Generation completed for the IP Integrator block util_vector_logic_0 .
INFO: [BD 41-1029] Generation completed for the IP Integrator block microblaze_0 .
WARNING: [IP_Flow 19-4994] Overwriting existing constraint file '/home/malik/andromeda_ila/AXI-Dot-Product-Accelerator/Vivado/puzhi/puzhi.gen/sources_1/bd/andromeda/ip/andromeda_axi_uartlite_0_0/andromeda_axi_uartlite_0_0_ooc.xdc'
INFO: [BD 41-1029] Generation completed for the IP Integrator block axi_uartlite_0 .
INFO: [BD 41-1029] Generation completed for the IP Integrator block sd_controller_wrapper_0 .
WARNING: [IP_Flow 19-4994] Overwriting existing constraint file '/home/malik/andromeda_ila/AXI-Dot-Product-Accelerator/Vivado/puzhi/puzhi.gen/sources_1/bd/andromeda/ip/andromeda_axi_timer_0_0/andromeda_axi_timer_0_0_ooc.xdc'
INFO: [BD 41-1029] Generation completed for the IP Integrator block axi_timer_0 .
INFO: [BD 41-1029] Generation completed for the IP Integrator block microblaze_0_local_memory/dlmb_v10 .
INFO: [BD 41-1029] Generation completed for the IP Integrator block microblaze_0_local_memory/ilmb_v10 .
INFO: [BD 41-1029] Generation completed for the IP Integrator block microblaze_0_local_memory/dlmb_bram_if_cntlr .
INFO: [BD 41-1029] Generation completed for the IP Integrator block microblaze_0_local_memory/ilmb_bram_if_cntlr .
INFO: [BD 41-1029] Generation completed for the IP Integrator block microblaze_0_local_memory/lmb_bram .
INFO: [BD 41-1029] Generation completed for the IP Integrator block rst_ddr4_0_333M .
INFO: [BD 41-1029] Generation completed for the IP Integrator block rst_ddr4_0_100M .
Exporting to file /home/malik/andromeda_ila/AXI-Dot-Product-Accelerator/Vivado/puzhi/puzhi.gen/sources_1/bd/andromeda/ip/andromeda_axi_smc_0/bd_0/hw_handoff/andromeda_axi_smc_0.hwh
Generated Hardware Definition File /home/malik/andromeda_ila/AXI-Dot-Product-Accelerator/Vivado/puzhi/puzhi.gen/sources_1/bd/andromeda/ip/andromeda_axi_smc_0/bd_0/synth/andromeda_axi_smc_0.hwdef
INFO: [BD 41-1029] Generation completed for the IP Integrator block axi_smc .
INFO: [BD 41-1029] Generation completed for the IP Integrator block axi_dpe_0 .
INFO: [BD 41-1029] Generation completed for the IP Integrator block mdm_0 .
WARNING: [IP_Flow 19-4994] Overwriting existing constraint file '/home/malik/andromeda_ila/AXI-Dot-Product-Accelerator/Vivado/puzhi/puzhi.gen/sources_1/bd/andromeda/ip/andromeda_system_ila_0_0/andromeda_system_ila_0_0_ooc.xdc'
Exporting to file /home/malik/andromeda_ila/AXI-Dot-Product-Accelerator/Vivado/puzhi/puzhi.gen/sources_1/bd/andromeda/ip/andromeda_system_ila_0_0/bd_0/hw_handoff/andromeda_system_ila_0_0.hwh
Generated Hardware Definition File /home/malik/andromeda_ila/AXI-Dot-Product-Accelerator/Vivado/puzhi/puzhi.gen/sources_1/bd/andromeda/ip/andromeda_system_ila_0_0/bd_0/synth/andromeda_system_ila_0_0.hwdef
INFO: [BD 41-1029] Generation completed for the IP Integrator block system_ila_0 .
Exporting to file /home/malik/andromeda_ila/AXI-Dot-Product-Accelerator/Vivado/puzhi/puzhi.gen/sources_1/bd/andromeda/hw_handoff/andromeda.hwh
Generated Hardware Definition File /home/malik/andromeda_ila/AXI-Dot-Product-Accelerator/Vivado/puzhi/puzhi.gen/sources_1/bd/andromeda/synth/andromeda.hwdef
generate_target: Time (s): cpu = 00:00:11 ; elapsed = 00:00:11 . Memory (MB): peak = 14164.918 ; gain = 0.000 ; free physical = 86981 ; free virtual = 98218
export_ip_user_files -of_objects [get_files /home/malik/andromeda_ila/AXI-Dot-Product-Accelerator/Vivado/puzhi/puzhi.srcs/sources_1/bd/andromeda/andromeda.bd] -no_script -sync -force -quiet
create_ip_run [get_files -of_objects [get_fileset sources_1] /home/malik/andromeda_ila/AXI-Dot-Product-Accelerator/Vivado/puzhi/puzhi.srcs/sources_1/bd/andromeda/andromeda.bd]
launch_runs andromeda_axi_dpe_0_0_synth_1 andromeda_axi_smc_0_synth_1 andromeda_axi_timer_0_0_synth_1 andromeda_axi_uartlite_0_0_synth_1 andromeda_ddr4_0_0_synth_1 andromeda_dlmb_bram_if_cntlr_0_synth_1 andromeda_dlmb_v10_0_synth_1 andromeda_ila_0_0_synth_1 andromeda_ilmb_bram_if_cntlr_0_synth_1 andromeda_ilmb_v10_0_synth_1 andromeda_lmb_bram_0_synth_1 andromeda_mdm_0_0_synth_1 andromeda_microblaze_0_0_synth_1 andromeda_rst_ddr4_0_100M_0_synth_1 andromeda_rst_ddr4_0_333M_0_synth_1 andromeda_sd_controller_wrapper_0_0_synth_1 andromeda_system_ila_0_0_synth_1 andromeda_util_vector_logic_0_0_synth_1 -jobs 24
INFO: [Vivado 12-4149] The synthesis checkpoint for IP '/home/malik/andromeda_ila/AXI-Dot-Product-Accelerator/Vivado/puzhi/puzhi.srcs/sources_1/ip/floating_point_2/floating_point_2.xci' is already up-to-date
INFO: [Vivado 12-4149] The synthesis checkpoint for IP '/home/malik/andromeda_ila/AXI-Dot-Product-Accelerator/Vivado/puzhi/puzhi.srcs/sources_1/ip/floating_point_1/floating_point_1.xci' is already up-to-date
INFO: [Vivado 12-4149] The synthesis checkpoint for IP '/home/malik/andromeda_ila/AXI-Dot-Product-Accelerator/Vivado/puzhi/puzhi.srcs/sources_1/ip/floating_point_3/floating_point_3.xci' is already up-to-date
INFO: [Vivado 12-4149] The synthesis checkpoint for IP '/home/malik/andromeda_ila/AXI-Dot-Product-Accelerator/Vivado/puzhi/puzhi.srcs/sources_1/ip/floating_point_0/floating_point_0.xci' is already up-to-date
INFO: [Vivado 12-4149] The synthesis checkpoint for IP '/home/malik/andromeda_ila/AXI-Dot-Product-Accelerator/Vivado/puzhi/puzhi.srcs/sources_1/ip/sdp_w4096x2_r4096x2/sdp_w4096x2_r4096x2.xci' is already up-to-date
WARNING: [filemgmt 56-199] Attempt to get parsing info during refresh. "On-the-fly" syntax checking information may be incorrect. [/home/malik/andromeda_ila/AXI-Dot-Product-Accelerator/Vivado/puzhi/puzhi.srcs/sources_1/imports/hdl/dot_product_engine.sv:]
WARNING: [filemgmt 56-199] Attempt to get parsing info during refresh. "On-the-fly" syntax checking information may be incorrect. [/home/malik/andromeda_ila/AXI-Dot-Product-Accelerator/Vivado/puzhi/puzhi.srcs/sources_1/imports/hdl/axi_dpe.v:]
WARNING: [filemgmt 56-199] Attempt to get parsing info during refresh. "On-the-fly" syntax checking information may be incorrect. [/home/malik/andromeda_ila/AXI-Dot-Product-Accelerator/Vivado/puzhi/puzhi.srcs/sources_1/imports/hdl/top_dot_product_engine.sv:]
WARNING: [filemgmt 56-199] Attempt to get parsing info during refresh. "On-the-fly" syntax checking information may be incorrect. [/home/malik/andromeda_ila/AXI-Dot-Product-Accelerator/Vivado/puzhi/puzhi.srcs/sources_1/imports/hdl/axi_dpe.v:]
WARNING: [filemgmt 56-199] Attempt to get parsing info during refresh. "On-the-fly" syntax checking information may be incorrect. [/home/malik/andromeda_ila/AXI-Dot-Product-Accelerator/Vivado/puzhi/puzhi.srcs/sources_1/imports/hdl/axi_dpe.v:]
WARNING: [filemgmt 56-199] Attempt to get parsing info during refresh. "On-the-fly" syntax checking information may be incorrect. [/home/malik/andromeda_ila/AXI-Dot-Product-Accelerator/Vivado/puzhi/puzhi.srcs/sources_1/imports/hdl/dot_product_engine.sv:]
WARNING: [filemgmt 56-199] Attempt to get parsing info during refresh. "On-the-fly" syntax checking information may be incorrect. [/home/malik/andromeda_ila/AXI-Dot-Product-Accelerator/Vivado/puzhi/puzhi.srcs/sources_1/imports/hdl/axi_dpe.v:]
WARNING: [filemgmt 56-199] Attempt to get parsing info during refresh. "On-the-fly" syntax checking information may be incorrect. [/home/malik/andromeda_ila/AXI-Dot-Product-Accelerator/Vivado/puzhi/puzhi.srcs/sources_1/imports/hdl/top_dot_product_engine.sv:]
WARNING: [filemgmt 56-199] Attempt to get parsing info during refresh. "On-the-fly" syntax checking information may be incorrect. [/home/malik/andromeda_ila/AXI-Dot-Product-Accelerator/Vivado/puzhi/puzhi.srcs/sources_1/imports/hdl/top_dot_product_engine.sv:]
WARNING: [filemgmt 56-199] Attempt to get parsing info during refresh. "On-the-fly" syntax checking information may be incorrect. [/home/malik/andromeda_ila/AXI-Dot-Product-Accelerator/Vivado/puzhi/puzhi.srcs/sources_1/imports/hdl/top_dot_product_engine.sv:]
[Wed Jun 11 16:38:31 2025] Launched andromeda_axi_dpe_0_0_synth_1, andromeda_axi_smc_0_synth_1, andromeda_axi_timer_0_0_synth_1, andromeda_axi_uartlite_0_0_synth_1, andromeda_ddr4_0_0_synth_1, andromeda_dlmb_bram_if_cntlr_0_synth_1, andromeda_dlmb_v10_0_synth_1, andromeda_ila_0_0_synth_1, andromeda_ilmb_bram_if_cntlr_0_synth_1, andromeda_ilmb_v10_0_synth_1, andromeda_lmb_bram_0_synth_1, andromeda_mdm_0_0_synth_1, andromeda_microblaze_0_0_synth_1, andromeda_rst_ddr4_0_100M_0_synth_1, andromeda_rst_ddr4_0_333M_0_synth_1, andromeda_sd_controller_wrapper_0_0_synth_1, andromeda_system_ila_0_0_synth_1, andromeda_util_vector_logic_0_0_synth_1...
Run output will be captured here:
andromeda_axi_dpe_0_0_synth_1: /home/malik/andromeda_ila/AXI-Dot-Product-Accelerator/Vivado/puzhi/puzhi.runs/andromeda_axi_dpe_0_0_synth_1/runme.log
andromeda_axi_smc_0_synth_1: /home/malik/andromeda_ila/AXI-Dot-Product-Accelerator/Vivado/puzhi/puzhi.runs/andromeda_axi_smc_0_synth_1/runme.log
andromeda_axi_timer_0_0_synth_1: /home/malik/andromeda_ila/AXI-Dot-Product-Accelerator/Vivado/puzhi/puzhi.runs/andromeda_axi_timer_0_0_synth_1/runme.log
andromeda_axi_uartlite_0_0_synth_1: /home/malik/andromeda_ila/AXI-Dot-Product-Accelerator/Vivado/puzhi/puzhi.runs/andromeda_axi_uartlite_0_0_synth_1/runme.log
andromeda_ddr4_0_0_synth_1: /home/malik/andromeda_ila/AXI-Dot-Product-Accelerator/Vivado/puzhi/puzhi.runs/andromeda_ddr4_0_0_synth_1/runme.log
andromeda_dlmb_bram_if_cntlr_0_synth_1: /home/malik/andromeda_ila/AXI-Dot-Product-Accelerator/Vivado/puzhi/puzhi.runs/andromeda_dlmb_bram_if_cntlr_0_synth_1/runme.log
andromeda_dlmb_v10_0_synth_1: /home/malik/andromeda_ila/AXI-Dot-Product-Accelerator/Vivado/puzhi/puzhi.runs/andromeda_dlmb_v10_0_synth_1/runme.log
andromeda_ila_0_0_synth_1: /home/malik/andromeda_ila/AXI-Dot-Product-Accelerator/Vivado/puzhi/puzhi.runs/andromeda_ila_0_0_synth_1/runme.log
andromeda_ilmb_bram_if_cntlr_0_synth_1: /home/malik/andromeda_ila/AXI-Dot-Product-Accelerator/Vivado/puzhi/puzhi.runs/andromeda_ilmb_bram_if_cntlr_0_synth_1/runme.log
andromeda_ilmb_v10_0_synth_1: /home/malik/andromeda_ila/AXI-Dot-Product-Accelerator/Vivado/puzhi/puzhi.runs/andromeda_ilmb_v10_0_synth_1/runme.log
andromeda_lmb_bram_0_synth_1: /home/malik/andromeda_ila/AXI-Dot-Product-Accelerator/Vivado/puzhi/puzhi.runs/andromeda_lmb_bram_0_synth_1/runme.log
andromeda_mdm_0_0_synth_1: /home/malik/andromeda_ila/AXI-Dot-Product-Accelerator/Vivado/puzhi/puzhi.runs/andromeda_mdm_0_0_synth_1/runme.log
andromeda_microblaze_0_0_synth_1: /home/malik/andromeda_ila/AXI-Dot-Product-Accelerator/Vivado/puzhi/puzhi.runs/andromeda_microblaze_0_0_synth_1/runme.log
andromeda_rst_ddr4_0_100M_0_synth_1: /home/malik/andromeda_ila/AXI-Dot-Product-Accelerator/Vivado/puzhi/puzhi.runs/andromeda_rst_ddr4_0_100M_0_synth_1/runme.log
andromeda_rst_ddr4_0_333M_0_synth_1: /home/malik/andromeda_ila/AXI-Dot-Product-Accelerator/Vivado/puzhi/puzhi.runs/andromeda_rst_ddr4_0_333M_0_synth_1/runme.log
andromeda_sd_controller_wrapper_0_0_synth_1: /home/malik/andromeda_ila/AXI-Dot-Product-Accelerator/Vivado/puzhi/puzhi.runs/andromeda_sd_controller_wrapper_0_0_synth_1/runme.log
andromeda_system_ila_0_0_synth_1: /home/malik/andromeda_ila/AXI-Dot-Product-Accelerator/Vivado/puzhi/puzhi.runs/andromeda_system_ila_0_0_synth_1/runme.log
andromeda_util_vector_logic_0_0_synth_1: /home/malik/andromeda_ila/AXI-Dot-Product-Accelerator/Vivado/puzhi/puzhi.runs/andromeda_util_vector_logic_0_0_synth_1/runme.log
export_simulation -lib_map_path [list {modelsim=/home/malik/andromeda_ila/AXI-Dot-Product-Accelerator/Vivado/puzhi/puzhi.cache/compile_simlib/modelsim} {questa=/home/malik/andromeda_ila/AXI-Dot-Product-Accelerator/Vivado/puzhi/puzhi.cache/compile_simlib/questa} {xcelium=/home/malik/andromeda_ila/AXI-Dot-Product-Accelerator/Vivado/puzhi/puzhi.cache/compile_simlib/xcelium} {vcs=/home/malik/andromeda_ila/AXI-Dot-Product-Accelerator/Vivado/puzhi/puzhi.cache/compile_simlib/vcs} {riviera=/home/malik/andromeda_ila/AXI-Dot-Product-Accelerator/Vivado/puzhi/puzhi.cache/compile_simlib/riviera}] -of_objects [get_files /home/malik/andromeda_ila/AXI-Dot-Product-Accelerator/Vivado/puzhi/puzhi.srcs/sources_1/bd/andromeda/andromeda.bd] -directory /home/malik/andromeda_ila/AXI-Dot-Product-Accelerator/Vivado/puzhi/andromeda.ip_user_files/sim_scripts -ip_user_files_dir /home/malik/andromeda_ila/AXI-Dot-Product-Accelerator/Vivado/puzhi/andromeda.ip_user_files -ipstatic_source_dir /home/malik/andromeda_ila/AXI-Dot-Product-Accelerator/Vivado/puzhi/puzhi.ip_user_files/ipstatic -use_ip_compiled_libs -force -quiet
