
*** Running vivado
    with args -log andromeda_axi_smc_0.vds -m64 -product Vivado -mode batch -messageDb vivado.pb -notrace -source andromeda_axi_smc_0.tcl


****** Vivado v2024.2 (64-bit)
  **** SW Build 5239630 on Fri Nov 08 22:34:34 MST 2024
  **** IP Build 5239520 on Sun Nov 10 16:12:51 MST 2024
  **** SharedData Build 5239561 on Fri Nov 08 14:39:27 MST 2024
  **** Start of session at: Wed Jun 11 19:48:50 2025
    ** Copyright 1986-2022 Xilinx, Inc. All Rights Reserved.
    ** Copyright 2022-2024 Advanced Micro Devices, Inc. All Rights Reserved.

source andromeda_axi_smc_0.tcl -notrace
Command: synth_design -top andromeda_axi_smc_0 -part xcku5p-ffvb676-2-i -incremental_mode off -mode out_of_context
Starting synth_design
Attempting to get a license for feature 'Synthesis' and/or device 'xcku5p'
INFO: [Common 17-349] Got license for feature 'Synthesis' and/or device 'xcku5p'
INFO: [Device 21-403] Loading part xcku5p-ffvb676-2-i
INFO: [Synth 8-7079] Multithreading enabled for synth_design using a maximum of 7 processes.
INFO: [Synth 8-7078] Launching helper process for spawning children vivado processes
INFO: [Synth 8-7075] Helper process launched with PID 98396
---------------------------------------------------------------------------------
Starting RTL Elaboration : Time (s): cpu = 00:00:02 ; elapsed = 00:00:03 . Memory (MB): peak = 2753.973 ; gain = 156.859 ; free physical = 47787 ; free virtual = 59190
---------------------------------------------------------------------------------
WARNING: [Synth 8-10507] attribute 'X_INTERFACE_MODE' is already specified; last one will take precedence [/home/malik/andromeda_ila/AXI-Dot-Product-Accelerator/Vivado/puzhi/puzhi.gen/sources_1/bd/andromeda/ip/andromeda_axi_smc_0/bd_0/ip/ip_4/synth/bd_98e1_arsw_0.sv:83]
WARNING: [Synth 8-10507] attribute 'X_INTERFACE_PARAMETER' is already specified; last one will take precedence [/home/malik/andromeda_ila/AXI-Dot-Product-Accelerator/Vivado/puzhi/puzhi.gen/sources_1/bd/andromeda/ip/andromeda_axi_smc_0/bd_0/ip/ip_4/synth/bd_98e1_arsw_0.sv:84]
WARNING: [Synth 8-10507] attribute 'X_INTERFACE_MODE' is already specified; last one will take precedence [/home/malik/andromeda_ila/AXI-Dot-Product-Accelerator/Vivado/puzhi/puzhi.gen/sources_1/bd/andromeda/ip/andromeda_axi_smc_0/bd_0/ip/ip_4/synth/bd_98e1_arsw_0.sv:85]
WARNING: [Synth 8-10507] attribute 'X_INTERFACE_PARAMETER' is already specified; last one will take precedence [/home/malik/andromeda_ila/AXI-Dot-Product-Accelerator/Vivado/puzhi/puzhi.gen/sources_1/bd/andromeda/ip/andromeda_axi_smc_0/bd_0/ip/ip_4/synth/bd_98e1_arsw_0.sv:86]
WARNING: [Synth 8-10507] attribute 'X_INTERFACE_MODE' is already specified; last one will take precedence [/home/malik/andromeda_ila/AXI-Dot-Product-Accelerator/Vivado/puzhi/puzhi.gen/sources_1/bd/andromeda/ip/andromeda_axi_smc_0/bd_0/ip/ip_4/synth/bd_98e1_arsw_0.sv:98]
WARNING: [Synth 8-10507] attribute 'X_INTERFACE_MODE' is already specified; last one will take precedence [/home/malik/andromeda_ila/AXI-Dot-Product-Accelerator/Vivado/puzhi/puzhi.gen/sources_1/bd/andromeda/ip/andromeda_axi_smc_0/bd_0/ip/ip_4/synth/bd_98e1_arsw_0.sv:99]
WARNING: [Synth 8-10507] attribute 'X_INTERFACE_MODE' is already specified; last one will take precedence [/home/malik/andromeda_ila/AXI-Dot-Product-Accelerator/Vivado/puzhi/puzhi.gen/sources_1/bd/andromeda/ip/andromeda_axi_smc_0/bd_0/ip/ip_4/synth/bd_98e1_arsw_0.sv:100]
WARNING: [Synth 8-10507] attribute 'X_INTERFACE_MODE' is already specified; last one will take precedence [/home/malik/andromeda_ila/AXI-Dot-Product-Accelerator/Vivado/puzhi/puzhi.gen/sources_1/bd/andromeda/ip/andromeda_axi_smc_0/bd_0/ip/ip_4/synth/bd_98e1_arsw_0.sv:101]
WARNING: [Synth 8-10507] attribute 'X_INTERFACE_MODE' is already specified; last one will take precedence [/home/malik/andromeda_ila/AXI-Dot-Product-Accelerator/Vivado/puzhi/puzhi.gen/sources_1/bd/andromeda/ip/andromeda_axi_smc_0/bd_0/ip/ip_5/synth/bd_98e1_rsw_0.sv:83]
WARNING: [Synth 8-10507] attribute 'X_INTERFACE_PARAMETER' is already specified; last one will take precedence [/home/malik/andromeda_ila/AXI-Dot-Product-Accelerator/Vivado/puzhi/puzhi.gen/sources_1/bd/andromeda/ip/andromeda_axi_smc_0/bd_0/ip/ip_5/synth/bd_98e1_rsw_0.sv:84]
WARNING: [Synth 8-10507] attribute 'X_INTERFACE_MODE' is already specified; last one will take precedence [/home/malik/andromeda_ila/AXI-Dot-Product-Accelerator/Vivado/puzhi/puzhi.gen/sources_1/bd/andromeda/ip/andromeda_axi_smc_0/bd_0/ip/ip_5/synth/bd_98e1_rsw_0.sv:85]
WARNING: [Synth 8-10507] attribute 'X_INTERFACE_PARAMETER' is already specified; last one will take precedence [/home/malik/andromeda_ila/AXI-Dot-Product-Accelerator/Vivado/puzhi/puzhi.gen/sources_1/bd/andromeda/ip/andromeda_axi_smc_0/bd_0/ip/ip_5/synth/bd_98e1_rsw_0.sv:86]
WARNING: [Synth 8-10507] attribute 'X_INTERFACE_MODE' is already specified; last one will take precedence [/home/malik/andromeda_ila/AXI-Dot-Product-Accelerator/Vivado/puzhi/puzhi.gen/sources_1/bd/andromeda/ip/andromeda_axi_smc_0/bd_0/ip/ip_5/synth/bd_98e1_rsw_0.sv:87]
WARNING: [Synth 8-10507] attribute 'X_INTERFACE_PARAMETER' is already specified; last one will take precedence [/home/malik/andromeda_ila/AXI-Dot-Product-Accelerator/Vivado/puzhi/puzhi.gen/sources_1/bd/andromeda/ip/andromeda_axi_smc_0/bd_0/ip/ip_5/synth/bd_98e1_rsw_0.sv:88]
WARNING: [Synth 8-10507] attribute 'X_INTERFACE_MODE' is already specified; last one will take precedence [/home/malik/andromeda_ila/AXI-Dot-Product-Accelerator/Vivado/puzhi/puzhi.gen/sources_1/bd/andromeda/ip/andromeda_axi_smc_0/bd_0/ip/ip_5/synth/bd_98e1_rsw_0.sv:89]
WARNING: [Synth 8-10507] attribute 'X_INTERFACE_PARAMETER' is already specified; last one will take precedence [/home/malik/andromeda_ila/AXI-Dot-Product-Accelerator/Vivado/puzhi/puzhi.gen/sources_1/bd/andromeda/ip/andromeda_axi_smc_0/bd_0/ip/ip_5/synth/bd_98e1_rsw_0.sv:90]
WARNING: [Synth 8-10507] attribute 'X_INTERFACE_MODE' is already specified; last one will take precedence [/home/malik/andromeda_ila/AXI-Dot-Product-Accelerator/Vivado/puzhi/puzhi.gen/sources_1/bd/andromeda/ip/andromeda_axi_smc_0/bd_0/ip/ip_5/synth/bd_98e1_rsw_0.sv:102]
WARNING: [Synth 8-10507] attribute 'X_INTERFACE_MODE' is already specified; last one will take precedence [/home/malik/andromeda_ila/AXI-Dot-Product-Accelerator/Vivado/puzhi/puzhi.gen/sources_1/bd/andromeda/ip/andromeda_axi_smc_0/bd_0/ip/ip_5/synth/bd_98e1_rsw_0.sv:103]
WARNING: [Synth 8-10507] attribute 'X_INTERFACE_MODE' is already specified; last one will take precedence [/home/malik/andromeda_ila/AXI-Dot-Product-Accelerator/Vivado/puzhi/puzhi.gen/sources_1/bd/andromeda/ip/andromeda_axi_smc_0/bd_0/ip/ip_6/synth/bd_98e1_awsw_0.sv:83]
WARNING: [Synth 8-10507] attribute 'X_INTERFACE_PARAMETER' is already specified; last one will take precedence [/home/malik/andromeda_ila/AXI-Dot-Product-Accelerator/Vivado/puzhi/puzhi.gen/sources_1/bd/andromeda/ip/andromeda_axi_smc_0/bd_0/ip/ip_6/synth/bd_98e1_awsw_0.sv:84]
WARNING: [Synth 8-10507] attribute 'X_INTERFACE_MODE' is already specified; last one will take precedence [/home/malik/andromeda_ila/AXI-Dot-Product-Accelerator/Vivado/puzhi/puzhi.gen/sources_1/bd/andromeda/ip/andromeda_axi_smc_0/bd_0/ip/ip_6/synth/bd_98e1_awsw_0.sv:85]
WARNING: [Synth 8-10507] attribute 'X_INTERFACE_PARAMETER' is already specified; last one will take precedence [/home/malik/andromeda_ila/AXI-Dot-Product-Accelerator/Vivado/puzhi/puzhi.gen/sources_1/bd/andromeda/ip/andromeda_axi_smc_0/bd_0/ip/ip_6/synth/bd_98e1_awsw_0.sv:86]
WARNING: [Synth 8-10507] attribute 'X_INTERFACE_MODE' is already specified; last one will take precedence [/home/malik/andromeda_ila/AXI-Dot-Product-Accelerator/Vivado/puzhi/puzhi.gen/sources_1/bd/andromeda/ip/andromeda_axi_smc_0/bd_0/ip/ip_6/synth/bd_98e1_awsw_0.sv:98]
WARNING: [Synth 8-10507] attribute 'X_INTERFACE_MODE' is already specified; last one will take precedence [/home/malik/andromeda_ila/AXI-Dot-Product-Accelerator/Vivado/puzhi/puzhi.gen/sources_1/bd/andromeda/ip/andromeda_axi_smc_0/bd_0/ip/ip_6/synth/bd_98e1_awsw_0.sv:99]
WARNING: [Synth 8-10507] attribute 'X_INTERFACE_MODE' is already specified; last one will take precedence [/home/malik/andromeda_ila/AXI-Dot-Product-Accelerator/Vivado/puzhi/puzhi.gen/sources_1/bd/andromeda/ip/andromeda_axi_smc_0/bd_0/ip/ip_6/synth/bd_98e1_awsw_0.sv:100]
WARNING: [Synth 8-10507] attribute 'X_INTERFACE_MODE' is already specified; last one will take precedence [/home/malik/andromeda_ila/AXI-Dot-Product-Accelerator/Vivado/puzhi/puzhi.gen/sources_1/bd/andromeda/ip/andromeda_axi_smc_0/bd_0/ip/ip_6/synth/bd_98e1_awsw_0.sv:101]
WARNING: [Synth 8-10507] attribute 'X_INTERFACE_MODE' is already specified; last one will take precedence [/home/malik/andromeda_ila/AXI-Dot-Product-Accelerator/Vivado/puzhi/puzhi.gen/sources_1/bd/andromeda/ip/andromeda_axi_smc_0/bd_0/ip/ip_7/synth/bd_98e1_wsw_0.sv:83]
WARNING: [Synth 8-10507] attribute 'X_INTERFACE_PARAMETER' is already specified; last one will take precedence [/home/malik/andromeda_ila/AXI-Dot-Product-Accelerator/Vivado/puzhi/puzhi.gen/sources_1/bd/andromeda/ip/andromeda_axi_smc_0/bd_0/ip/ip_7/synth/bd_98e1_wsw_0.sv:84]
WARNING: [Synth 8-10507] attribute 'X_INTERFACE_MODE' is already specified; last one will take precedence [/home/malik/andromeda_ila/AXI-Dot-Product-Accelerator/Vivado/puzhi/puzhi.gen/sources_1/bd/andromeda/ip/andromeda_axi_smc_0/bd_0/ip/ip_7/synth/bd_98e1_wsw_0.sv:85]
WARNING: [Synth 8-10507] attribute 'X_INTERFACE_PARAMETER' is already specified; last one will take precedence [/home/malik/andromeda_ila/AXI-Dot-Product-Accelerator/Vivado/puzhi/puzhi.gen/sources_1/bd/andromeda/ip/andromeda_axi_smc_0/bd_0/ip/ip_7/synth/bd_98e1_wsw_0.sv:86]
WARNING: [Synth 8-10507] attribute 'X_INTERFACE_MODE' is already specified; last one will take precedence [/home/malik/andromeda_ila/AXI-Dot-Product-Accelerator/Vivado/puzhi/puzhi.gen/sources_1/bd/andromeda/ip/andromeda_axi_smc_0/bd_0/ip/ip_7/synth/bd_98e1_wsw_0.sv:98]
WARNING: [Synth 8-10507] attribute 'X_INTERFACE_MODE' is already specified; last one will take precedence [/home/malik/andromeda_ila/AXI-Dot-Product-Accelerator/Vivado/puzhi/puzhi.gen/sources_1/bd/andromeda/ip/andromeda_axi_smc_0/bd_0/ip/ip_7/synth/bd_98e1_wsw_0.sv:99]
WARNING: [Synth 8-10507] attribute 'X_INTERFACE_MODE' is already specified; last one will take precedence [/home/malik/andromeda_ila/AXI-Dot-Product-Accelerator/Vivado/puzhi/puzhi.gen/sources_1/bd/andromeda/ip/andromeda_axi_smc_0/bd_0/ip/ip_7/synth/bd_98e1_wsw_0.sv:100]
WARNING: [Synth 8-10507] attribute 'X_INTERFACE_MODE' is already specified; last one will take precedence [/home/malik/andromeda_ila/AXI-Dot-Product-Accelerator/Vivado/puzhi/puzhi.gen/sources_1/bd/andromeda/ip/andromeda_axi_smc_0/bd_0/ip/ip_7/synth/bd_98e1_wsw_0.sv:101]
WARNING: [Synth 8-10507] attribute 'X_INTERFACE_MODE' is already specified; last one will take precedence [/home/malik/andromeda_ila/AXI-Dot-Product-Accelerator/Vivado/puzhi/puzhi.gen/sources_1/bd/andromeda/ip/andromeda_axi_smc_0/bd_0/ip/ip_8/synth/bd_98e1_bsw_0.sv:83]
WARNING: [Synth 8-10507] attribute 'X_INTERFACE_PARAMETER' is already specified; last one will take precedence [/home/malik/andromeda_ila/AXI-Dot-Product-Accelerator/Vivado/puzhi/puzhi.gen/sources_1/bd/andromeda/ip/andromeda_axi_smc_0/bd_0/ip/ip_8/synth/bd_98e1_bsw_0.sv:84]
WARNING: [Synth 8-10507] attribute 'X_INTERFACE_MODE' is already specified; last one will take precedence [/home/malik/andromeda_ila/AXI-Dot-Product-Accelerator/Vivado/puzhi/puzhi.gen/sources_1/bd/andromeda/ip/andromeda_axi_smc_0/bd_0/ip/ip_8/synth/bd_98e1_bsw_0.sv:85]
WARNING: [Synth 8-10507] attribute 'X_INTERFACE_PARAMETER' is already specified; last one will take precedence [/home/malik/andromeda_ila/AXI-Dot-Product-Accelerator/Vivado/puzhi/puzhi.gen/sources_1/bd/andromeda/ip/andromeda_axi_smc_0/bd_0/ip/ip_8/synth/bd_98e1_bsw_0.sv:86]
WARNING: [Synth 8-10507] attribute 'X_INTERFACE_MODE' is already specified; last one will take precedence [/home/malik/andromeda_ila/AXI-Dot-Product-Accelerator/Vivado/puzhi/puzhi.gen/sources_1/bd/andromeda/ip/andromeda_axi_smc_0/bd_0/ip/ip_8/synth/bd_98e1_bsw_0.sv:87]
WARNING: [Synth 8-10507] attribute 'X_INTERFACE_PARAMETER' is already specified; last one will take precedence [/home/malik/andromeda_ila/AXI-Dot-Product-Accelerator/Vivado/puzhi/puzhi.gen/sources_1/bd/andromeda/ip/andromeda_axi_smc_0/bd_0/ip/ip_8/synth/bd_98e1_bsw_0.sv:88]
WARNING: [Synth 8-10507] attribute 'X_INTERFACE_MODE' is already specified; last one will take precedence [/home/malik/andromeda_ila/AXI-Dot-Product-Accelerator/Vivado/puzhi/puzhi.gen/sources_1/bd/andromeda/ip/andromeda_axi_smc_0/bd_0/ip/ip_8/synth/bd_98e1_bsw_0.sv:89]
WARNING: [Synth 8-10507] attribute 'X_INTERFACE_PARAMETER' is already specified; last one will take precedence [/home/malik/andromeda_ila/AXI-Dot-Product-Accelerator/Vivado/puzhi/puzhi.gen/sources_1/bd/andromeda/ip/andromeda_axi_smc_0/bd_0/ip/ip_8/synth/bd_98e1_bsw_0.sv:90]
WARNING: [Synth 8-10507] attribute 'X_INTERFACE_MODE' is already specified; last one will take precedence [/home/malik/andromeda_ila/AXI-Dot-Product-Accelerator/Vivado/puzhi/puzhi.gen/sources_1/bd/andromeda/ip/andromeda_axi_smc_0/bd_0/ip/ip_8/synth/bd_98e1_bsw_0.sv:102]
WARNING: [Synth 8-10507] attribute 'X_INTERFACE_MODE' is already specified; last one will take precedence [/home/malik/andromeda_ila/AXI-Dot-Product-Accelerator/Vivado/puzhi/puzhi.gen/sources_1/bd/andromeda/ip/andromeda_axi_smc_0/bd_0/ip/ip_8/synth/bd_98e1_bsw_0.sv:103]
INFO: [Synth 8-6157] synthesizing module 'andromeda_axi_smc_0' [/home/malik/andromeda_ila/AXI-Dot-Product-Accelerator/Vivado/puzhi/puzhi.gen/sources_1/bd/andromeda/ip/andromeda_axi_smc_0/synth/andromeda_axi_smc_0.v:53]
INFO: [Synth 8-6157] synthesizing module 'bd_98e1' [/home/malik/andromeda_ila/AXI-Dot-Product-Accelerator/Vivado/puzhi/puzhi.gen/sources_1/bd/andromeda/ip/andromeda_axi_smc_0/bd_0/synth/bd_98e1.v:10]
INFO: [Synth 8-6157] synthesizing module 'clk_map_imp_1IV4UCH' [/home/malik/andromeda_ila/AXI-Dot-Product-Accelerator/Vivado/puzhi/puzhi.gen/sources_1/bd/andromeda/ip/andromeda_axi_smc_0/bd_0/synth/bd_98e1.v:2872]
INFO: [Synth 8-6157] synthesizing module 'bd_98e1_one_0' [/home/malik/andromeda_ila/AXI-Dot-Product-Accelerator/Vivado/puzhi/puzhi.gen/sources_1/bd/andromeda/ip/andromeda_axi_smc_0/bd_0/ip/ip_0/synth/bd_98e1_one_0.v:53]
INFO: [Synth 8-6157] synthesizing module 'xlconstant_v1_1_9_xlconstant' [/home/malik/andromeda_ila/AXI-Dot-Product-Accelerator/Vivado/puzhi/puzhi.gen/sources_1/bd/andromeda/ipshared/e2d2/hdl/xlconstant_v1_1_vl_rfs.v:68]
INFO: [Synth 8-6155] done synthesizing module 'xlconstant_v1_1_9_xlconstant' (0#1) [/home/malik/andromeda_ila/AXI-Dot-Product-Accelerator/Vivado/puzhi/puzhi.gen/sources_1/bd/andromeda/ipshared/e2d2/hdl/xlconstant_v1_1_vl_rfs.v:68]
INFO: [Synth 8-6155] done synthesizing module 'bd_98e1_one_0' (0#1) [/home/malik/andromeda_ila/AXI-Dot-Product-Accelerator/Vivado/puzhi/puzhi.gen/sources_1/bd/andromeda/ip/andromeda_axi_smc_0/bd_0/ip/ip_0/synth/bd_98e1_one_0.v:53]
INFO: [Synth 8-638] synthesizing module 'bd_98e1_psr0_0' [/home/malik/andromeda_ila/AXI-Dot-Product-Accelerator/Vivado/puzhi/puzhi.gen/sources_1/bd/andromeda/ip/andromeda_axi_smc_0/bd_0/ip/ip_1/synth/bd_98e1_psr0_0.vhd:74]
	Parameter C_FAMILY bound to: kintexuplus - type: string 
	Parameter C_EXT_RST_WIDTH bound to: 4 - type: integer 
	Parameter C_AUX_RST_WIDTH bound to: 1 - type: integer 
	Parameter C_EXT_RESET_HIGH bound to: 1'b0 
	Parameter C_AUX_RESET_HIGH bound to: 1'b0 
	Parameter C_NUM_BUS_RST bound to: 1 - type: integer 
	Parameter C_NUM_PERP_RST bound to: 1 - type: integer 
	Parameter C_NUM_INTERCONNECT_ARESETN bound to: 1 - type: integer 
	Parameter C_NUM_PERP_ARESETN bound to: 1 - type: integer 
INFO: [Synth 8-3491] module 'proc_sys_reset' declared at '/home/malik/andromeda_ila/AXI-Dot-Product-Accelerator/Vivado/puzhi/puzhi.gen/sources_1/bd/andromeda/ipshared/0831/hdl/proc_sys_reset_v5_0_vh_rfs.vhd:1271' bound to instance 'U0' of component 'proc_sys_reset' [/home/malik/andromeda_ila/AXI-Dot-Product-Accelerator/Vivado/puzhi/puzhi.gen/sources_1/bd/andromeda/ip/andromeda_axi_smc_0/bd_0/ip/ip_1/synth/bd_98e1_psr0_0.vhd:139]
INFO: [Synth 8-638] synthesizing module 'proc_sys_reset' [/home/malik/andromeda_ila/AXI-Dot-Product-Accelerator/Vivado/puzhi/puzhi.gen/sources_1/bd/andromeda/ipshared/0831/hdl/proc_sys_reset_v5_0_vh_rfs.vhd:1330]
	Parameter INIT bound to: 1'b1 
INFO: [Synth 8-113] binding component instance 'FDRE_inst' to cell 'FDRE' [/home/malik/andromeda_ila/AXI-Dot-Product-Accelerator/Vivado/puzhi/puzhi.gen/sources_1/bd/andromeda/ipshared/0831/hdl/proc_sys_reset_v5_0_vh_rfs.vhd:1399]
	Parameter INIT bound to: 1'b1 
INFO: [Synth 8-113] binding component instance 'FDRE_BSR' to cell 'FDRE' [/home/malik/andromeda_ila/AXI-Dot-Product-Accelerator/Vivado/puzhi/puzhi.gen/sources_1/bd/andromeda/ipshared/0831/hdl/proc_sys_reset_v5_0_vh_rfs.vhd:1415]
	Parameter INIT bound to: 1'b0 
INFO: [Synth 8-113] binding component instance 'FDRE_BSR_N' to cell 'FDRE' [/home/malik/andromeda_ila/AXI-Dot-Product-Accelerator/Vivado/puzhi/puzhi.gen/sources_1/bd/andromeda/ipshared/0831/hdl/proc_sys_reset_v5_0_vh_rfs.vhd:1441]
	Parameter INIT bound to: 1'b1 
INFO: [Synth 8-113] binding component instance 'FDRE_PER' to cell 'FDRE' [/home/malik/andromeda_ila/AXI-Dot-Product-Accelerator/Vivado/puzhi/puzhi.gen/sources_1/bd/andromeda/ipshared/0831/hdl/proc_sys_reset_v5_0_vh_rfs.vhd:1464]
	Parameter INIT bound to: 1'b0 
INFO: [Synth 8-113] binding component instance 'FDRE_PER_N' to cell 'FDRE' [/home/malik/andromeda_ila/AXI-Dot-Product-Accelerator/Vivado/puzhi/puzhi.gen/sources_1/bd/andromeda/ipshared/0831/hdl/proc_sys_reset_v5_0_vh_rfs.vhd:1488]
INFO: [Synth 8-638] synthesizing module 'lpf' [/home/malik/andromeda_ila/AXI-Dot-Product-Accelerator/Vivado/puzhi/puzhi.gen/sources_1/bd/andromeda/ipshared/0831/hdl/proc_sys_reset_v5_0_vh_rfs.vhd:821]
INFO: [Synth 8-3491] module 'SRL16' declared at '/opt/tools/Xilinx/Vivado/2024.2/scripts/rt/data/unisim_comp.v:149029' bound to instance 'POR_SRL_I' of component 'SRL16' [/home/malik/andromeda_ila/AXI-Dot-Product-Accelerator/Vivado/puzhi/puzhi.gen/sources_1/bd/andromeda/ipshared/0831/hdl/proc_sys_reset_v5_0_vh_rfs.vhd:873]
INFO: [Synth 8-6157] synthesizing module 'SRL16' [/opt/tools/Xilinx/Vivado/2024.2/scripts/rt/data/unisim_comp.v:149029]
INFO: [Synth 8-6155] done synthesizing module 'SRL16' (0#1) [/opt/tools/Xilinx/Vivado/2024.2/scripts/rt/data/unisim_comp.v:149029]
INFO: [Synth 8-638] synthesizing module 'cdc_sync' [/home/malik/andromeda_ila/AXI-Dot-Product-Accelerator/Vivado/puzhi/puzhi.gen/sources_1/bd/andromeda/ipshared/2a4f/hdl/lib_cdc_v1_0_rfs.vhd:106]
	Parameter INIT bound to: 1'b0 
INFO: [Synth 8-113] binding component instance 'CROSS_PLEVEL_IN2SCNDRY_IN_cdc_to' to cell 'FDR' [/home/malik/andromeda_ila/AXI-Dot-Product-Accelerator/Vivado/puzhi/puzhi.gen/sources_1/bd/andromeda/ipshared/2a4f/hdl/lib_cdc_v1_0_rfs.vhd:514]
	Parameter INIT bound to: 1'b0 
INFO: [Synth 8-113] binding component instance 'CROSS_PLEVEL_IN2SCNDRY_s_level_out_d2' to cell 'FDR' [/home/malik/andromeda_ila/AXI-Dot-Product-Accelerator/Vivado/puzhi/puzhi.gen/sources_1/bd/andromeda/ipshared/2a4f/hdl/lib_cdc_v1_0_rfs.vhd:545]
	Parameter INIT bound to: 1'b0 
INFO: [Synth 8-113] binding component instance 'CROSS_PLEVEL_IN2SCNDRY_s_level_out_d3' to cell 'FDR' [/home/malik/andromeda_ila/AXI-Dot-Product-Accelerator/Vivado/puzhi/puzhi.gen/sources_1/bd/andromeda/ipshared/2a4f/hdl/lib_cdc_v1_0_rfs.vhd:554]
	Parameter INIT bound to: 1'b0 
INFO: [Synth 8-113] binding component instance 'CROSS_PLEVEL_IN2SCNDRY_s_level_out_d4' to cell 'FDR' [/home/malik/andromeda_ila/AXI-Dot-Product-Accelerator/Vivado/puzhi/puzhi.gen/sources_1/bd/andromeda/ipshared/2a4f/hdl/lib_cdc_v1_0_rfs.vhd:564]
	Parameter INIT bound to: 1'b0 
INFO: [Synth 8-113] binding component instance 'CROSS_PLEVEL_IN2SCNDRY_s_level_out_d5' to cell 'FDR' [/home/malik/andromeda_ila/AXI-Dot-Product-Accelerator/Vivado/puzhi/puzhi.gen/sources_1/bd/andromeda/ipshared/2a4f/hdl/lib_cdc_v1_0_rfs.vhd:574]
	Parameter INIT bound to: 1'b0 
INFO: [Synth 8-113] binding component instance 'CROSS_PLEVEL_IN2SCNDRY_s_level_out_d6' to cell 'FDR' [/home/malik/andromeda_ila/AXI-Dot-Product-Accelerator/Vivado/puzhi/puzhi.gen/sources_1/bd/andromeda/ipshared/2a4f/hdl/lib_cdc_v1_0_rfs.vhd:584]
INFO: [Synth 8-256] done synthesizing module 'cdc_sync' (0#1) [/home/malik/andromeda_ila/AXI-Dot-Product-Accelerator/Vivado/puzhi/puzhi.gen/sources_1/bd/andromeda/ipshared/2a4f/hdl/lib_cdc_v1_0_rfs.vhd:106]
INFO: [Synth 8-256] done synthesizing module 'lpf' (0#1) [/home/malik/andromeda_ila/AXI-Dot-Product-Accelerator/Vivado/puzhi/puzhi.gen/sources_1/bd/andromeda/ipshared/0831/hdl/proc_sys_reset_v5_0_vh_rfs.vhd:821]
INFO: [Synth 8-638] synthesizing module 'sequence_psr' [/home/malik/andromeda_ila/AXI-Dot-Product-Accelerator/Vivado/puzhi/puzhi.gen/sources_1/bd/andromeda/ipshared/0831/hdl/proc_sys_reset_v5_0_vh_rfs.vhd:304]
INFO: [Synth 8-638] synthesizing module 'upcnt_n' [/home/malik/andromeda_ila/AXI-Dot-Product-Accelerator/Vivado/puzhi/puzhi.gen/sources_1/bd/andromeda/ipshared/0831/hdl/proc_sys_reset_v5_0_vh_rfs.vhd:126]
INFO: [Synth 8-256] done synthesizing module 'upcnt_n' (0#1) [/home/malik/andromeda_ila/AXI-Dot-Product-Accelerator/Vivado/puzhi/puzhi.gen/sources_1/bd/andromeda/ipshared/0831/hdl/proc_sys_reset_v5_0_vh_rfs.vhd:126]
INFO: [Synth 8-256] done synthesizing module 'sequence_psr' (0#1) [/home/malik/andromeda_ila/AXI-Dot-Product-Accelerator/Vivado/puzhi/puzhi.gen/sources_1/bd/andromeda/ipshared/0831/hdl/proc_sys_reset_v5_0_vh_rfs.vhd:304]
INFO: [Synth 8-256] done synthesizing module 'proc_sys_reset' (0#1) [/home/malik/andromeda_ila/AXI-Dot-Product-Accelerator/Vivado/puzhi/puzhi.gen/sources_1/bd/andromeda/ipshared/0831/hdl/proc_sys_reset_v5_0_vh_rfs.vhd:1330]
INFO: [Synth 8-256] done synthesizing module 'bd_98e1_psr0_0' (0#1) [/home/malik/andromeda_ila/AXI-Dot-Product-Accelerator/Vivado/puzhi/puzhi.gen/sources_1/bd/andromeda/ip/andromeda_axi_smc_0/bd_0/ip/ip_1/synth/bd_98e1_psr0_0.vhd:74]
WARNING: [Synth 8-7071] port 'mb_reset' of module 'bd_98e1_psr0_0' is unconnected for instance 'psr0' [/home/malik/andromeda_ila/AXI-Dot-Product-Accelerator/Vivado/puzhi/puzhi.gen/sources_1/bd/andromeda/ip/andromeda_axi_smc_0/bd_0/synth/bd_98e1.v:2944]
WARNING: [Synth 8-7071] port 'bus_struct_reset' of module 'bd_98e1_psr0_0' is unconnected for instance 'psr0' [/home/malik/andromeda_ila/AXI-Dot-Product-Accelerator/Vivado/puzhi/puzhi.gen/sources_1/bd/andromeda/ip/andromeda_axi_smc_0/bd_0/synth/bd_98e1.v:2944]
WARNING: [Synth 8-7071] port 'peripheral_reset' of module 'bd_98e1_psr0_0' is unconnected for instance 'psr0' [/home/malik/andromeda_ila/AXI-Dot-Product-Accelerator/Vivado/puzhi/puzhi.gen/sources_1/bd/andromeda/ip/andromeda_axi_smc_0/bd_0/synth/bd_98e1.v:2944]
WARNING: [Synth 8-7071] port 'peripheral_aresetn' of module 'bd_98e1_psr0_0' is unconnected for instance 'psr0' [/home/malik/andromeda_ila/AXI-Dot-Product-Accelerator/Vivado/puzhi/puzhi.gen/sources_1/bd/andromeda/ip/andromeda_axi_smc_0/bd_0/synth/bd_98e1.v:2944]
WARNING: [Synth 8-7023] instance 'psr0' of module 'bd_98e1_psr0_0' has 10 connections declared, but only 6 given [/home/malik/andromeda_ila/AXI-Dot-Product-Accelerator/Vivado/puzhi/puzhi.gen/sources_1/bd/andromeda/ip/andromeda_axi_smc_0/bd_0/synth/bd_98e1.v:2944]
INFO: [Synth 8-638] synthesizing module 'bd_98e1_psr_aclk_0' [/home/malik/andromeda_ila/AXI-Dot-Product-Accelerator/Vivado/puzhi/puzhi.gen/sources_1/bd/andromeda/ip/andromeda_axi_smc_0/bd_0/ip/ip_2/synth/bd_98e1_psr_aclk_0.vhd:74]
	Parameter C_FAMILY bound to: kintexuplus - type: string 
	Parameter C_EXT_RST_WIDTH bound to: 4 - type: integer 
	Parameter C_AUX_RST_WIDTH bound to: 1 - type: integer 
	Parameter C_EXT_RESET_HIGH bound to: 1'b0 
	Parameter C_AUX_RESET_HIGH bound to: 1'b0 
	Parameter C_NUM_BUS_RST bound to: 1 - type: integer 
	Parameter C_NUM_PERP_RST bound to: 1 - type: integer 
	Parameter C_NUM_INTERCONNECT_ARESETN bound to: 1 - type: integer 
	Parameter C_NUM_PERP_ARESETN bound to: 1 - type: integer 
INFO: [Synth 8-3491] module 'proc_sys_reset' declared at '/home/malik/andromeda_ila/AXI-Dot-Product-Accelerator/Vivado/puzhi/puzhi.gen/sources_1/bd/andromeda/ipshared/0831/hdl/proc_sys_reset_v5_0_vh_rfs.vhd:1271' bound to instance 'U0' of component 'proc_sys_reset' [/home/malik/andromeda_ila/AXI-Dot-Product-Accelerator/Vivado/puzhi/puzhi.gen/sources_1/bd/andromeda/ip/andromeda_axi_smc_0/bd_0/ip/ip_2/synth/bd_98e1_psr_aclk_0.vhd:139]
INFO: [Synth 8-256] done synthesizing module 'bd_98e1_psr_aclk_0' (0#1) [/home/malik/andromeda_ila/AXI-Dot-Product-Accelerator/Vivado/puzhi/puzhi.gen/sources_1/bd/andromeda/ip/andromeda_axi_smc_0/bd_0/ip/ip_2/synth/bd_98e1_psr_aclk_0.vhd:74]
WARNING: [Synth 8-7071] port 'mb_reset' of module 'bd_98e1_psr_aclk_0' is unconnected for instance 'psr_aclk' [/home/malik/andromeda_ila/AXI-Dot-Product-Accelerator/Vivado/puzhi/puzhi.gen/sources_1/bd/andromeda/ip/andromeda_axi_smc_0/bd_0/synth/bd_98e1.v:2951]
WARNING: [Synth 8-7071] port 'bus_struct_reset' of module 'bd_98e1_psr_aclk_0' is unconnected for instance 'psr_aclk' [/home/malik/andromeda_ila/AXI-Dot-Product-Accelerator/Vivado/puzhi/puzhi.gen/sources_1/bd/andromeda/ip/andromeda_axi_smc_0/bd_0/synth/bd_98e1.v:2951]
WARNING: [Synth 8-7071] port 'peripheral_reset' of module 'bd_98e1_psr_aclk_0' is unconnected for instance 'psr_aclk' [/home/malik/andromeda_ila/AXI-Dot-Product-Accelerator/Vivado/puzhi/puzhi.gen/sources_1/bd/andromeda/ip/andromeda_axi_smc_0/bd_0/synth/bd_98e1.v:2951]
WARNING: [Synth 8-7071] port 'peripheral_aresetn' of module 'bd_98e1_psr_aclk_0' is unconnected for instance 'psr_aclk' [/home/malik/andromeda_ila/AXI-Dot-Product-Accelerator/Vivado/puzhi/puzhi.gen/sources_1/bd/andromeda/ip/andromeda_axi_smc_0/bd_0/synth/bd_98e1.v:2951]
WARNING: [Synth 8-7023] instance 'psr_aclk' of module 'bd_98e1_psr_aclk_0' has 10 connections declared, but only 6 given [/home/malik/andromeda_ila/AXI-Dot-Product-Accelerator/Vivado/puzhi/puzhi.gen/sources_1/bd/andromeda/ip/andromeda_axi_smc_0/bd_0/synth/bd_98e1.v:2951]
INFO: [Synth 8-638] synthesizing module 'bd_98e1_psr_aclk1_0' [/home/malik/andromeda_ila/AXI-Dot-Product-Accelerator/Vivado/puzhi/puzhi.gen/sources_1/bd/andromeda/ip/andromeda_axi_smc_0/bd_0/ip/ip_3/synth/bd_98e1_psr_aclk1_0.vhd:74]
	Parameter C_FAMILY bound to: kintexuplus - type: string 
	Parameter C_EXT_RST_WIDTH bound to: 4 - type: integer 
	Parameter C_AUX_RST_WIDTH bound to: 1 - type: integer 
	Parameter C_EXT_RESET_HIGH bound to: 1'b0 
	Parameter C_AUX_RESET_HIGH bound to: 1'b0 
	Parameter C_NUM_BUS_RST bound to: 1 - type: integer 
	Parameter C_NUM_PERP_RST bound to: 1 - type: integer 
	Parameter C_NUM_INTERCONNECT_ARESETN bound to: 1 - type: integer 
	Parameter C_NUM_PERP_ARESETN bound to: 1 - type: integer 
INFO: [Synth 8-3491] module 'proc_sys_reset' declared at '/home/malik/andromeda_ila/AXI-Dot-Product-Accelerator/Vivado/puzhi/puzhi.gen/sources_1/bd/andromeda/ipshared/0831/hdl/proc_sys_reset_v5_0_vh_rfs.vhd:1271' bound to instance 'U0' of component 'proc_sys_reset' [/home/malik/andromeda_ila/AXI-Dot-Product-Accelerator/Vivado/puzhi/puzhi.gen/sources_1/bd/andromeda/ip/andromeda_axi_smc_0/bd_0/ip/ip_3/synth/bd_98e1_psr_aclk1_0.vhd:139]
INFO: [Synth 8-256] done synthesizing module 'bd_98e1_psr_aclk1_0' (0#1) [/home/malik/andromeda_ila/AXI-Dot-Product-Accelerator/Vivado/puzhi/puzhi.gen/sources_1/bd/andromeda/ip/andromeda_axi_smc_0/bd_0/ip/ip_3/synth/bd_98e1_psr_aclk1_0.vhd:74]
WARNING: [Synth 8-7071] port 'mb_reset' of module 'bd_98e1_psr_aclk1_0' is unconnected for instance 'psr_aclk1' [/home/malik/andromeda_ila/AXI-Dot-Product-Accelerator/Vivado/puzhi/puzhi.gen/sources_1/bd/andromeda/ip/andromeda_axi_smc_0/bd_0/synth/bd_98e1.v:2958]
WARNING: [Synth 8-7071] port 'bus_struct_reset' of module 'bd_98e1_psr_aclk1_0' is unconnected for instance 'psr_aclk1' [/home/malik/andromeda_ila/AXI-Dot-Product-Accelerator/Vivado/puzhi/puzhi.gen/sources_1/bd/andromeda/ip/andromeda_axi_smc_0/bd_0/synth/bd_98e1.v:2958]
WARNING: [Synth 8-7071] port 'peripheral_reset' of module 'bd_98e1_psr_aclk1_0' is unconnected for instance 'psr_aclk1' [/home/malik/andromeda_ila/AXI-Dot-Product-Accelerator/Vivado/puzhi/puzhi.gen/sources_1/bd/andromeda/ip/andromeda_axi_smc_0/bd_0/synth/bd_98e1.v:2958]
WARNING: [Synth 8-7071] port 'peripheral_aresetn' of module 'bd_98e1_psr_aclk1_0' is unconnected for instance 'psr_aclk1' [/home/malik/andromeda_ila/AXI-Dot-Product-Accelerator/Vivado/puzhi/puzhi.gen/sources_1/bd/andromeda/ip/andromeda_axi_smc_0/bd_0/synth/bd_98e1.v:2958]
WARNING: [Synth 8-7023] instance 'psr_aclk1' of module 'bd_98e1_psr_aclk1_0' has 10 connections declared, but only 6 given [/home/malik/andromeda_ila/AXI-Dot-Product-Accelerator/Vivado/puzhi/puzhi.gen/sources_1/bd/andromeda/ip/andromeda_axi_smc_0/bd_0/synth/bd_98e1.v:2958]
INFO: [Synth 8-6155] done synthesizing module 'clk_map_imp_1IV4UCH' (0#1) [/home/malik/andromeda_ila/AXI-Dot-Product-Accelerator/Vivado/puzhi/puzhi.gen/sources_1/bd/andromeda/ip/andromeda_axi_smc_0/bd_0/synth/bd_98e1.v:2872]
INFO: [Synth 8-6157] synthesizing module 'm00_exit_pipeline_imp_GY2T8A' [/home/malik/andromeda_ila/AXI-Dot-Product-Accelerator/Vivado/puzhi/puzhi.gen/sources_1/bd/andromeda/ip/andromeda_axi_smc_0/bd_0/synth/bd_98e1.v:2967]
INFO: [Synth 8-6157] synthesizing module 'bd_98e1_m00e_0' [/home/malik/andromeda_ila/AXI-Dot-Product-Accelerator/Vivado/puzhi/puzhi.gen/sources_1/bd/andromeda/ip/andromeda_axi_smc_0/bd_0/ip/ip_40/synth/bd_98e1_m00e_0.sv:53]
INFO: [Synth 8-6157] synthesizing module 'xpm_cdc_async_rst' [/opt/tools/Xilinx/Vivado/2024.2/data/ip/xpm/xpm_cdc/hdl/xpm_cdc.sv:1175]
INFO: [Synth 8-6155] done synthesizing module 'xpm_cdc_async_rst' (0#1) [/opt/tools/Xilinx/Vivado/2024.2/data/ip/xpm/xpm_cdc/hdl/xpm_cdc.sv:1175]
INFO: [Synth 8-6155] done synthesizing module 'bd_98e1_m00e_0' (0#1) [/home/malik/andromeda_ila/AXI-Dot-Product-Accelerator/Vivado/puzhi/puzhi.gen/sources_1/bd/andromeda/ip/andromeda_axi_smc_0/bd_0/ip/ip_40/synth/bd_98e1_m00e_0.sv:53]
INFO: [Synth 8-6155] done synthesizing module 'm00_exit_pipeline_imp_GY2T8A' (0#1) [/home/malik/andromeda_ila/AXI-Dot-Product-Accelerator/Vivado/puzhi/puzhi.gen/sources_1/bd/andromeda/ip/andromeda_axi_smc_0/bd_0/synth/bd_98e1.v:2967]
INFO: [Synth 8-6157] synthesizing module 'm00_nodes_imp_UAA7O6' [/home/malik/andromeda_ila/AXI-Dot-Product-Accelerator/Vivado/puzhi/puzhi.gen/sources_1/bd/andromeda/ip/andromeda_axi_smc_0/bd_0/synth/bd_98e1.v:3209]
INFO: [Synth 8-6157] synthesizing module 'bd_98e1_m00arn_0' [/home/malik/andromeda_ila/AXI-Dot-Product-Accelerator/Vivado/puzhi/puzhi.gen/sources_1/bd/andromeda/ip/andromeda_axi_smc_0/bd_0/ip/ip_35/synth/bd_98e1_m00arn_0.sv:53]
INFO: [Synth 8-6157] synthesizing module 'xpm_memory_sdpram' [/opt/tools/Xilinx/Vivado/2024.2/data/ip/xpm/xpm_memory/hdl/xpm_memory.sv:8556]
INFO: [Synth 8-6157] synthesizing module 'xpm_memory_base' [/opt/tools/Xilinx/Vivado/2024.2/data/ip/xpm/xpm_memory/hdl/xpm_memory.sv:54]
INFO: [Synth 8-6155] done synthesizing module 'xpm_memory_base' (0#1) [/opt/tools/Xilinx/Vivado/2024.2/data/ip/xpm/xpm_memory/hdl/xpm_memory.sv:54]
INFO: [Synth 8-6155] done synthesizing module 'xpm_memory_sdpram' (0#1) [/opt/tools/Xilinx/Vivado/2024.2/data/ip/xpm/xpm_memory/hdl/xpm_memory.sv:8556]
INFO: [Synth 8-6157] synthesizing module 'xpm_memory_sdpram__parameterized0' [/opt/tools/Xilinx/Vivado/2024.2/data/ip/xpm/xpm_memory/hdl/xpm_memory.sv:8556]
INFO: [Synth 8-6157] synthesizing module 'xpm_memory_base__parameterized0' [/opt/tools/Xilinx/Vivado/2024.2/data/ip/xpm/xpm_memory/hdl/xpm_memory.sv:54]
INFO: [Synth 8-6155] done synthesizing module 'xpm_memory_base__parameterized0' (0#1) [/opt/tools/Xilinx/Vivado/2024.2/data/ip/xpm/xpm_memory/hdl/xpm_memory.sv:54]
INFO: [Synth 8-6155] done synthesizing module 'xpm_memory_sdpram__parameterized0' (0#1) [/opt/tools/Xilinx/Vivado/2024.2/data/ip/xpm/xpm_memory/hdl/xpm_memory.sv:8556]
INFO: [Synth 8-6155] done synthesizing module 'bd_98e1_m00arn_0' (0#1) [/home/malik/andromeda_ila/AXI-Dot-Product-Accelerator/Vivado/puzhi/puzhi.gen/sources_1/bd/andromeda/ip/andromeda_axi_smc_0/bd_0/ip/ip_35/synth/bd_98e1_m00arn_0.sv:53]
INFO: [Synth 8-6157] synthesizing module 'bd_98e1_m00awn_0' [/home/malik/andromeda_ila/AXI-Dot-Product-Accelerator/Vivado/puzhi/puzhi.gen/sources_1/bd/andromeda/ip/andromeda_axi_smc_0/bd_0/ip/ip_37/synth/bd_98e1_m00awn_0.sv:53]
INFO: [Synth 8-6155] done synthesizing module 'bd_98e1_m00awn_0' (0#1) [/home/malik/andromeda_ila/AXI-Dot-Product-Accelerator/Vivado/puzhi/puzhi.gen/sources_1/bd/andromeda/ip/andromeda_axi_smc_0/bd_0/ip/ip_37/synth/bd_98e1_m00awn_0.sv:53]
INFO: [Synth 8-6157] synthesizing module 'bd_98e1_m00bn_0' [/home/malik/andromeda_ila/AXI-Dot-Product-Accelerator/Vivado/puzhi/puzhi.gen/sources_1/bd/andromeda/ip/andromeda_axi_smc_0/bd_0/ip/ip_39/synth/bd_98e1_m00bn_0.sv:53]
INFO: [Synth 8-6157] synthesizing module 'xpm_memory_sdpram__parameterized1' [/opt/tools/Xilinx/Vivado/2024.2/data/ip/xpm/xpm_memory/hdl/xpm_memory.sv:8556]
INFO: [Synth 8-6157] synthesizing module 'xpm_memory_base__parameterized1' [/opt/tools/Xilinx/Vivado/2024.2/data/ip/xpm/xpm_memory/hdl/xpm_memory.sv:54]
INFO: [Synth 8-6155] done synthesizing module 'xpm_memory_base__parameterized1' (0#1) [/opt/tools/Xilinx/Vivado/2024.2/data/ip/xpm/xpm_memory/hdl/xpm_memory.sv:54]
INFO: [Synth 8-6155] done synthesizing module 'xpm_memory_sdpram__parameterized1' (0#1) [/opt/tools/Xilinx/Vivado/2024.2/data/ip/xpm/xpm_memory/hdl/xpm_memory.sv:8556]
INFO: [Synth 8-6157] synthesizing module 'xpm_memory_sdpram__parameterized2' [/opt/tools/Xilinx/Vivado/2024.2/data/ip/xpm/xpm_memory/hdl/xpm_memory.sv:8556]
INFO: [Synth 8-6157] synthesizing module 'xpm_memory_base__parameterized2' [/opt/tools/Xilinx/Vivado/2024.2/data/ip/xpm/xpm_memory/hdl/xpm_memory.sv:54]
INFO: [Synth 8-6155] done synthesizing module 'xpm_memory_base__parameterized2' (0#1) [/opt/tools/Xilinx/Vivado/2024.2/data/ip/xpm/xpm_memory/hdl/xpm_memory.sv:54]
INFO: [Synth 8-6155] done synthesizing module 'xpm_memory_sdpram__parameterized2' (0#1) [/opt/tools/Xilinx/Vivado/2024.2/data/ip/xpm/xpm_memory/hdl/xpm_memory.sv:8556]
INFO: [Synth 8-6155] done synthesizing module 'bd_98e1_m00bn_0' (0#1) [/home/malik/andromeda_ila/AXI-Dot-Product-Accelerator/Vivado/puzhi/puzhi.gen/sources_1/bd/andromeda/ip/andromeda_axi_smc_0/bd_0/ip/ip_39/synth/bd_98e1_m00bn_0.sv:53]
INFO: [Synth 8-6157] synthesizing module 'bd_98e1_m00rn_0' [/home/malik/andromeda_ila/AXI-Dot-Product-Accelerator/Vivado/puzhi/puzhi.gen/sources_1/bd/andromeda/ip/andromeda_axi_smc_0/bd_0/ip/ip_36/synth/bd_98e1_m00rn_0.sv:53]
INFO: [Synth 8-6157] synthesizing module 'xpm_memory_sdpram__parameterized3' [/opt/tools/Xilinx/Vivado/2024.2/data/ip/xpm/xpm_memory/hdl/xpm_memory.sv:8556]
INFO: [Synth 8-6157] synthesizing module 'xpm_memory_base__parameterized3' [/opt/tools/Xilinx/Vivado/2024.2/data/ip/xpm/xpm_memory/hdl/xpm_memory.sv:54]
INFO: [Synth 8-6155] done synthesizing module 'xpm_memory_base__parameterized3' (0#1) [/opt/tools/Xilinx/Vivado/2024.2/data/ip/xpm/xpm_memory/hdl/xpm_memory.sv:54]
INFO: [Synth 8-6155] done synthesizing module 'xpm_memory_sdpram__parameterized3' (0#1) [/opt/tools/Xilinx/Vivado/2024.2/data/ip/xpm/xpm_memory/hdl/xpm_memory.sv:8556]
INFO: [Synth 8-6155] done synthesizing module 'bd_98e1_m00rn_0' (0#1) [/home/malik/andromeda_ila/AXI-Dot-Product-Accelerator/Vivado/puzhi/puzhi.gen/sources_1/bd/andromeda/ip/andromeda_axi_smc_0/bd_0/ip/ip_36/synth/bd_98e1_m00rn_0.sv:53]
INFO: [Synth 8-6157] synthesizing module 'bd_98e1_m00wn_0' [/home/malik/andromeda_ila/AXI-Dot-Product-Accelerator/Vivado/puzhi/puzhi.gen/sources_1/bd/andromeda/ip/andromeda_axi_smc_0/bd_0/ip/ip_38/synth/bd_98e1_m00wn_0.sv:53]
INFO: [Synth 8-6157] synthesizing module 'xpm_memory_sdpram__parameterized4' [/opt/tools/Xilinx/Vivado/2024.2/data/ip/xpm/xpm_memory/hdl/xpm_memory.sv:8556]
INFO: [Synth 8-6157] synthesizing module 'xpm_memory_base__parameterized4' [/opt/tools/Xilinx/Vivado/2024.2/data/ip/xpm/xpm_memory/hdl/xpm_memory.sv:54]
INFO: [Synth 8-6155] done synthesizing module 'xpm_memory_base__parameterized4' (0#1) [/opt/tools/Xilinx/Vivado/2024.2/data/ip/xpm/xpm_memory/hdl/xpm_memory.sv:54]
INFO: [Synth 8-6155] done synthesizing module 'xpm_memory_sdpram__parameterized4' (0#1) [/opt/tools/Xilinx/Vivado/2024.2/data/ip/xpm/xpm_memory/hdl/xpm_memory.sv:8556]
INFO: [Synth 8-6157] synthesizing module 'xpm_memory_sdpram__parameterized5' [/opt/tools/Xilinx/Vivado/2024.2/data/ip/xpm/xpm_memory/hdl/xpm_memory.sv:8556]
INFO: [Synth 8-6157] synthesizing module 'xpm_memory_base__parameterized5' [/opt/tools/Xilinx/Vivado/2024.2/data/ip/xpm/xpm_memory/hdl/xpm_memory.sv:54]
INFO: [Synth 8-6155] done synthesizing module 'xpm_memory_base__parameterized5' (0#1) [/opt/tools/Xilinx/Vivado/2024.2/data/ip/xpm/xpm_memory/hdl/xpm_memory.sv:54]
INFO: [Synth 8-6155] done synthesizing module 'xpm_memory_sdpram__parameterized5' (0#1) [/opt/tools/Xilinx/Vivado/2024.2/data/ip/xpm/xpm_memory/hdl/xpm_memory.sv:8556]
INFO: [Synth 8-6157] synthesizing module 'xpm_memory_sdpram__parameterized6' [/opt/tools/Xilinx/Vivado/2024.2/data/ip/xpm/xpm_memory/hdl/xpm_memory.sv:8556]
INFO: [Synth 8-6157] synthesizing module 'xpm_memory_base__parameterized6' [/opt/tools/Xilinx/Vivado/2024.2/data/ip/xpm/xpm_memory/hdl/xpm_memory.sv:54]
INFO: [Synth 8-6155] done synthesizing module 'xpm_memory_base__parameterized6' (0#1) [/opt/tools/Xilinx/Vivado/2024.2/data/ip/xpm/xpm_memory/hdl/xpm_memory.sv:54]
INFO: [Synth 8-6155] done synthesizing module 'xpm_memory_sdpram__parameterized6' (0#1) [/opt/tools/Xilinx/Vivado/2024.2/data/ip/xpm/xpm_memory/hdl/xpm_memory.sv:8556]
INFO: [Synth 8-6155] done synthesizing module 'bd_98e1_m00wn_0' (0#1) [/home/malik/andromeda_ila/AXI-Dot-Product-Accelerator/Vivado/puzhi/puzhi.gen/sources_1/bd/andromeda/ip/andromeda_axi_smc_0/bd_0/ip/ip_38/synth/bd_98e1_m00wn_0.sv:53]
INFO: [Synth 8-6155] done synthesizing module 'm00_nodes_imp_UAA7O6' (0#1) [/home/malik/andromeda_ila/AXI-Dot-Product-Accelerator/Vivado/puzhi/puzhi.gen/sources_1/bd/andromeda/ip/andromeda_axi_smc_0/bd_0/synth/bd_98e1.v:3209]
INFO: [Synth 8-6157] synthesizing module 'bd_98e1_m00s2a_0' [/home/malik/andromeda_ila/AXI-Dot-Product-Accelerator/Vivado/puzhi/puzhi.gen/sources_1/bd/andromeda/ip/andromeda_axi_smc_0/bd_0/ip/ip_34/synth/bd_98e1_m00s2a_0.sv:53]
INFO: [Synth 8-6155] done synthesizing module 'bd_98e1_m00s2a_0' (0#1) [/home/malik/andromeda_ila/AXI-Dot-Product-Accelerator/Vivado/puzhi/puzhi.gen/sources_1/bd/andromeda/ip/andromeda_axi_smc_0/bd_0/ip/ip_34/synth/bd_98e1_m00s2a_0.sv:53]
INFO: [Synth 8-6157] synthesizing module 'm01_exit_pipeline_imp_BPUWU2' [/home/malik/andromeda_ila/AXI-Dot-Product-Accelerator/Vivado/puzhi/puzhi.gen/sources_1/bd/andromeda/ip/andromeda_axi_smc_0/bd_0/synth/bd_98e1.v:3460]
INFO: [Synth 8-6157] synthesizing module 'bd_98e1_m01e_0' [/home/malik/andromeda_ila/AXI-Dot-Product-Accelerator/Vivado/puzhi/puzhi.gen/sources_1/bd/andromeda/ip/andromeda_axi_smc_0/bd_0/ip/ip_47/synth/bd_98e1_m01e_0.sv:53]
INFO: [Synth 8-6155] done synthesizing module 'bd_98e1_m01e_0' (0#1) [/home/malik/andromeda_ila/AXI-Dot-Product-Accelerator/Vivado/puzhi/puzhi.gen/sources_1/bd/andromeda/ip/andromeda_axi_smc_0/bd_0/ip/ip_47/synth/bd_98e1_m01e_0.sv:53]
INFO: [Synth 8-6155] done synthesizing module 'm01_exit_pipeline_imp_BPUWU2' (0#1) [/home/malik/andromeda_ila/AXI-Dot-Product-Accelerator/Vivado/puzhi/puzhi.gen/sources_1/bd/andromeda/ip/andromeda_axi_smc_0/bd_0/synth/bd_98e1.v:3460]
INFO: [Synth 8-6157] synthesizing module 'm01_nodes_imp_1UMWCO0' [/home/malik/andromeda_ila/AXI-Dot-Product-Accelerator/Vivado/puzhi/puzhi.gen/sources_1/bd/andromeda/ip/andromeda_axi_smc_0/bd_0/synth/bd_98e1.v:3702]
INFO: [Synth 8-6157] synthesizing module 'bd_98e1_m01arn_0' [/home/malik/andromeda_ila/AXI-Dot-Product-Accelerator/Vivado/puzhi/puzhi.gen/sources_1/bd/andromeda/ip/andromeda_axi_smc_0/bd_0/ip/ip_42/synth/bd_98e1_m01arn_0.sv:53]
INFO: [Synth 8-6155] done synthesizing module 'bd_98e1_m01arn_0' (0#1) [/home/malik/andromeda_ila/AXI-Dot-Product-Accelerator/Vivado/puzhi/puzhi.gen/sources_1/bd/andromeda/ip/andromeda_axi_smc_0/bd_0/ip/ip_42/synth/bd_98e1_m01arn_0.sv:53]
INFO: [Synth 8-6157] synthesizing module 'bd_98e1_m01awn_0' [/home/malik/andromeda_ila/AXI-Dot-Product-Accelerator/Vivado/puzhi/puzhi.gen/sources_1/bd/andromeda/ip/andromeda_axi_smc_0/bd_0/ip/ip_44/synth/bd_98e1_m01awn_0.sv:53]
INFO: [Synth 8-6155] done synthesizing module 'bd_98e1_m01awn_0' (0#1) [/home/malik/andromeda_ila/AXI-Dot-Product-Accelerator/Vivado/puzhi/puzhi.gen/sources_1/bd/andromeda/ip/andromeda_axi_smc_0/bd_0/ip/ip_44/synth/bd_98e1_m01awn_0.sv:53]
INFO: [Synth 8-6157] synthesizing module 'bd_98e1_m01bn_0' [/home/malik/andromeda_ila/AXI-Dot-Product-Accelerator/Vivado/puzhi/puzhi.gen/sources_1/bd/andromeda/ip/andromeda_axi_smc_0/bd_0/ip/ip_46/synth/bd_98e1_m01bn_0.sv:53]
INFO: [Synth 8-6155] done synthesizing module 'bd_98e1_m01bn_0' (0#1) [/home/malik/andromeda_ila/AXI-Dot-Product-Accelerator/Vivado/puzhi/puzhi.gen/sources_1/bd/andromeda/ip/andromeda_axi_smc_0/bd_0/ip/ip_46/synth/bd_98e1_m01bn_0.sv:53]
INFO: [Synth 8-6157] synthesizing module 'bd_98e1_m01rn_0' [/home/malik/andromeda_ila/AXI-Dot-Product-Accelerator/Vivado/puzhi/puzhi.gen/sources_1/bd/andromeda/ip/andromeda_axi_smc_0/bd_0/ip/ip_43/synth/bd_98e1_m01rn_0.sv:53]
INFO: [Synth 8-6155] done synthesizing module 'bd_98e1_m01rn_0' (0#1) [/home/malik/andromeda_ila/AXI-Dot-Product-Accelerator/Vivado/puzhi/puzhi.gen/sources_1/bd/andromeda/ip/andromeda_axi_smc_0/bd_0/ip/ip_43/synth/bd_98e1_m01rn_0.sv:53]
INFO: [Synth 8-6157] synthesizing module 'bd_98e1_m01wn_0' [/home/malik/andromeda_ila/AXI-Dot-Product-Accelerator/Vivado/puzhi/puzhi.gen/sources_1/bd/andromeda/ip/andromeda_axi_smc_0/bd_0/ip/ip_45/synth/bd_98e1_m01wn_0.sv:53]
INFO: [Synth 8-6155] done synthesizing module 'bd_98e1_m01wn_0' (0#1) [/home/malik/andromeda_ila/AXI-Dot-Product-Accelerator/Vivado/puzhi/puzhi.gen/sources_1/bd/andromeda/ip/andromeda_axi_smc_0/bd_0/ip/ip_45/synth/bd_98e1_m01wn_0.sv:53]
INFO: [Synth 8-6155] done synthesizing module 'm01_nodes_imp_1UMWCO0' (0#1) [/home/malik/andromeda_ila/AXI-Dot-Product-Accelerator/Vivado/puzhi/puzhi.gen/sources_1/bd/andromeda/ip/andromeda_axi_smc_0/bd_0/synth/bd_98e1.v:3702]
INFO: [Synth 8-6157] synthesizing module 'bd_98e1_m01s2a_0' [/home/malik/andromeda_ila/AXI-Dot-Product-Accelerator/Vivado/puzhi/puzhi.gen/sources_1/bd/andromeda/ip/andromeda_axi_smc_0/bd_0/ip/ip_41/synth/bd_98e1_m01s2a_0.sv:53]
INFO: [Synth 8-6155] done synthesizing module 'bd_98e1_m01s2a_0' (0#1) [/home/malik/andromeda_ila/AXI-Dot-Product-Accelerator/Vivado/puzhi/puzhi.gen/sources_1/bd/andromeda/ip/andromeda_axi_smc_0/bd_0/ip/ip_41/synth/bd_98e1_m01s2a_0.sv:53]
INFO: [Synth 8-6157] synthesizing module 'm02_exit_pipeline_imp_5CEZNE' [/home/malik/andromeda_ila/AXI-Dot-Product-Accelerator/Vivado/puzhi/puzhi.gen/sources_1/bd/andromeda/ip/andromeda_axi_smc_0/bd_0/synth/bd_98e1.v:3953]
INFO: [Synth 8-6157] synthesizing module 'bd_98e1_m02e_0' [/home/malik/andromeda_ila/AXI-Dot-Product-Accelerator/Vivado/puzhi/puzhi.gen/sources_1/bd/andromeda/ip/andromeda_axi_smc_0/bd_0/ip/ip_54/synth/bd_98e1_m02e_0.sv:53]
INFO: [Synth 8-6155] done synthesizing module 'bd_98e1_m02e_0' (0#1) [/home/malik/andromeda_ila/AXI-Dot-Product-Accelerator/Vivado/puzhi/puzhi.gen/sources_1/bd/andromeda/ip/andromeda_axi_smc_0/bd_0/ip/ip_54/synth/bd_98e1_m02e_0.sv:53]
INFO: [Synth 8-6155] done synthesizing module 'm02_exit_pipeline_imp_5CEZNE' (0#1) [/home/malik/andromeda_ila/AXI-Dot-Product-Accelerator/Vivado/puzhi/puzhi.gen/sources_1/bd/andromeda/ip/andromeda_axi_smc_0/bd_0/synth/bd_98e1.v:3953]
INFO: [Synth 8-6157] synthesizing module 'm02_nodes_imp_12X8B97' [/home/malik/andromeda_ila/AXI-Dot-Product-Accelerator/Vivado/puzhi/puzhi.gen/sources_1/bd/andromeda/ip/andromeda_axi_smc_0/bd_0/synth/bd_98e1.v:4195]
INFO: [Synth 8-6157] synthesizing module 'bd_98e1_m02arn_0' [/home/malik/andromeda_ila/AXI-Dot-Product-Accelerator/Vivado/puzhi/puzhi.gen/sources_1/bd/andromeda/ip/andromeda_axi_smc_0/bd_0/ip/ip_49/synth/bd_98e1_m02arn_0.sv:53]
INFO: [Synth 8-6157] synthesizing module 'xpm_memory_sdpram__parameterized7' [/opt/tools/Xilinx/Vivado/2024.2/data/ip/xpm/xpm_memory/hdl/xpm_memory.sv:8556]
INFO: [Synth 8-6157] synthesizing module 'xpm_memory_base__parameterized7' [/opt/tools/Xilinx/Vivado/2024.2/data/ip/xpm/xpm_memory/hdl/xpm_memory.sv:54]
INFO: [Synth 8-6155] done synthesizing module 'xpm_memory_base__parameterized7' (0#1) [/opt/tools/Xilinx/Vivado/2024.2/data/ip/xpm/xpm_memory/hdl/xpm_memory.sv:54]
INFO: [Synth 8-6155] done synthesizing module 'xpm_memory_sdpram__parameterized7' (0#1) [/opt/tools/Xilinx/Vivado/2024.2/data/ip/xpm/xpm_memory/hdl/xpm_memory.sv:8556]
INFO: [Synth 8-6157] synthesizing module 'xpm_cdc_gray' [/opt/tools/Xilinx/Vivado/2024.2/data/ip/xpm/xpm_cdc/hdl/xpm_cdc.sv:283]
INFO: [Synth 8-6155] done synthesizing module 'xpm_cdc_gray' (0#1) [/opt/tools/Xilinx/Vivado/2024.2/data/ip/xpm/xpm_cdc/hdl/xpm_cdc.sv:283]
INFO: [Synth 8-6155] done synthesizing module 'bd_98e1_m02arn_0' (0#1) [/home/malik/andromeda_ila/AXI-Dot-Product-Accelerator/Vivado/puzhi/puzhi.gen/sources_1/bd/andromeda/ip/andromeda_axi_smc_0/bd_0/ip/ip_49/synth/bd_98e1_m02arn_0.sv:53]
INFO: [Synth 8-6157] synthesizing module 'bd_98e1_m02awn_0' [/home/malik/andromeda_ila/AXI-Dot-Product-Accelerator/Vivado/puzhi/puzhi.gen/sources_1/bd/andromeda/ip/andromeda_axi_smc_0/bd_0/ip/ip_51/synth/bd_98e1_m02awn_0.sv:53]
INFO: [Synth 8-6155] done synthesizing module 'bd_98e1_m02awn_0' (0#1) [/home/malik/andromeda_ila/AXI-Dot-Product-Accelerator/Vivado/puzhi/puzhi.gen/sources_1/bd/andromeda/ip/andromeda_axi_smc_0/bd_0/ip/ip_51/synth/bd_98e1_m02awn_0.sv:53]
INFO: [Synth 8-6157] synthesizing module 'bd_98e1_m02bn_0' [/home/malik/andromeda_ila/AXI-Dot-Product-Accelerator/Vivado/puzhi/puzhi.gen/sources_1/bd/andromeda/ip/andromeda_axi_smc_0/bd_0/ip/ip_53/synth/bd_98e1_m02bn_0.sv:53]
INFO: [Synth 8-6157] synthesizing module 'xpm_memory_sdpram__parameterized8' [/opt/tools/Xilinx/Vivado/2024.2/data/ip/xpm/xpm_memory/hdl/xpm_memory.sv:8556]
INFO: [Synth 8-6157] synthesizing module 'xpm_memory_base__parameterized8' [/opt/tools/Xilinx/Vivado/2024.2/data/ip/xpm/xpm_memory/hdl/xpm_memory.sv:54]
INFO: [Synth 8-6155] done synthesizing module 'xpm_memory_base__parameterized8' (0#1) [/opt/tools/Xilinx/Vivado/2024.2/data/ip/xpm/xpm_memory/hdl/xpm_memory.sv:54]
INFO: [Synth 8-6155] done synthesizing module 'xpm_memory_sdpram__parameterized8' (0#1) [/opt/tools/Xilinx/Vivado/2024.2/data/ip/xpm/xpm_memory/hdl/xpm_memory.sv:8556]
INFO: [Synth 8-6157] synthesizing module 'xpm_memory_sdpram__parameterized9' [/opt/tools/Xilinx/Vivado/2024.2/data/ip/xpm/xpm_memory/hdl/xpm_memory.sv:8556]
INFO: [Synth 8-6157] synthesizing module 'xpm_memory_base__parameterized9' [/opt/tools/Xilinx/Vivado/2024.2/data/ip/xpm/xpm_memory/hdl/xpm_memory.sv:54]
INFO: [Synth 8-6155] done synthesizing module 'xpm_memory_base__parameterized9' (0#1) [/opt/tools/Xilinx/Vivado/2024.2/data/ip/xpm/xpm_memory/hdl/xpm_memory.sv:54]
INFO: [Synth 8-6155] done synthesizing module 'xpm_memory_sdpram__parameterized9' (0#1) [/opt/tools/Xilinx/Vivado/2024.2/data/ip/xpm/xpm_memory/hdl/xpm_memory.sv:8556]
INFO: [Synth 8-6155] done synthesizing module 'bd_98e1_m02bn_0' (0#1) [/home/malik/andromeda_ila/AXI-Dot-Product-Accelerator/Vivado/puzhi/puzhi.gen/sources_1/bd/andromeda/ip/andromeda_axi_smc_0/bd_0/ip/ip_53/synth/bd_98e1_m02bn_0.sv:53]
INFO: [Synth 8-6157] synthesizing module 'bd_98e1_m02rn_0' [/home/malik/andromeda_ila/AXI-Dot-Product-Accelerator/Vivado/puzhi/puzhi.gen/sources_1/bd/andromeda/ip/andromeda_axi_smc_0/bd_0/ip/ip_50/synth/bd_98e1_m02rn_0.sv:53]
INFO: [Synth 8-6157] synthesizing module 'xpm_memory_sdpram__parameterized10' [/opt/tools/Xilinx/Vivado/2024.2/data/ip/xpm/xpm_memory/hdl/xpm_memory.sv:8556]
INFO: [Synth 8-6157] synthesizing module 'xpm_memory_base__parameterized10' [/opt/tools/Xilinx/Vivado/2024.2/data/ip/xpm/xpm_memory/hdl/xpm_memory.sv:54]
INFO: [Synth 8-6155] done synthesizing module 'xpm_memory_base__parameterized10' (0#1) [/opt/tools/Xilinx/Vivado/2024.2/data/ip/xpm/xpm_memory/hdl/xpm_memory.sv:54]
INFO: [Synth 8-6155] done synthesizing module 'xpm_memory_sdpram__parameterized10' (0#1) [/opt/tools/Xilinx/Vivado/2024.2/data/ip/xpm/xpm_memory/hdl/xpm_memory.sv:8556]
INFO: [Synth 8-6155] done synthesizing module 'bd_98e1_m02rn_0' (0#1) [/home/malik/andromeda_ila/AXI-Dot-Product-Accelerator/Vivado/puzhi/puzhi.gen/sources_1/bd/andromeda/ip/andromeda_axi_smc_0/bd_0/ip/ip_50/synth/bd_98e1_m02rn_0.sv:53]
INFO: [Synth 8-6157] synthesizing module 'bd_98e1_m02wn_0' [/home/malik/andromeda_ila/AXI-Dot-Product-Accelerator/Vivado/puzhi/puzhi.gen/sources_1/bd/andromeda/ip/andromeda_axi_smc_0/bd_0/ip/ip_52/synth/bd_98e1_m02wn_0.sv:53]
INFO: [Synth 8-6157] synthesizing module 'xpm_memory_sdpram__parameterized11' [/opt/tools/Xilinx/Vivado/2024.2/data/ip/xpm/xpm_memory/hdl/xpm_memory.sv:8556]
INFO: [Synth 8-6157] synthesizing module 'xpm_memory_base__parameterized11' [/opt/tools/Xilinx/Vivado/2024.2/data/ip/xpm/xpm_memory/hdl/xpm_memory.sv:54]
INFO: [Synth 8-6155] done synthesizing module 'xpm_memory_base__parameterized11' (0#1) [/opt/tools/Xilinx/Vivado/2024.2/data/ip/xpm/xpm_memory/hdl/xpm_memory.sv:54]
INFO: [Synth 8-6155] done synthesizing module 'xpm_memory_sdpram__parameterized11' (0#1) [/opt/tools/Xilinx/Vivado/2024.2/data/ip/xpm/xpm_memory/hdl/xpm_memory.sv:8556]
INFO: [Synth 8-6157] synthesizing module 'xpm_memory_sdpram__parameterized12' [/opt/tools/Xilinx/Vivado/2024.2/data/ip/xpm/xpm_memory/hdl/xpm_memory.sv:8556]
INFO: [Synth 8-6157] synthesizing module 'xpm_memory_base__parameterized12' [/opt/tools/Xilinx/Vivado/2024.2/data/ip/xpm/xpm_memory/hdl/xpm_memory.sv:54]
INFO: [Synth 8-6155] done synthesizing module 'xpm_memory_base__parameterized12' (0#1) [/opt/tools/Xilinx/Vivado/2024.2/data/ip/xpm/xpm_memory/hdl/xpm_memory.sv:54]
INFO: [Synth 8-6155] done synthesizing module 'xpm_memory_sdpram__parameterized12' (0#1) [/opt/tools/Xilinx/Vivado/2024.2/data/ip/xpm/xpm_memory/hdl/xpm_memory.sv:8556]
INFO: [Synth 8-6155] done synthesizing module 'bd_98e1_m02wn_0' (0#1) [/home/malik/andromeda_ila/AXI-Dot-Product-Accelerator/Vivado/puzhi/puzhi.gen/sources_1/bd/andromeda/ip/andromeda_axi_smc_0/bd_0/ip/ip_52/synth/bd_98e1_m02wn_0.sv:53]
INFO: [Synth 8-6155] done synthesizing module 'm02_nodes_imp_12X8B97' (0#1) [/home/malik/andromeda_ila/AXI-Dot-Product-Accelerator/Vivado/puzhi/puzhi.gen/sources_1/bd/andromeda/ip/andromeda_axi_smc_0/bd_0/synth/bd_98e1.v:4195]
INFO: [Synth 8-6157] synthesizing module 'bd_98e1_m02s2a_0' [/home/malik/andromeda_ila/AXI-Dot-Product-Accelerator/Vivado/puzhi/puzhi.gen/sources_1/bd/andromeda/ip/andromeda_axi_smc_0/bd_0/ip/ip_48/synth/bd_98e1_m02s2a_0.sv:53]
INFO: [Synth 8-6155] done synthesizing module 'bd_98e1_m02s2a_0' (0#1) [/home/malik/andromeda_ila/AXI-Dot-Product-Accelerator/Vivado/puzhi/puzhi.gen/sources_1/bd/andromeda/ip/andromeda_axi_smc_0/bd_0/ip/ip_48/synth/bd_98e1_m02s2a_0.sv:53]
INFO: [Synth 8-6157] synthesizing module 'm03_exit_pipeline_imp_184RAY' [/home/malik/andromeda_ila/AXI-Dot-Product-Accelerator/Vivado/puzhi/puzhi.gen/sources_1/bd/andromeda/ip/andromeda_axi_smc_0/bd_0/synth/bd_98e1.v:4446]
INFO: [Synth 8-6157] synthesizing module 'bd_98e1_m03e_0' [/home/malik/andromeda_ila/AXI-Dot-Product-Accelerator/Vivado/puzhi/puzhi.gen/sources_1/bd/andromeda/ip/andromeda_axi_smc_0/bd_0/ip/ip_61/synth/bd_98e1_m03e_0.sv:53]
INFO: [Synth 8-6155] done synthesizing module 'bd_98e1_m03e_0' (0#1) [/home/malik/andromeda_ila/AXI-Dot-Product-Accelerator/Vivado/puzhi/puzhi.gen/sources_1/bd/andromeda/ip/andromeda_axi_smc_0/bd_0/ip/ip_61/synth/bd_98e1_m03e_0.sv:53]
INFO: [Synth 8-6155] done synthesizing module 'm03_exit_pipeline_imp_184RAY' (0#1) [/home/malik/andromeda_ila/AXI-Dot-Product-Accelerator/Vivado/puzhi/puzhi.gen/sources_1/bd/andromeda/ip/andromeda_axi_smc_0/bd_0/synth/bd_98e1.v:4446]
INFO: [Synth 8-6157] synthesizing module 'm03_nodes_imp_4SM2KT' [/home/malik/andromeda_ila/AXI-Dot-Product-Accelerator/Vivado/puzhi/puzhi.gen/sources_1/bd/andromeda/ip/andromeda_axi_smc_0/bd_0/synth/bd_98e1.v:4688]
INFO: [Synth 8-6157] synthesizing module 'bd_98e1_m03arn_0' [/home/malik/andromeda_ila/AXI-Dot-Product-Accelerator/Vivado/puzhi/puzhi.gen/sources_1/bd/andromeda/ip/andromeda_axi_smc_0/bd_0/ip/ip_56/synth/bd_98e1_m03arn_0.sv:53]
INFO: [Synth 8-6155] done synthesizing module 'bd_98e1_m03arn_0' (0#1) [/home/malik/andromeda_ila/AXI-Dot-Product-Accelerator/Vivado/puzhi/puzhi.gen/sources_1/bd/andromeda/ip/andromeda_axi_smc_0/bd_0/ip/ip_56/synth/bd_98e1_m03arn_0.sv:53]
INFO: [Synth 8-6157] synthesizing module 'bd_98e1_m03awn_0' [/home/malik/andromeda_ila/AXI-Dot-Product-Accelerator/Vivado/puzhi/puzhi.gen/sources_1/bd/andromeda/ip/andromeda_axi_smc_0/bd_0/ip/ip_58/synth/bd_98e1_m03awn_0.sv:53]
INFO: [Synth 8-6155] done synthesizing module 'bd_98e1_m03awn_0' (0#1) [/home/malik/andromeda_ila/AXI-Dot-Product-Accelerator/Vivado/puzhi/puzhi.gen/sources_1/bd/andromeda/ip/andromeda_axi_smc_0/bd_0/ip/ip_58/synth/bd_98e1_m03awn_0.sv:53]
INFO: [Synth 8-6157] synthesizing module 'bd_98e1_m03bn_0' [/home/malik/andromeda_ila/AXI-Dot-Product-Accelerator/Vivado/puzhi/puzhi.gen/sources_1/bd/andromeda/ip/andromeda_axi_smc_0/bd_0/ip/ip_60/synth/bd_98e1_m03bn_0.sv:53]
INFO: [Synth 8-6155] done synthesizing module 'bd_98e1_m03bn_0' (0#1) [/home/malik/andromeda_ila/AXI-Dot-Product-Accelerator/Vivado/puzhi/puzhi.gen/sources_1/bd/andromeda/ip/andromeda_axi_smc_0/bd_0/ip/ip_60/synth/bd_98e1_m03bn_0.sv:53]
INFO: [Synth 8-6157] synthesizing module 'bd_98e1_m03rn_0' [/home/malik/andromeda_ila/AXI-Dot-Product-Accelerator/Vivado/puzhi/puzhi.gen/sources_1/bd/andromeda/ip/andromeda_axi_smc_0/bd_0/ip/ip_57/synth/bd_98e1_m03rn_0.sv:53]
INFO: [Synth 8-6155] done synthesizing module 'bd_98e1_m03rn_0' (0#1) [/home/malik/andromeda_ila/AXI-Dot-Product-Accelerator/Vivado/puzhi/puzhi.gen/sources_1/bd/andromeda/ip/andromeda_axi_smc_0/bd_0/ip/ip_57/synth/bd_98e1_m03rn_0.sv:53]
INFO: [Synth 8-6157] synthesizing module 'bd_98e1_m03wn_0' [/home/malik/andromeda_ila/AXI-Dot-Product-Accelerator/Vivado/puzhi/puzhi.gen/sources_1/bd/andromeda/ip/andromeda_axi_smc_0/bd_0/ip/ip_59/synth/bd_98e1_m03wn_0.sv:53]
INFO: [Synth 8-6155] done synthesizing module 'bd_98e1_m03wn_0' (0#1) [/home/malik/andromeda_ila/AXI-Dot-Product-Accelerator/Vivado/puzhi/puzhi.gen/sources_1/bd/andromeda/ip/andromeda_axi_smc_0/bd_0/ip/ip_59/synth/bd_98e1_m03wn_0.sv:53]
INFO: [Synth 8-6155] done synthesizing module 'm03_nodes_imp_4SM2KT' (0#1) [/home/malik/andromeda_ila/AXI-Dot-Product-Accelerator/Vivado/puzhi/puzhi.gen/sources_1/bd/andromeda/ip/andromeda_axi_smc_0/bd_0/synth/bd_98e1.v:4688]
INFO: [Synth 8-6157] synthesizing module 'bd_98e1_m03s2a_0' [/home/malik/andromeda_ila/AXI-Dot-Product-Accelerator/Vivado/puzhi/puzhi.gen/sources_1/bd/andromeda/ip/andromeda_axi_smc_0/bd_0/ip/ip_55/synth/bd_98e1_m03s2a_0.sv:53]
INFO: [Synth 8-6155] done synthesizing module 'bd_98e1_m03s2a_0' (0#1) [/home/malik/andromeda_ila/AXI-Dot-Product-Accelerator/Vivado/puzhi/puzhi.gen/sources_1/bd/andromeda/ip/andromeda_axi_smc_0/bd_0/ip/ip_55/synth/bd_98e1_m03s2a_0.sv:53]
INFO: [Synth 8-6157] synthesizing module 'm04_exit_pipeline_imp_R3UWZE' [/home/malik/andromeda_ila/AXI-Dot-Product-Accelerator/Vivado/puzhi/puzhi.gen/sources_1/bd/andromeda/ip/andromeda_axi_smc_0/bd_0/synth/bd_98e1.v:4939]
INFO: [Synth 8-6157] synthesizing module 'bd_98e1_m04e_0' [/home/malik/andromeda_ila/AXI-Dot-Product-Accelerator/Vivado/puzhi/puzhi.gen/sources_1/bd/andromeda/ip/andromeda_axi_smc_0/bd_0/ip/ip_68/synth/bd_98e1_m04e_0.sv:53]
INFO: [Synth 8-6155] done synthesizing module 'bd_98e1_m04e_0' (0#1) [/home/malik/andromeda_ila/AXI-Dot-Product-Accelerator/Vivado/puzhi/puzhi.gen/sources_1/bd/andromeda/ip/andromeda_axi_smc_0/bd_0/ip/ip_68/synth/bd_98e1_m04e_0.sv:53]
INFO: [Synth 8-6155] done synthesizing module 'm04_exit_pipeline_imp_R3UWZE' (0#1) [/home/malik/andromeda_ila/AXI-Dot-Product-Accelerator/Vivado/puzhi/puzhi.gen/sources_1/bd/andromeda/ip/andromeda_axi_smc_0/bd_0/synth/bd_98e1.v:4939]
INFO: [Synth 8-6157] synthesizing module 'm04_nodes_imp_WC351P' [/home/malik/andromeda_ila/AXI-Dot-Product-Accelerator/Vivado/puzhi/puzhi.gen/sources_1/bd/andromeda/ip/andromeda_axi_smc_0/bd_0/synth/bd_98e1.v:5237]
INFO: [Synth 8-6157] synthesizing module 'bd_98e1_m04arn_0' [/home/malik/andromeda_ila/AXI-Dot-Product-Accelerator/Vivado/puzhi/puzhi.gen/sources_1/bd/andromeda/ip/andromeda_axi_smc_0/bd_0/ip/ip_63/synth/bd_98e1_m04arn_0.sv:53]
INFO: [Synth 8-6155] done synthesizing module 'bd_98e1_m04arn_0' (0#1) [/home/malik/andromeda_ila/AXI-Dot-Product-Accelerator/Vivado/puzhi/puzhi.gen/sources_1/bd/andromeda/ip/andromeda_axi_smc_0/bd_0/ip/ip_63/synth/bd_98e1_m04arn_0.sv:53]
INFO: [Synth 8-6157] synthesizing module 'bd_98e1_m04awn_0' [/home/malik/andromeda_ila/AXI-Dot-Product-Accelerator/Vivado/puzhi/puzhi.gen/sources_1/bd/andromeda/ip/andromeda_axi_smc_0/bd_0/ip/ip_65/synth/bd_98e1_m04awn_0.sv:53]
INFO: [Synth 8-6155] done synthesizing module 'bd_98e1_m04awn_0' (0#1) [/home/malik/andromeda_ila/AXI-Dot-Product-Accelerator/Vivado/puzhi/puzhi.gen/sources_1/bd/andromeda/ip/andromeda_axi_smc_0/bd_0/ip/ip_65/synth/bd_98e1_m04awn_0.sv:53]
INFO: [Synth 8-6157] synthesizing module 'bd_98e1_m04bn_0' [/home/malik/andromeda_ila/AXI-Dot-Product-Accelerator/Vivado/puzhi/puzhi.gen/sources_1/bd/andromeda/ip/andromeda_axi_smc_0/bd_0/ip/ip_67/synth/bd_98e1_m04bn_0.sv:53]
INFO: [Synth 8-6155] done synthesizing module 'bd_98e1_m04bn_0' (0#1) [/home/malik/andromeda_ila/AXI-Dot-Product-Accelerator/Vivado/puzhi/puzhi.gen/sources_1/bd/andromeda/ip/andromeda_axi_smc_0/bd_0/ip/ip_67/synth/bd_98e1_m04bn_0.sv:53]
INFO: [Synth 8-6157] synthesizing module 'bd_98e1_m04rn_0' [/home/malik/andromeda_ila/AXI-Dot-Product-Accelerator/Vivado/puzhi/puzhi.gen/sources_1/bd/andromeda/ip/andromeda_axi_smc_0/bd_0/ip/ip_64/synth/bd_98e1_m04rn_0.sv:53]
INFO: [Synth 8-6155] done synthesizing module 'bd_98e1_m04rn_0' (0#1) [/home/malik/andromeda_ila/AXI-Dot-Product-Accelerator/Vivado/puzhi/puzhi.gen/sources_1/bd/andromeda/ip/andromeda_axi_smc_0/bd_0/ip/ip_64/synth/bd_98e1_m04rn_0.sv:53]
INFO: [Synth 8-6157] synthesizing module 'bd_98e1_m04wn_0' [/home/malik/andromeda_ila/AXI-Dot-Product-Accelerator/Vivado/puzhi/puzhi.gen/sources_1/bd/andromeda/ip/andromeda_axi_smc_0/bd_0/ip/ip_66/synth/bd_98e1_m04wn_0.sv:53]
INFO: [Synth 8-6155] done synthesizing module 'bd_98e1_m04wn_0' (0#1) [/home/malik/andromeda_ila/AXI-Dot-Product-Accelerator/Vivado/puzhi/puzhi.gen/sources_1/bd/andromeda/ip/andromeda_axi_smc_0/bd_0/ip/ip_66/synth/bd_98e1_m04wn_0.sv:53]
INFO: [Synth 8-6155] done synthesizing module 'm04_nodes_imp_WC351P' (0#1) [/home/malik/andromeda_ila/AXI-Dot-Product-Accelerator/Vivado/puzhi/puzhi.gen/sources_1/bd/andromeda/ip/andromeda_axi_smc_0/bd_0/synth/bd_98e1.v:5237]
INFO: [Synth 8-6157] synthesizing module 'bd_98e1_m04s2a_0' [/home/malik/andromeda_ila/AXI-Dot-Product-Accelerator/Vivado/puzhi/puzhi.gen/sources_1/bd/andromeda/ip/andromeda_axi_smc_0/bd_0/ip/ip_62/synth/bd_98e1_m04s2a_0.sv:53]
INFO: [Synth 8-6155] done synthesizing module 'bd_98e1_m04s2a_0' (0#1) [/home/malik/andromeda_ila/AXI-Dot-Product-Accelerator/Vivado/puzhi/puzhi.gen/sources_1/bd/andromeda/ip/andromeda_axi_smc_0/bd_0/ip/ip_62/synth/bd_98e1_m04s2a_0.sv:53]
INFO: [Synth 8-6157] synthesizing module 'bd_98e1_s00a2s_0' [/home/malik/andromeda_ila/AXI-Dot-Product-Accelerator/Vivado/puzhi/puzhi.gen/sources_1/bd/andromeda/ip/andromeda_axi_smc_0/bd_0/ip/ip_12/synth/bd_98e1_s00a2s_0.sv:53]
INFO: [Synth 8-6155] done synthesizing module 'bd_98e1_s00a2s_0' (0#1) [/home/malik/andromeda_ila/AXI-Dot-Product-Accelerator/Vivado/puzhi/puzhi.gen/sources_1/bd/andromeda/ip/andromeda_axi_smc_0/bd_0/ip/ip_12/synth/bd_98e1_s00a2s_0.sv:53]
INFO: [Synth 8-6157] synthesizing module 's00_entry_pipeline_imp_1GS4OS9' [/home/malik/andromeda_ila/AXI-Dot-Product-Accelerator/Vivado/puzhi/puzhi.gen/sources_1/bd/andromeda/ip/andromeda_axi_smc_0/bd_0/synth/bd_98e1.v:5488]
INFO: [Synth 8-6157] synthesizing module 'bd_98e1_s00mmu_0' [/home/malik/andromeda_ila/AXI-Dot-Product-Accelerator/Vivado/puzhi/puzhi.gen/sources_1/bd/andromeda/ip/andromeda_axi_smc_0/bd_0/ip/ip_9/synth/bd_98e1_s00mmu_0.sv:53]
INFO: [Synth 8-6155] done synthesizing module 'bd_98e1_s00mmu_0' (0#1) [/home/malik/andromeda_ila/AXI-Dot-Product-Accelerator/Vivado/puzhi/puzhi.gen/sources_1/bd/andromeda/ip/andromeda_axi_smc_0/bd_0/ip/ip_9/synth/bd_98e1_s00mmu_0.sv:53]
INFO: [Synth 8-6157] synthesizing module 'bd_98e1_s00sic_0' [/home/malik/andromeda_ila/AXI-Dot-Product-Accelerator/Vivado/puzhi/puzhi.gen/sources_1/bd/andromeda/ip/andromeda_axi_smc_0/bd_0/ip/ip_11/synth/bd_98e1_s00sic_0.sv:53]
INFO: [Synth 8-6155] done synthesizing module 'bd_98e1_s00sic_0' (0#1) [/home/malik/andromeda_ila/AXI-Dot-Product-Accelerator/Vivado/puzhi/puzhi.gen/sources_1/bd/andromeda/ip/andromeda_axi_smc_0/bd_0/ip/ip_11/synth/bd_98e1_s00sic_0.sv:53]
INFO: [Synth 8-6157] synthesizing module 'bd_98e1_s00tr_0' [/home/malik/andromeda_ila/AXI-Dot-Product-Accelerator/Vivado/puzhi/puzhi.gen/sources_1/bd/andromeda/ip/andromeda_axi_smc_0/bd_0/ip/ip_10/synth/bd_98e1_s00tr_0.sv:53]
INFO: [Synth 8-6155] done synthesizing module 'bd_98e1_s00tr_0' (0#1) [/home/malik/andromeda_ila/AXI-Dot-Product-Accelerator/Vivado/puzhi/puzhi.gen/sources_1/bd/andromeda/ip/andromeda_axi_smc_0/bd_0/ip/ip_10/synth/bd_98e1_s00tr_0.sv:53]
WARNING: [Synth 8-7071] port 'm_axi_awburst' of module 'bd_98e1_s00tr_0' is unconnected for instance 's00_transaction_regulator' [/home/malik/andromeda_ila/AXI-Dot-Product-Accelerator/Vivado/puzhi/puzhi.gen/sources_1/bd/andromeda/ip/andromeda_axi_smc_0/bd_0/synth/bd_98e1.v:5887]
WARNING: [Synth 8-7071] port 'm_axi_arburst' of module 'bd_98e1_s00tr_0' is unconnected for instance 's00_transaction_regulator' [/home/malik/andromeda_ila/AXI-Dot-Product-Accelerator/Vivado/puzhi/puzhi.gen/sources_1/bd/andromeda/ip/andromeda_axi_smc_0/bd_0/synth/bd_98e1.v:5887]
WARNING: [Synth 8-7023] instance 's00_transaction_regulator' of module 'bd_98e1_s00tr_0' has 82 connections declared, but only 80 given [/home/malik/andromeda_ila/AXI-Dot-Product-Accelerator/Vivado/puzhi/puzhi.gen/sources_1/bd/andromeda/ip/andromeda_axi_smc_0/bd_0/synth/bd_98e1.v:5887]
INFO: [Synth 8-6155] done synthesizing module 's00_entry_pipeline_imp_1GS4OS9' (0#1) [/home/malik/andromeda_ila/AXI-Dot-Product-Accelerator/Vivado/puzhi/puzhi.gen/sources_1/bd/andromeda/ip/andromeda_axi_smc_0/bd_0/synth/bd_98e1.v:5488]
INFO: [Synth 8-6157] synthesizing module 's00_nodes_imp_1BL6NVN' [/home/malik/andromeda_ila/AXI-Dot-Product-Accelerator/Vivado/puzhi/puzhi.gen/sources_1/bd/andromeda/ip/andromeda_axi_smc_0/bd_0/synth/bd_98e1.v:5970]
INFO: [Synth 8-6157] synthesizing module 'bd_98e1_sarn_0' [/home/malik/andromeda_ila/AXI-Dot-Product-Accelerator/Vivado/puzhi/puzhi.gen/sources_1/bd/andromeda/ip/andromeda_axi_smc_0/bd_0/ip/ip_13/synth/bd_98e1_sarn_0.sv:53]
INFO: [Synth 8-6157] synthesizing module 'xpm_memory_sdpram__parameterized13' [/opt/tools/Xilinx/Vivado/2024.2/data/ip/xpm/xpm_memory/hdl/xpm_memory.sv:8556]
INFO: [Synth 8-6157] synthesizing module 'xpm_memory_base__parameterized13' [/opt/tools/Xilinx/Vivado/2024.2/data/ip/xpm/xpm_memory/hdl/xpm_memory.sv:54]
INFO: [Synth 8-6155] done synthesizing module 'xpm_memory_base__parameterized13' (0#1) [/opt/tools/Xilinx/Vivado/2024.2/data/ip/xpm/xpm_memory/hdl/xpm_memory.sv:54]
INFO: [Synth 8-6155] done synthesizing module 'xpm_memory_sdpram__parameterized13' (0#1) [/opt/tools/Xilinx/Vivado/2024.2/data/ip/xpm/xpm_memory/hdl/xpm_memory.sv:8556]
INFO: [Synth 8-6157] synthesizing module 'xpm_memory_sdpram__parameterized14' [/opt/tools/Xilinx/Vivado/2024.2/data/ip/xpm/xpm_memory/hdl/xpm_memory.sv:8556]
INFO: [Synth 8-6157] synthesizing module 'xpm_memory_base__parameterized14' [/opt/tools/Xilinx/Vivado/2024.2/data/ip/xpm/xpm_memory/hdl/xpm_memory.sv:54]
INFO: [Synth 8-6155] done synthesizing module 'xpm_memory_base__parameterized14' (0#1) [/opt/tools/Xilinx/Vivado/2024.2/data/ip/xpm/xpm_memory/hdl/xpm_memory.sv:54]
INFO: [Synth 8-6155] done synthesizing module 'xpm_memory_sdpram__parameterized14' (0#1) [/opt/tools/Xilinx/Vivado/2024.2/data/ip/xpm/xpm_memory/hdl/xpm_memory.sv:8556]
INFO: [Synth 8-6155] done synthesizing module 'bd_98e1_sarn_0' (0#1) [/home/malik/andromeda_ila/AXI-Dot-Product-Accelerator/Vivado/puzhi/puzhi.gen/sources_1/bd/andromeda/ip/andromeda_axi_smc_0/bd_0/ip/ip_13/synth/bd_98e1_sarn_0.sv:53]
INFO: [Synth 8-6157] synthesizing module 'bd_98e1_sawn_0' [/home/malik/andromeda_ila/AXI-Dot-Product-Accelerator/Vivado/puzhi/puzhi.gen/sources_1/bd/andromeda/ip/andromeda_axi_smc_0/bd_0/ip/ip_15/synth/bd_98e1_sawn_0.sv:53]
INFO: [Synth 8-6155] done synthesizing module 'bd_98e1_sawn_0' (0#1) [/home/malik/andromeda_ila/AXI-Dot-Product-Accelerator/Vivado/puzhi/puzhi.gen/sources_1/bd/andromeda/ip/andromeda_axi_smc_0/bd_0/ip/ip_15/synth/bd_98e1_sawn_0.sv:53]
INFO: [Synth 8-6157] synthesizing module 'bd_98e1_sbn_0' [/home/malik/andromeda_ila/AXI-Dot-Product-Accelerator/Vivado/puzhi/puzhi.gen/sources_1/bd/andromeda/ip/andromeda_axi_smc_0/bd_0/ip/ip_17/synth/bd_98e1_sbn_0.sv:53]
INFO: [Synth 8-6157] synthesizing module 'xpm_memory_sdpram__parameterized15' [/opt/tools/Xilinx/Vivado/2024.2/data/ip/xpm/xpm_memory/hdl/xpm_memory.sv:8556]
INFO: [Synth 8-6157] synthesizing module 'xpm_memory_base__parameterized15' [/opt/tools/Xilinx/Vivado/2024.2/data/ip/xpm/xpm_memory/hdl/xpm_memory.sv:54]
INFO: [Synth 8-6155] done synthesizing module 'xpm_memory_base__parameterized15' (0#1) [/opt/tools/Xilinx/Vivado/2024.2/data/ip/xpm/xpm_memory/hdl/xpm_memory.sv:54]
INFO: [Synth 8-6155] done synthesizing module 'xpm_memory_sdpram__parameterized15' (0#1) [/opt/tools/Xilinx/Vivado/2024.2/data/ip/xpm/xpm_memory/hdl/xpm_memory.sv:8556]
INFO: [Synth 8-6155] done synthesizing module 'bd_98e1_sbn_0' (0#1) [/home/malik/andromeda_ila/AXI-Dot-Product-Accelerator/Vivado/puzhi/puzhi.gen/sources_1/bd/andromeda/ip/andromeda_axi_smc_0/bd_0/ip/ip_17/synth/bd_98e1_sbn_0.sv:53]
INFO: [Synth 8-6157] synthesizing module 'bd_98e1_srn_0' [/home/malik/andromeda_ila/AXI-Dot-Product-Accelerator/Vivado/puzhi/puzhi.gen/sources_1/bd/andromeda/ip/andromeda_axi_smc_0/bd_0/ip/ip_14/synth/bd_98e1_srn_0.sv:53]
INFO: [Synth 8-6157] synthesizing module 'xpm_memory_sdpram__parameterized16' [/opt/tools/Xilinx/Vivado/2024.2/data/ip/xpm/xpm_memory/hdl/xpm_memory.sv:8556]
INFO: [Synth 8-6157] synthesizing module 'xpm_memory_base__parameterized16' [/opt/tools/Xilinx/Vivado/2024.2/data/ip/xpm/xpm_memory/hdl/xpm_memory.sv:54]
INFO: [Synth 8-6155] done synthesizing module 'xpm_memory_base__parameterized16' (0#1) [/opt/tools/Xilinx/Vivado/2024.2/data/ip/xpm/xpm_memory/hdl/xpm_memory.sv:54]
INFO: [Synth 8-6155] done synthesizing module 'xpm_memory_sdpram__parameterized16' (0#1) [/opt/tools/Xilinx/Vivado/2024.2/data/ip/xpm/xpm_memory/hdl/xpm_memory.sv:8556]
INFO: [Synth 8-6155] done synthesizing module 'bd_98e1_srn_0' (0#1) [/home/malik/andromeda_ila/AXI-Dot-Product-Accelerator/Vivado/puzhi/puzhi.gen/sources_1/bd/andromeda/ip/andromeda_axi_smc_0/bd_0/ip/ip_14/synth/bd_98e1_srn_0.sv:53]
INFO: [Synth 8-6157] synthesizing module 'bd_98e1_swn_0' [/home/malik/andromeda_ila/AXI-Dot-Product-Accelerator/Vivado/puzhi/puzhi.gen/sources_1/bd/andromeda/ip/andromeda_axi_smc_0/bd_0/ip/ip_16/synth/bd_98e1_swn_0.sv:53]
INFO: [Common 17-14] Message 'Synth 8-6157' appears 100 times and further instances of the messages will be disabled. Use the Tcl command set_msg_config to change the current settings.
INFO: [Synth 8-6155] done synthesizing module 'xpm_memory_base__parameterized17' (0#1) [/opt/tools/Xilinx/Vivado/2024.2/data/ip/xpm/xpm_memory/hdl/xpm_memory.sv:54]
INFO: [Synth 8-6155] done synthesizing module 'xpm_memory_sdpram__parameterized17' (0#1) [/opt/tools/Xilinx/Vivado/2024.2/data/ip/xpm/xpm_memory/hdl/xpm_memory.sv:8556]
INFO: [Synth 8-6155] done synthesizing module 'bd_98e1_swn_0' (0#1) [/home/malik/andromeda_ila/AXI-Dot-Product-Accelerator/Vivado/puzhi/puzhi.gen/sources_1/bd/andromeda/ip/andromeda_axi_smc_0/bd_0/ip/ip_16/synth/bd_98e1_swn_0.sv:53]
INFO: [Synth 8-6155] done synthesizing module 's00_nodes_imp_1BL6NVN' (0#1) [/home/malik/andromeda_ila/AXI-Dot-Product-Accelerator/Vivado/puzhi/puzhi.gen/sources_1/bd/andromeda/ip/andromeda_axi_smc_0/bd_0/synth/bd_98e1.v:5970]
INFO: [Common 17-14] Message 'Synth 8-6155' appears 100 times and further instances of the messages will be disabled. Use the Tcl command set_msg_config to change the current settings.
WARNING: [Synth 8-7071] port 'M02_SC_R_info' of module 'switchboards_imp_1HEDP4N' is unconnected for instance 'switchboards' [/home/malik/andromeda_ila/AXI-Dot-Product-Accelerator/Vivado/puzhi/puzhi.gen/sources_1/bd/andromeda/ip/andromeda_axi_smc_0/bd_0/synth/bd_98e1.v:2672]
WARNING: [Synth 8-7071] port 'M02_SC_R_payld' of module 'switchboards_imp_1HEDP4N' is unconnected for instance 'switchboards' [/home/malik/andromeda_ila/AXI-Dot-Product-Accelerator/Vivado/puzhi/puzhi.gen/sources_1/bd/andromeda/ip/andromeda_axi_smc_0/bd_0/synth/bd_98e1.v:2672]
WARNING: [Synth 8-7071] port 'M02_SC_R_req' of module 'switchboards_imp_1HEDP4N' is unconnected for instance 'switchboards' [/home/malik/andromeda_ila/AXI-Dot-Product-Accelerator/Vivado/puzhi/puzhi.gen/sources_1/bd/andromeda/ip/andromeda_axi_smc_0/bd_0/synth/bd_98e1.v:2672]
WARNING: [Synth 8-7071] port 'M02_SC_R_send' of module 'switchboards_imp_1HEDP4N' is unconnected for instance 'switchboards' [/home/malik/andromeda_ila/AXI-Dot-Product-Accelerator/Vivado/puzhi/puzhi.gen/sources_1/bd/andromeda/ip/andromeda_axi_smc_0/bd_0/synth/bd_98e1.v:2672]
WARNING: [Synth 8-7071] port 'S02_SC_AR_recv' of module 'switchboards_imp_1HEDP4N' is unconnected for instance 'switchboards' [/home/malik/andromeda_ila/AXI-Dot-Product-Accelerator/Vivado/puzhi/puzhi.gen/sources_1/bd/andromeda/ip/andromeda_axi_smc_0/bd_0/synth/bd_98e1.v:2672]
WARNING: [Synth 8-7023] instance 'switchboards' of module 'switchboards_imp_1HEDP4N' has 202 connections declared, but only 197 given [/home/malik/andromeda_ila/AXI-Dot-Product-Accelerator/Vivado/puzhi/puzhi.gen/sources_1/bd/andromeda/ip/andromeda_axi_smc_0/bd_0/synth/bd_98e1.v:2672]
WARNING: [Synth 8-3848] Net aresetn_out in module/entity clk_map_imp_1IV4UCH does not have driver. [/home/malik/andromeda_ila/AXI-Dot-Product-Accelerator/Vivado/puzhi/puzhi.gen/sources_1/bd/andromeda/ip/andromeda_axi_smc_0/bd_0/synth/bd_98e1.v:2914]
INFO: [Synth 8-4490] FSM extraction disabled for register 'gen_pipelined.state_reg' through user attribute
INFO: [Synth 8-4490] FSM extraction disabled for register 'gen_pipelined.state_reg' through user attribute
INFO: [Synth 8-4490] FSM extraction disabled for register 'gen_pipelined.state_reg' through user attribute
INFO: [Synth 8-4490] FSM extraction disabled for register 'gen_AB_reg_slice.state_reg' through user attribute
WARNING: [Synth 8-6014] Unused sequential element dest_out_bin_ff_reg was removed.  [/opt/tools/Xilinx/Vivado/2024.2/data/ip/xpm/xpm_cdc/hdl/xpm_cdc.sv:417]
INFO: [Synth 8-4490] FSM extraction disabled for register 'gen_pipelined.state_reg' through user attribute
INFO: [Synth 8-4490] FSM extraction disabled for register 'gen_pipelined.state_reg' through user attribute
INFO: [Synth 8-4490] FSM extraction disabled for register 'gen_AB_reg_slice.state_reg' through user attribute
INFO: [Synth 8-4490] FSM extraction disabled for register 'gen_pipelined.state_reg' through user attribute
INFO: [Synth 8-4490] FSM extraction disabled for register 'gen_pipelined.state_reg' through user attribute
INFO: [Synth 8-4490] FSM extraction disabled for register 'gen_pipelined.state_reg' through user attribute
INFO: [Synth 8-4490] FSM extraction disabled for register 'gen_pipelined.state_reg' through user attribute
WARNING: [Synth 8-7129] Port aclk in module sc_util_v1_0_4_pipeline__parameterized13 is either unconnected or has no load
WARNING: [Synth 8-7129] Port aclken in module sc_util_v1_0_4_pipeline__parameterized13 is either unconnected or has no load
WARNING: [Synth 8-7129] Port areset in module sc_util_v1_0_4_pipeline__parameterized13 is either unconnected or has no load
WARNING: [Synth 8-7129] Port din[0] in module sc_util_v1_0_4_onehot_to_binary__parameterized2 is either unconnected or has no load
WARNING: [Synth 8-7129] Port aclk in module sc_util_v1_0_4_pipeline__parameterized8 is either unconnected or has no load
WARNING: [Synth 8-7129] Port aclken in module sc_util_v1_0_4_pipeline__parameterized8 is either unconnected or has no load
WARNING: [Synth 8-7129] Port areset in module sc_util_v1_0_4_pipeline__parameterized8 is either unconnected or has no load
WARNING: [Synth 8-7129] Port connectivity[14] in module sc_switchboard_v1_0_8_top__parameterized2 is either unconnected or has no load
WARNING: [Synth 8-7129] Port connectivity[13] in module sc_switchboard_v1_0_8_top__parameterized2 is either unconnected or has no load
WARNING: [Synth 8-7129] Port connectivity[12] in module sc_switchboard_v1_0_8_top__parameterized2 is either unconnected or has no load
WARNING: [Synth 8-7129] Port connectivity[11] in module sc_switchboard_v1_0_8_top__parameterized2 is either unconnected or has no load
WARNING: [Synth 8-7129] Port connectivity[10] in module sc_switchboard_v1_0_8_top__parameterized2 is either unconnected or has no load
WARNING: [Synth 8-7129] Port connectivity[9] in module sc_switchboard_v1_0_8_top__parameterized2 is either unconnected or has no load
WARNING: [Synth 8-7129] Port connectivity[8] in module sc_switchboard_v1_0_8_top__parameterized2 is either unconnected or has no load
WARNING: [Synth 8-7129] Port connectivity[7] in module sc_switchboard_v1_0_8_top__parameterized2 is either unconnected or has no load
WARNING: [Synth 8-7129] Port connectivity[6] in module sc_switchboard_v1_0_8_top__parameterized2 is either unconnected or has no load
WARNING: [Synth 8-7129] Port connectivity[5] in module sc_switchboard_v1_0_8_top__parameterized2 is either unconnected or has no load
WARNING: [Synth 8-7129] Port connectivity[4] in module sc_switchboard_v1_0_8_top__parameterized2 is either unconnected or has no load
WARNING: [Synth 8-7129] Port connectivity[3] in module sc_switchboard_v1_0_8_top__parameterized2 is either unconnected or has no load
WARNING: [Synth 8-7129] Port connectivity[2] in module sc_switchboard_v1_0_8_top__parameterized2 is either unconnected or has no load
WARNING: [Synth 8-7129] Port connectivity[1] in module sc_switchboard_v1_0_8_top__parameterized2 is either unconnected or has no load
WARNING: [Synth 8-7129] Port connectivity[0] in module sc_switchboard_v1_0_8_top__parameterized2 is either unconnected or has no load
WARNING: [Synth 8-7129] Port s_sc_send[13] in module sc_switchboard_v1_0_8_top__parameterized2 is either unconnected or has no load
WARNING: [Synth 8-7129] Port s_sc_send[12] in module sc_switchboard_v1_0_8_top__parameterized2 is either unconnected or has no load
WARNING: [Synth 8-7129] Port s_sc_send[11] in module sc_switchboard_v1_0_8_top__parameterized2 is either unconnected or has no load
WARNING: [Synth 8-7129] Port s_sc_send[10] in module sc_switchboard_v1_0_8_top__parameterized2 is either unconnected or has no load
WARNING: [Synth 8-7129] Port s_sc_send[8] in module sc_switchboard_v1_0_8_top__parameterized2 is either unconnected or has no load
WARNING: [Synth 8-7129] Port s_sc_send[7] in module sc_switchboard_v1_0_8_top__parameterized2 is either unconnected or has no load
WARNING: [Synth 8-7129] Port s_sc_send[6] in module sc_switchboard_v1_0_8_top__parameterized2 is either unconnected or has no load
WARNING: [Synth 8-7129] Port s_sc_send[5] in module sc_switchboard_v1_0_8_top__parameterized2 is either unconnected or has no load
WARNING: [Synth 8-7129] Port s_sc_req[13] in module sc_switchboard_v1_0_8_top__parameterized2 is either unconnected or has no load
WARNING: [Synth 8-7129] Port s_sc_req[12] in module sc_switchboard_v1_0_8_top__parameterized2 is either unconnected or has no load
WARNING: [Synth 8-7129] Port s_sc_req[11] in module sc_switchboard_v1_0_8_top__parameterized2 is either unconnected or has no load
WARNING: [Synth 8-7129] Port s_sc_req[10] in module sc_switchboard_v1_0_8_top__parameterized2 is either unconnected or has no load
WARNING: [Synth 8-7129] Port s_sc_req[8] in module sc_switchboard_v1_0_8_top__parameterized2 is either unconnected or has no load
WARNING: [Synth 8-7129] Port s_sc_req[7] in module sc_switchboard_v1_0_8_top__parameterized2 is either unconnected or has no load
WARNING: [Synth 8-7129] Port s_sc_req[6] in module sc_switchboard_v1_0_8_top__parameterized2 is either unconnected or has no load
WARNING: [Synth 8-7129] Port s_sc_req[5] in module sc_switchboard_v1_0_8_top__parameterized2 is either unconnected or has no load
WARNING: [Synth 8-7129] Port s_sc_info[13] in module sc_switchboard_v1_0_8_top__parameterized2 is either unconnected or has no load
WARNING: [Synth 8-7129] Port s_sc_info[12] in module sc_switchboard_v1_0_8_top__parameterized2 is either unconnected or has no load
WARNING: [Synth 8-7129] Port s_sc_info[11] in module sc_switchboard_v1_0_8_top__parameterized2 is either unconnected or has no load
WARNING: [Synth 8-7129] Port s_sc_info[10] in module sc_switchboard_v1_0_8_top__parameterized2 is either unconnected or has no load
WARNING: [Synth 8-7129] Port s_sc_info[8] in module sc_switchboard_v1_0_8_top__parameterized2 is either unconnected or has no load
WARNING: [Synth 8-7129] Port s_sc_info[7] in module sc_switchboard_v1_0_8_top__parameterized2 is either unconnected or has no load
WARNING: [Synth 8-7129] Port s_sc_info[6] in module sc_switchboard_v1_0_8_top__parameterized2 is either unconnected or has no load
WARNING: [Synth 8-7129] Port s_sc_info[5] in module sc_switchboard_v1_0_8_top__parameterized2 is either unconnected or has no load
WARNING: [Synth 8-7129] Port aclk in module sc_util_v1_0_4_pipeline__parameterized1 is either unconnected or has no load
WARNING: [Synth 8-7129] Port aclken in module sc_util_v1_0_4_pipeline__parameterized1 is either unconnected or has no load
WARNING: [Synth 8-7129] Port areset in module sc_util_v1_0_4_pipeline__parameterized1 is either unconnected or has no load
WARNING: [Synth 8-7129] Port din[0] in module sc_util_v1_0_4_onehot_to_binary__parameterized3 is either unconnected or has no load
WARNING: [Synth 8-7129] Port aclk in module sc_util_v1_0_4_pipeline__parameterized6 is either unconnected or has no load
WARNING: [Synth 8-7129] Port aclken in module sc_util_v1_0_4_pipeline__parameterized6 is either unconnected or has no load
WARNING: [Synth 8-7129] Port areset in module sc_util_v1_0_4_pipeline__parameterized6 is either unconnected or has no load
WARNING: [Synth 8-7129] Port connectivity[14] in module sc_switchboard_v1_0_8_top__parameterized1 is either unconnected or has no load
WARNING: [Synth 8-7129] Port connectivity[13] in module sc_switchboard_v1_0_8_top__parameterized1 is either unconnected or has no load
WARNING: [Synth 8-7129] Port connectivity[12] in module sc_switchboard_v1_0_8_top__parameterized1 is either unconnected or has no load
WARNING: [Synth 8-7129] Port connectivity[11] in module sc_switchboard_v1_0_8_top__parameterized1 is either unconnected or has no load
WARNING: [Synth 8-7129] Port connectivity[10] in module sc_switchboard_v1_0_8_top__parameterized1 is either unconnected or has no load
WARNING: [Synth 8-7129] Port connectivity[9] in module sc_switchboard_v1_0_8_top__parameterized1 is either unconnected or has no load
WARNING: [Synth 8-7129] Port connectivity[8] in module sc_switchboard_v1_0_8_top__parameterized1 is either unconnected or has no load
WARNING: [Synth 8-7129] Port connectivity[7] in module sc_switchboard_v1_0_8_top__parameterized1 is either unconnected or has no load
WARNING: [Synth 8-7129] Port connectivity[6] in module sc_switchboard_v1_0_8_top__parameterized1 is either unconnected or has no load
WARNING: [Synth 8-7129] Port connectivity[5] in module sc_switchboard_v1_0_8_top__parameterized1 is either unconnected or has no load
WARNING: [Synth 8-7129] Port connectivity[4] in module sc_switchboard_v1_0_8_top__parameterized1 is either unconnected or has no load
WARNING: [Synth 8-7129] Port connectivity[3] in module sc_switchboard_v1_0_8_top__parameterized1 is either unconnected or has no load
WARNING: [Synth 8-7129] Port connectivity[2] in module sc_switchboard_v1_0_8_top__parameterized1 is either unconnected or has no load
WARNING: [Synth 8-7129] Port connectivity[1] in module sc_switchboard_v1_0_8_top__parameterized1 is either unconnected or has no load
WARNING: [Synth 8-7129] Port connectivity[0] in module sc_switchboard_v1_0_8_top__parameterized1 is either unconnected or has no load
WARNING: [Synth 8-7129] Port s_sc_send[11] in module sc_switchboard_v1_0_8_top__parameterized1 is either unconnected or has no load
WARNING: [Synth 8-7129] Port s_sc_send[10] in module sc_switchboard_v1_0_8_top__parameterized1 is either unconnected or has no load
WARNING: [Synth 8-7129] Port s_sc_send[8] in module sc_switchboard_v1_0_8_top__parameterized1 is either unconnected or has no load
WARNING: [Synth 8-7129] Port s_sc_send[7] in module sc_switchboard_v1_0_8_top__parameterized1 is either unconnected or has no load
WARNING: [Synth 8-7129] Port s_sc_send[5] in module sc_switchboard_v1_0_8_top__parameterized1 is either unconnected or has no load
WARNING: [Synth 8-7129] Port s_sc_send[4] in module sc_switchboard_v1_0_8_top__parameterized1 is either unconnected or has no load
WARNING: [Synth 8-7129] Port s_sc_send[2] in module sc_switchboard_v1_0_8_top__parameterized1 is either unconnected or has no load
WARNING: [Synth 8-7129] Port s_sc_send[1] in module sc_switchboard_v1_0_8_top__parameterized1 is either unconnected or has no load
WARNING: [Synth 8-7129] Port s_sc_req[11] in module sc_switchboard_v1_0_8_top__parameterized1 is either unconnected or has no load
WARNING: [Synth 8-7129] Port s_sc_req[10] in module sc_switchboard_v1_0_8_top__parameterized1 is either unconnected or has no load
WARNING: [Synth 8-7129] Port s_sc_req[8] in module sc_switchboard_v1_0_8_top__parameterized1 is either unconnected or has no load
WARNING: [Synth 8-7129] Port s_sc_req[7] in module sc_switchboard_v1_0_8_top__parameterized1 is either unconnected or has no load
WARNING: [Synth 8-7129] Port s_sc_req[5] in module sc_switchboard_v1_0_8_top__parameterized1 is either unconnected or has no load
WARNING: [Synth 8-7129] Port s_sc_req[4] in module sc_switchboard_v1_0_8_top__parameterized1 is either unconnected or has no load
WARNING: [Synth 8-7129] Port s_sc_req[2] in module sc_switchboard_v1_0_8_top__parameterized1 is either unconnected or has no load
WARNING: [Synth 8-7129] Port s_sc_req[1] in module sc_switchboard_v1_0_8_top__parameterized1 is either unconnected or has no load
WARNING: [Synth 8-7129] Port s_sc_info[11] in module sc_switchboard_v1_0_8_top__parameterized1 is either unconnected or has no load
WARNING: [Synth 8-7129] Port s_sc_info[10] in module sc_switchboard_v1_0_8_top__parameterized1 is either unconnected or has no load
WARNING: [Synth 8-7129] Port s_sc_info[8] in module sc_switchboard_v1_0_8_top__parameterized1 is either unconnected or has no load
WARNING: [Synth 8-7129] Port s_sc_info[7] in module sc_switchboard_v1_0_8_top__parameterized1 is either unconnected or has no load
WARNING: [Synth 8-7129] Port s_sc_info[5] in module sc_switchboard_v1_0_8_top__parameterized1 is either unconnected or has no load
WARNING: [Synth 8-7129] Port s_sc_info[4] in module sc_switchboard_v1_0_8_top__parameterized1 is either unconnected or has no load
WARNING: [Synth 8-7129] Port s_sc_info[2] in module sc_switchboard_v1_0_8_top__parameterized1 is either unconnected or has no load
WARNING: [Synth 8-7129] Port s_sc_info[1] in module sc_switchboard_v1_0_8_top__parameterized1 is either unconnected or has no load
WARNING: [Synth 8-7129] Port aclk in module sc_util_v1_0_4_pipeline__parameterized5 is either unconnected or has no load
WARNING: [Synth 8-7129] Port aclken in module sc_util_v1_0_4_pipeline__parameterized5 is either unconnected or has no load
WARNING: [Synth 8-7129] Port areset in module sc_util_v1_0_4_pipeline__parameterized5 is either unconnected or has no load
WARNING: [Synth 8-7129] Port connectivity[14] in module sc_switchboard_v1_0_8_top__parameterized0 is either unconnected or has no load
WARNING: [Synth 8-7129] Port connectivity[13] in module sc_switchboard_v1_0_8_top__parameterized0 is either unconnected or has no load
WARNING: [Synth 8-7129] Port connectivity[12] in module sc_switchboard_v1_0_8_top__parameterized0 is either unconnected or has no load
WARNING: [Synth 8-7129] Port connectivity[11] in module sc_switchboard_v1_0_8_top__parameterized0 is either unconnected or has no load
WARNING: [Synth 8-7129] Port connectivity[10] in module sc_switchboard_v1_0_8_top__parameterized0 is either unconnected or has no load
INFO: [Common 17-14] Message 'Synth 8-7129' appears 100 times and further instances of the messages will be disabled. Use the Tcl command set_msg_config to change the current settings.
---------------------------------------------------------------------------------
Finished RTL Elaboration : Time (s): cpu = 00:00:08 ; elapsed = 00:00:09 . Memory (MB): peak = 3172.621 ; gain = 575.508 ; free physical = 43892 ; free virtual = 55338
---------------------------------------------------------------------------------
---------------------------------------------------------------------------------
Start Handling Custom Attributes
---------------------------------------------------------------------------------
---------------------------------------------------------------------------------
Finished Handling Custom Attributes : Time (s): cpu = 00:00:08 ; elapsed = 00:00:09 . Memory (MB): peak = 3172.621 ; gain = 575.508 ; free physical = 43813 ; free virtual = 55248
---------------------------------------------------------------------------------
---------------------------------------------------------------------------------
Finished RTL Optimization Phase 1 : Time (s): cpu = 00:00:08 ; elapsed = 00:00:09 . Memory (MB): peak = 3172.621 ; gain = 575.508 ; free physical = 43813 ; free virtual = 55248
---------------------------------------------------------------------------------
Netlist sorting complete. Time (s): cpu = 00:00:02 ; elapsed = 00:00:02 . Memory (MB): peak = 3835.426 ; gain = 0.000 ; free physical = 37574 ; free virtual = 49079
INFO: [Netlist 29-17] Analyzing 39 Unisim elements for replacement
INFO: [Netlist 29-28] Unisim Transformation completed in 0 CPU seconds
INFO: [Project 1-570] Preparing netlist for logic optimization

Processing XDC Constraints
Initializing timing engine
Parsing XDC File [/home/malik/andromeda_ila/AXI-Dot-Product-Accelerator/Vivado/puzhi/puzhi.gen/sources_1/bd/andromeda/ip/andromeda_axi_smc_0/ooc.xdc] for cell 'inst'
Finished Parsing XDC File [/home/malik/andromeda_ila/AXI-Dot-Product-Accelerator/Vivado/puzhi/puzhi.gen/sources_1/bd/andromeda/ip/andromeda_axi_smc_0/ooc.xdc] for cell 'inst'
Parsing XDC File [/home/malik/andromeda_ila/AXI-Dot-Product-Accelerator/Vivado/puzhi/puzhi.gen/sources_1/bd/andromeda/ip/andromeda_axi_smc_0/bd_0/ip/ip_1/bd_98e1_psr0_0_board.xdc] for cell 'inst/clk_map/psr0/U0'
Finished Parsing XDC File [/home/malik/andromeda_ila/AXI-Dot-Product-Accelerator/Vivado/puzhi/puzhi.gen/sources_1/bd/andromeda/ip/andromeda_axi_smc_0/bd_0/ip/ip_1/bd_98e1_psr0_0_board.xdc] for cell 'inst/clk_map/psr0/U0'
Parsing XDC File [/home/malik/andromeda_ila/AXI-Dot-Product-Accelerator/Vivado/puzhi/puzhi.gen/sources_1/bd/andromeda/ip/andromeda_axi_smc_0/bd_0/ip/ip_1/bd_98e1_psr0_0.xdc] for cell 'inst/clk_map/psr0/U0'
Finished Parsing XDC File [/home/malik/andromeda_ila/AXI-Dot-Product-Accelerator/Vivado/puzhi/puzhi.gen/sources_1/bd/andromeda/ip/andromeda_axi_smc_0/bd_0/ip/ip_1/bd_98e1_psr0_0.xdc] for cell 'inst/clk_map/psr0/U0'
INFO: [Project 1-236] Implementation specific constraints were found while reading constraint file [/home/malik/andromeda_ila/AXI-Dot-Product-Accelerator/Vivado/puzhi/puzhi.gen/sources_1/bd/andromeda/ip/andromeda_axi_smc_0/bd_0/ip/ip_1/bd_98e1_psr0_0.xdc]. These constraints will be ignored for synthesis but will be used in implementation. Impacted constraints are listed in the file [.Xil/andromeda_axi_smc_0_propImpl.xdc].
Resolution: To avoid this warning, move constraints listed in [.Xil/andromeda_axi_smc_0_propImpl.xdc] to another XDC file and exclude this new file from synthesis with the used_in_synthesis property (File Properties dialog in GUI) and re-run elaboration/synthesis.
Parsing XDC File [/home/malik/andromeda_ila/AXI-Dot-Product-Accelerator/Vivado/puzhi/puzhi.gen/sources_1/bd/andromeda/ip/andromeda_axi_smc_0/bd_0/ip/ip_2/bd_98e1_psr_aclk_0_board.xdc] for cell 'inst/clk_map/psr_aclk/U0'
Finished Parsing XDC File [/home/malik/andromeda_ila/AXI-Dot-Product-Accelerator/Vivado/puzhi/puzhi.gen/sources_1/bd/andromeda/ip/andromeda_axi_smc_0/bd_0/ip/ip_2/bd_98e1_psr_aclk_0_board.xdc] for cell 'inst/clk_map/psr_aclk/U0'
Parsing XDC File [/home/malik/andromeda_ila/AXI-Dot-Product-Accelerator/Vivado/puzhi/puzhi.gen/sources_1/bd/andromeda/ip/andromeda_axi_smc_0/bd_0/ip/ip_2/bd_98e1_psr_aclk_0.xdc] for cell 'inst/clk_map/psr_aclk/U0'
Finished Parsing XDC File [/home/malik/andromeda_ila/AXI-Dot-Product-Accelerator/Vivado/puzhi/puzhi.gen/sources_1/bd/andromeda/ip/andromeda_axi_smc_0/bd_0/ip/ip_2/bd_98e1_psr_aclk_0.xdc] for cell 'inst/clk_map/psr_aclk/U0'
INFO: [Project 1-236] Implementation specific constraints were found while reading constraint file [/home/malik/andromeda_ila/AXI-Dot-Product-Accelerator/Vivado/puzhi/puzhi.gen/sources_1/bd/andromeda/ip/andromeda_axi_smc_0/bd_0/ip/ip_2/bd_98e1_psr_aclk_0.xdc]. These constraints will be ignored for synthesis but will be used in implementation. Impacted constraints are listed in the file [.Xil/andromeda_axi_smc_0_propImpl.xdc].
Resolution: To avoid this warning, move constraints listed in [.Xil/andromeda_axi_smc_0_propImpl.xdc] to another XDC file and exclude this new file from synthesis with the used_in_synthesis property (File Properties dialog in GUI) and re-run elaboration/synthesis.
Parsing XDC File [/home/malik/andromeda_ila/AXI-Dot-Product-Accelerator/Vivado/puzhi/puzhi.gen/sources_1/bd/andromeda/ip/andromeda_axi_smc_0/bd_0/ip/ip_3/bd_98e1_psr_aclk1_0_board.xdc] for cell 'inst/clk_map/psr_aclk1/U0'
Finished Parsing XDC File [/home/malik/andromeda_ila/AXI-Dot-Product-Accelerator/Vivado/puzhi/puzhi.gen/sources_1/bd/andromeda/ip/andromeda_axi_smc_0/bd_0/ip/ip_3/bd_98e1_psr_aclk1_0_board.xdc] for cell 'inst/clk_map/psr_aclk1/U0'
Parsing XDC File [/home/malik/andromeda_ila/AXI-Dot-Product-Accelerator/Vivado/puzhi/puzhi.gen/sources_1/bd/andromeda/ip/andromeda_axi_smc_0/bd_0/ip/ip_3/bd_98e1_psr_aclk1_0.xdc] for cell 'inst/clk_map/psr_aclk1/U0'
Finished Parsing XDC File [/home/malik/andromeda_ila/AXI-Dot-Product-Accelerator/Vivado/puzhi/puzhi.gen/sources_1/bd/andromeda/ip/andromeda_axi_smc_0/bd_0/ip/ip_3/bd_98e1_psr_aclk1_0.xdc] for cell 'inst/clk_map/psr_aclk1/U0'
INFO: [Project 1-236] Implementation specific constraints were found while reading constraint file [/home/malik/andromeda_ila/AXI-Dot-Product-Accelerator/Vivado/puzhi/puzhi.gen/sources_1/bd/andromeda/ip/andromeda_axi_smc_0/bd_0/ip/ip_3/bd_98e1_psr_aclk1_0.xdc]. These constraints will be ignored for synthesis but will be used in implementation. Impacted constraints are listed in the file [.Xil/andromeda_axi_smc_0_propImpl.xdc].
Resolution: To avoid this warning, move constraints listed in [.Xil/andromeda_axi_smc_0_propImpl.xdc] to another XDC file and exclude this new file from synthesis with the used_in_synthesis property (File Properties dialog in GUI) and re-run elaboration/synthesis.
Parsing XDC File [/home/malik/andromeda_ila/AXI-Dot-Product-Accelerator/Vivado/puzhi/puzhi.gen/sources_1/bd/andromeda/ip/andromeda_axi_smc_0/smartconnect.xdc] for cell 'inst'
Finished Parsing XDC File [/home/malik/andromeda_ila/AXI-Dot-Product-Accelerator/Vivado/puzhi/puzhi.gen/sources_1/bd/andromeda/ip/andromeda_axi_smc_0/smartconnect.xdc] for cell 'inst'
INFO: [Project 1-236] Implementation specific constraints were found while reading constraint file [/home/malik/andromeda_ila/AXI-Dot-Product-Accelerator/Vivado/puzhi/puzhi.gen/sources_1/bd/andromeda/ip/andromeda_axi_smc_0/smartconnect.xdc]. These constraints will be ignored for synthesis but will be used in implementation. Impacted constraints are listed in the file [.Xil/andromeda_axi_smc_0_propImpl.xdc].
Resolution: To avoid this warning, move constraints listed in [.Xil/andromeda_axi_smc_0_propImpl.xdc] to another XDC file and exclude this new file from synthesis with the used_in_synthesis property (File Properties dialog in GUI) and re-run elaboration/synthesis.
Parsing XDC File [/home/malik/andromeda_ila/AXI-Dot-Product-Accelerator/Vivado/puzhi/puzhi.runs/andromeda_axi_smc_0_synth_1/dont_touch.xdc]
Finished Parsing XDC File [/home/malik/andromeda_ila/AXI-Dot-Product-Accelerator/Vivado/puzhi/puzhi.runs/andromeda_axi_smc_0_synth_1/dont_touch.xdc]
INFO: [Project 1-236] Implementation specific constraints were found while reading constraint file [/opt/tools/Xilinx/Vivado/2024.2/data/ip/xpm/xpm_cdc/tcl/xpm_cdc_gray.tcl]. These constraints will be ignored for synthesis but will be used in implementation. Impacted constraints are listed in the file [.Xil/andromeda_axi_smc_0_propImpl.xdc].
Resolution: To avoid this warning, move constraints listed in [.Xil/andromeda_axi_smc_0_propImpl.xdc] to another XDC file and exclude this new file from synthesis with the used_in_synthesis property (File Properties dialog in GUI) and re-run elaboration/synthesis.
INFO: [Common 17-14] Message 'Common 17-55' appears 100 times and further instances of the messages will be disabled. Use the Tcl command set_msg_config to change the current settings. [/opt/tools/Xilinx/Vivado/2024.2/data/ip/xpm/xpm_memory/tcl/xpm_memory_xdc.tcl:55]
INFO: [Project 1-236] Implementation specific constraints were found while reading constraint file [/opt/tools/Xilinx/Vivado/2024.2/data/ip/xpm/xpm_memory/tcl/xpm_memory_xdc.tcl]. These constraints will be ignored for synthesis but will be used in implementation. Impacted constraints are listed in the file [.Xil/andromeda_axi_smc_0_propImpl.xdc].
Resolution: To avoid this warning, move constraints listed in [.Xil/andromeda_axi_smc_0_propImpl.xdc] to another XDC file and exclude this new file from synthesis with the used_in_synthesis property (File Properties dialog in GUI) and re-run elaboration/synthesis.
INFO: [Project 1-1714] 216 XPM XDC files have been applied to the design.
Completed Processing XDC Constraints

Netlist sorting complete. Time (s): cpu = 00:00:00.02 ; elapsed = 00:00:00.01 . Memory (MB): peak = 4536.613 ; gain = 0.000 ; free physical = 38525 ; free virtual = 49978
INFO: [Project 1-111] Unisim Transformation Summary:
  A total of 39 instances were transformed.
  FDR => FDRE: 36 instances
  SRL16 => SRL16E: 3 instances

Constraint Validation Runtime : Time (s): cpu = 00:00:02 ; elapsed = 00:00:00.6 . Memory (MB): peak = 4536.613 ; gain = 0.000 ; free physical = 43082 ; free virtual = 54535
INFO: [Designutils 20-5008] Incremental synthesis strategy off
---------------------------------------------------------------------------------
Finished Constraint Validation : Time (s): cpu = 00:00:35 ; elapsed = 00:00:30 . Memory (MB): peak = 4536.613 ; gain = 1939.500 ; free physical = 58186 ; free virtual = 69654
---------------------------------------------------------------------------------
---------------------------------------------------------------------------------
Start Loading Part and Timing Information
---------------------------------------------------------------------------------
Loading part: xcku5p-ffvb676-2-i
INFO: [Synth 8-6742] Reading net delay rules and data
---------------------------------------------------------------------------------
Finished Loading Part and Timing Information : Time (s): cpu = 00:00:35 ; elapsed = 00:00:30 . Memory (MB): peak = 4544.617 ; gain = 1947.504 ; free physical = 58186 ; free virtual = 69654
---------------------------------------------------------------------------------
---------------------------------------------------------------------------------
Start Applying 'set_property' XDC Constraints
---------------------------------------------------------------------------------
Applied set_property KEEP_HIERARCHY = SOFT for inst. (constraint file  /home/malik/andromeda_ila/AXI-Dot-Product-Accelerator/Vivado/puzhi/puzhi.runs/andromeda_axi_smc_0_synth_1/dont_touch.xdc, line 339).
Applied set_property KEEP_HIERARCHY = SOFT for inst/m00_nodes/m00_ar_node/inst/m_sc_xpm_cdc_async_rst_inst. (constraint file  auto generated constraint).
Applied set_property KEEP_HIERARCHY = SOFT for inst/m00_nodes/m00_aw_node/inst/m_sc_xpm_cdc_async_rst_inst. (constraint file  auto generated constraint).
Applied set_property KEEP_HIERARCHY = SOFT for inst/m00_nodes/m00_b_node/inst/m_sc_xpm_cdc_async_rst_inst. (constraint file  auto generated constraint).
Applied set_property KEEP_HIERARCHY = SOFT for inst/m00_nodes/m00_r_node/inst/m_sc_xpm_cdc_async_rst_inst. (constraint file  auto generated constraint).
Applied set_property KEEP_HIERARCHY = SOFT for inst/m00_nodes/m00_w_node/inst/m_sc_xpm_cdc_async_rst_inst. (constraint file  auto generated constraint).
Applied set_property KEEP_HIERARCHY = SOFT for inst/m01_nodes/m01_ar_node/inst/m_sc_xpm_cdc_async_rst_inst. (constraint file  auto generated constraint).
Applied set_property KEEP_HIERARCHY = SOFT for inst/m01_nodes/m01_aw_node/inst/m_sc_xpm_cdc_async_rst_inst. (constraint file  auto generated constraint).
Applied set_property KEEP_HIERARCHY = SOFT for inst/m01_nodes/m01_b_node/inst/m_sc_xpm_cdc_async_rst_inst. (constraint file  auto generated constraint).
Applied set_property KEEP_HIERARCHY = SOFT for inst/m01_nodes/m01_r_node/inst/m_sc_xpm_cdc_async_rst_inst. (constraint file  auto generated constraint).
Applied set_property KEEP_HIERARCHY = SOFT for inst/m01_nodes/m01_w_node/inst/m_sc_xpm_cdc_async_rst_inst. (constraint file  auto generated constraint).
Applied set_property KEEP_HIERARCHY = SOFT for inst/m02_nodes/m02_ar_node/inst/m_sc_xpm_cdc_async_rst_inst. (constraint file  auto generated constraint).
Applied set_property KEEP_HIERARCHY = SOFT for inst/m02_nodes/m02_aw_node/inst/m_sc_xpm_cdc_async_rst_inst. (constraint file  auto generated constraint).
Applied set_property KEEP_HIERARCHY = SOFT for inst/m02_nodes/m02_b_node/inst/m_sc_xpm_cdc_async_rst_inst. (constraint file  auto generated constraint).
Applied set_property KEEP_HIERARCHY = SOFT for inst/m02_nodes/m02_r_node/inst/m_sc_xpm_cdc_async_rst_inst. (constraint file  auto generated constraint).
Applied set_property KEEP_HIERARCHY = SOFT for inst/m02_nodes/m02_w_node/inst/m_sc_xpm_cdc_async_rst_inst. (constraint file  auto generated constraint).
Applied set_property KEEP_HIERARCHY = SOFT for inst/m03_nodes/m03_ar_node/inst/m_sc_xpm_cdc_async_rst_inst. (constraint file  auto generated constraint).
Applied set_property KEEP_HIERARCHY = SOFT for inst/m03_nodes/m03_aw_node/inst/m_sc_xpm_cdc_async_rst_inst. (constraint file  auto generated constraint).
Applied set_property KEEP_HIERARCHY = SOFT for inst/m03_nodes/m03_b_node/inst/m_sc_xpm_cdc_async_rst_inst. (constraint file  auto generated constraint).
Applied set_property KEEP_HIERARCHY = SOFT for inst/m03_nodes/m03_r_node/inst/m_sc_xpm_cdc_async_rst_inst. (constraint file  auto generated constraint).
Applied set_property KEEP_HIERARCHY = SOFT for inst/m03_nodes/m03_w_node/inst/m_sc_xpm_cdc_async_rst_inst. (constraint file  auto generated constraint).
Applied set_property KEEP_HIERARCHY = SOFT for inst/m04_nodes/m04_ar_node/inst/m_sc_xpm_cdc_async_rst_inst. (constraint file  auto generated constraint).
Applied set_property KEEP_HIERARCHY = SOFT for inst/m04_nodes/m04_aw_node/inst/m_sc_xpm_cdc_async_rst_inst. (constraint file  auto generated constraint).
Applied set_property KEEP_HIERARCHY = SOFT for inst/m04_nodes/m04_b_node/inst/m_sc_xpm_cdc_async_rst_inst. (constraint file  auto generated constraint).
Applied set_property KEEP_HIERARCHY = SOFT for inst/m04_nodes/m04_r_node/inst/m_sc_xpm_cdc_async_rst_inst. (constraint file  auto generated constraint).
Applied set_property KEEP_HIERARCHY = SOFT for inst/m04_nodes/m04_w_node/inst/m_sc_xpm_cdc_async_rst_inst. (constraint file  auto generated constraint).
Applied set_property KEEP_HIERARCHY = SOFT for inst/s00_nodes/s00_ar_node/inst/m_sc_xpm_cdc_async_rst_inst. (constraint file  auto generated constraint).
Applied set_property KEEP_HIERARCHY = SOFT for inst/s00_nodes/s00_aw_node/inst/m_sc_xpm_cdc_async_rst_inst. (constraint file  auto generated constraint).
Applied set_property KEEP_HIERARCHY = SOFT for inst/s00_nodes/s00_b_node/inst/m_sc_xpm_cdc_async_rst_inst. (constraint file  auto generated constraint).
Applied set_property KEEP_HIERARCHY = SOFT for inst/s00_nodes/s00_r_node/inst/m_sc_xpm_cdc_async_rst_inst. (constraint file  auto generated constraint).
Applied set_property KEEP_HIERARCHY = SOFT for inst/s00_nodes/s00_w_node/inst/m_sc_xpm_cdc_async_rst_inst. (constraint file  auto generated constraint).
Applied set_property KEEP_HIERARCHY = SOFT for inst/s01_nodes/s01_ar_node/inst/m_sc_xpm_cdc_async_rst_inst. (constraint file  auto generated constraint).
Applied set_property KEEP_HIERARCHY = SOFT for inst/s01_nodes/s01_aw_node/inst/m_sc_xpm_cdc_async_rst_inst. (constraint file  auto generated constraint).
Applied set_property KEEP_HIERARCHY = SOFT for inst/s01_nodes/s01_b_node/inst/m_sc_xpm_cdc_async_rst_inst. (constraint file  auto generated constraint).
Applied set_property KEEP_HIERARCHY = SOFT for inst/s01_nodes/s01_r_node/inst/m_sc_xpm_cdc_async_rst_inst. (constraint file  auto generated constraint).
Applied set_property KEEP_HIERARCHY = SOFT for inst/s01_nodes/s01_w_node/inst/m_sc_xpm_cdc_async_rst_inst. (constraint file  auto generated constraint).
Applied set_property KEEP_HIERARCHY = SOFT for inst/s02_nodes/s02_aw_node/inst/m_sc_xpm_cdc_async_rst_inst. (constraint file  auto generated constraint).
Applied set_property KEEP_HIERARCHY = SOFT for inst/s02_nodes/s02_b_node/inst/m_sc_xpm_cdc_async_rst_inst. (constraint file  auto generated constraint).
Applied set_property KEEP_HIERARCHY = SOFT for inst/s02_nodes/s02_w_node/inst/m_sc_xpm_cdc_async_rst_inst. (constraint file  auto generated constraint).
Applied set_property KEEP_HIERARCHY = SOFT for inst/m00_nodes/m00_ar_node/inst/s_sc_xpm_cdc_async_rst_inst. (constraint file  auto generated constraint).
Applied set_property KEEP_HIERARCHY = SOFT for inst/m00_nodes/m00_aw_node/inst/s_sc_xpm_cdc_async_rst_inst. (constraint file  auto generated constraint).
Applied set_property KEEP_HIERARCHY = SOFT for inst/m00_nodes/m00_b_node/inst/s_sc_xpm_cdc_async_rst_inst. (constraint file  auto generated constraint).
Applied set_property KEEP_HIERARCHY = SOFT for inst/m00_nodes/m00_r_node/inst/s_sc_xpm_cdc_async_rst_inst. (constraint file  auto generated constraint).
Applied set_property KEEP_HIERARCHY = SOFT for inst/m00_nodes/m00_w_node/inst/s_sc_xpm_cdc_async_rst_inst. (constraint file  auto generated constraint).
Applied set_property KEEP_HIERARCHY = SOFT for inst/m01_nodes/m01_ar_node/inst/s_sc_xpm_cdc_async_rst_inst. (constraint file  auto generated constraint).
Applied set_property KEEP_HIERARCHY = SOFT for inst/m01_nodes/m01_aw_node/inst/s_sc_xpm_cdc_async_rst_inst. (constraint file  auto generated constraint).
Applied set_property KEEP_HIERARCHY = SOFT for inst/m01_nodes/m01_b_node/inst/s_sc_xpm_cdc_async_rst_inst. (constraint file  auto generated constraint).
Applied set_property KEEP_HIERARCHY = SOFT for inst/m01_nodes/m01_r_node/inst/s_sc_xpm_cdc_async_rst_inst. (constraint file  auto generated constraint).
Applied set_property KEEP_HIERARCHY = SOFT for inst/m01_nodes/m01_w_node/inst/s_sc_xpm_cdc_async_rst_inst. (constraint file  auto generated constraint).
Applied set_property KEEP_HIERARCHY = SOFT for inst/m02_nodes/m02_ar_node/inst/s_sc_xpm_cdc_async_rst_inst. (constraint file  auto generated constraint).
Applied set_property KEEP_HIERARCHY = SOFT for inst/m02_nodes/m02_aw_node/inst/s_sc_xpm_cdc_async_rst_inst. (constraint file  auto generated constraint).
Applied set_property KEEP_HIERARCHY = SOFT for inst/m02_nodes/m02_b_node/inst/s_sc_xpm_cdc_async_rst_inst. (constraint file  auto generated constraint).
Applied set_property KEEP_HIERARCHY = SOFT for inst/m02_nodes/m02_r_node/inst/s_sc_xpm_cdc_async_rst_inst. (constraint file  auto generated constraint).
Applied set_property KEEP_HIERARCHY = SOFT for inst/m02_nodes/m02_w_node/inst/s_sc_xpm_cdc_async_rst_inst. (constraint file  auto generated constraint).
Applied set_property KEEP_HIERARCHY = SOFT for inst/m03_nodes/m03_ar_node/inst/s_sc_xpm_cdc_async_rst_inst. (constraint file  auto generated constraint).
Applied set_property KEEP_HIERARCHY = SOFT for inst/m03_nodes/m03_aw_node/inst/s_sc_xpm_cdc_async_rst_inst. (constraint file  auto generated constraint).
Applied set_property KEEP_HIERARCHY = SOFT for inst/m03_nodes/m03_b_node/inst/s_sc_xpm_cdc_async_rst_inst. (constraint file  auto generated constraint).
Applied set_property KEEP_HIERARCHY = SOFT for inst/m03_nodes/m03_r_node/inst/s_sc_xpm_cdc_async_rst_inst. (constraint file  auto generated constraint).
Applied set_property KEEP_HIERARCHY = SOFT for inst/m03_nodes/m03_w_node/inst/s_sc_xpm_cdc_async_rst_inst. (constraint file  auto generated constraint).
Applied set_property KEEP_HIERARCHY = SOFT for inst/m04_nodes/m04_ar_node/inst/s_sc_xpm_cdc_async_rst_inst. (constraint file  auto generated constraint).
Applied set_property KEEP_HIERARCHY = SOFT for inst/m04_nodes/m04_aw_node/inst/s_sc_xpm_cdc_async_rst_inst. (constraint file  auto generated constraint).
Applied set_property KEEP_HIERARCHY = SOFT for inst/m04_nodes/m04_b_node/inst/s_sc_xpm_cdc_async_rst_inst. (constraint file  auto generated constraint).
Applied set_property KEEP_HIERARCHY = SOFT for inst/m04_nodes/m04_r_node/inst/s_sc_xpm_cdc_async_rst_inst. (constraint file  auto generated constraint).
Applied set_property KEEP_HIERARCHY = SOFT for inst/m04_nodes/m04_w_node/inst/s_sc_xpm_cdc_async_rst_inst. (constraint file  auto generated constraint).
Applied set_property KEEP_HIERARCHY = SOFT for inst/s00_nodes/s00_ar_node/inst/s_sc_xpm_cdc_async_rst_inst. (constraint file  auto generated constraint).
Applied set_property KEEP_HIERARCHY = SOFT for inst/s00_nodes/s00_aw_node/inst/s_sc_xpm_cdc_async_rst_inst. (constraint file  auto generated constraint).
Applied set_property KEEP_HIERARCHY = SOFT for inst/s00_nodes/s00_b_node/inst/s_sc_xpm_cdc_async_rst_inst. (constraint file  auto generated constraint).
Applied set_property KEEP_HIERARCHY = SOFT for inst/s00_nodes/s00_r_node/inst/s_sc_xpm_cdc_async_rst_inst. (constraint file  auto generated constraint).
Applied set_property KEEP_HIERARCHY = SOFT for inst/s00_nodes/s00_w_node/inst/s_sc_xpm_cdc_async_rst_inst. (constraint file  auto generated constraint).
Applied set_property KEEP_HIERARCHY = SOFT for inst/s01_nodes/s01_ar_node/inst/s_sc_xpm_cdc_async_rst_inst. (constraint file  auto generated constraint).
Applied set_property KEEP_HIERARCHY = SOFT for inst/s01_nodes/s01_aw_node/inst/s_sc_xpm_cdc_async_rst_inst. (constraint file  auto generated constraint).
Applied set_property KEEP_HIERARCHY = SOFT for inst/s01_nodes/s01_b_node/inst/s_sc_xpm_cdc_async_rst_inst. (constraint file  auto generated constraint).
Applied set_property KEEP_HIERARCHY = SOFT for inst/s01_nodes/s01_r_node/inst/s_sc_xpm_cdc_async_rst_inst. (constraint file  auto generated constraint).
Applied set_property KEEP_HIERARCHY = SOFT for inst/s01_nodes/s01_w_node/inst/s_sc_xpm_cdc_async_rst_inst. (constraint file  auto generated constraint).
Applied set_property KEEP_HIERARCHY = SOFT for inst/s02_nodes/s02_aw_node/inst/s_sc_xpm_cdc_async_rst_inst. (constraint file  auto generated constraint).
Applied set_property KEEP_HIERARCHY = SOFT for inst/s02_nodes/s02_b_node/inst/s_sc_xpm_cdc_async_rst_inst. (constraint file  auto generated constraint).
Applied set_property KEEP_HIERARCHY = SOFT for inst/s02_nodes/s02_w_node/inst/s_sc_xpm_cdc_async_rst_inst. (constraint file  auto generated constraint).
Applied set_property KEEP_HIERARCHY = SOFT for inst/m00_exit_pipeline/m00_exit/inst/xpm_cdc_async_rst_inst. (constraint file  auto generated constraint).
Applied set_property KEEP_HIERARCHY = SOFT for inst/m01_exit_pipeline/m01_exit/inst/xpm_cdc_async_rst_inst. (constraint file  auto generated constraint).
Applied set_property KEEP_HIERARCHY = SOFT for inst/m02_exit_pipeline/m02_exit/inst/xpm_cdc_async_rst_inst. (constraint file  auto generated constraint).
Applied set_property KEEP_HIERARCHY = SOFT for inst/m03_exit_pipeline/m03_exit/inst/xpm_cdc_async_rst_inst. (constraint file  auto generated constraint).
Applied set_property KEEP_HIERARCHY = SOFT for inst/m04_exit_pipeline/m04_exit/inst/xpm_cdc_async_rst_inst. (constraint file  auto generated constraint).
Applied set_property KEEP_HIERARCHY = SOFT for inst/s00_entry_pipeline/s00_mmu/inst/xpm_cdc_async_rst_inst. (constraint file  auto generated constraint).
Applied set_property KEEP_HIERARCHY = SOFT for inst/s00_entry_pipeline/s00_si_converter/inst/xpm_cdc_async_rst_inst. (constraint file  auto generated constraint).
Applied set_property KEEP_HIERARCHY = SOFT for inst/s00_entry_pipeline/s00_transaction_regulator/inst/xpm_cdc_async_rst_inst. (constraint file  auto generated constraint).
Applied set_property KEEP_HIERARCHY = SOFT for inst/s01_entry_pipeline/s01_mmu/inst/xpm_cdc_async_rst_inst. (constraint file  auto generated constraint).
Applied set_property KEEP_HIERARCHY = SOFT for inst/s01_entry_pipeline/s01_si_converter/inst/xpm_cdc_async_rst_inst. (constraint file  auto generated constraint).
Applied set_property KEEP_HIERARCHY = SOFT for inst/s01_entry_pipeline/s01_transaction_regulator/inst/xpm_cdc_async_rst_inst. (constraint file  auto generated constraint).
Applied set_property KEEP_HIERARCHY = SOFT for inst/s02_entry_pipeline/s02_mmu/inst/xpm_cdc_async_rst_inst. (constraint file  auto generated constraint).
Applied set_property KEEP_HIERARCHY = SOFT for inst/s02_entry_pipeline/s02_si_converter/inst/xpm_cdc_async_rst_inst. (constraint file  auto generated constraint).
Applied set_property KEEP_HIERARCHY = SOFT for inst/s02_entry_pipeline/s02_transaction_regulator/inst/xpm_cdc_async_rst_inst. (constraint file  auto generated constraint).
Applied set_property KEEP_HIERARCHY = SOFT for inst/m02_nodes/m02_ar_node/inst/inst_mi_handler/\gen_normal_area.inst_fifo_node_payld /\gen_xpm_memory_fifo.inst_fifo /\gen_async_clocks.inst_cdc_addra_to_rd_clk . (constraint file  auto generated constraint).
Applied set_property KEEP_HIERARCHY = SOFT for inst/m02_nodes/m02_aw_node/inst/inst_mi_handler/\gen_normal_area.inst_fifo_node_payld /\gen_xpm_memory_fifo.inst_fifo /\gen_async_clocks.inst_cdc_addra_to_rd_clk . (constraint file  auto generated constraint).
Applied set_property KEEP_HIERARCHY = SOFT for inst/m02_nodes/m02_b_node/inst/inst_mi_handler/\gen_normal_area.gen_fifo_req.inst_fifo_req /\gen_xpm_memory_fifo.inst_fifo /\gen_async_clocks.inst_cdc_addra_to_rd_clk . (constraint file  auto generated constraint).
Applied set_property KEEP_HIERARCHY = SOFT for inst/m02_nodes/m02_b_node/inst/inst_mi_handler/\gen_normal_area.inst_fifo_node_payld /\gen_xpm_memory_fifo.inst_fifo /\gen_async_clocks.inst_cdc_addra_to_rd_clk . (constraint file  auto generated constraint).
Applied set_property KEEP_HIERARCHY = SOFT for inst/m02_nodes/m02_r_node/inst/inst_mi_handler/\gen_normal_area.gen_fifo_req.inst_fifo_req /\gen_xpm_memory_fifo.inst_fifo /\gen_async_clocks.inst_cdc_addra_to_rd_clk . (constraint file  auto generated constraint).
Applied set_property KEEP_HIERARCHY = SOFT for inst/m02_nodes/m02_r_node/inst/inst_mi_handler/\gen_normal_area.inst_fifo_node_payld /\gen_xpm_memory_fifo.inst_fifo /\gen_async_clocks.inst_cdc_addra_to_rd_clk . (constraint file  auto generated constraint).
Applied set_property KEEP_HIERARCHY = SOFT for inst/m02_nodes/m02_w_node/inst/inst_mi_handler/\gen_normal_area.inst_fifo_node_payld /\gen_xpm_memory_fifo.inst_fifo /\gen_async_clocks.inst_cdc_addra_to_rd_clk . (constraint file  auto generated constraint).
Applied set_property KEEP_HIERARCHY = SOFT for inst/s02_nodes/s02_aw_node/inst/inst_mi_handler/\gen_normal_area.gen_fifo_req.inst_fifo_req /\gen_xpm_memory_fifo.inst_fifo /\gen_async_clocks.inst_cdc_addra_to_rd_clk . (constraint file  auto generated constraint).
Applied set_property KEEP_HIERARCHY = SOFT for inst/s02_nodes/s02_aw_node/inst/inst_mi_handler/\gen_normal_area.inst_fifo_node_payld /\gen_xpm_memory_fifo.inst_fifo /\gen_async_clocks.inst_cdc_addra_to_rd_clk . (constraint file  auto generated constraint).
Applied set_property KEEP_HIERARCHY = SOFT for inst/s02_nodes/s02_b_node/inst/inst_mi_handler/\gen_normal_area.inst_fifo_node_payld /\gen_xpm_memory_fifo.inst_fifo /\gen_async_clocks.inst_cdc_addra_to_rd_clk . (constraint file  auto generated constraint).
Applied set_property KEEP_HIERARCHY = SOFT for inst/s02_nodes/s02_w_node/inst/inst_mi_handler/\gen_normal_area.gen_fifo_req.inst_fifo_req /\gen_xpm_memory_fifo.inst_fifo /\gen_async_clocks.inst_cdc_addra_to_rd_clk . (constraint file  auto generated constraint).
Applied set_property KEEP_HIERARCHY = SOFT for inst/s02_nodes/s02_w_node/inst/inst_mi_handler/\gen_normal_area.inst_fifo_node_payld /\gen_xpm_memory_fifo.inst_fifo /\gen_async_clocks.inst_cdc_addra_to_rd_clk . (constraint file  auto generated constraint).
Applied set_property KEEP_HIERARCHY = SOFT for inst/m02_nodes/m02_ar_node/inst/inst_mi_handler/\gen_normal_area.inst_fifo_node_payld /\gen_xpm_memory_fifo.inst_fifo /\gen_async_clocks.inst_cdc_addrb_to_wr_clk . (constraint file  auto generated constraint).
Applied set_property KEEP_HIERARCHY = SOFT for inst/m02_nodes/m02_aw_node/inst/inst_mi_handler/\gen_normal_area.inst_fifo_node_payld /\gen_xpm_memory_fifo.inst_fifo /\gen_async_clocks.inst_cdc_addrb_to_wr_clk . (constraint file  auto generated constraint).
Applied set_property KEEP_HIERARCHY = SOFT for inst/m02_nodes/m02_b_node/inst/inst_mi_handler/\gen_normal_area.gen_fifo_req.inst_fifo_req /\gen_xpm_memory_fifo.inst_fifo /\gen_async_clocks.inst_cdc_addrb_to_wr_clk . (constraint file  auto generated constraint).
Applied set_property KEEP_HIERARCHY = SOFT for inst/m02_nodes/m02_b_node/inst/inst_mi_handler/\gen_normal_area.inst_fifo_node_payld /\gen_xpm_memory_fifo.inst_fifo /\gen_async_clocks.inst_cdc_addrb_to_wr_clk . (constraint file  auto generated constraint).
Applied set_property KEEP_HIERARCHY = SOFT for inst/m02_nodes/m02_r_node/inst/inst_mi_handler/\gen_normal_area.gen_fifo_req.inst_fifo_req /\gen_xpm_memory_fifo.inst_fifo /\gen_async_clocks.inst_cdc_addrb_to_wr_clk . (constraint file  auto generated constraint).
Applied set_property KEEP_HIERARCHY = SOFT for inst/m02_nodes/m02_r_node/inst/inst_mi_handler/\gen_normal_area.inst_fifo_node_payld /\gen_xpm_memory_fifo.inst_fifo /\gen_async_clocks.inst_cdc_addrb_to_wr_clk . (constraint file  auto generated constraint).
Applied set_property KEEP_HIERARCHY = SOFT for inst/m02_nodes/m02_w_node/inst/inst_mi_handler/\gen_normal_area.inst_fifo_node_payld /\gen_xpm_memory_fifo.inst_fifo /\gen_async_clocks.inst_cdc_addrb_to_wr_clk . (constraint file  auto generated constraint).
Applied set_property KEEP_HIERARCHY = SOFT for inst/s02_nodes/s02_aw_node/inst/inst_mi_handler/\gen_normal_area.gen_fifo_req.inst_fifo_req /\gen_xpm_memory_fifo.inst_fifo /\gen_async_clocks.inst_cdc_addrb_to_wr_clk . (constraint file  auto generated constraint).
Applied set_property KEEP_HIERARCHY = SOFT for inst/s02_nodes/s02_aw_node/inst/inst_mi_handler/\gen_normal_area.inst_fifo_node_payld /\gen_xpm_memory_fifo.inst_fifo /\gen_async_clocks.inst_cdc_addrb_to_wr_clk . (constraint file  auto generated constraint).
Applied set_property KEEP_HIERARCHY = SOFT for inst/s02_nodes/s02_b_node/inst/inst_mi_handler/\gen_normal_area.inst_fifo_node_payld /\gen_xpm_memory_fifo.inst_fifo /\gen_async_clocks.inst_cdc_addrb_to_wr_clk . (constraint file  auto generated constraint).
Applied set_property KEEP_HIERARCHY = SOFT for inst/s02_nodes/s02_w_node/inst/inst_mi_handler/\gen_normal_area.gen_fifo_req.inst_fifo_req /\gen_xpm_memory_fifo.inst_fifo /\gen_async_clocks.inst_cdc_addrb_to_wr_clk . (constraint file  auto generated constraint).
Applied set_property KEEP_HIERARCHY = SOFT for inst/s02_nodes/s02_w_node/inst/inst_mi_handler/\gen_normal_area.inst_fifo_node_payld /\gen_xpm_memory_fifo.inst_fifo /\gen_async_clocks.inst_cdc_addrb_to_wr_clk . (constraint file  auto generated constraint).
Applied set_property KEEP_HIERARCHY = SOFT for inst/m00_nodes/m00_ar_node/inst/inst_mi_handler/\gen_normal_area.gen_node_prog_full.inst_node_prog_full /\gen_xpm_memory_fifo.inst_fifo /\gen_mem_rep[0].inst_xpm_memory . (constraint file  auto generated constraint).
Applied set_property KEEP_HIERARCHY = SOFT for inst/m00_nodes/m00_aw_node/inst/inst_mi_handler/\gen_normal_area.gen_node_prog_full.inst_node_prog_full /\gen_xpm_memory_fifo.inst_fifo /\gen_mem_rep[0].inst_xpm_memory . (constraint file  auto generated constraint).
Applied set_property KEEP_HIERARCHY = SOFT for inst/m00_nodes/m00_w_node/inst/inst_mi_handler/\gen_normal_area.gen_node_prog_full.inst_node_prog_full /\gen_xpm_memory_fifo.inst_fifo /\gen_mem_rep[0].inst_xpm_memory . (constraint file  auto generated constraint).
Applied set_property KEEP_HIERARCHY = SOFT for inst/m01_nodes/m01_ar_node/inst/inst_mi_handler/\gen_normal_area.gen_node_prog_full.inst_node_prog_full /\gen_xpm_memory_fifo.inst_fifo /\gen_mem_rep[0].inst_xpm_memory . (constraint file  auto generated constraint).
Applied set_property KEEP_HIERARCHY = SOFT for inst/m01_nodes/m01_aw_node/inst/inst_mi_handler/\gen_normal_area.gen_node_prog_full.inst_node_prog_full /\gen_xpm_memory_fifo.inst_fifo /\gen_mem_rep[0].inst_xpm_memory . (constraint file  auto generated constraint).
Applied set_property KEEP_HIERARCHY = SOFT for inst/m01_nodes/m01_w_node/inst/inst_mi_handler/\gen_normal_area.gen_node_prog_full.inst_node_prog_full /\gen_xpm_memory_fifo.inst_fifo /\gen_mem_rep[0].inst_xpm_memory . (constraint file  auto generated constraint).
Applied set_property KEEP_HIERARCHY = SOFT for inst/m03_nodes/m03_ar_node/inst/inst_mi_handler/\gen_normal_area.gen_node_prog_full.inst_node_prog_full /\gen_xpm_memory_fifo.inst_fifo /\gen_mem_rep[0].inst_xpm_memory . (constraint file  auto generated constraint).
Applied set_property KEEP_HIERARCHY = SOFT for inst/m03_nodes/m03_aw_node/inst/inst_mi_handler/\gen_normal_area.gen_node_prog_full.inst_node_prog_full /\gen_xpm_memory_fifo.inst_fifo /\gen_mem_rep[0].inst_xpm_memory . (constraint file  auto generated constraint).
Applied set_property KEEP_HIERARCHY = SOFT for inst/m03_nodes/m03_w_node/inst/inst_mi_handler/\gen_normal_area.gen_node_prog_full.inst_node_prog_full /\gen_xpm_memory_fifo.inst_fifo /\gen_mem_rep[0].inst_xpm_memory . (constraint file  auto generated constraint).
Applied set_property KEEP_HIERARCHY = SOFT for inst/m04_nodes/m04_ar_node/inst/inst_mi_handler/\gen_normal_area.gen_node_prog_full.inst_node_prog_full /\gen_xpm_memory_fifo.inst_fifo /\gen_mem_rep[0].inst_xpm_memory . (constraint file  auto generated constraint).
Applied set_property KEEP_HIERARCHY = SOFT for inst/m04_nodes/m04_aw_node/inst/inst_mi_handler/\gen_normal_area.gen_node_prog_full.inst_node_prog_full /\gen_xpm_memory_fifo.inst_fifo /\gen_mem_rep[0].inst_xpm_memory . (constraint file  auto generated constraint).
Applied set_property KEEP_HIERARCHY = SOFT for inst/m04_nodes/m04_w_node/inst/inst_mi_handler/\gen_normal_area.gen_node_prog_full.inst_node_prog_full /\gen_xpm_memory_fifo.inst_fifo /\gen_mem_rep[0].inst_xpm_memory . (constraint file  auto generated constraint).
Applied set_property KEEP_HIERARCHY = SOFT for inst/s00_nodes/s00_b_node/inst/inst_mi_handler/\gen_normal_area.gen_node_prog_full.inst_node_prog_full /\gen_xpm_memory_fifo.inst_fifo /\gen_mem_rep[0].inst_xpm_memory . (constraint file  auto generated constraint).
Applied set_property KEEP_HIERARCHY = SOFT for inst/s00_nodes/s00_r_node/inst/inst_mi_handler/\gen_normal_area.gen_node_prog_full.inst_node_prog_full /\gen_xpm_memory_fifo.inst_fifo /\gen_mem_rep[0].inst_xpm_memory . (constraint file  auto generated constraint).
Applied set_property KEEP_HIERARCHY = SOFT for inst/s01_nodes/s01_b_node/inst/inst_mi_handler/\gen_normal_area.gen_node_prog_full.inst_node_prog_full /\gen_xpm_memory_fifo.inst_fifo /\gen_mem_rep[0].inst_xpm_memory . (constraint file  auto generated constraint).
Applied set_property KEEP_HIERARCHY = SOFT for inst/s01_nodes/s01_r_node/inst/inst_mi_handler/\gen_normal_area.gen_node_prog_full.inst_node_prog_full /\gen_xpm_memory_fifo.inst_fifo /\gen_mem_rep[0].inst_xpm_memory . (constraint file  auto generated constraint).
Applied set_property KEEP_HIERARCHY = SOFT for inst/m00_nodes/m00_ar_node/inst/inst_mi_handler/\gen_normal_area.inst_fifo_node_payld /\gen_xpm_memory_fifo.inst_fifo /\gen_mem_rep[0].inst_xpm_memory . (constraint file  auto generated constraint).
Applied set_property KEEP_HIERARCHY = SOFT for inst/m00_nodes/m00_aw_node/inst/inst_mi_handler/\gen_normal_area.inst_fifo_node_payld /\gen_xpm_memory_fifo.inst_fifo /\gen_mem_rep[0].inst_xpm_memory . (constraint file  auto generated constraint).
Applied set_property KEEP_HIERARCHY = SOFT for inst/m01_nodes/m01_ar_node/inst/inst_mi_handler/\gen_normal_area.inst_fifo_node_payld /\gen_xpm_memory_fifo.inst_fifo /\gen_mem_rep[0].inst_xpm_memory . (constraint file  auto generated constraint).
Applied set_property KEEP_HIERARCHY = SOFT for inst/m01_nodes/m01_aw_node/inst/inst_mi_handler/\gen_normal_area.inst_fifo_node_payld /\gen_xpm_memory_fifo.inst_fifo /\gen_mem_rep[0].inst_xpm_memory . (constraint file  auto generated constraint).
Applied set_property KEEP_HIERARCHY = SOFT for inst/m03_nodes/m03_ar_node/inst/inst_mi_handler/\gen_normal_area.inst_fifo_node_payld /\gen_xpm_memory_fifo.inst_fifo /\gen_mem_rep[0].inst_xpm_memory . (constraint file  auto generated constraint).
Applied set_property KEEP_HIERARCHY = SOFT for inst/m03_nodes/m03_aw_node/inst/inst_mi_handler/\gen_normal_area.inst_fifo_node_payld /\gen_xpm_memory_fifo.inst_fifo /\gen_mem_rep[0].inst_xpm_memory . (constraint file  auto generated constraint).
Applied set_property KEEP_HIERARCHY = SOFT for inst/m04_nodes/m04_ar_node/inst/inst_mi_handler/\gen_normal_area.inst_fifo_node_payld /\gen_xpm_memory_fifo.inst_fifo /\gen_mem_rep[0].inst_xpm_memory . (constraint file  auto generated constraint).
Applied set_property KEEP_HIERARCHY = SOFT for inst/m04_nodes/m04_aw_node/inst/inst_mi_handler/\gen_normal_area.inst_fifo_node_payld /\gen_xpm_memory_fifo.inst_fifo /\gen_mem_rep[0].inst_xpm_memory . (constraint file  auto generated constraint).
Applied set_property KEEP_HIERARCHY = SOFT for inst/m04_nodes/m04_w_node/inst/inst_mi_handler/\gen_normal_area.inst_fifo_node_payld /\gen_xpm_memory_fifo.inst_fifo /\gen_mem_rep[1].inst_xpm_memory . (constraint file  auto generated constraint).
Applied set_property KEEP_HIERARCHY = SOFT for inst/m00_nodes/m00_b_node/inst/inst_mi_handler/\gen_normal_area.gen_fifo_req.inst_fifo_req /\gen_xpm_memory_fifo.inst_fifo /\gen_mem_rep[0].inst_xpm_memory . (constraint file  auto generated constraint).
Applied set_property KEEP_HIERARCHY = SOFT for inst/m00_nodes/m00_r_node/inst/inst_mi_handler/\gen_normal_area.gen_fifo_req.inst_fifo_req /\gen_xpm_memory_fifo.inst_fifo /\gen_mem_rep[0].inst_xpm_memory . (constraint file  auto generated constraint).
Applied set_property KEEP_HIERARCHY = SOFT for inst/m01_nodes/m01_b_node/inst/inst_mi_handler/\gen_normal_area.gen_fifo_req.inst_fifo_req /\gen_xpm_memory_fifo.inst_fifo /\gen_mem_rep[0].inst_xpm_memory . (constraint file  auto generated constraint).
Applied set_property KEEP_HIERARCHY = SOFT for inst/m01_nodes/m01_r_node/inst/inst_mi_handler/\gen_normal_area.gen_fifo_req.inst_fifo_req /\gen_xpm_memory_fifo.inst_fifo /\gen_mem_rep[0].inst_xpm_memory . (constraint file  auto generated constraint).
Applied set_property KEEP_HIERARCHY = SOFT for inst/m03_nodes/m03_b_node/inst/inst_mi_handler/\gen_normal_area.gen_fifo_req.inst_fifo_req /\gen_xpm_memory_fifo.inst_fifo /\gen_mem_rep[0].inst_xpm_memory . (constraint file  auto generated constraint).
Applied set_property KEEP_HIERARCHY = SOFT for inst/m03_nodes/m03_r_node/inst/inst_mi_handler/\gen_normal_area.gen_fifo_req.inst_fifo_req /\gen_xpm_memory_fifo.inst_fifo /\gen_mem_rep[0].inst_xpm_memory . (constraint file  auto generated constraint).
Applied set_property KEEP_HIERARCHY = SOFT for inst/m04_nodes/m04_b_node/inst/inst_mi_handler/\gen_normal_area.gen_fifo_req.inst_fifo_req /\gen_xpm_memory_fifo.inst_fifo /\gen_mem_rep[0].inst_xpm_memory . (constraint file  auto generated constraint).
Applied set_property KEEP_HIERARCHY = SOFT for inst/m04_nodes/m04_r_node/inst/inst_mi_handler/\gen_normal_area.gen_fifo_req.inst_fifo_req /\gen_xpm_memory_fifo.inst_fifo /\gen_mem_rep[0].inst_xpm_memory . (constraint file  auto generated constraint).
Applied set_property KEEP_HIERARCHY = SOFT for inst/m00_nodes/m00_b_node/inst/inst_mi_handler/\gen_normal_area.inst_fifo_node_payld /\gen_xpm_memory_fifo.inst_fifo /\gen_mem_rep[0].inst_xpm_memory . (constraint file  auto generated constraint).
Applied set_property KEEP_HIERARCHY = SOFT for inst/m01_nodes/m01_b_node/inst/inst_mi_handler/\gen_normal_area.inst_fifo_node_payld /\gen_xpm_memory_fifo.inst_fifo /\gen_mem_rep[0].inst_xpm_memory . (constraint file  auto generated constraint).
Applied set_property KEEP_HIERARCHY = SOFT for inst/m03_nodes/m03_b_node/inst/inst_mi_handler/\gen_normal_area.inst_fifo_node_payld /\gen_xpm_memory_fifo.inst_fifo /\gen_mem_rep[0].inst_xpm_memory . (constraint file  auto generated constraint).
Applied set_property KEEP_HIERARCHY = SOFT for inst/m04_nodes/m04_b_node/inst/inst_mi_handler/\gen_normal_area.inst_fifo_node_payld /\gen_xpm_memory_fifo.inst_fifo /\gen_mem_rep[0].inst_xpm_memory . (constraint file  auto generated constraint).
Applied set_property KEEP_HIERARCHY = SOFT for inst/m00_nodes/m00_r_node/inst/inst_mi_handler/\gen_normal_area.inst_fifo_node_payld /\gen_xpm_memory_fifo.inst_fifo /\gen_mem_rep[0].inst_xpm_memory . (constraint file  auto generated constraint).
Applied set_property KEEP_HIERARCHY = SOFT for inst/m01_nodes/m01_r_node/inst/inst_mi_handler/\gen_normal_area.inst_fifo_node_payld /\gen_xpm_memory_fifo.inst_fifo /\gen_mem_rep[0].inst_xpm_memory . (constraint file  auto generated constraint).
Applied set_property KEEP_HIERARCHY = SOFT for inst/m03_nodes/m03_r_node/inst/inst_mi_handler/\gen_normal_area.inst_fifo_node_payld /\gen_xpm_memory_fifo.inst_fifo /\gen_mem_rep[0].inst_xpm_memory . (constraint file  auto generated constraint).
Applied set_property KEEP_HIERARCHY = SOFT for inst/m04_nodes/m04_r_node/inst/inst_mi_handler/\gen_normal_area.inst_fifo_node_payld /\gen_xpm_memory_fifo.inst_fifo /\gen_mem_rep[0].inst_xpm_memory . (constraint file  auto generated constraint).
Applied set_property KEEP_HIERARCHY = SOFT for inst/m00_nodes/m00_r_node/inst/inst_mi_handler/\gen_normal_area.inst_fifo_node_payld /\gen_xpm_memory_fifo.inst_fifo /\gen_mem_rep[1].inst_xpm_memory . (constraint file  auto generated constraint).
Applied set_property KEEP_HIERARCHY = SOFT for inst/m01_nodes/m01_r_node/inst/inst_mi_handler/\gen_normal_area.inst_fifo_node_payld /\gen_xpm_memory_fifo.inst_fifo /\gen_mem_rep[1].inst_xpm_memory . (constraint file  auto generated constraint).
Applied set_property KEEP_HIERARCHY = SOFT for inst/m03_nodes/m03_r_node/inst/inst_mi_handler/\gen_normal_area.inst_fifo_node_payld /\gen_xpm_memory_fifo.inst_fifo /\gen_mem_rep[1].inst_xpm_memory . (constraint file  auto generated constraint).
Applied set_property KEEP_HIERARCHY = SOFT for inst/m04_nodes/m04_r_node/inst/inst_mi_handler/\gen_normal_area.inst_fifo_node_payld /\gen_xpm_memory_fifo.inst_fifo /\gen_mem_rep[1].inst_xpm_memory . (constraint file  auto generated constraint).
Applied set_property KEEP_HIERARCHY = SOFT for inst/m00_nodes/m00_w_node/inst/inst_mi_handler/\gen_normal_area.inst_fifo_node_payld /\gen_xpm_memory_fifo.inst_fifo /\gen_mem_rep[0].inst_xpm_memory . (constraint file  auto generated constraint).
Applied set_property KEEP_HIERARCHY = SOFT for inst/m01_nodes/m01_w_node/inst/inst_mi_handler/\gen_normal_area.inst_fifo_node_payld /\gen_xpm_memory_fifo.inst_fifo /\gen_mem_rep[0].inst_xpm_memory . (constraint file  auto generated constraint).
Applied set_property KEEP_HIERARCHY = SOFT for inst/m03_nodes/m03_w_node/inst/inst_mi_handler/\gen_normal_area.inst_fifo_node_payld /\gen_xpm_memory_fifo.inst_fifo /\gen_mem_rep[0].inst_xpm_memory . (constraint file  auto generated constraint).
Applied set_property KEEP_HIERARCHY = SOFT for inst/m04_nodes/m04_w_node/inst/inst_mi_handler/\gen_normal_area.inst_fifo_node_payld /\gen_xpm_memory_fifo.inst_fifo /\gen_mem_rep[0].inst_xpm_memory . (constraint file  auto generated constraint).
Applied set_property KEEP_HIERARCHY = SOFT for inst/m00_nodes/m00_w_node/inst/inst_mi_handler/\gen_normal_area.inst_fifo_node_payld /\gen_xpm_memory_fifo.inst_fifo /\gen_mem_rep[1].inst_xpm_memory . (constraint file  auto generated constraint).
Applied set_property KEEP_HIERARCHY = SOFT for inst/m01_nodes/m01_w_node/inst/inst_mi_handler/\gen_normal_area.inst_fifo_node_payld /\gen_xpm_memory_fifo.inst_fifo /\gen_mem_rep[1].inst_xpm_memory . (constraint file  auto generated constraint).
Applied set_property KEEP_HIERARCHY = SOFT for inst/m03_nodes/m03_w_node/inst/inst_mi_handler/\gen_normal_area.inst_fifo_node_payld /\gen_xpm_memory_fifo.inst_fifo /\gen_mem_rep[1].inst_xpm_memory . (constraint file  auto generated constraint).
Applied set_property KEEP_HIERARCHY = SOFT for inst/m00_nodes/m00_w_node/inst/inst_si_handler/\gen_si_handler.gen_request_fifos.gen_req_fifo[0].inst_req_fifo /\gen_xpm_memory_fifo.inst_fifo /\gen_mem_rep[0].inst_xpm_memory . (constraint file  auto generated constraint).
Applied set_property KEEP_HIERARCHY = SOFT for inst/m00_nodes/m00_w_node/inst/inst_si_handler/\gen_si_handler.gen_request_fifos.gen_req_fifo[1].inst_req_fifo /\gen_xpm_memory_fifo.inst_fifo /\gen_mem_rep[0].inst_xpm_memory . (constraint file  auto generated constraint).
Applied set_property KEEP_HIERARCHY = SOFT for inst/m00_nodes/m00_w_node/inst/inst_si_handler/\gen_si_handler.gen_request_fifos.gen_req_fifo[2].inst_req_fifo /\gen_xpm_memory_fifo.inst_fifo /\gen_mem_rep[0].inst_xpm_memory . (constraint file  auto generated constraint).
Applied set_property KEEP_HIERARCHY = SOFT for inst/m01_nodes/m01_w_node/inst/inst_si_handler/\gen_si_handler.gen_request_fifos.gen_req_fifo[0].inst_req_fifo /\gen_xpm_memory_fifo.inst_fifo /\gen_mem_rep[0].inst_xpm_memory . (constraint file  auto generated constraint).
Applied set_property KEEP_HIERARCHY = SOFT for inst/m01_nodes/m01_w_node/inst/inst_si_handler/\gen_si_handler.gen_request_fifos.gen_req_fifo[1].inst_req_fifo /\gen_xpm_memory_fifo.inst_fifo /\gen_mem_rep[0].inst_xpm_memory . (constraint file  auto generated constraint).
Applied set_property KEEP_HIERARCHY = SOFT for inst/m01_nodes/m01_w_node/inst/inst_si_handler/\gen_si_handler.gen_request_fifos.gen_req_fifo[2].inst_req_fifo /\gen_xpm_memory_fifo.inst_fifo /\gen_mem_rep[0].inst_xpm_memory . (constraint file  auto generated constraint).
Applied set_property KEEP_HIERARCHY = SOFT for inst/m02_nodes/m02_w_node/inst/inst_si_handler/\gen_si_handler.gen_request_fifos.gen_req_fifo[0].inst_req_fifo /\gen_xpm_memory_fifo.inst_fifo /\gen_mem_rep[0].inst_xpm_memory . (constraint file  auto generated constraint).
Applied set_property KEEP_HIERARCHY = SOFT for inst/m02_nodes/m02_w_node/inst/inst_si_handler/\gen_si_handler.gen_request_fifos.gen_req_fifo[1].inst_req_fifo /\gen_xpm_memory_fifo.inst_fifo /\gen_mem_rep[0].inst_xpm_memory . (constraint file  auto generated constraint).
Applied set_property KEEP_HIERARCHY = SOFT for inst/m02_nodes/m02_w_node/inst/inst_si_handler/\gen_si_handler.gen_request_fifos.gen_req_fifo[2].inst_req_fifo /\gen_xpm_memory_fifo.inst_fifo /\gen_mem_rep[0].inst_xpm_memory . (constraint file  auto generated constraint).
Applied set_property KEEP_HIERARCHY = SOFT for inst/m03_nodes/m03_w_node/inst/inst_si_handler/\gen_si_handler.gen_request_fifos.gen_req_fifo[0].inst_req_fifo /\gen_xpm_memory_fifo.inst_fifo /\gen_mem_rep[0].inst_xpm_memory . (constraint file  auto generated constraint).
Applied set_property KEEP_HIERARCHY = SOFT for inst/m03_nodes/m03_w_node/inst/inst_si_handler/\gen_si_handler.gen_request_fifos.gen_req_fifo[1].inst_req_fifo /\gen_xpm_memory_fifo.inst_fifo /\gen_mem_rep[0].inst_xpm_memory . (constraint file  auto generated constraint).
Applied set_property KEEP_HIERARCHY = SOFT for inst/m03_nodes/m03_w_node/inst/inst_si_handler/\gen_si_handler.gen_request_fifos.gen_req_fifo[2].inst_req_fifo /\gen_xpm_memory_fifo.inst_fifo /\gen_mem_rep[0].inst_xpm_memory . (constraint file  auto generated constraint).
Applied set_property KEEP_HIERARCHY = SOFT for inst/m04_nodes/m04_w_node/inst/inst_si_handler/\gen_si_handler.gen_request_fifos.gen_req_fifo[0].inst_req_fifo /\gen_xpm_memory_fifo.inst_fifo /\gen_mem_rep[0].inst_xpm_memory . (constraint file  auto generated constraint).
Applied set_property KEEP_HIERARCHY = SOFT for inst/m04_nodes/m04_w_node/inst/inst_si_handler/\gen_si_handler.gen_request_fifos.gen_req_fifo[1].inst_req_fifo /\gen_xpm_memory_fifo.inst_fifo /\gen_mem_rep[0].inst_xpm_memory . (constraint file  auto generated constraint).
Applied set_property KEEP_HIERARCHY = SOFT for inst/m04_nodes/m04_w_node/inst/inst_si_handler/\gen_si_handler.gen_request_fifos.gen_req_fifo[2].inst_req_fifo /\gen_xpm_memory_fifo.inst_fifo /\gen_mem_rep[0].inst_xpm_memory . (constraint file  auto generated constraint).
Applied set_property KEEP_HIERARCHY = SOFT for inst/m02_nodes/m02_ar_node/inst/inst_mi_handler/\gen_normal_area.inst_fifo_node_payld /\gen_xpm_memory_fifo.inst_fifo /\gen_mem_rep[0].inst_xpm_memory . (constraint file  auto generated constraint).
Applied set_property KEEP_HIERARCHY = SOFT for inst/m02_nodes/m02_aw_node/inst/inst_mi_handler/\gen_normal_area.inst_fifo_node_payld /\gen_xpm_memory_fifo.inst_fifo /\gen_mem_rep[0].inst_xpm_memory . (constraint file  auto generated constraint).
Applied set_property KEEP_HIERARCHY = SOFT for inst/m02_nodes/m02_b_node/inst/inst_mi_handler/\gen_normal_area.gen_fifo_req.inst_fifo_req /\gen_xpm_memory_fifo.inst_fifo /\gen_mem_rep[0].inst_xpm_memory . (constraint file  auto generated constraint).
Applied set_property KEEP_HIERARCHY = SOFT for inst/m02_nodes/m02_r_node/inst/inst_mi_handler/\gen_normal_area.gen_fifo_req.inst_fifo_req /\gen_xpm_memory_fifo.inst_fifo /\gen_mem_rep[0].inst_xpm_memory . (constraint file  auto generated constraint).
Applied set_property KEEP_HIERARCHY = SOFT for inst/m02_nodes/m02_b_node/inst/inst_mi_handler/\gen_normal_area.inst_fifo_node_payld /\gen_xpm_memory_fifo.inst_fifo /\gen_mem_rep[0].inst_xpm_memory . (constraint file  auto generated constraint).
Applied set_property KEEP_HIERARCHY = SOFT for inst/m02_nodes/m02_r_node/inst/inst_mi_handler/\gen_normal_area.inst_fifo_node_payld /\gen_xpm_memory_fifo.inst_fifo /\gen_mem_rep[0].inst_xpm_memory . (constraint file  auto generated constraint).
Applied set_property KEEP_HIERARCHY = SOFT for inst/m02_nodes/m02_r_node/inst/inst_mi_handler/\gen_normal_area.inst_fifo_node_payld /\gen_xpm_memory_fifo.inst_fifo /\gen_mem_rep[1].inst_xpm_memory . (constraint file  auto generated constraint).
Applied set_property KEEP_HIERARCHY = SOFT for inst/m02_nodes/m02_w_node/inst/inst_mi_handler/\gen_normal_area.inst_fifo_node_payld /\gen_xpm_memory_fifo.inst_fifo /\gen_mem_rep[0].inst_xpm_memory . (constraint file  auto generated constraint).
Applied set_property KEEP_HIERARCHY = SOFT for inst/m02_nodes/m02_w_node/inst/inst_mi_handler/\gen_normal_area.inst_fifo_node_payld /\gen_xpm_memory_fifo.inst_fifo /\gen_mem_rep[1].inst_xpm_memory . (constraint file  auto generated constraint).
Applied set_property KEEP_HIERARCHY = SOFT for inst/s00_nodes/s00_ar_node/inst/inst_mi_handler/\gen_normal_area.gen_fifo_req.inst_fifo_req /\gen_xpm_memory_fifo.inst_fifo /\gen_mem_rep[0].inst_xpm_memory . (constraint file  auto generated constraint).
Applied set_property KEEP_HIERARCHY = SOFT for inst/s00_nodes/s00_aw_node/inst/inst_mi_handler/\gen_normal_area.gen_fifo_req.inst_fifo_req /\gen_xpm_memory_fifo.inst_fifo /\gen_mem_rep[0].inst_xpm_memory . (constraint file  auto generated constraint).
Applied set_property KEEP_HIERARCHY = SOFT for inst/s00_nodes/s00_w_node/inst/inst_mi_handler/\gen_normal_area.gen_fifo_req.inst_fifo_req /\gen_xpm_memory_fifo.inst_fifo /\gen_mem_rep[0].inst_xpm_memory . (constraint file  auto generated constraint).
Applied set_property KEEP_HIERARCHY = SOFT for inst/s01_nodes/s01_ar_node/inst/inst_mi_handler/\gen_normal_area.gen_fifo_req.inst_fifo_req /\gen_xpm_memory_fifo.inst_fifo /\gen_mem_rep[0].inst_xpm_memory . (constraint file  auto generated constraint).
Applied set_property KEEP_HIERARCHY = SOFT for inst/s01_nodes/s01_aw_node/inst/inst_mi_handler/\gen_normal_area.gen_fifo_req.inst_fifo_req /\gen_xpm_memory_fifo.inst_fifo /\gen_mem_rep[0].inst_xpm_memory . (constraint file  auto generated constraint).
Applied set_property KEEP_HIERARCHY = SOFT for inst/s01_nodes/s01_w_node/inst/inst_mi_handler/\gen_normal_area.gen_fifo_req.inst_fifo_req /\gen_xpm_memory_fifo.inst_fifo /\gen_mem_rep[0].inst_xpm_memory . (constraint file  auto generated constraint).
Applied set_property KEEP_HIERARCHY = SOFT for inst/s00_nodes/s00_ar_node/inst/inst_mi_handler/\gen_normal_area.inst_fifo_node_payld /\gen_xpm_memory_fifo.inst_fifo /\gen_mem_rep[0].inst_xpm_memory . (constraint file  auto generated constraint).
Applied set_property KEEP_HIERARCHY = SOFT for inst/s00_nodes/s00_aw_node/inst/inst_mi_handler/\gen_normal_area.inst_fifo_node_payld /\gen_xpm_memory_fifo.inst_fifo /\gen_mem_rep[0].inst_xpm_memory . (constraint file  auto generated constraint).
Applied set_property KEEP_HIERARCHY = SOFT for inst/s01_nodes/s01_ar_node/inst/inst_mi_handler/\gen_normal_area.inst_fifo_node_payld /\gen_xpm_memory_fifo.inst_fifo /\gen_mem_rep[0].inst_xpm_memory . (constraint file  auto generated constraint).
Applied set_property KEEP_HIERARCHY = SOFT for inst/s01_nodes/s01_aw_node/inst/inst_mi_handler/\gen_normal_area.inst_fifo_node_payld /\gen_xpm_memory_fifo.inst_fifo /\gen_mem_rep[0].inst_xpm_memory . (constraint file  auto generated constraint).
Applied set_property KEEP_HIERARCHY = SOFT for inst/s00_nodes/s00_b_node/inst/inst_mi_handler/\gen_normal_area.inst_fifo_node_payld /\gen_xpm_memory_fifo.inst_fifo /\gen_mem_rep[0].inst_xpm_memory . (constraint file  auto generated constraint).
Applied set_property KEEP_HIERARCHY = SOFT for inst/s01_nodes/s01_b_node/inst/inst_mi_handler/\gen_normal_area.inst_fifo_node_payld /\gen_xpm_memory_fifo.inst_fifo /\gen_mem_rep[0].inst_xpm_memory . (constraint file  auto generated constraint).
Applied set_property KEEP_HIERARCHY = SOFT for inst/s00_nodes/s00_r_node/inst/inst_mi_handler/\gen_normal_area.inst_fifo_node_payld /\gen_xpm_memory_fifo.inst_fifo /\gen_mem_rep[0].inst_xpm_memory . (constraint file  auto generated constraint).
Applied set_property KEEP_HIERARCHY = SOFT for inst/s00_nodes/s00_r_node/inst/inst_mi_handler/\gen_normal_area.inst_fifo_node_payld /\gen_xpm_memory_fifo.inst_fifo /\gen_mem_rep[1].inst_xpm_memory . (constraint file  auto generated constraint).
Applied set_property KEEP_HIERARCHY = SOFT for inst/s00_nodes/s00_w_node/inst/inst_mi_handler/\gen_normal_area.inst_fifo_node_payld /\gen_xpm_memory_fifo.inst_fifo /\gen_mem_rep[0].inst_xpm_memory . (constraint file  auto generated constraint).
Applied set_property KEEP_HIERARCHY = SOFT for inst/s01_nodes/s01_w_node/inst/inst_mi_handler/\gen_normal_area.inst_fifo_node_payld /\gen_xpm_memory_fifo.inst_fifo /\gen_mem_rep[0].inst_xpm_memory . (constraint file  auto generated constraint).
Applied set_property KEEP_HIERARCHY = SOFT for inst/s00_nodes/s00_w_node/inst/inst_mi_handler/\gen_normal_area.inst_fifo_node_payld /\gen_xpm_memory_fifo.inst_fifo /\gen_mem_rep[1].inst_xpm_memory . (constraint file  auto generated constraint).
Applied set_property KEEP_HIERARCHY = SOFT for inst/s01_nodes/s01_w_node/inst/inst_mi_handler/\gen_normal_area.inst_fifo_node_payld /\gen_xpm_memory_fifo.inst_fifo /\gen_mem_rep[1].inst_xpm_memory . (constraint file  auto generated constraint).
Applied set_property KEEP_HIERARCHY = SOFT for inst/s01_nodes/s01_r_node/inst/inst_mi_handler/\gen_normal_area.inst_fifo_node_payld /\gen_xpm_memory_fifo.inst_fifo /\gen_mem_rep[0].inst_xpm_memory . (constraint file  auto generated constraint).
Applied set_property KEEP_HIERARCHY = SOFT for inst/s01_nodes/s01_r_node/inst/inst_mi_handler/\gen_normal_area.inst_fifo_node_payld /\gen_xpm_memory_fifo.inst_fifo /\gen_mem_rep[1].inst_xpm_memory . (constraint file  auto generated constraint).
Applied set_property KEEP_HIERARCHY = SOFT for inst/s02_nodes/s02_aw_node/inst/inst_mi_handler/\gen_normal_area.gen_fifo_req.inst_fifo_req /\gen_xpm_memory_fifo.inst_fifo /\gen_mem_rep[0].inst_xpm_memory . (constraint file  auto generated constraint).
Applied set_property KEEP_HIERARCHY = SOFT for inst/s02_nodes/s02_w_node/inst/inst_mi_handler/\gen_normal_area.gen_fifo_req.inst_fifo_req /\gen_xpm_memory_fifo.inst_fifo /\gen_mem_rep[0].inst_xpm_memory . (constraint file  auto generated constraint).
Applied set_property KEEP_HIERARCHY = SOFT for inst/s02_nodes/s02_aw_node/inst/inst_mi_handler/\gen_normal_area.inst_fifo_node_payld /\gen_xpm_memory_fifo.inst_fifo /\gen_mem_rep[0].inst_xpm_memory . (constraint file  auto generated constraint).
Applied set_property KEEP_HIERARCHY = SOFT for inst/s02_nodes/s02_b_node/inst/inst_mi_handler/\gen_normal_area.inst_fifo_node_payld /\gen_xpm_memory_fifo.inst_fifo /\gen_mem_rep[0].inst_xpm_memory . (constraint file  auto generated constraint).
Applied set_property KEEP_HIERARCHY = SOFT for inst/s02_nodes/s02_w_node/inst/inst_mi_handler/\gen_normal_area.inst_fifo_node_payld /\gen_xpm_memory_fifo.inst_fifo /\gen_mem_rep[0].inst_xpm_memory . (constraint file  auto generated constraint).
Applied set_property KEEP_HIERARCHY = SOFT for inst/s02_nodes/s02_w_node/inst/inst_mi_handler/\gen_normal_area.inst_fifo_node_payld /\gen_xpm_memory_fifo.inst_fifo /\gen_mem_rep[1].inst_xpm_memory . (constraint file  auto generated constraint).
---------------------------------------------------------------------------------
Finished applying 'set_property' XDC Constraints : Time (s): cpu = 00:00:35 ; elapsed = 00:00:30 . Memory (MB): peak = 4544.617 ; gain = 1947.504 ; free physical = 58098 ; free virtual = 69628
---------------------------------------------------------------------------------
INFO: [Synth 8-802] inferred FSM for state register 'w_state_reg' in module 'sc_exit_v1_0_16_axilite_conv'
INFO: [Synth 8-802] inferred FSM for state register 'r_state_reg' in module 'sc_exit_v1_0_16_axilite_conv'
INFO: [Synth 8-4490] FSM extraction disabled for register 'gen_pipelined.state_reg' through user attribute
INFO: [Synth 8-4490] FSM extraction disabled for register 'gen_pipelined.state_reg' through user attribute
INFO: [Synth 8-4490] FSM extraction disabled for register 'gen_pipelined.state_reg' through user attribute
INFO: [Synth 8-4490] FSM extraction disabled for register 'gen_pipelined.state_reg' through user attribute
INFO: [Synth 8-4490] FSM extraction disabled for register 'gen_pipelined.state_reg' through user attribute
INFO: [Synth 8-4490] FSM extraction disabled for register 'gen_pipelined.state_reg' through user attribute
INFO: [Synth 8-4490] FSM extraction disabled for register 'gen_AB_reg_slice.state_reg' through user attribute
INFO: [Synth 8-4490] FSM extraction disabled for register 'gen_AB_reg_slice.state_reg' through user attribute
INFO: [Synth 8-802] inferred FSM for state register 'w_state_reg' in module 'sc_exit_v1_0_16_axilite_conv__parameterized0'
INFO: [Synth 8-802] inferred FSM for state register 'r_state_reg' in module 'sc_exit_v1_0_16_axilite_conv__parameterized0'
INFO: [Synth 8-4490] FSM extraction disabled for register 'gen_pipelined.state_reg' through user attribute
INFO: [Synth 8-4490] FSM extraction disabled for register 'gen_pipelined.state_reg' through user attribute
INFO: [Synth 8-802] inferred FSM for state register 'gen_endpoint.w_state_reg' in module 'sc_mmu_v1_0_14_top'
INFO: [Synth 8-802] inferred FSM for state register 'gen_endpoint.r_state_reg' in module 'sc_mmu_v1_0_14_top'
INFO: [Synth 8-4490] FSM extraction disabled for register 'gen_pipelined.state_reg' through user attribute
INFO: [Synth 8-4490] FSM extraction disabled for register 'gen_pipelined.state_reg' through user attribute
INFO: [Synth 8-4490] FSM extraction disabled for register 'gen_AB_reg_slice.state_reg' through user attribute
INFO: [Synth 8-4490] FSM extraction disabled for register 'gen_AB_reg_slice.state_reg' through user attribute
INFO: [Synth 8-802] inferred FSM for state register 'gen_axi.gen_write.write_cs_reg' in module 'sc_mmu_v1_0_14_decerr_slave__parameterized0'
INFO: [Synth 8-802] inferred FSM for state register 'gen_endpoint.w_state_reg' in module 'sc_mmu_v1_0_14_top__parameterized0'
INFO: [Synth 8-802] inferred FSM for state register 'gen_endpoint.r_state_reg' in module 'sc_mmu_v1_0_14_top__parameterized0'
INFO: [Synth 8-4490] FSM extraction disabled for register 'gen_pipelined.state_reg' through user attribute
INFO: [Synth 8-4490] FSM extraction disabled for register 'gen_pipelined.state_reg' through user attribute
INFO: [Synth 8-4490] FSM extraction disabled for register 'gen_pipelined.state_reg' through user attribute
INFO: [Synth 8-4490] FSM extraction disabled for register 'gen_pipelined.state_reg' through user attribute
INFO: [Synth 8-4490] FSM extraction disabled for register 'gen_pipelined.state_reg' through user attribute
INFO: [Synth 8-4490] FSM extraction disabled for register 'gen_pipelined.state_reg' through user attribute
INFO: [Synth 8-802] inferred FSM for state register 'gen_axi.gen_write.write_cs_reg' in module 'sc_mmu_v1_0_14_decerr_slave__parameterized1'
INFO: [Synth 8-802] inferred FSM for state register 'gen_endpoint.w_state_reg' in module 'sc_mmu_v1_0_14_top__parameterized1'
INFO: [Synth 8-802] inferred FSM for state register 'gen_endpoint.r_state_reg' in module 'sc_mmu_v1_0_14_top__parameterized1'
INFO: [Synth 8-4490] FSM extraction disabled for register 'gen_pipelined.state_reg' through user attribute
INFO: [Synth 8-4490] FSM extraction disabled for register 'gen_pipelined.state_reg' through user attribute
---------------------------------------------------------------------------------------------------
                   State |                     New Encoding |                Previous Encoding 
---------------------------------------------------------------------------------------------------
                  W_IDLE |                              000 | 00000000000000000000000000000000
                    W_RX |                              001 | 00000000000000000000000000000001
                    W_TX |                              010 | 00000000000000000000000000000010
              W_COMPLETE |                              011 | 00000000000000000000000000000100
               W_RECOVER |                              100 | 00000000000000000000000000000011
---------------------------------------------------------------------------------------------------
INFO: [Synth 8-3354] encoded FSM with state register 'w_state_reg' using encoding 'sequential' in module 'sc_exit_v1_0_16_axilite_conv'
---------------------------------------------------------------------------------------------------
                   State |                     New Encoding |                Previous Encoding 
---------------------------------------------------------------------------------------------------
                  R_IDLE |                               00 | 00000000000000000000000000000000
                    R_RX |                               01 | 00000000000000000000000000000001
                    R_TX |                               10 | 00000000000000000000000000000010
---------------------------------------------------------------------------------------------------
INFO: [Synth 8-3354] encoded FSM with state register 'r_state_reg' using encoding 'sequential' in module 'sc_exit_v1_0_16_axilite_conv'
---------------------------------------------------------------------------------------------------
                   State |                     New Encoding |                Previous Encoding 
---------------------------------------------------------------------------------------------------
                  W_IDLE |                              000 | 00000000000000000000000000000000
                    W_RX |                              001 | 00000000000000000000000000000001
                    W_TX |                              010 | 00000000000000000000000000000010
              W_COMPLETE |                              011 | 00000000000000000000000000000100
               W_RECOVER |                              100 | 00000000000000000000000000000011
---------------------------------------------------------------------------------------------------
INFO: [Synth 8-3354] encoded FSM with state register 'w_state_reg' using encoding 'sequential' in module 'sc_exit_v1_0_16_axilite_conv__parameterized0'
---------------------------------------------------------------------------------------------------
                   State |                     New Encoding |                Previous Encoding 
---------------------------------------------------------------------------------------------------
                  R_IDLE |                               00 | 00000000000000000000000000000000
                    R_RX |                               01 | 00000000000000000000000000000001
                    R_TX |                               10 | 00000000000000000000000000000010
---------------------------------------------------------------------------------------------------
INFO: [Synth 8-3354] encoded FSM with state register 'r_state_reg' using encoding 'sequential' in module 'sc_exit_v1_0_16_axilite_conv__parameterized0'
---------------------------------------------------------------------------------------------------
                   State |                     New Encoding |                Previous Encoding 
---------------------------------------------------------------------------------------------------
                  iSTATE |                               00 | 00000000000000000000000000000000
*
                 W_STALL |                               01 | 00000000000000000000000000000001
               W_PENDING |                               10 | 00000000000000000000000000000010
                W_DECERR |                               11 | 00000000000000000000000000000011
---------------------------------------------------------------------------------------------------
INFO: [Synth 8-3354] encoded FSM with state register 'gen_endpoint.w_state_reg' using encoding 'sequential' in module 'sc_mmu_v1_0_14_top'
---------------------------------------------------------------------------------------------------
                   State |                     New Encoding |                Previous Encoding 
---------------------------------------------------------------------------------------------------
                  iSTATE |                               00 | 00000000000000000000000000000000
*
                 R_STALL |                               01 | 00000000000000000000000000000001
               R_PENDING |                               10 | 00000000000000000000000000000010
                R_DECERR |                               11 | 00000000000000000000000000000011
---------------------------------------------------------------------------------------------------
INFO: [Synth 8-3354] encoded FSM with state register 'gen_endpoint.r_state_reg' using encoding 'sequential' in module 'sc_mmu_v1_0_14_top'
---------------------------------------------------------------------------------------------------
                   State |                     New Encoding |                Previous Encoding 
---------------------------------------------------------------------------------------------------
            P_WRITE_IDLE |                              001 |                               00
            P_WRITE_DATA |                              010 |                               01
            P_WRITE_RESP |                              100 |                               10
---------------------------------------------------------------------------------------------------
INFO: [Synth 8-3354] encoded FSM with state register 'gen_axi.gen_write.write_cs_reg' using encoding 'one-hot' in module 'sc_mmu_v1_0_14_decerr_slave__parameterized0'
---------------------------------------------------------------------------------------------------
                   State |                     New Encoding |                Previous Encoding 
---------------------------------------------------------------------------------------------------
                  iSTATE |                               00 | 00000000000000000000000000000000
*
                 W_STALL |                               01 | 00000000000000000000000000000001
               W_PENDING |                               10 | 00000000000000000000000000000010
                W_DECERR |                               11 | 00000000000000000000000000000011
---------------------------------------------------------------------------------------------------
INFO: [Synth 8-3354] encoded FSM with state register 'gen_endpoint.w_state_reg' using encoding 'sequential' in module 'sc_mmu_v1_0_14_top__parameterized0'
---------------------------------------------------------------------------------------------------
                   State |                     New Encoding |                Previous Encoding 
---------------------------------------------------------------------------------------------------
                  iSTATE |                             0001 | 00000000000000000000000000000000
*
                 R_STALL |                             0010 | 00000000000000000000000000000001
               R_PENDING |                             0100 | 00000000000000000000000000000010
                R_DECERR |                             1000 | 00000000000000000000000000000011
---------------------------------------------------------------------------------------------------
INFO: [Synth 8-3354] encoded FSM with state register 'gen_endpoint.r_state_reg' using encoding 'one-hot' in module 'sc_mmu_v1_0_14_top__parameterized0'
---------------------------------------------------------------------------------------------------
                   State |                     New Encoding |                Previous Encoding 
---------------------------------------------------------------------------------------------------
            P_WRITE_IDLE |                              001 |                               00
            P_WRITE_DATA |                              010 |                               01
            P_WRITE_RESP |                              100 |                               10
---------------------------------------------------------------------------------------------------
INFO: [Synth 8-3354] encoded FSM with state register 'gen_axi.gen_write.write_cs_reg' using encoding 'one-hot' in module 'sc_mmu_v1_0_14_decerr_slave__parameterized1'
---------------------------------------------------------------------------------------------------
                   State |                     New Encoding |                Previous Encoding 
---------------------------------------------------------------------------------------------------
                  iSTATE |                               00 | 00000000000000000000000000000000
*
                 W_STALL |                               01 | 00000000000000000000000000000001
               W_PENDING |                               10 | 00000000000000000000000000000010
                W_DECERR |                               11 | 00000000000000000000000000000011
---------------------------------------------------------------------------------------------------
INFO: [Synth 8-3354] encoded FSM with state register 'gen_endpoint.w_state_reg' using encoding 'sequential' in module 'sc_mmu_v1_0_14_top__parameterized1'
---------------------------------------------------------------------------------------------------
                   State |                     New Encoding |                Previous Encoding 
---------------------------------------------------------------------------------------------------
                  iSTATE |                               00 | 00000000000000000000000000000000
*
                 R_STALL |                               01 | 00000000000000000000000000000001
               R_PENDING |                               10 | 00000000000000000000000000000010
                R_DECERR |                               11 | 00000000000000000000000000000011
---------------------------------------------------------------------------------------------------
INFO: [Synth 8-3354] encoded FSM with state register 'gen_endpoint.r_state_reg' using encoding 'sequential' in module 'sc_mmu_v1_0_14_top__parameterized1'
---------------------------------------------------------------------------------
Finished RTL Optimization Phase 2 : Time (s): cpu = 00:00:40 ; elapsed = 00:00:35 . Memory (MB): peak = 4544.617 ; gain = 1947.504 ; free physical = 54414 ; free virtual = 65926
---------------------------------------------------------------------------------
---------------------------------------------------------------------------------
Start RTL Component Statistics 
---------------------------------------------------------------------------------
Detailed RTL Component Info : 
+---Adders : 
	   2 Input   32 Bit       Adders := 1     
	   2 Input   12 Bit       Adders := 8     
	   2 Input    9 Bit       Adders := 12    
	   2 Input    8 Bit       Adders := 20    
	   4 Input    8 Bit       Adders := 2     
	   2 Input    7 Bit       Adders := 10    
	   2 Input    6 Bit       Adders := 471   
	   3 Input    6 Bit       Adders := 4     
	   2 Input    5 Bit       Adders := 12    
	   3 Input    5 Bit       Adders := 4     
	   4 Input    5 Bit       Adders := 4     
	   2 Input    4 Bit       Adders := 74    
	   3 Input    4 Bit       Adders := 4     
	   2 Input    3 Bit       Adders := 108   
	   3 Input    3 Bit       Adders := 5     
	   2 Input    2 Bit       Adders := 58    
	   3 Input    1 Bit       Adders := 10    
+---XORs : 
	   2 Input      6 Bit         XORs := 24    
	   2 Input      1 Bit         XORs := 869   
+---Registers : 
	             2178 Bit    Registers := 104   
	              512 Bit    Registers := 4     
	              384 Bit    Registers := 1     
	              308 Bit    Registers := 5     
	              292 Bit    Registers := 2     
	              278 Bit    Registers := 3     
	              256 Bit    Registers := 2     
	              165 Bit    Registers := 4     
	              164 Bit    Registers := 5     
	              163 Bit    Registers := 11    
	              154 Bit    Registers := 6     
	              150 Bit    Registers := 2     
	              149 Bit    Registers := 2     
	              144 Bit    Registers := 15    
	              139 Bit    Registers := 10    
	              104 Bit    Registers := 1     
	               64 Bit    Registers := 18    
	               47 Bit    Registers := 5     
	               40 Bit    Registers := 2     
	               33 Bit    Registers := 5     
	               32 Bit    Registers := 20    
	               28 Bit    Registers := 3     
	               24 Bit    Registers := 1     
	               22 Bit    Registers := 11    
	               21 Bit    Registers := 1     
	               20 Bit    Registers := 14    
	               16 Bit    Registers := 6     
	               14 Bit    Registers := 3     
	               13 Bit    Registers := 3     
	               12 Bit    Registers := 8     
	                9 Bit    Registers := 12    
	                8 Bit    Registers := 226   
	                7 Bit    Registers := 24    
	                6 Bit    Registers := 347   
	                5 Bit    Registers := 63    
	                4 Bit    Registers := 84    
	                3 Bit    Registers := 272   
	                2 Bit    Registers := 107   
	                1 Bit    Registers := 1838  
+---Muxes : 
	   2 Input 2178 Bit        Muxes := 52    
	   4 Input  308 Bit        Muxes := 5     
	   2 Input  292 Bit        Muxes := 1     
	   2 Input  256 Bit        Muxes := 11    
	   4 Input  144 Bit        Muxes := 10    
	   2 Input   47 Bit        Muxes := 5     
	   2 Input   40 Bit        Muxes := 1     
	   2 Input   33 Bit        Muxes := 5     
	   3 Input   32 Bit        Muxes := 5     
	   2 Input   32 Bit        Muxes := 32    
	   2 Input   24 Bit        Muxes := 1     
	   2 Input   22 Bit        Muxes := 1     
	   2 Input   21 Bit        Muxes := 1     
	   2 Input   16 Bit        Muxes := 6     
	   2 Input   14 Bit        Muxes := 3     
	   3 Input   13 Bit        Muxes := 3     
	   2 Input   13 Bit        Muxes := 3     
	   2 Input   12 Bit        Muxes := 24    
	   5 Input   12 Bit        Muxes := 4     
	   5 Input    9 Bit        Muxes := 4     
	   2 Input    9 Bit        Muxes := 8     
	   3 Input    8 Bit        Muxes := 4     
	   2 Input    8 Bit        Muxes := 186   
	   7 Input    8 Bit        Muxes := 6     
	   2 Input    7 Bit        Muxes := 56    
	   6 Input    7 Bit        Muxes := 4     
	   2 Input    6 Bit        Muxes := 80    
	   2 Input    5 Bit        Muxes := 38    
	   5 Input    5 Bit        Muxes := 1     
	   4 Input    4 Bit        Muxes := 1     
	   2 Input    4 Bit        Muxes := 40    
	   3 Input    4 Bit        Muxes := 2     
	   5 Input    3 Bit        Muxes := 4     
	   2 Input    3 Bit        Muxes := 70    
	   4 Input    3 Bit        Muxes := 29    
	   4 Input    2 Bit        Muxes := 10    
	   3 Input    2 Bit        Muxes := 8     
	   2 Input    2 Bit        Muxes := 445   
	   7 Input    2 Bit        Muxes := 18    
	   5 Input    2 Bit        Muxes := 1     
	   6 Input    1 Bit        Muxes := 353   
	   4 Input    1 Bit        Muxes := 118   
	   7 Input    1 Bit        Muxes := 104   
	   2 Input    1 Bit        Muxes := 905   
	   5 Input    1 Bit        Muxes := 60    
	   3 Input    1 Bit        Muxes := 78    
	  12 Input    1 Bit        Muxes := 29    
---------------------------------------------------------------------------------
Finished RTL Component Statistics 
---------------------------------------------------------------------------------
---------------------------------------------------------------------------------
Start Part Resource Summary
---------------------------------------------------------------------------------
Part Resources:
DSPs: 1824 (col length:96)
BRAMs: 960 (col length: RAMB18 96 RAMB36 48)
---------------------------------------------------------------------------------
Finished Part Resource Summary
---------------------------------------------------------------------------------
---------------------------------------------------------------------------------
Start Cross Boundary and Area Optimization
---------------------------------------------------------------------------------
INFO: [Synth 8-3917] design sc_mmu_v1_0_14_top__GC0 has port m_axi_awid[0] driven by constant 0
INFO: [Synth 8-3917] design sc_mmu_v1_0_14_top__GC0 has port m_axi_arid[0] driven by constant 0
INFO: [Synth 8-3917] design sc_mmu_v1_0_14_top__GC0 has port s_arvector[2177] driven by constant 0
INFO: [Synth 8-3917] design sc_mmu_v1_0_14_top__GC0 has port s_arvector[2176] driven by constant 0
INFO: [Synth 8-3917] design sc_mmu_v1_0_14_top__GC0 has port s_arvector[2175] driven by constant 0
INFO: [Synth 8-3917] design sc_mmu_v1_0_14_top__GC0 has port s_arvector[2174] driven by constant 0
INFO: [Synth 8-3917] design sc_mmu_v1_0_14_top__GC0 has port s_arvector[2173] driven by constant 0
INFO: [Synth 8-3917] design sc_mmu_v1_0_14_top__GC0 has port s_arvector[2172] driven by constant 0
INFO: [Synth 8-3917] design sc_mmu_v1_0_14_top__GC0 has port s_arvector[2171] driven by constant 0
INFO: [Synth 8-3917] design sc_mmu_v1_0_14_top__GC0 has port s_arvector[2170] driven by constant 0
INFO: [Synth 8-3917] design sc_mmu_v1_0_14_top__GC0 has port s_arvector[2169] driven by constant 0
INFO: [Synth 8-3917] design sc_mmu_v1_0_14_top__GC0 has port s_arvector[2168] driven by constant 0
INFO: [Synth 8-3917] design sc_mmu_v1_0_14_top__GC0 has port s_arvector[2167] driven by constant 0
INFO: [Synth 8-3917] design sc_mmu_v1_0_14_top__GC0 has port s_arvector[2166] driven by constant 0
INFO: [Synth 8-3917] design sc_mmu_v1_0_14_top__GC0 has port s_arvector[2165] driven by constant 0
INFO: [Synth 8-3917] design sc_mmu_v1_0_14_top__GC0 has port s_arvector[2164] driven by constant 0
INFO: [Synth 8-3917] design sc_mmu_v1_0_14_top__GC0 has port s_arvector[2163] driven by constant 0
INFO: [Synth 8-3917] design sc_mmu_v1_0_14_top__GC0 has port s_arvector[2162] driven by constant 0
INFO: [Synth 8-3917] design sc_mmu_v1_0_14_top__GC0 has port s_arvector[2161] driven by constant 0
INFO: [Synth 8-3917] design sc_mmu_v1_0_14_top__GC0 has port s_arvector[2160] driven by constant 0
INFO: [Synth 8-3917] design sc_mmu_v1_0_14_top__GC0 has port s_arvector[2159] driven by constant 0
INFO: [Synth 8-3917] design sc_mmu_v1_0_14_top__GC0 has port s_arvector[2158] driven by constant 0
INFO: [Synth 8-3917] design sc_mmu_v1_0_14_top__GC0 has port s_arvector[2157] driven by constant 0
INFO: [Synth 8-3917] design sc_mmu_v1_0_14_top__GC0 has port s_arvector[2156] driven by constant 0
INFO: [Synth 8-3917] design sc_mmu_v1_0_14_top__GC0 has port s_arvector[2155] driven by constant 0
INFO: [Synth 8-3917] design sc_mmu_v1_0_14_top__GC0 has port s_arvector[2154] driven by constant 0
INFO: [Synth 8-3917] design sc_mmu_v1_0_14_top__GC0 has port s_arvector[2153] driven by constant 0
INFO: [Synth 8-3917] design sc_mmu_v1_0_14_top__GC0 has port s_arvector[2152] driven by constant 0
INFO: [Synth 8-3917] design sc_mmu_v1_0_14_top__GC0 has port s_arvector[2151] driven by constant 0
INFO: [Synth 8-3917] design sc_mmu_v1_0_14_top__GC0 has port s_arvector[2150] driven by constant 0
INFO: [Synth 8-3917] design sc_mmu_v1_0_14_top__GC0 has port s_arvector[2149] driven by constant 0
INFO: [Synth 8-3917] design sc_mmu_v1_0_14_top__GC0 has port s_arvector[2148] driven by constant 0
INFO: [Synth 8-3917] design sc_mmu_v1_0_14_top__GC0 has port s_arvector[2147] driven by constant 0
INFO: [Synth 8-3917] design sc_mmu_v1_0_14_top__GC0 has port s_arvector[2146] driven by constant 0
INFO: [Synth 8-3917] design sc_mmu_v1_0_14_top__GC0 has port s_arvector[2145] driven by constant 0
INFO: [Synth 8-3917] design sc_mmu_v1_0_14_top__GC0 has port s_arvector[2144] driven by constant 0
INFO: [Synth 8-3917] design sc_mmu_v1_0_14_top__GC0 has port s_arvector[2143] driven by constant 0
INFO: [Synth 8-3917] design sc_mmu_v1_0_14_top__GC0 has port s_arvector[2142] driven by constant 0
INFO: [Synth 8-3917] design sc_mmu_v1_0_14_top__GC0 has port s_arvector[2141] driven by constant 0
INFO: [Synth 8-3917] design sc_mmu_v1_0_14_top__GC0 has port s_arvector[2140] driven by constant 0
INFO: [Synth 8-3917] design sc_mmu_v1_0_14_top__GC0 has port s_arvector[2139] driven by constant 0
INFO: [Synth 8-3917] design sc_mmu_v1_0_14_top__GC0 has port s_arvector[2138] driven by constant 0
INFO: [Synth 8-3917] design sc_mmu_v1_0_14_top__GC0 has port s_arvector[2137] driven by constant 0
INFO: [Synth 8-3917] design sc_mmu_v1_0_14_top__GC0 has port s_arvector[2136] driven by constant 0
INFO: [Synth 8-3917] design sc_mmu_v1_0_14_top__GC0 has port s_arvector[2135] driven by constant 0
INFO: [Synth 8-3917] design sc_mmu_v1_0_14_top__GC0 has port s_arvector[2134] driven by constant 0
INFO: [Synth 8-3917] design sc_mmu_v1_0_14_top__GC0 has port s_arvector[2133] driven by constant 0
INFO: [Synth 8-3917] design sc_mmu_v1_0_14_top__GC0 has port s_arvector[2132] driven by constant 0
INFO: [Synth 8-3917] design sc_mmu_v1_0_14_top__GC0 has port s_arvector[2131] driven by constant 0
INFO: [Synth 8-3917] design sc_mmu_v1_0_14_top__GC0 has port s_arvector[2130] driven by constant 0
INFO: [Synth 8-3917] design sc_mmu_v1_0_14_top__GC0 has port s_arvector[2129] driven by constant 0
INFO: [Synth 8-3917] design sc_mmu_v1_0_14_top__GC0 has port s_arvector[2128] driven by constant 0
INFO: [Synth 8-3917] design sc_mmu_v1_0_14_top__GC0 has port s_arvector[2127] driven by constant 0
INFO: [Synth 8-3917] design sc_mmu_v1_0_14_top__GC0 has port s_arvector[2126] driven by constant 0
INFO: [Synth 8-3917] design sc_mmu_v1_0_14_top__GC0 has port s_arvector[2125] driven by constant 0
INFO: [Synth 8-3917] design sc_mmu_v1_0_14_top__GC0 has port s_arvector[2124] driven by constant 0
INFO: [Synth 8-3917] design sc_mmu_v1_0_14_top__GC0 has port s_arvector[2123] driven by constant 0
INFO: [Synth 8-3917] design sc_mmu_v1_0_14_top__GC0 has port s_arvector[2122] driven by constant 0
INFO: [Synth 8-3917] design sc_mmu_v1_0_14_top__GC0 has port s_arvector[2121] driven by constant 0
INFO: [Synth 8-3917] design sc_mmu_v1_0_14_top__GC0 has port s_arvector[2120] driven by constant 0
INFO: [Synth 8-3917] design sc_mmu_v1_0_14_top__GC0 has port s_arvector[2119] driven by constant 0
INFO: [Synth 8-3917] design sc_mmu_v1_0_14_top__GC0 has port s_arvector[2118] driven by constant 0
INFO: [Synth 8-3917] design sc_mmu_v1_0_14_top__GC0 has port s_arvector[2117] driven by constant 0
INFO: [Synth 8-3917] design sc_mmu_v1_0_14_top__GC0 has port s_arvector[2116] driven by constant 0
INFO: [Synth 8-3917] design sc_mmu_v1_0_14_top__GC0 has port s_arvector[2115] driven by constant 0
INFO: [Synth 8-3917] design sc_mmu_v1_0_14_top__GC0 has port s_arvector[2114] driven by constant 0
INFO: [Synth 8-3917] design sc_mmu_v1_0_14_top__GC0 has port s_arvector[2113] driven by constant 0
INFO: [Synth 8-3917] design sc_mmu_v1_0_14_top__GC0 has port s_arvector[2112] driven by constant 0
INFO: [Synth 8-3917] design sc_mmu_v1_0_14_top__GC0 has port s_arvector[2111] driven by constant 0
INFO: [Synth 8-3917] design sc_mmu_v1_0_14_top__GC0 has port s_arvector[2110] driven by constant 0
INFO: [Synth 8-3917] design sc_mmu_v1_0_14_top__GC0 has port s_arvector[2109] driven by constant 0
INFO: [Synth 8-3917] design sc_mmu_v1_0_14_top__GC0 has port s_arvector[2108] driven by constant 0
INFO: [Synth 8-3917] design sc_mmu_v1_0_14_top__GC0 has port s_arvector[2107] driven by constant 0
INFO: [Synth 8-3917] design sc_mmu_v1_0_14_top__GC0 has port s_arvector[2106] driven by constant 0
INFO: [Synth 8-3917] design sc_mmu_v1_0_14_top__GC0 has port s_arvector[2105] driven by constant 0
INFO: [Synth 8-3917] design sc_mmu_v1_0_14_top__GC0 has port s_arvector[2104] driven by constant 0
INFO: [Synth 8-3917] design sc_mmu_v1_0_14_top__GC0 has port s_arvector[2103] driven by constant 0
INFO: [Synth 8-3917] design sc_mmu_v1_0_14_top__GC0 has port s_arvector[2102] driven by constant 0
INFO: [Synth 8-3917] design sc_mmu_v1_0_14_top__GC0 has port s_arvector[2101] driven by constant 0
INFO: [Synth 8-3917] design sc_mmu_v1_0_14_top__GC0 has port s_arvector[2100] driven by constant 0
INFO: [Synth 8-3917] design sc_mmu_v1_0_14_top__GC0 has port s_arvector[2099] driven by constant 0
INFO: [Synth 8-3917] design sc_mmu_v1_0_14_top__GC0 has port s_arvector[2098] driven by constant 0
INFO: [Synth 8-3917] design sc_mmu_v1_0_14_top__GC0 has port s_arvector[2097] driven by constant 0
INFO: [Synth 8-3917] design sc_mmu_v1_0_14_top__GC0 has port s_arvector[2096] driven by constant 0
INFO: [Synth 8-3917] design sc_mmu_v1_0_14_top__GC0 has port s_arvector[2095] driven by constant 0
INFO: [Synth 8-3917] design sc_mmu_v1_0_14_top__GC0 has port s_arvector[2094] driven by constant 0
INFO: [Synth 8-3917] design sc_mmu_v1_0_14_top__GC0 has port s_arvector[2093] driven by constant 0
INFO: [Synth 8-3917] design sc_mmu_v1_0_14_top__GC0 has port s_arvector[2092] driven by constant 0
INFO: [Synth 8-3917] design sc_mmu_v1_0_14_top__GC0 has port s_arvector[2091] driven by constant 0
INFO: [Synth 8-3917] design sc_mmu_v1_0_14_top__GC0 has port s_arvector[2090] driven by constant 0
INFO: [Synth 8-3917] design sc_mmu_v1_0_14_top__GC0 has port s_arvector[2089] driven by constant 0
INFO: [Synth 8-3917] design sc_mmu_v1_0_14_top__GC0 has port s_arvector[2088] driven by constant 0
INFO: [Synth 8-3917] design sc_mmu_v1_0_14_top__GC0 has port s_arvector[2087] driven by constant 0
INFO: [Synth 8-3917] design sc_mmu_v1_0_14_top__GC0 has port s_arvector[2086] driven by constant 0
INFO: [Synth 8-3917] design sc_mmu_v1_0_14_top__GC0 has port s_arvector[2085] driven by constant 0
INFO: [Synth 8-3917] design sc_mmu_v1_0_14_top__GC0 has port s_arvector[2084] driven by constant 0
INFO: [Synth 8-3917] design sc_mmu_v1_0_14_top__GC0 has port s_arvector[2083] driven by constant 0
INFO: [Synth 8-3917] design sc_mmu_v1_0_14_top__GC0 has port s_arvector[2082] driven by constant 0
INFO: [Synth 8-3917] design sc_mmu_v1_0_14_top__GC0 has port s_arvector[2081] driven by constant 0
INFO: [Synth 8-3917] design sc_mmu_v1_0_14_top__GC0 has port s_arvector[2080] driven by constant 0
INFO: [Common 17-14] Message 'Synth 8-3917' appears 100 times and further instances of the messages will be disabled. Use the Tcl command set_msg_config to change the current settings.
INFO: [Common 17-14] Message 'Synth 8-3917' appears 100 times and further instances of the messages will be disabled. Use the Tcl command set_msg_config to change the current settings.
INFO: [Common 17-14] Message 'Synth 8-7129' appears 100 times and further instances of the messages will be disabled. Use the Tcl command set_msg_config to change the current settings.
INFO: [Synth 8-3886] merging instance 'gen_w_ch.post_upsize_ratio_reg[2]' (FDRE) to 'gen_w_ch.post_pntr_shift_reg[7]'
INFO: [Synth 8-3886] merging instance 'gen_w_ch.post_upsize_ratio_reg[3]' (FDSE) to 'gen_w_ch.post_pntr_mask_reg[0]'
INFO: [Synth 8-3886] merging instance 'gen_w_ch.post_upsize_ratio_reg[1]' (FDRE) to 'gen_w_ch.post_pntr_shift_reg[7]'
INFO: [Synth 8-3886] merging instance 'gen_w_ch.post_upsize_ratio_reg[0]' (FDRE) to 'gen_w_ch.post_pntr_shift_reg[7]'
INFO: [Synth 8-3886] merging instance 'gen_w_ch.post_pntr_mask_reg[0]' (FDSE) to 'gen_w_ch.post_pntr_mask_reg[1]'
INFO: [Synth 8-3886] merging instance 'gen_w_ch.post_pntr_mask_reg[1]' (FDSE) to 'gen_w_ch.post_pntr_mask_reg[2]'
INFO: [Synth 8-3886] merging instance 'gen_w_ch.post_pntr_mask_reg[2]' (FDSE) to 'gen_w_ch.post_pntr_shift_reg[1]'
INFO: [Synth 8-3886] merging instance 'gen_w_ch.post_pntr_shift_reg[5]' (FDRE) to 'gen_w_ch.post_pntr_shift_reg[7]'
INFO: [Synth 8-3886] merging instance 'gen_w_ch.post_pntr_shift_reg[6]' (FDRE) to 'gen_w_ch.post_pntr_shift_reg[7]'
INFO: [Synth 8-3886] merging instance 'gen_w_ch.post_pntr_shift_reg[7]' (FDRE) to 'gen_w_ch.post_pntr_shift_reg[4]'
INFO: [Synth 8-3886] merging instance 'gen_w_ch.post_pntr_shift_reg[0]' (FDRE) to 'gen_w_ch.post_pntr_shift_reg[4]'
INFO: [Synth 8-3333] propagating constant 1 across sequential element (\gen_w_ch.post_pntr_shift_reg[1] )
INFO: [Synth 8-3886] merging instance 'gen_w_ch.post_pntr_shift_reg[2]' (FDRE) to 'gen_w_ch.post_pntr_shift_reg[4]'
INFO: [Synth 8-3886] merging instance 'gen_w_ch.post_pntr_shift_reg[3]' (FDRE) to 'gen_w_ch.post_pntr_shift_reg[4]'
INFO: [Synth 8-3333] propagating constant 0 across sequential element (\gen_w_ch.post_pntr_shift_reg[4] )
INFO: [Common 17-14] Message 'Synth 8-3917' appears 100 times and further instances of the messages will be disabled. Use the Tcl command set_msg_config to change the current settings.
INFO: [Synth 8-3333] propagating constant 0 across sequential element (\w_fill_mask_reg[0] )
INFO: [Synth 8-3886] merging instance 'w_accum_reg[user][0]' (FDRE) to 'w_accum_reg[user][1]'
INFO: [Synth 8-3886] merging instance 'w_accum_reg[user][1]' (FDRE) to 'w_accum_reg[user][2]'
INFO: [Synth 8-3886] merging instance 'w_accum_reg[user][2]' (FDRE) to 'w_accum_reg[user][3]'
INFO: [Synth 8-3886] merging instance 'w_accum_reg[user][3]' (FDRE) to 'w_accum_reg[user][4]'
INFO: [Synth 8-3886] merging instance 'w_accum_reg[user][4]' (FDRE) to 'w_accum_reg[user][5]'
INFO: [Synth 8-3886] merging instance 'w_accum_reg[user][5]' (FDRE) to 'w_accum_reg[user][6]'
INFO: [Synth 8-3886] merging instance 'w_accum_reg[user][6]' (FDRE) to 'w_accum_reg[user][7]'
INFO: [Synth 8-3886] merging instance 'w_accum_reg[user][7]' (FDRE) to 'w_accum_reg[user][8]'
INFO: [Synth 8-3886] merging instance 'w_accum_reg[user][8]' (FDRE) to 'w_accum_reg[user][9]'
INFO: [Synth 8-3886] merging instance 'w_accum_reg[user][9]' (FDRE) to 'w_accum_reg[user][10]'
INFO: [Synth 8-3886] merging instance 'w_accum_reg[user][10]' (FDRE) to 'w_accum_reg[user][11]'
INFO: [Synth 8-3886] merging instance 'w_accum_reg[user][11]' (FDRE) to 'w_accum_reg[user][12]'
INFO: [Synth 8-3886] merging instance 'w_accum_reg[user][12]' (FDRE) to 'w_accum_reg[user][13]'
INFO: [Synth 8-3886] merging instance 'w_accum_reg[user][13]' (FDRE) to 'w_accum_reg[user][14]'
INFO: [Synth 8-3886] merging instance 'w_accum_reg[user][14]' (FDRE) to 'w_accum_reg[user][15]'
INFO: [Synth 8-3886] merging instance 'w_accum_reg[user][15]' (FDRE) to 'w_accum_reg[user][16]'
INFO: [Synth 8-3886] merging instance 'w_accum_reg[user][16]' (FDRE) to 'w_accum_reg[user][17]'
INFO: [Synth 8-3886] merging instance 'w_accum_reg[user][17]' (FDRE) to 'w_accum_reg[user][18]'
INFO: [Synth 8-3886] merging instance 'w_accum_reg[user][18]' (FDRE) to 'w_accum_reg[user][19]'
INFO: [Synth 8-3886] merging instance 'w_accum_reg[user][19]' (FDRE) to 'w_accum_reg[user][20]'
INFO: [Synth 8-3886] merging instance 'w_accum_reg[user][20]' (FDRE) to 'w_accum_reg[user][21]'
INFO: [Synth 8-3886] merging instance 'w_accum_reg[user][21]' (FDRE) to 'w_accum_reg[user][22]'
INFO: [Synth 8-3886] merging instance 'w_accum_reg[user][22]' (FDRE) to 'w_accum_reg[user][23]'
INFO: [Synth 8-3886] merging instance 'w_accum_reg[user][23]' (FDRE) to 'w_accum_reg[user][24]'
INFO: [Synth 8-3886] merging instance 'w_accum_reg[user][24]' (FDRE) to 'w_accum_reg[user][25]'
INFO: [Synth 8-3886] merging instance 'w_accum_reg[user][25]' (FDRE) to 'w_accum_reg[user][26]'
INFO: [Synth 8-3886] merging instance 'w_accum_reg[user][26]' (FDRE) to 'w_accum_reg[user][27]'
INFO: [Synth 8-3886] merging instance 'w_accum_reg[user][27]' (FDRE) to 'w_accum_reg[user][28]'
INFO: [Synth 8-3886] merging instance 'w_accum_reg[user][28]' (FDRE) to 'w_accum_reg[user][29]'
INFO: [Synth 8-3886] merging instance 'w_accum_reg[user][29]' (FDRE) to 'w_accum_reg[user][30]'
INFO: [Synth 8-3886] merging instance 'w_accum_reg[user][30]' (FDRE) to 'w_accum_reg[user][31]'
INFO: [Synth 8-3333] propagating constant 0 across sequential element (\w_accum_reg[user][31] )
INFO: [Synth 8-3886] merging instance 'w_payld_fifo/mesg_reg_reg[64]' (FDE) to 'w_payld_fifo/mesg_reg_reg[65]'
INFO: [Synth 8-3886] merging instance 'w_payld_fifo/mesg_reg_reg[65]' (FDE) to 'w_payld_fifo/mesg_reg_reg[66]'
INFO: [Synth 8-3886] merging instance 'w_payld_fifo/mesg_reg_reg[66]' (FDE) to 'w_payld_fifo/mesg_reg_reg[67]'
INFO: [Synth 8-3886] merging instance 'w_payld_fifo/mesg_reg_reg[67]' (FDE) to 'w_payld_fifo/mesg_reg_reg[68]'
INFO: [Synth 8-3886] merging instance 'w_payld_fifo/mesg_reg_reg[68]' (FDE) to 'w_payld_fifo/mesg_reg_reg[69]'
INFO: [Synth 8-3886] merging instance 'w_payld_fifo/mesg_reg_reg[69]' (FDE) to 'w_payld_fifo/mesg_reg_reg[70]'
INFO: [Synth 8-3886] merging instance 'w_payld_fifo/mesg_reg_reg[70]' (FDE) to 'w_payld_fifo/mesg_reg_reg[71]'
INFO: [Synth 8-3886] merging instance 'w_payld_fifo/mesg_reg_reg[71]' (FDE) to 'w_payld_fifo/mesg_reg_reg[72]'
INFO: [Synth 8-3886] merging instance 'w_payld_fifo/mesg_reg_reg[72]' (FDE) to 'w_payld_fifo/mesg_reg_reg[73]'
INFO: [Synth 8-3886] merging instance 'w_payld_fifo/mesg_reg_reg[73]' (FDE) to 'w_payld_fifo/mesg_reg_reg[74]'
INFO: [Synth 8-3886] merging instance 'w_payld_fifo/mesg_reg_reg[74]' (FDE) to 'w_payld_fifo/mesg_reg_reg[75]'
INFO: [Synth 8-3886] merging instance 'w_payld_fifo/mesg_reg_reg[75]' (FDE) to 'w_payld_fifo/mesg_reg_reg[76]'
INFO: [Synth 8-3886] merging instance 'w_payld_fifo/mesg_reg_reg[76]' (FDE) to 'w_payld_fifo/mesg_reg_reg[77]'
INFO: [Synth 8-3886] merging instance 'w_payld_fifo/mesg_reg_reg[77]' (FDE) to 'w_payld_fifo/mesg_reg_reg[78]'
INFO: [Synth 8-3886] merging instance 'w_payld_fifo/mesg_reg_reg[78]' (FDE) to 'w_payld_fifo/mesg_reg_reg[79]'
INFO: [Synth 8-3886] merging instance 'w_payld_fifo/mesg_reg_reg[79]' (FDE) to 'w_payld_fifo/mesg_reg_reg[80]'
INFO: [Synth 8-3886] merging instance 'w_payld_fifo/mesg_reg_reg[80]' (FDE) to 'w_payld_fifo/mesg_reg_reg[81]'
INFO: [Synth 8-3886] merging instance 'w_payld_fifo/mesg_reg_reg[81]' (FDE) to 'w_payld_fifo/mesg_reg_reg[82]'
INFO: [Synth 8-3886] merging instance 'w_payld_fifo/mesg_reg_reg[82]' (FDE) to 'w_payld_fifo/mesg_reg_reg[83]'
INFO: [Synth 8-3886] merging instance 'w_payld_fifo/mesg_reg_reg[83]' (FDE) to 'w_payld_fifo/mesg_reg_reg[84]'
INFO: [Synth 8-3886] merging instance 'w_payld_fifo/mesg_reg_reg[84]' (FDE) to 'w_payld_fifo/mesg_reg_reg[85]'
INFO: [Synth 8-3886] merging instance 'w_payld_fifo/mesg_reg_reg[85]' (FDE) to 'w_payld_fifo/mesg_reg_reg[86]'
INFO: [Synth 8-3886] merging instance 'w_payld_fifo/mesg_reg_reg[86]' (FDE) to 'w_payld_fifo/mesg_reg_reg[87]'
INFO: [Synth 8-3886] merging instance 'w_payld_fifo/mesg_reg_reg[87]' (FDE) to 'w_payld_fifo/mesg_reg_reg[88]'
INFO: [Synth 8-3886] merging instance 'w_payld_fifo/mesg_reg_reg[88]' (FDE) to 'w_payld_fifo/mesg_reg_reg[89]'
INFO: [Synth 8-3886] merging instance 'w_payld_fifo/mesg_reg_reg[89]' (FDE) to 'w_payld_fifo/mesg_reg_reg[90]'
INFO: [Synth 8-3886] merging instance 'w_payld_fifo/mesg_reg_reg[90]' (FDE) to 'w_payld_fifo/mesg_reg_reg[91]'
INFO: [Synth 8-3886] merging instance 'w_payld_fifo/mesg_reg_reg[91]' (FDE) to 'w_payld_fifo/mesg_reg_reg[92]'
INFO: [Synth 8-3886] merging instance 'w_payld_fifo/mesg_reg_reg[92]' (FDE) to 'w_payld_fifo/mesg_reg_reg[93]'
INFO: [Synth 8-3886] merging instance 'w_payld_fifo/mesg_reg_reg[93]' (FDE) to 'w_payld_fifo/mesg_reg_reg[94]'
INFO: [Synth 8-3886] merging instance 'w_payld_fifo/mesg_reg_reg[94]' (FDE) to 'w_payld_fifo/mesg_reg_reg[95]'
INFO: [Synth 8-3333] propagating constant 0 across sequential element (w_payld_fifo/\mesg_reg_reg[95] )
INFO: [Common 17-14] Message 'Synth 8-7129' appears 100 times and further instances of the messages will be disabled. Use the Tcl command set_msg_config to change the current settings.
INFO: [Synth 8-3333] propagating constant 0 across sequential element (\s01_nodes/s01_r_node/inst /\inst_si_handler/gen_si_handler.gen_request_counters.gen_req_counter[0].inst_req_counter/count_r_reg[0] )
INFO: [Synth 8-3333] propagating constant 0 across sequential element (\s01_nodes/s01_r_node/inst /\inst_si_handler/gen_si_handler.gen_request_counters.gen_req_counter[0].inst_req_counter/count_r_reg[1] )
INFO: [Synth 8-3333] propagating constant 0 across sequential element (\s01_nodes/s01_r_node/inst /\inst_si_handler/gen_si_handler.gen_request_counters.gen_req_counter[1].inst_req_counter/count_r_reg[0] )
INFO: [Synth 8-3333] propagating constant 0 across sequential element (\s01_nodes/s01_r_node/inst /\inst_si_handler/gen_si_handler.gen_request_counters.gen_req_counter[1].inst_req_counter/count_r_reg[1] )
INFO: [Synth 8-3333] propagating constant 0 across sequential element (\s01_nodes/s01_r_node/inst /\inst_si_handler/gen_si_handler.gen_request_counters.gen_req_counter[2].inst_req_counter/count_r_reg[0] )
INFO: [Synth 8-3333] propagating constant 0 across sequential element (\s01_nodes/s01_r_node/inst /\inst_si_handler/gen_si_handler.gen_request_counters.gen_req_counter[2].inst_req_counter/count_r_reg[1] )
INFO: [Synth 8-3333] propagating constant 0 across sequential element (\s01_nodes/s01_r_node/inst /\inst_si_handler/gen_si_handler.gen_request_counters.gen_req_counter[3].inst_req_counter/count_r_reg[0] )
INFO: [Synth 8-3333] propagating constant 0 across sequential element (\s01_nodes/s01_r_node/inst /\inst_si_handler/gen_si_handler.gen_request_counters.gen_req_counter[3].inst_req_counter/count_r_reg[1] )
INFO: [Synth 8-3333] propagating constant 0 across sequential element (\s01_nodes/s01_b_node/inst /\inst_si_handler/gen_si_handler.gen_request_counters.gen_req_counter[0].inst_req_counter/count_r_reg[0] )
INFO: [Synth 8-3333] propagating constant 0 across sequential element (\s01_nodes/s01_b_node/inst /\inst_si_handler/gen_si_handler.gen_request_counters.gen_req_counter[0].inst_req_counter/count_r_reg[1] )
INFO: [Synth 8-3333] propagating constant 0 across sequential element (\s01_nodes/s01_b_node/inst /\inst_si_handler/gen_si_handler.gen_request_counters.gen_req_counter[1].inst_req_counter/count_r_reg[0] )
INFO: [Synth 8-3333] propagating constant 0 across sequential element (\s01_nodes/s01_b_node/inst /\inst_si_handler/gen_si_handler.gen_request_counters.gen_req_counter[1].inst_req_counter/count_r_reg[1] )
INFO: [Synth 8-3333] propagating constant 0 across sequential element (\s01_nodes/s01_b_node/inst /\inst_si_handler/gen_si_handler.gen_request_counters.gen_req_counter[2].inst_req_counter/count_r_reg[0] )
INFO: [Synth 8-3333] propagating constant 0 across sequential element (\s01_nodes/s01_b_node/inst /\inst_si_handler/gen_si_handler.gen_request_counters.gen_req_counter[2].inst_req_counter/count_r_reg[1] )
INFO: [Synth 8-3333] propagating constant 0 across sequential element (\s01_nodes/s01_b_node/inst /\inst_si_handler/gen_si_handler.gen_request_counters.gen_req_counter[3].inst_req_counter/count_r_reg[0] )
INFO: [Synth 8-3333] propagating constant 0 across sequential element (\s01_nodes/s01_b_node/inst /\inst_si_handler/gen_si_handler.gen_request_counters.gen_req_counter[3].inst_req_counter/count_r_reg[1] )
INFO: [Synth 8-3333] propagating constant 0 across sequential element (\m04_nodes/m04_ar_node/inst /\inst_si_handler/gen_si_handler.gen_request_counters.gen_req_counter[2].inst_req_counter/count_r_reg[0] )
INFO: [Synth 8-3333] propagating constant 0 across sequential element (\m04_nodes/m04_ar_node/inst /\inst_si_handler/gen_si_handler.gen_request_counters.gen_req_counter[2].inst_req_counter/count_r_reg[1] )
INFO: [Synth 8-3886] merging instance 's01_nodes/s01_r_node/inst/inst_si_handler/gen_si_handler.gen_request_counters.gen_req_counter[3].inst_req_counter/is_zero_r_reg' (FDSE) to 's01_nodes/s01_r_node/inst/inst_si_handler/gen_si_handler.gen_request_counters.gen_req_counter[2].inst_req_counter/is_zero_r_reg'
INFO: [Synth 8-3886] merging instance 's01_nodes/s01_r_node/inst/inst_si_handler/gen_si_handler.gen_request_counters.gen_req_counter[2].inst_req_counter/is_zero_r_reg' (FDSE) to 's01_nodes/s01_r_node/inst/inst_si_handler/gen_si_handler.gen_request_counters.gen_req_counter[1].inst_req_counter/is_zero_r_reg'
INFO: [Synth 8-3886] merging instance 's01_nodes/s01_r_node/inst/inst_si_handler/gen_si_handler.gen_request_counters.gen_req_counter[1].inst_req_counter/is_zero_r_reg' (FDSE) to 's01_nodes/s01_r_node/inst/inst_si_handler/gen_si_handler.gen_request_counters.gen_req_counter[0].inst_req_counter/is_zero_r_reg'
INFO: [Synth 8-3333] propagating constant 1 across sequential element (\s01_nodes/s01_r_node/inst /\inst_si_handler/gen_si_handler.gen_request_counters.gen_req_counter[0].inst_req_counter/is_zero_r_reg )
INFO: [Synth 8-3886] merging instance 's01_nodes/s01_b_node/inst/inst_si_handler/gen_si_handler.gen_request_counters.gen_req_counter[3].inst_req_counter/is_zero_r_reg' (FDSE) to 's01_nodes/s01_b_node/inst/inst_si_handler/gen_si_handler.gen_request_counters.gen_req_counter[2].inst_req_counter/is_zero_r_reg'
INFO: [Synth 8-3886] merging instance 's01_nodes/s01_b_node/inst/inst_si_handler/gen_si_handler.gen_request_counters.gen_req_counter[2].inst_req_counter/is_zero_r_reg' (FDSE) to 's01_nodes/s01_b_node/inst/inst_si_handler/gen_si_handler.gen_request_counters.gen_req_counter[1].inst_req_counter/is_zero_r_reg'
INFO: [Synth 8-3886] merging instance 's01_nodes/s01_b_node/inst/inst_si_handler/gen_si_handler.gen_request_counters.gen_req_counter[1].inst_req_counter/is_zero_r_reg' (FDSE) to 's01_nodes/s01_b_node/inst/inst_si_handler/gen_si_handler.gen_request_counters.gen_req_counter[0].inst_req_counter/is_zero_r_reg'
INFO: [Synth 8-3333] propagating constant 1 across sequential element (\s01_nodes/s01_b_node/inst /\inst_si_handler/gen_si_handler.gen_request_counters.gen_req_counter[0].inst_req_counter/is_zero_r_reg )
INFO: [Synth 8-3333] propagating constant 1 across sequential element (\m04_nodes/m04_ar_node/inst /\inst_si_handler/gen_si_handler.gen_request_counters.gen_req_counter[2].inst_req_counter/is_zero_r_reg )
INFO: [Synth 8-3333] propagating constant 0 across sequential element (\m04_nodes/m04_ar_node/inst /\inst_si_handler/gen_si_handler.gen_arbiter_rr_normal_area.inst_arbiter/grant_i_reg[2] )
INFO: [Synth 8-3886] merging instance 's01_nodes/s01_r_node/inst/inst_si_handler/gen_si_handler.gen_arbiter_rr_normal_area.inst_arbiter/grant_i_reg[2]' (FDRE) to 's01_nodes/s01_r_node/inst/inst_si_handler/gen_si_handler.gen_arbiter_rr_normal_area.inst_arbiter/grant_i_reg[3]'
INFO: [Synth 8-3886] merging instance 's01_nodes/s01_r_node/inst/inst_si_handler/gen_si_handler.gen_arbiter_rr_normal_area.inst_arbiter/grant_i_reg[0]' (FDRE) to 's01_nodes/s01_r_node/inst/inst_si_handler/gen_si_handler.gen_arbiter_rr_normal_area.inst_arbiter/grant_i_reg[3]'
INFO: [Synth 8-3886] merging instance 's01_nodes/s01_r_node/inst/inst_mi_handler/inst_ingress/inst_pipeline_recv/gen_pipe[1].pipe_reg[1][0]' (FDRE) to 's01_nodes/s01_r_node/inst/inst_mi_handler/inst_ingress/inst_pipeline_recv/gen_pipe[1].pipe_reg[1][2]'
INFO: [Synth 8-3886] merging instance 's01_nodes/s01_r_node/inst/inst_mi_handler/inst_ingress/inst_pipeline_recv/gen_pipe[1].pipe_reg[1][2]' (FDRE) to 's01_nodes/s01_r_node/inst/inst_mi_handler/inst_ingress/inst_pipeline_recv/gen_pipe[1].pipe_reg[1][3]'
INFO: [Synth 8-3886] merging instance 's01_nodes/s01_r_node/inst/inst_si_handler/gen_si_handler.gen_arbiter_rr_normal_area.inst_arbiter/grant_i_reg[1]' (FDRE) to 's01_nodes/s01_r_node/inst/inst_si_handler/gen_si_handler.gen_arbiter_rr_normal_area.inst_arbiter/grant_i_reg[3]'
INFO: [Synth 8-3886] merging instance 's01_nodes/s01_r_node/inst/inst_mi_handler/inst_ingress/inst_pipeline_recv/gen_pipe[1].pipe_reg[1][1]' (FDRE) to 's01_nodes/s01_r_node/inst/inst_mi_handler/inst_ingress/inst_pipeline_recv/gen_pipe[1].pipe_reg[1][3]'
INFO: [Synth 8-3333] propagating constant 0 across sequential element (\s01_nodes/s01_r_node/inst /\inst_si_handler/gen_si_handler.gen_arbiter_rr_normal_area.inst_arbiter/grant_i_reg[3] )
INFO: [Synth 8-3886] merging instance 's01_nodes/s01_b_node/inst/inst_si_handler/gen_si_handler.gen_arbiter_rr_normal_area.inst_arbiter/grant_i_reg[2]' (FDRE) to 's01_nodes/s01_b_node/inst/inst_si_handler/gen_si_handler.gen_arbiter_rr_normal_area.inst_arbiter/grant_i_reg[3]'
INFO: [Synth 8-3886] merging instance 's01_nodes/s01_b_node/inst/inst_si_handler/gen_si_handler.gen_arbiter_rr_normal_area.inst_arbiter/grant_i_reg[0]' (FDRE) to 's01_nodes/s01_b_node/inst/inst_si_handler/gen_si_handler.gen_arbiter_rr_normal_area.inst_arbiter/grant_i_reg[3]'
INFO: [Synth 8-3886] merging instance 's01_nodes/s01_b_node/inst/inst_mi_handler/inst_ingress/inst_pipeline_recv/gen_pipe[1].pipe_reg[1][0]' (FDRE) to 's01_nodes/s01_b_node/inst/inst_mi_handler/inst_ingress/inst_pipeline_recv/gen_pipe[1].pipe_reg[1][2]'
INFO: [Synth 8-3886] merging instance 's01_nodes/s01_b_node/inst/inst_mi_handler/inst_ingress/inst_pipeline_recv/gen_pipe[1].pipe_reg[1][2]' (FDRE) to 's01_nodes/s01_b_node/inst/inst_mi_handler/inst_ingress/inst_pipeline_recv/gen_pipe[1].pipe_reg[1][3]'
INFO: [Synth 8-3886] merging instance 's01_nodes/s01_b_node/inst/inst_si_handler/gen_si_handler.gen_arbiter_rr_normal_area.inst_arbiter/grant_i_reg[1]' (FDRE) to 's01_nodes/s01_b_node/inst/inst_si_handler/gen_si_handler.gen_arbiter_rr_normal_area.inst_arbiter/grant_i_reg[3]'
INFO: [Synth 8-3886] merging instance 's01_nodes/s01_b_node/inst/inst_mi_handler/inst_ingress/inst_pipeline_recv/gen_pipe[1].pipe_reg[1][1]' (FDRE) to 's01_nodes/s01_b_node/inst/inst_mi_handler/inst_ingress/inst_pipeline_recv/gen_pipe[1].pipe_reg[1][3]'
INFO: [Synth 8-3333] propagating constant 0 across sequential element (\s01_nodes/s01_b_node/inst /\inst_si_handler/gen_si_handler.gen_arbiter_rr_normal_area.inst_arbiter/grant_i_reg[3] )
INFO: [Synth 8-3886] merging instance 's01_nodes/s01_r_node/inst/inst_si_handler/gen_si_handler.gen_arbiter_rr_normal_area.inst_arbiter/last_grant_reg[3]' (FDRE) to 's01_nodes/s01_r_node/inst/inst_si_handler/gen_si_handler.gen_arbiter_rr_normal_area.inst_arbiter/last_grant_reg[2]'
INFO: [Synth 8-3886] merging instance 's01_nodes/s01_r_node/inst/inst_si_handler/gen_si_handler.gen_arbiter_rr_normal_area.inst_arbiter/last_grant_reg[0]' (FDRE) to 's01_nodes/s01_r_node/inst/inst_si_handler/gen_si_handler.gen_arbiter_rr_normal_area.inst_arbiter/last_grant_reg[2]'
INFO: [Synth 8-3886] merging instance 's01_nodes/s01_r_node/inst/inst_si_handler/gen_si_handler.gen_arbiter_rr_normal_area.inst_arbiter/last_grant_reg[1]' (FDRE) to 's01_nodes/s01_r_node/inst/inst_si_handler/gen_si_handler.gen_arbiter_rr_normal_area.inst_arbiter/last_grant_reg[2]'
INFO: [Synth 8-3333] propagating constant 0 across sequential element (\s01_nodes/s01_r_node/inst /\inst_si_handler/gen_si_handler.gen_arbiter_rr_normal_area.inst_arbiter/last_grant_reg[2] )
INFO: [Synth 8-3886] merging instance 's01_nodes/s01_b_node/inst/inst_si_handler/gen_si_handler.gen_arbiter_rr_normal_area.inst_arbiter/last_grant_reg[3]' (FDRE) to 's01_nodes/s01_b_node/inst/inst_si_handler/gen_si_handler.gen_arbiter_rr_normal_area.inst_arbiter/last_grant_reg[2]'
INFO: [Synth 8-3886] merging instance 's01_nodes/s01_b_node/inst/inst_si_handler/gen_si_handler.gen_arbiter_rr_normal_area.inst_arbiter/last_grant_reg[0]' (FDRE) to 's01_nodes/s01_b_node/inst/inst_si_handler/gen_si_handler.gen_arbiter_rr_normal_area.inst_arbiter/last_grant_reg[2]'
INFO: [Synth 8-3886] merging instance 's01_nodes/s01_b_node/inst/inst_si_handler/gen_si_handler.gen_arbiter_rr_normal_area.inst_arbiter/last_grant_reg[1]' (FDRE) to 's01_nodes/s01_b_node/inst/inst_si_handler/gen_si_handler.gen_arbiter_rr_normal_area.inst_arbiter/last_grant_reg[2]'
INFO: [Synth 8-3333] propagating constant 0 across sequential element (\s01_nodes/s01_b_node/inst /\inst_si_handler/gen_si_handler.gen_arbiter_rr_normal_area.inst_arbiter/last_grant_reg[2] )
INFO: [Synth 8-3333] propagating constant 0 across sequential element (\m04_nodes/m04_ar_node/inst /\inst_mi_handler/inst_ingress/inst_pipeline_recv/gen_pipe[1].pipe_reg[1][2] )
INFO: [Synth 8-3333] propagating constant 0 across sequential element (\s01_nodes/s01_r_node/inst /\inst_mi_handler/inst_ingress/inst_pipeline_recv/gen_pipe[1].pipe_reg[1][3] )
INFO: [Synth 8-3333] propagating constant 0 across sequential element (\s01_nodes/s01_b_node/inst /\inst_mi_handler/inst_ingress/inst_pipeline_recv/gen_pipe[1].pipe_reg[1][3] )
INFO: [Common 17-14] Message 'Synth 8-7129' appears 100 times and further instances of the messages will be disabled. Use the Tcl command set_msg_config to change the current settings.
INFO: [Synth 8-3333] propagating constant 0 across sequential element (\m03_nodes/m03_r_node/inst /p_0_out_inferred__7/\inst_mi_handler/inst_ingress/inst_incoming_count/count_r_reg[2] )
INFO: [Synth 8-3333] propagating constant 0 across sequential element (\m03_nodes/m03_r_node/inst /p_0_out_inferred__7/\inst_mi_handler/inst_ingress/inst_incoming_count/count_r_reg[3] )
INFO: [Synth 8-3333] propagating constant 0 across sequential element (\m03_nodes/m03_r_node/inst /p_0_out_inferred__7/\inst_mi_handler/inst_ingress/inst_incoming_count/count_r_reg[1] )
INFO: [Synth 8-3333] propagating constant 0 across sequential element (\m03_nodes/m03_r_node/inst /p_0_out_inferred__7/\inst_mi_handler/inst_ingress/inst_incoming_count/count_r_reg[0] )
INFO: [Synth 8-3333] propagating constant 1 across sequential element (\m03_nodes/m03_r_node/inst /\inst_mi_handler/inst_ingress/inst_incoming_count/is_zero_r_reg )
INFO: [Synth 8-3333] propagating constant 0 across sequential element (\m02_nodes/m02_r_node/inst /p_0_out_inferred__7/\inst_mi_handler/inst_ingress/inst_incoming_count/count_r_reg[2] )
INFO: [Synth 8-3333] propagating constant 0 across sequential element (\m02_nodes/m02_r_node/inst /p_0_out_inferred__7/\inst_mi_handler/inst_ingress/inst_incoming_count/count_r_reg[3] )
INFO: [Synth 8-3333] propagating constant 0 across sequential element (\m02_nodes/m02_r_node/inst /p_0_out_inferred__7/\inst_mi_handler/inst_ingress/inst_incoming_count/count_r_reg[1] )
INFO: [Synth 8-3333] propagating constant 0 across sequential element (\m02_nodes/m02_r_node/inst /p_0_out_inferred__7/\inst_mi_handler/inst_ingress/inst_incoming_count/count_r_reg[0] )
INFO: [Synth 8-3333] propagating constant 1 across sequential element (\m02_nodes/m02_r_node/inst /\inst_mi_handler/inst_ingress/inst_incoming_count/is_zero_r_reg )
INFO: [Synth 8-3886] merging instance 'm03_nodes/m03_r_node/inst/inst_mi_handler/gen_normal_area.gen_upsizer.inst_upsizer/gen_r_ch.accum_reg[sc_route][2]' (FDE) to 'm03_nodes/m03_r_node/inst/inst_mi_handler/gen_normal_area.gen_upsizer.inst_upsizer/gen_r_ch.accum_reg[sc_route][1]'
INFO: [Common 17-14] Message 'Synth 8-3886' appears 100 times and further instances of the messages will be disabled. Use the Tcl command set_msg_config to change the current settings.
INFO: [Synth 8-3333] propagating constant 0 across sequential element (\m03_nodes/m03_r_node/inst /\inst_mi_handler/gen_normal_area.gen_upsizer.inst_upsizer/gen_r_ch.accum_reg[sc_route][1] )
INFO: [Synth 8-3333] propagating constant 0 across sequential element (\m03_nodes/m03_r_node/inst /\inst_mi_handler/gen_normal_area.gen_upsizer.inst_upsizer/inst_upsizer_target_pipeline/gen_pipe[1].pipe_reg[1][4] )
INFO: [Synth 8-3333] propagating constant 0 across sequential element (\m02_nodes/m02_r_node/inst /\inst_mi_handler/gen_normal_area.gen_upsizer.inst_upsizer/gen_r_ch.accum_reg[sc_route][1] )
INFO: [Synth 8-3333] propagating constant 0 across sequential element (\m02_nodes/m02_r_node/inst /\inst_mi_handler/gen_normal_area.gen_upsizer.inst_upsizer/inst_upsizer_target_pipeline/gen_pipe[1].pipe_reg[1][4] )
INFO: [Common 17-14] Message 'Synth 8-7129' appears 100 times and further instances of the messages will be disabled. Use the Tcl command set_msg_config to change the current settings.
INFO: [Synth 8-3333] propagating constant 0 across sequential element (\clk_map/psr0/U0/EXT_LPF/ACTIVE_LOW_EXT.ACT_LO_EXT/GENERATE_LEVEL_P_S_CDC.SINGLE_BIT.CROSS_PLEVEL_IN2SCNDRY_IN_cdc_to )
INFO: [Synth 8-3333] propagating constant 0 across sequential element (\m00_nodes/m00_r_node/inst /p_0_out_inferred__7/\inst_mi_handler/inst_ingress/inst_incoming_count/count_r_reg[2] )
INFO: [Synth 8-3333] propagating constant 0 across sequential element (\m00_nodes/m00_r_node/inst /p_0_out_inferred__7/\inst_mi_handler/inst_ingress/inst_incoming_count/count_r_reg[3] )
INFO: [Synth 8-3333] propagating constant 0 across sequential element (\m00_nodes/m00_r_node/inst /p_0_out_inferred__7/\inst_mi_handler/inst_ingress/inst_incoming_count/count_r_reg[1] )
INFO: [Synth 8-3333] propagating constant 0 across sequential element (\m00_nodes/m00_r_node/inst /p_0_out_inferred__7/\inst_mi_handler/inst_ingress/inst_incoming_count/count_r_reg[0] )
INFO: [Synth 8-3333] propagating constant 1 across sequential element (\m00_nodes/m00_r_node/inst /\inst_mi_handler/inst_ingress/inst_incoming_count/is_zero_r_reg )
INFO: [Synth 8-3333] propagating constant 0 across sequential element (\m01_nodes/m01_r_node/inst /p_0_out_inferred__7/\inst_mi_handler/inst_ingress/inst_incoming_count/count_r_reg[2] )
INFO: [Synth 8-3333] propagating constant 0 across sequential element (\m01_nodes/m01_r_node/inst /p_0_out_inferred__7/\inst_mi_handler/inst_ingress/inst_incoming_count/count_r_reg[3] )
INFO: [Synth 8-3333] propagating constant 0 across sequential element (\m01_nodes/m01_r_node/inst /p_0_out_inferred__7/\inst_mi_handler/inst_ingress/inst_incoming_count/count_r_reg[1] )
INFO: [Synth 8-3333] propagating constant 0 across sequential element (\m01_nodes/m01_r_node/inst /p_0_out_inferred__7/\inst_mi_handler/inst_ingress/inst_incoming_count/count_r_reg[0] )
INFO: [Synth 8-3333] propagating constant 1 across sequential element (\m01_nodes/m01_r_node/inst /\inst_mi_handler/inst_ingress/inst_incoming_count/is_zero_r_reg )
INFO: [Synth 8-3333] propagating constant 0 across sequential element (\m00_nodes/m00_r_node/inst /\inst_mi_handler/gen_normal_area.gen_upsizer.inst_upsizer/gen_r_ch.accum_reg[sc_route][1] )
INFO: [Synth 8-3333] propagating constant 0 across sequential element (\m00_nodes/m00_r_node/inst /\inst_mi_handler/gen_normal_area.gen_upsizer.inst_upsizer/inst_upsizer_target_pipeline/gen_pipe[1].pipe_reg[1][4] )
INFO: [Synth 8-3333] propagating constant 0 across sequential element (\m01_nodes/m01_r_node/inst /\inst_mi_handler/gen_normal_area.gen_upsizer.inst_upsizer/gen_r_ch.accum_reg[sc_route][1] )
INFO: [Synth 8-3333] propagating constant 0 across sequential element (\m01_nodes/m01_r_node/inst /\inst_mi_handler/gen_normal_area.gen_upsizer.inst_upsizer/inst_upsizer_target_pipeline/gen_pipe[1].pipe_reg[1][4] )
INFO: [Synth 8-3333] propagating constant 0 across sequential element (\clk_map/psr0/U0/EXT_LPF/ACTIVE_LOW_EXT.ACT_LO_EXT/GENERATE_LEVEL_P_S_CDC.SINGLE_BIT.CROSS_PLEVEL_IN2SCNDRY_s_level_out_d2 )
INFO: [Synth 8-3333] propagating constant 0 across sequential element (\clk_map/psr0/U0/EXT_LPF/ACTIVE_LOW_EXT.ACT_LO_EXT/GENERATE_LEVEL_P_S_CDC.SINGLE_BIT.CROSS_PLEVEL_IN2SCNDRY_s_level_out_d3 )
INFO: [Synth 8-3333] propagating constant 0 across sequential element (\clk_map/psr0/U0/EXT_LPF/ACTIVE_LOW_EXT.ACT_LO_EXT/GENERATE_LEVEL_P_S_CDC.SINGLE_BIT.CROSS_PLEVEL_IN2SCNDRY_s_level_out_d4 )
INFO: [Synth 8-3333] propagating constant 0 across sequential element (\clk_map/psr0/U0/EXT_LPF/EXT_LPF[1].exr_lpf_reg[1] )
INFO: [Synth 8-3333] propagating constant 0 across sequential element (\clk_map/psr0/U0/EXT_LPF/lpf_exr_reg )
---------------------------------------------------------------------------------
Finished Cross Boundary and Area Optimization : Time (s): cpu = 00:00:56 ; elapsed = 00:01:06 . Memory (MB): peak = 4572.551 ; gain = 1975.438 ; free physical = 49329 ; free virtual = 60853
---------------------------------------------------------------------------------
---------------------------------------------------------------------------------
Start ROM, RAM, DSP, Shift Register and Retiming Reporting
---------------------------------------------------------------------------------

Distributed RAM: Preliminary Mapping Report (see note below)
+-----------------------------------------------------------------------------------------------------------------------------------------------------------------------------------------------+----------------------------------+----------------+----------------------+----------------+
|Module Name                                                                                                                                                                                    | RTL Object                       | Inference      | Size (Depth x Width) | Primitives     | 
+-----------------------------------------------------------------------------------------------------------------------------------------------------------------------------------------------+----------------------------------+----------------+----------------------+----------------+
|inst/\s00_nodes/s00_w_node/inst /inst_mi_handleri_0/\gen_normal_area.gen_fifo_req.inst_fifo_req/gen_xpm_memory_fifo.inst_fifo/gen_mem_rep[0].inst_xpm_memory /xpm_memory_base_inst             | gen_wr_a.gen_word_narrow.mem_reg | User Attribute | 32 x 22              | RAM32M16 x 2   | 
|inst/\s00_nodes/s00_w_node/inst /inst_mi_handleri_0/\gen_normal_area.inst_fifo_node_payld/gen_xpm_memory_fifo.inst_fifo/gen_mem_rep[0].inst_xpm_memory /xpm_memory_base_inst                   | gen_wr_a.gen_word_narrow.mem_reg | User Attribute | 32 x 154             | RAM32M16 x 11  | 
|inst/\s00_nodes/s00_w_node/inst /inst_mi_handleri_0/\gen_normal_area.inst_fifo_node_payld/gen_xpm_memory_fifo.inst_fifo/gen_mem_rep[1].inst_xpm_memory /xpm_memory_base_inst                   | gen_wr_a.gen_word_narrow.mem_reg | User Attribute | 32 x 154             | RAM32M16 x 11  | 
|inst/s00_nodesi_0/\s00_ar_node/inst /\inst_mi_handler/gen_normal_area.gen_fifo_req.inst_fifo_req/gen_xpm_memory_fifo.inst_fifo/gen_mem_rep[0].inst_xpm_memory /xpm_memory_base_inst            | gen_wr_a.gen_word_narrow.mem_reg | User Attribute | 32 x 22              | RAM32M16 x 2   | 
|inst/s00_nodesi_0/\s00_ar_node/inst /\inst_mi_handler/gen_normal_area.inst_fifo_node_payld/gen_xpm_memory_fifo.inst_fifo/gen_mem_rep[0].inst_xpm_memory /xpm_memory_base_inst                  | gen_wr_a.gen_word_narrow.mem_reg | User Attribute | 32 x 144             | RAM32M16 x 11  | 
|inst/s00_nodesi_0/\s00_aw_node/inst /\inst_mi_handler/gen_normal_area.gen_fifo_req.inst_fifo_req/gen_xpm_memory_fifo.inst_fifo/gen_mem_rep[0].inst_xpm_memory /xpm_memory_base_inst            | gen_wr_a.gen_word_narrow.mem_reg | User Attribute | 32 x 22              | RAM32M16 x 2   | 
|inst/s00_nodesi_0/\s00_aw_node/inst /\inst_mi_handler/gen_normal_area.inst_fifo_node_payld/gen_xpm_memory_fifo.inst_fifo/gen_mem_rep[0].inst_xpm_memory /xpm_memory_base_inst                  | gen_wr_a.gen_word_narrow.mem_reg | User Attribute | 32 x 144             | RAM32M16 x 11  | 
|inst/s00_nodesi_0/\s00_b_node/inst /\inst_mi_handler/gen_normal_area.inst_fifo_node_payld/gen_xpm_memory_fifo.inst_fifo/gen_mem_rep[0].inst_xpm_memory /xpm_memory_base_inst                   | gen_wr_a.gen_word_narrow.mem_reg | User Attribute | 32 x 28              | RAM32M16 x 2   | 
|inst/s00_nodesi_0/\s00_r_node/inst /\inst_mi_handler/gen_normal_area.inst_fifo_node_payld/gen_xpm_memory_fifo.inst_fifo/gen_mem_rep[0].inst_xpm_memory /xpm_memory_base_inst                   | gen_wr_a.gen_word_narrow.mem_reg | User Attribute | 32 x 150             | RAM32M16 x 11  | 
|inst/s00_nodesi_0/\s00_r_node/inst /\inst_mi_handler/gen_normal_area.inst_fifo_node_payld/gen_xpm_memory_fifo.inst_fifo/gen_mem_rep[1].inst_xpm_memory /xpm_memory_base_inst                   | gen_wr_a.gen_word_narrow.mem_reg | User Attribute | 32 x 150             | RAM32M16 x 11  | 
|inst/\s02_nodes/s02_w_node/inst /inst_mi_handleri_0/\gen_normal_area.gen_fifo_req.inst_fifo_req/gen_xpm_memory_fifo.inst_fifo/gen_mem_rep[0].inst_xpm_memory /xpm_memory_base_inst             | gen_wr_a.gen_word_narrow.mem_reg | User Attribute | 32 x 22              | RAM32M16 x 2   | 
|inst/\s02_nodes/s02_w_node/inst /inst_mi_handleri_0/\gen_normal_area.inst_fifo_node_payld/gen_xpm_memory_fifo.inst_fifo/gen_mem_rep[0].inst_xpm_memory /xpm_memory_base_inst                   | gen_wr_a.gen_word_narrow.mem_reg | User Attribute | 32 x 154             | RAM32M16 x 11  | 
|inst/\s02_nodes/s02_w_node/inst /inst_mi_handleri_0/\gen_normal_area.inst_fifo_node_payld/gen_xpm_memory_fifo.inst_fifo/gen_mem_rep[1].inst_xpm_memory /xpm_memory_base_inst                   | gen_wr_a.gen_word_narrow.mem_reg | User Attribute | 32 x 154             | RAM32M16 x 11  | 
|inst/s02_nodesi_1/\s02_aw_node/inst /\inst_mi_handler/gen_normal_area.gen_fifo_req.inst_fifo_req/gen_xpm_memory_fifo.inst_fifo/gen_mem_rep[0].inst_xpm_memory /xpm_memory_base_inst            | gen_wr_a.gen_word_narrow.mem_reg | User Attribute | 32 x 22              | RAM32M16 x 2   | 
|inst/s02_nodesi_1/\s02_aw_node/inst /\inst_mi_handler/gen_normal_area.inst_fifo_node_payld/gen_xpm_memory_fifo.inst_fifo/gen_mem_rep[0].inst_xpm_memory /xpm_memory_base_inst                  | gen_wr_a.gen_word_narrow.mem_reg | User Attribute | 32 x 144             | RAM32M16 x 11  | 
|inst/s02_nodesi_1/\s02_b_node/inst /\inst_mi_handler/gen_normal_area.inst_fifo_node_payld/gen_xpm_memory_fifo.inst_fifo/gen_mem_rep[0].inst_xpm_memory /xpm_memory_base_inst                   | gen_wr_a.gen_word_narrow.mem_reg | User Attribute | 32 x 28              | RAM32M16 x 2   | 
|\s01_nodes/s01_ar_node/inst /\inst_mi_handler/gen_normal_area.gen_fifo_req.inst_fifo_req/gen_xpm_memory_fifo.inst_fifo/gen_mem_rep[0].inst_xpm_memory /xpm_memory_base_inst                    | gen_wr_a.gen_word_narrow.mem_reg | User Attribute | 32 x 22              | RAM32M16 x 2   | 
|\s01_nodes/s01_ar_node/inst /\inst_mi_handler/gen_normal_area.inst_fifo_node_payld/gen_xpm_memory_fifo.inst_fifo/gen_mem_rep[0].inst_xpm_memory /xpm_memory_base_inst                          | gen_wr_a.gen_word_narrow.mem_reg | User Attribute | 32 x 144             | RAM32M16 x 11  | 
|\s01_nodes/s01_aw_node/inst /\inst_mi_handler/gen_normal_area.gen_fifo_req.inst_fifo_req/gen_xpm_memory_fifo.inst_fifo/gen_mem_rep[0].inst_xpm_memory /xpm_memory_base_inst                    | gen_wr_a.gen_word_narrow.mem_reg | User Attribute | 32 x 22              | RAM32M16 x 2   | 
|\s01_nodes/s01_aw_node/inst /\inst_mi_handler/gen_normal_area.inst_fifo_node_payld/gen_xpm_memory_fifo.inst_fifo/gen_mem_rep[0].inst_xpm_memory /xpm_memory_base_inst                          | gen_wr_a.gen_word_narrow.mem_reg | User Attribute | 32 x 144             | RAM32M16 x 11  | 
|\s01_nodes/s01_b_node/inst /\inst_mi_handler/gen_normal_area.inst_fifo_node_payld/gen_xpm_memory_fifo.inst_fifo/gen_mem_rep[0].inst_xpm_memory /xpm_memory_base_inst                           | gen_wr_a.gen_word_narrow.mem_reg | User Attribute | 32 x 28              | RAM32M16 x 2   | 
|\s01_nodes/s01_r_node/inst /\inst_mi_handler/gen_normal_area.inst_fifo_node_payld/gen_xpm_memory_fifo.inst_fifo/gen_mem_rep[0].inst_xpm_memory /xpm_memory_base_inst                           | gen_wr_a.gen_word_narrow.mem_reg | User Attribute | 32 x 149             | RAM32M16 x 11  | 
|\s01_nodes/s01_r_node/inst /\inst_mi_handler/gen_normal_area.inst_fifo_node_payld/gen_xpm_memory_fifo.inst_fifo/gen_mem_rep[1].inst_xpm_memory /xpm_memory_base_inst                           | gen_wr_a.gen_word_narrow.mem_reg | User Attribute | 32 x 149             | RAM32M16 x 11  | 
|\s01_nodes/s01_w_node/inst /\inst_mi_handler/gen_normal_area.gen_fifo_req.inst_fifo_req/gen_xpm_memory_fifo.inst_fifo/gen_mem_rep[0].inst_xpm_memory /xpm_memory_base_inst                     | gen_wr_a.gen_word_narrow.mem_reg | User Attribute | 32 x 22              | RAM32M16 x 2   | 
|\s01_nodes/s01_w_node/inst /\inst_mi_handler/gen_normal_area.inst_fifo_node_payld/gen_xpm_memory_fifo.inst_fifo/gen_mem_rep[0].inst_xpm_memory /xpm_memory_base_inst                           | gen_wr_a.gen_word_narrow.mem_reg | User Attribute | 32 x 154             | RAM32M16 x 11  | 
|\s01_nodes/s01_w_node/inst /\inst_mi_handler/gen_normal_area.inst_fifo_node_payld/gen_xpm_memory_fifo.inst_fifo/gen_mem_rep[1].inst_xpm_memory /xpm_memory_base_inst                           | gen_wr_a.gen_word_narrow.mem_reg | User Attribute | 32 x 154             | RAM32M16 x 11  | 
|\m04_nodes/m04_ar_node/inst /\inst_mi_handler/gen_normal_area.inst_fifo_node_payld/gen_xpm_memory_fifo.inst_fifo/gen_mem_rep[0].inst_xpm_memory /xpm_memory_base_inst                          | gen_wr_a.gen_word_narrow.mem_reg | User Attribute | 32 x 163             | RAM32M16 x 12  | 
|\m04_nodes/m04_aw_node/inst /\inst_mi_handler/gen_normal_area.inst_fifo_node_payld/gen_xpm_memory_fifo.inst_fifo/gen_mem_rep[0].inst_xpm_memory /xpm_memory_base_inst                          | gen_wr_a.gen_word_narrow.mem_reg | User Attribute | 32 x 163             | RAM32M16 x 12  | 
|\m04_nodes/m04_b_node/inst /\inst_mi_handler/gen_normal_area.gen_fifo_req.inst_fifo_req/gen_xpm_memory_fifo.inst_fifo/gen_mem_rep[0].inst_xpm_memory /xpm_memory_base_inst                     | gen_wr_a.gen_word_narrow.mem_reg | User Attribute | 32 x 20              | RAM32M16 x 2   | 
|\m04_nodes/m04_b_node/inst /\inst_mi_handler/gen_normal_area.inst_fifo_node_payld/gen_xpm_memory_fifo.inst_fifo/gen_mem_rep[0].inst_xpm_memory /xpm_memory_base_inst                           | gen_wr_a.gen_word_narrow.mem_reg | User Attribute | 32 x 8               | RAM32M16 x 1   | 
|\m04_nodes/m04_r_node/inst /\inst_mi_handler/gen_normal_area.gen_fifo_req.inst_fifo_req/gen_xpm_memory_fifo.inst_fifo/gen_mem_rep[0].inst_xpm_memory /xpm_memory_base_inst                     | gen_wr_a.gen_word_narrow.mem_reg | User Attribute | 32 x 20              | RAM32M16 x 2   | 
|\m04_nodes/m04_r_node/inst /\inst_mi_handler/gen_normal_area.inst_fifo_node_payld/gen_xpm_memory_fifo.inst_fifo/gen_mem_rep[0].inst_xpm_memory /xpm_memory_base_inst                           | gen_wr_a.gen_word_narrow.mem_reg | User Attribute | 32 x 139             | RAM32M16 x 10  | 
|\m04_nodes/m04_r_node/inst /\inst_mi_handler/gen_normal_area.inst_fifo_node_payld/gen_xpm_memory_fifo.inst_fifo/gen_mem_rep[1].inst_xpm_memory /xpm_memory_base_inst                           | gen_wr_a.gen_word_narrow.mem_reg | User Attribute | 32 x 139             | RAM32M16 x 10  | 
|\m04_nodes/m04_w_node/inst /\inst_si_handler/gen_si_handler.gen_request_fifos.gen_req_fifo[0].inst_req_fifo/gen_xpm_memory_fifo.inst_fifo/gen_mem_rep[0].inst_xpm_memory /xpm_memory_base_inst | gen_wr_a.gen_word_narrow.mem_reg | User Attribute | 4 x 1                | RAM16X1D x 1   | 
|\m04_nodes/m04_w_node/inst /\inst_si_handler/gen_si_handler.gen_request_fifos.gen_req_fifo[1].inst_req_fifo/gen_xpm_memory_fifo.inst_fifo/gen_mem_rep[0].inst_xpm_memory /xpm_memory_base_inst | gen_wr_a.gen_word_narrow.mem_reg | User Attribute | 4 x 1                | RAM16X1D x 1   | 
|\m04_nodes/m04_w_node/inst /\inst_si_handler/gen_si_handler.gen_request_fifos.gen_req_fifo[2].inst_req_fifo/gen_xpm_memory_fifo.inst_fifo/gen_mem_rep[0].inst_xpm_memory /xpm_memory_base_inst | gen_wr_a.gen_word_narrow.mem_reg | User Attribute | 4 x 1                | RAM16X1D x 1   | 
|\m04_nodes/m04_w_node/inst /\inst_mi_handler/gen_normal_area.inst_fifo_node_payld/gen_xpm_memory_fifo.inst_fifo/gen_mem_rep[0].inst_xpm_memory /xpm_memory_base_inst                           | gen_wr_a.gen_word_narrow.mem_reg | User Attribute | 32 x 164             | RAM32M16 x 12  | 
|\m04_nodes/m04_w_node/inst /\inst_mi_handler/gen_normal_area.inst_fifo_node_payld/gen_xpm_memory_fifo.inst_fifo/gen_mem_rep[1].inst_xpm_memory /xpm_memory_base_inst                           | gen_wr_a.gen_word_narrow.mem_reg | User Attribute | 32 x 163             | RAM32M16 x 12  | 
|\m02_nodes/m02_ar_node/inst /\inst_mi_handler/gen_normal_area.inst_fifo_node_payld/gen_xpm_memory_fifo.inst_fifo/gen_mem_rep[0].inst_xpm_memory /xpm_memory_base_inst                          | gen_wr_a.gen_word_narrow.mem_reg | User Attribute | 32 x 163             | RAM32M16 x 12  | 
|\m02_nodes/m02_aw_node/inst /\inst_mi_handler/gen_normal_area.inst_fifo_node_payld/gen_xpm_memory_fifo.inst_fifo/gen_mem_rep[0].inst_xpm_memory /xpm_memory_base_inst                          | gen_wr_a.gen_word_narrow.mem_reg | User Attribute | 32 x 163             | RAM32M16 x 12  | 
|\m02_nodes/m02_b_node/inst /\inst_mi_handler/gen_normal_area.gen_fifo_req.inst_fifo_req/gen_xpm_memory_fifo.inst_fifo/gen_mem_rep[0].inst_xpm_memory /xpm_memory_base_inst                     | gen_wr_a.gen_word_narrow.mem_reg | User Attribute | 32 x 20              | RAM32M16 x 2   | 
|\m02_nodes/m02_b_node/inst /\inst_mi_handler/gen_normal_area.inst_fifo_node_payld/gen_xpm_memory_fifo.inst_fifo/gen_mem_rep[0].inst_xpm_memory /xpm_memory_base_inst                           | gen_wr_a.gen_word_narrow.mem_reg | User Attribute | 32 x 8               | RAM32M16 x 1   | 
|\m02_nodes/m02_r_node/inst /\inst_mi_handler/gen_normal_area.gen_fifo_req.inst_fifo_req/gen_xpm_memory_fifo.inst_fifo/gen_mem_rep[0].inst_xpm_memory /xpm_memory_base_inst                     | gen_wr_a.gen_word_narrow.mem_reg | User Attribute | 32 x 20              | RAM32M16 x 2   | 
|\m02_nodes/m02_r_node/inst /\inst_mi_handler/gen_normal_area.inst_fifo_node_payld/gen_xpm_memory_fifo.inst_fifo/gen_mem_rep[0].inst_xpm_memory /xpm_memory_base_inst                           | gen_wr_a.gen_word_narrow.mem_reg | User Attribute | 32 x 139             | RAM32M16 x 10  | 
|\m02_nodes/m02_r_node/inst /\inst_mi_handler/gen_normal_area.inst_fifo_node_payld/gen_xpm_memory_fifo.inst_fifo/gen_mem_rep[1].inst_xpm_memory /xpm_memory_base_inst                           | gen_wr_a.gen_word_narrow.mem_reg | User Attribute | 32 x 139             | RAM32M16 x 10  | 
|\m02_nodes/m02_w_node/inst /\inst_si_handler/gen_si_handler.gen_request_fifos.gen_req_fifo[0].inst_req_fifo/gen_xpm_memory_fifo.inst_fifo/gen_mem_rep[0].inst_xpm_memory /xpm_memory_base_inst | gen_wr_a.gen_word_narrow.mem_reg | User Attribute | 4 x 1                | RAM16X1D x 1   | 
|\m02_nodes/m02_w_node/inst /\inst_si_handler/gen_si_handler.gen_request_fifos.gen_req_fifo[1].inst_req_fifo/gen_xpm_memory_fifo.inst_fifo/gen_mem_rep[0].inst_xpm_memory /xpm_memory_base_inst | gen_wr_a.gen_word_narrow.mem_reg | User Attribute | 4 x 1                | RAM16X1D x 1   | 
|\m02_nodes/m02_w_node/inst /\inst_si_handler/gen_si_handler.gen_request_fifos.gen_req_fifo[2].inst_req_fifo/gen_xpm_memory_fifo.inst_fifo/gen_mem_rep[0].inst_xpm_memory /xpm_memory_base_inst | gen_wr_a.gen_word_narrow.mem_reg | User Attribute | 4 x 1                | RAM16X1D x 1   | 
|\m02_nodes/m02_w_node/inst /\inst_mi_handler/gen_normal_area.inst_fifo_node_payld/gen_xpm_memory_fifo.inst_fifo/gen_mem_rep[0].inst_xpm_memory /xpm_memory_base_inst                           | gen_wr_a.gen_word_narrow.mem_reg | User Attribute | 32 x 165             | RAM32M16 x 12  | 
|\m02_nodes/m02_w_node/inst /\inst_mi_handler/gen_normal_area.inst_fifo_node_payld/gen_xpm_memory_fifo.inst_fifo/gen_mem_rep[1].inst_xpm_memory /xpm_memory_base_inst                           | gen_wr_a.gen_word_narrow.mem_reg | User Attribute | 32 x 164             | RAM32M16 x 12  | 
|\m03_nodes/m03_ar_node/inst /\inst_mi_handler/gen_normal_area.inst_fifo_node_payld/gen_xpm_memory_fifo.inst_fifo/gen_mem_rep[0].inst_xpm_memory /xpm_memory_base_inst                          | gen_wr_a.gen_word_narrow.mem_reg | User Attribute | 32 x 163             | RAM32M16 x 12  | 
|\m03_nodes/m03_aw_node/inst /\inst_mi_handler/gen_normal_area.inst_fifo_node_payld/gen_xpm_memory_fifo.inst_fifo/gen_mem_rep[0].inst_xpm_memory /xpm_memory_base_inst                          | gen_wr_a.gen_word_narrow.mem_reg | User Attribute | 32 x 163             | RAM32M16 x 12  | 
|\m03_nodes/m03_b_node/inst /\inst_mi_handler/gen_normal_area.gen_fifo_req.inst_fifo_req/gen_xpm_memory_fifo.inst_fifo/gen_mem_rep[0].inst_xpm_memory /xpm_memory_base_inst                     | gen_wr_a.gen_word_narrow.mem_reg | User Attribute | 32 x 20              | RAM32M16 x 2   | 
|\m03_nodes/m03_b_node/inst /\inst_mi_handler/gen_normal_area.inst_fifo_node_payld/gen_xpm_memory_fifo.inst_fifo/gen_mem_rep[0].inst_xpm_memory /xpm_memory_base_inst                           | gen_wr_a.gen_word_narrow.mem_reg | User Attribute | 32 x 8               | RAM32M16 x 1   | 
|\m03_nodes/m03_r_node/inst /\inst_mi_handler/gen_normal_area.gen_fifo_req.inst_fifo_req/gen_xpm_memory_fifo.inst_fifo/gen_mem_rep[0].inst_xpm_memory /xpm_memory_base_inst                     | gen_wr_a.gen_word_narrow.mem_reg | User Attribute | 32 x 20              | RAM32M16 x 2   | 
|\m03_nodes/m03_r_node/inst /\inst_mi_handler/gen_normal_area.inst_fifo_node_payld/gen_xpm_memory_fifo.inst_fifo/gen_mem_rep[0].inst_xpm_memory /xpm_memory_base_inst                           | gen_wr_a.gen_word_narrow.mem_reg | User Attribute | 32 x 139             | RAM32M16 x 10  | 
|\m03_nodes/m03_r_node/inst /\inst_mi_handler/gen_normal_area.inst_fifo_node_payld/gen_xpm_memory_fifo.inst_fifo/gen_mem_rep[1].inst_xpm_memory /xpm_memory_base_inst                           | gen_wr_a.gen_word_narrow.mem_reg | User Attribute | 32 x 139             | RAM32M16 x 10  | 
|\m03_nodes/m03_w_node/inst /\inst_si_handler/gen_si_handler.gen_request_fifos.gen_req_fifo[0].inst_req_fifo/gen_xpm_memory_fifo.inst_fifo/gen_mem_rep[0].inst_xpm_memory /xpm_memory_base_inst | gen_wr_a.gen_word_narrow.mem_reg | User Attribute | 4 x 1                | RAM16X1D x 1   | 
|\m03_nodes/m03_w_node/inst /\inst_si_handler/gen_si_handler.gen_request_fifos.gen_req_fifo[1].inst_req_fifo/gen_xpm_memory_fifo.inst_fifo/gen_mem_rep[0].inst_xpm_memory /xpm_memory_base_inst | gen_wr_a.gen_word_narrow.mem_reg | User Attribute | 4 x 1                | RAM16X1D x 1   | 
|\m03_nodes/m03_w_node/inst /\inst_si_handler/gen_si_handler.gen_request_fifos.gen_req_fifo[2].inst_req_fifo/gen_xpm_memory_fifo.inst_fifo/gen_mem_rep[0].inst_xpm_memory /xpm_memory_base_inst | gen_wr_a.gen_word_narrow.mem_reg | User Attribute | 4 x 1                | RAM16X1D x 1   | 
|\m03_nodes/m03_w_node/inst /\inst_mi_handler/gen_normal_area.inst_fifo_node_payld/gen_xpm_memory_fifo.inst_fifo/gen_mem_rep[0].inst_xpm_memory /xpm_memory_base_inst                           | gen_wr_a.gen_word_narrow.mem_reg | User Attribute | 32 x 165             | RAM32M16 x 12  | 
|\m03_nodes/m03_w_node/inst /\inst_mi_handler/gen_normal_area.inst_fifo_node_payld/gen_xpm_memory_fifo.inst_fifo/gen_mem_rep[1].inst_xpm_memory /xpm_memory_base_inst                           | gen_wr_a.gen_word_narrow.mem_reg | User Attribute | 32 x 164             | RAM32M16 x 12  | 
|\m01_nodes/m01_ar_node/inst /\inst_mi_handler/gen_normal_area.inst_fifo_node_payld/gen_xpm_memory_fifo.inst_fifo/gen_mem_rep[0].inst_xpm_memory /xpm_memory_base_inst                          | gen_wr_a.gen_word_narrow.mem_reg | User Attribute | 32 x 163             | RAM32M16 x 12  | 
|\m01_nodes/m01_aw_node/inst /\inst_mi_handler/gen_normal_area.inst_fifo_node_payld/gen_xpm_memory_fifo.inst_fifo/gen_mem_rep[0].inst_xpm_memory /xpm_memory_base_inst                          | gen_wr_a.gen_word_narrow.mem_reg | User Attribute | 32 x 163             | RAM32M16 x 12  | 
|\m01_nodes/m01_b_node/inst /\inst_mi_handler/gen_normal_area.gen_fifo_req.inst_fifo_req/gen_xpm_memory_fifo.inst_fifo/gen_mem_rep[0].inst_xpm_memory /xpm_memory_base_inst                     | gen_wr_a.gen_word_narrow.mem_reg | User Attribute | 32 x 20              | RAM32M16 x 2   | 
|\m01_nodes/m01_b_node/inst /\inst_mi_handler/gen_normal_area.inst_fifo_node_payld/gen_xpm_memory_fifo.inst_fifo/gen_mem_rep[0].inst_xpm_memory /xpm_memory_base_inst                           | gen_wr_a.gen_word_narrow.mem_reg | User Attribute | 32 x 8               | RAM32M16 x 1   | 
|\m01_nodes/m01_r_node/inst /\inst_mi_handler/gen_normal_area.gen_fifo_req.inst_fifo_req/gen_xpm_memory_fifo.inst_fifo/gen_mem_rep[0].inst_xpm_memory /xpm_memory_base_inst                     | gen_wr_a.gen_word_narrow.mem_reg | User Attribute | 32 x 20              | RAM32M16 x 2   | 
|\m01_nodes/m01_r_node/inst /\inst_mi_handler/gen_normal_area.inst_fifo_node_payld/gen_xpm_memory_fifo.inst_fifo/gen_mem_rep[0].inst_xpm_memory /xpm_memory_base_inst                           | gen_wr_a.gen_word_narrow.mem_reg | User Attribute | 32 x 139             | RAM32M16 x 10  | 
|\m01_nodes/m01_r_node/inst /\inst_mi_handler/gen_normal_area.inst_fifo_node_payld/gen_xpm_memory_fifo.inst_fifo/gen_mem_rep[1].inst_xpm_memory /xpm_memory_base_inst                           | gen_wr_a.gen_word_narrow.mem_reg | User Attribute | 32 x 139             | RAM32M16 x 10  | 
|\m01_nodes/m01_w_node/inst /\inst_si_handler/gen_si_handler.gen_request_fifos.gen_req_fifo[0].inst_req_fifo/gen_xpm_memory_fifo.inst_fifo/gen_mem_rep[0].inst_xpm_memory /xpm_memory_base_inst | gen_wr_a.gen_word_narrow.mem_reg | User Attribute | 4 x 1                | RAM16X1D x 1   | 
|\m01_nodes/m01_w_node/inst /\inst_si_handler/gen_si_handler.gen_request_fifos.gen_req_fifo[1].inst_req_fifo/gen_xpm_memory_fifo.inst_fifo/gen_mem_rep[0].inst_xpm_memory /xpm_memory_base_inst | gen_wr_a.gen_word_narrow.mem_reg | User Attribute | 4 x 1                | RAM16X1D x 1   | 
|\m01_nodes/m01_w_node/inst /\inst_si_handler/gen_si_handler.gen_request_fifos.gen_req_fifo[2].inst_req_fifo/gen_xpm_memory_fifo.inst_fifo/gen_mem_rep[0].inst_xpm_memory /xpm_memory_base_inst | gen_wr_a.gen_word_narrow.mem_reg | User Attribute | 4 x 1                | RAM16X1D x 1   | 
|\m01_nodes/m01_w_node/inst /\inst_mi_handler/gen_normal_area.inst_fifo_node_payld/gen_xpm_memory_fifo.inst_fifo/gen_mem_rep[0].inst_xpm_memory /xpm_memory_base_inst                           | gen_wr_a.gen_word_narrow.mem_reg | User Attribute | 32 x 165             | RAM32M16 x 12  | 
|\m01_nodes/m01_w_node/inst /\inst_mi_handler/gen_normal_area.inst_fifo_node_payld/gen_xpm_memory_fifo.inst_fifo/gen_mem_rep[1].inst_xpm_memory /xpm_memory_base_inst                           | gen_wr_a.gen_word_narrow.mem_reg | User Attribute | 32 x 164             | RAM32M16 x 12  | 
|\m00_nodes/m00_ar_node/inst /\inst_mi_handler/gen_normal_area.inst_fifo_node_payld/gen_xpm_memory_fifo.inst_fifo/gen_mem_rep[0].inst_xpm_memory /xpm_memory_base_inst                          | gen_wr_a.gen_word_narrow.mem_reg | User Attribute | 32 x 163             | RAM32M16 x 12  | 
|\m00_nodes/m00_aw_node/inst /\inst_mi_handler/gen_normal_area.inst_fifo_node_payld/gen_xpm_memory_fifo.inst_fifo/gen_mem_rep[0].inst_xpm_memory /xpm_memory_base_inst                          | gen_wr_a.gen_word_narrow.mem_reg | User Attribute | 32 x 163             | RAM32M16 x 12  | 
|\m00_nodes/m00_b_node/inst /\inst_mi_handler/gen_normal_area.gen_fifo_req.inst_fifo_req/gen_xpm_memory_fifo.inst_fifo/gen_mem_rep[0].inst_xpm_memory /xpm_memory_base_inst                     | gen_wr_a.gen_word_narrow.mem_reg | User Attribute | 32 x 20              | RAM32M16 x 2   | 
|\m00_nodes/m00_b_node/inst /\inst_mi_handler/gen_normal_area.inst_fifo_node_payld/gen_xpm_memory_fifo.inst_fifo/gen_mem_rep[0].inst_xpm_memory /xpm_memory_base_inst                           | gen_wr_a.gen_word_narrow.mem_reg | User Attribute | 32 x 8               | RAM32M16 x 1   | 
|\m00_nodes/m00_r_node/inst /\inst_mi_handler/gen_normal_area.gen_fifo_req.inst_fifo_req/gen_xpm_memory_fifo.inst_fifo/gen_mem_rep[0].inst_xpm_memory /xpm_memory_base_inst                     | gen_wr_a.gen_word_narrow.mem_reg | User Attribute | 32 x 20              | RAM32M16 x 2   | 
|\m00_nodes/m00_r_node/inst /\inst_mi_handler/gen_normal_area.inst_fifo_node_payld/gen_xpm_memory_fifo.inst_fifo/gen_mem_rep[0].inst_xpm_memory /xpm_memory_base_inst                           | gen_wr_a.gen_word_narrow.mem_reg | User Attribute | 32 x 139             | RAM32M16 x 10  | 
|\m00_nodes/m00_r_node/inst /\inst_mi_handler/gen_normal_area.inst_fifo_node_payld/gen_xpm_memory_fifo.inst_fifo/gen_mem_rep[1].inst_xpm_memory /xpm_memory_base_inst                           | gen_wr_a.gen_word_narrow.mem_reg | User Attribute | 32 x 139             | RAM32M16 x 10  | 
|\m00_nodes/m00_w_node/inst /\inst_si_handler/gen_si_handler.gen_request_fifos.gen_req_fifo[0].inst_req_fifo/gen_xpm_memory_fifo.inst_fifo/gen_mem_rep[0].inst_xpm_memory /xpm_memory_base_inst | gen_wr_a.gen_word_narrow.mem_reg | User Attribute | 4 x 1                | RAM16X1D x 1   | 
|\m00_nodes/m00_w_node/inst /\inst_si_handler/gen_si_handler.gen_request_fifos.gen_req_fifo[1].inst_req_fifo/gen_xpm_memory_fifo.inst_fifo/gen_mem_rep[0].inst_xpm_memory /xpm_memory_base_inst | gen_wr_a.gen_word_narrow.mem_reg | User Attribute | 4 x 1                | RAM16X1D x 1   | 
|\m00_nodes/m00_w_node/inst /\inst_si_handler/gen_si_handler.gen_request_fifos.gen_req_fifo[2].inst_req_fifo/gen_xpm_memory_fifo.inst_fifo/gen_mem_rep[0].inst_xpm_memory /xpm_memory_base_inst | gen_wr_a.gen_word_narrow.mem_reg | User Attribute | 4 x 1                | RAM16X1D x 1   | 
|\m00_nodes/m00_w_node/inst /\inst_mi_handler/gen_normal_area.inst_fifo_node_payld/gen_xpm_memory_fifo.inst_fifo/gen_mem_rep[0].inst_xpm_memory /xpm_memory_base_inst                           | gen_wr_a.gen_word_narrow.mem_reg | User Attribute | 32 x 165             | RAM32M16 x 12  | 
|\m00_nodes/m00_w_node/inst /\inst_mi_handler/gen_normal_area.inst_fifo_node_payld/gen_xpm_memory_fifo.inst_fifo/gen_mem_rep[1].inst_xpm_memory /xpm_memory_base_inst                           | gen_wr_a.gen_word_narrow.mem_reg | User Attribute | 32 x 164             | RAM32M16 x 12  | 
+-----------------------------------------------------------------------------------------------------------------------------------------------------------------------------------------------+----------------------------------+----------------+----------------------+----------------+

Note: The table above is a preliminary report that shows the Distributed RAMs at the current stage of the synthesis flow. Some Distributed RAMs may be reimplemented as non Distributed RAM primitives later in the synthesis flow. Multiple instantiated RAMs are reported only once.
---------------------------------------------------------------------------------
Finished ROM, RAM, DSP, Shift Register and Retiming Reporting
---------------------------------------------------------------------------------
---------------------------------------------------------------------------------
Start Applying XDC Timing Constraints
---------------------------------------------------------------------------------
---------------------------------------------------------------------------------
Finished Applying XDC Timing Constraints : Time (s): cpu = 00:01:17 ; elapsed = 00:01:11 . Memory (MB): peak = 4647.539 ; gain = 2050.426 ; free physical = 46856 ; free virtual = 58428
---------------------------------------------------------------------------------
---------------------------------------------------------------------------------
Start Timing Optimization
---------------------------------------------------------------------------------
---------------------------------------------------------------------------------
Finished Timing Optimization : Time (s): cpu = 00:01:22 ; elapsed = 00:01:16 . Memory (MB): peak = 4647.539 ; gain = 2050.426 ; free physical = 44331 ; free virtual = 55960
---------------------------------------------------------------------------------
---------------------------------------------------------------------------------
Start ROM, RAM, DSP, Shift Register and Retiming Reporting
---------------------------------------------------------------------------------

Distributed RAM: Final Mapping Report
+-----------------------------------------------------------------------------------------------------------------------------------------------------------------------------------------------+----------------------------------+----------------+----------------------+----------------+
|Module Name                                                                                                                                                                                    | RTL Object                       | Inference      | Size (Depth x Width) | Primitives     | 
+-----------------------------------------------------------------------------------------------------------------------------------------------------------------------------------------------+----------------------------------+----------------+----------------------+----------------+
|inst/\s00_nodes/s00_w_node/inst /inst_mi_handleri_0/\gen_normal_area.gen_fifo_req.inst_fifo_req/gen_xpm_memory_fifo.inst_fifo/gen_mem_rep[0].inst_xpm_memory /xpm_memory_base_inst             | gen_wr_a.gen_word_narrow.mem_reg | User Attribute | 32 x 22              | RAM32M16 x 2   | 
|inst/\s00_nodes/s00_w_node/inst /inst_mi_handleri_0/\gen_normal_area.inst_fifo_node_payld/gen_xpm_memory_fifo.inst_fifo/gen_mem_rep[0].inst_xpm_memory /xpm_memory_base_inst                   | gen_wr_a.gen_word_narrow.mem_reg | User Attribute | 32 x 154             | RAM32M16 x 11  | 
|inst/\s00_nodes/s00_w_node/inst /inst_mi_handleri_0/\gen_normal_area.inst_fifo_node_payld/gen_xpm_memory_fifo.inst_fifo/gen_mem_rep[1].inst_xpm_memory /xpm_memory_base_inst                   | gen_wr_a.gen_word_narrow.mem_reg | User Attribute | 32 x 154             | RAM32M16 x 11  | 
|inst/s00_nodesi_0/\s00_ar_node/inst /\inst_mi_handler/gen_normal_area.gen_fifo_req.inst_fifo_req/gen_xpm_memory_fifo.inst_fifo/gen_mem_rep[0].inst_xpm_memory /xpm_memory_base_inst            | gen_wr_a.gen_word_narrow.mem_reg | User Attribute | 32 x 22              | RAM32M16 x 2   | 
|inst/s00_nodesi_0/\s00_ar_node/inst /\inst_mi_handler/gen_normal_area.inst_fifo_node_payld/gen_xpm_memory_fifo.inst_fifo/gen_mem_rep[0].inst_xpm_memory /xpm_memory_base_inst                  | gen_wr_a.gen_word_narrow.mem_reg | User Attribute | 32 x 144             | RAM32M16 x 11  | 
|inst/s00_nodesi_0/\s00_aw_node/inst /\inst_mi_handler/gen_normal_area.gen_fifo_req.inst_fifo_req/gen_xpm_memory_fifo.inst_fifo/gen_mem_rep[0].inst_xpm_memory /xpm_memory_base_inst            | gen_wr_a.gen_word_narrow.mem_reg | User Attribute | 32 x 22              | RAM32M16 x 2   | 
|inst/s00_nodesi_0/\s00_aw_node/inst /\inst_mi_handler/gen_normal_area.inst_fifo_node_payld/gen_xpm_memory_fifo.inst_fifo/gen_mem_rep[0].inst_xpm_memory /xpm_memory_base_inst                  | gen_wr_a.gen_word_narrow.mem_reg | User Attribute | 32 x 144             | RAM32M16 x 11  | 
|inst/s00_nodesi_0/\s00_b_node/inst /\inst_mi_handler/gen_normal_area.inst_fifo_node_payld/gen_xpm_memory_fifo.inst_fifo/gen_mem_rep[0].inst_xpm_memory /xpm_memory_base_inst                   | gen_wr_a.gen_word_narrow.mem_reg | User Attribute | 32 x 28              | RAM32M16 x 2   | 
|inst/s00_nodesi_0/\s00_r_node/inst /\inst_mi_handler/gen_normal_area.inst_fifo_node_payld/gen_xpm_memory_fifo.inst_fifo/gen_mem_rep[0].inst_xpm_memory /xpm_memory_base_inst                   | gen_wr_a.gen_word_narrow.mem_reg | User Attribute | 32 x 150             | RAM32M16 x 11  | 
|inst/s00_nodesi_0/\s00_r_node/inst /\inst_mi_handler/gen_normal_area.inst_fifo_node_payld/gen_xpm_memory_fifo.inst_fifo/gen_mem_rep[1].inst_xpm_memory /xpm_memory_base_inst                   | gen_wr_a.gen_word_narrow.mem_reg | User Attribute | 32 x 150             | RAM32M16 x 11  | 
|inst/\s02_nodes/s02_w_node/inst /inst_mi_handleri_0/\gen_normal_area.gen_fifo_req.inst_fifo_req/gen_xpm_memory_fifo.inst_fifo/gen_mem_rep[0].inst_xpm_memory /xpm_memory_base_inst             | gen_wr_a.gen_word_narrow.mem_reg | User Attribute | 32 x 22              | RAM32M16 x 2   | 
|inst/\s02_nodes/s02_w_node/inst /inst_mi_handleri_0/\gen_normal_area.inst_fifo_node_payld/gen_xpm_memory_fifo.inst_fifo/gen_mem_rep[0].inst_xpm_memory /xpm_memory_base_inst                   | gen_wr_a.gen_word_narrow.mem_reg | User Attribute | 32 x 154             | RAM32M16 x 11  | 
|inst/\s02_nodes/s02_w_node/inst /inst_mi_handleri_0/\gen_normal_area.inst_fifo_node_payld/gen_xpm_memory_fifo.inst_fifo/gen_mem_rep[1].inst_xpm_memory /xpm_memory_base_inst                   | gen_wr_a.gen_word_narrow.mem_reg | User Attribute | 32 x 154             | RAM32M16 x 11  | 
|inst/s02_nodesi_1/\s02_aw_node/inst /\inst_mi_handler/gen_normal_area.gen_fifo_req.inst_fifo_req/gen_xpm_memory_fifo.inst_fifo/gen_mem_rep[0].inst_xpm_memory /xpm_memory_base_inst            | gen_wr_a.gen_word_narrow.mem_reg | User Attribute | 32 x 22              | RAM32M16 x 2   | 
|inst/s02_nodesi_1/\s02_aw_node/inst /\inst_mi_handler/gen_normal_area.inst_fifo_node_payld/gen_xpm_memory_fifo.inst_fifo/gen_mem_rep[0].inst_xpm_memory /xpm_memory_base_inst                  | gen_wr_a.gen_word_narrow.mem_reg | User Attribute | 32 x 144             | RAM32M16 x 11  | 
|inst/s02_nodesi_1/\s02_b_node/inst /\inst_mi_handler/gen_normal_area.inst_fifo_node_payld/gen_xpm_memory_fifo.inst_fifo/gen_mem_rep[0].inst_xpm_memory /xpm_memory_base_inst                   | gen_wr_a.gen_word_narrow.mem_reg | User Attribute | 32 x 28              | RAM32M16 x 2   | 
|\s01_nodes/s01_ar_node/inst /\inst_mi_handler/gen_normal_area.gen_fifo_req.inst_fifo_req/gen_xpm_memory_fifo.inst_fifo/gen_mem_rep[0].inst_xpm_memory /xpm_memory_base_inst                    | gen_wr_a.gen_word_narrow.mem_reg | User Attribute | 32 x 22              | RAM32M16 x 2   | 
|\s01_nodes/s01_ar_node/inst /\inst_mi_handler/gen_normal_area.inst_fifo_node_payld/gen_xpm_memory_fifo.inst_fifo/gen_mem_rep[0].inst_xpm_memory /xpm_memory_base_inst                          | gen_wr_a.gen_word_narrow.mem_reg | User Attribute | 32 x 144             | RAM32M16 x 11  | 
|\s01_nodes/s01_aw_node/inst /\inst_mi_handler/gen_normal_area.gen_fifo_req.inst_fifo_req/gen_xpm_memory_fifo.inst_fifo/gen_mem_rep[0].inst_xpm_memory /xpm_memory_base_inst                    | gen_wr_a.gen_word_narrow.mem_reg | User Attribute | 32 x 22              | RAM32M16 x 2   | 
|\s01_nodes/s01_aw_node/inst /\inst_mi_handler/gen_normal_area.inst_fifo_node_payld/gen_xpm_memory_fifo.inst_fifo/gen_mem_rep[0].inst_xpm_memory /xpm_memory_base_inst                          | gen_wr_a.gen_word_narrow.mem_reg | User Attribute | 32 x 144             | RAM32M16 x 11  | 
|\s01_nodes/s01_b_node/inst /\inst_mi_handler/gen_normal_area.inst_fifo_node_payld/gen_xpm_memory_fifo.inst_fifo/gen_mem_rep[0].inst_xpm_memory /xpm_memory_base_inst                           | gen_wr_a.gen_word_narrow.mem_reg | User Attribute | 32 x 28              | RAM32M16 x 2   | 
|\s01_nodes/s01_r_node/inst /\inst_mi_handler/gen_normal_area.inst_fifo_node_payld/gen_xpm_memory_fifo.inst_fifo/gen_mem_rep[0].inst_xpm_memory /xpm_memory_base_inst                           | gen_wr_a.gen_word_narrow.mem_reg | User Attribute | 32 x 149             | RAM32M16 x 11  | 
|\s01_nodes/s01_r_node/inst /\inst_mi_handler/gen_normal_area.inst_fifo_node_payld/gen_xpm_memory_fifo.inst_fifo/gen_mem_rep[1].inst_xpm_memory /xpm_memory_base_inst                           | gen_wr_a.gen_word_narrow.mem_reg | User Attribute | 32 x 149             | RAM32M16 x 11  | 
|\s01_nodes/s01_w_node/inst /\inst_mi_handler/gen_normal_area.gen_fifo_req.inst_fifo_req/gen_xpm_memory_fifo.inst_fifo/gen_mem_rep[0].inst_xpm_memory /xpm_memory_base_inst                     | gen_wr_a.gen_word_narrow.mem_reg | User Attribute | 32 x 22              | RAM32M16 x 2   | 
|\s01_nodes/s01_w_node/inst /\inst_mi_handler/gen_normal_area.inst_fifo_node_payld/gen_xpm_memory_fifo.inst_fifo/gen_mem_rep[0].inst_xpm_memory /xpm_memory_base_inst                           | gen_wr_a.gen_word_narrow.mem_reg | User Attribute | 32 x 154             | RAM32M16 x 11  | 
|\s01_nodes/s01_w_node/inst /\inst_mi_handler/gen_normal_area.inst_fifo_node_payld/gen_xpm_memory_fifo.inst_fifo/gen_mem_rep[1].inst_xpm_memory /xpm_memory_base_inst                           | gen_wr_a.gen_word_narrow.mem_reg | User Attribute | 32 x 154             | RAM32M16 x 11  | 
|\m04_nodes/m04_ar_node/inst /\inst_mi_handler/gen_normal_area.inst_fifo_node_payld/gen_xpm_memory_fifo.inst_fifo/gen_mem_rep[0].inst_xpm_memory /xpm_memory_base_inst                          | gen_wr_a.gen_word_narrow.mem_reg | User Attribute | 32 x 163             | RAM32M16 x 12  | 
|\m04_nodes/m04_aw_node/inst /\inst_mi_handler/gen_normal_area.inst_fifo_node_payld/gen_xpm_memory_fifo.inst_fifo/gen_mem_rep[0].inst_xpm_memory /xpm_memory_base_inst                          | gen_wr_a.gen_word_narrow.mem_reg | User Attribute | 32 x 163             | RAM32M16 x 12  | 
|\m04_nodes/m04_b_node/inst /\inst_mi_handler/gen_normal_area.gen_fifo_req.inst_fifo_req/gen_xpm_memory_fifo.inst_fifo/gen_mem_rep[0].inst_xpm_memory /xpm_memory_base_inst                     | gen_wr_a.gen_word_narrow.mem_reg | User Attribute | 32 x 20              | RAM32M16 x 2   | 
|\m04_nodes/m04_b_node/inst /\inst_mi_handler/gen_normal_area.inst_fifo_node_payld/gen_xpm_memory_fifo.inst_fifo/gen_mem_rep[0].inst_xpm_memory /xpm_memory_base_inst                           | gen_wr_a.gen_word_narrow.mem_reg | User Attribute | 32 x 8               | RAM32M16 x 1   | 
|\m04_nodes/m04_r_node/inst /\inst_mi_handler/gen_normal_area.gen_fifo_req.inst_fifo_req/gen_xpm_memory_fifo.inst_fifo/gen_mem_rep[0].inst_xpm_memory /xpm_memory_base_inst                     | gen_wr_a.gen_word_narrow.mem_reg | User Attribute | 32 x 20              | RAM32M16 x 2   | 
|\m04_nodes/m04_r_node/inst /\inst_mi_handler/gen_normal_area.inst_fifo_node_payld/gen_xpm_memory_fifo.inst_fifo/gen_mem_rep[0].inst_xpm_memory /xpm_memory_base_inst                           | gen_wr_a.gen_word_narrow.mem_reg | User Attribute | 32 x 139             | RAM32M16 x 10  | 
|\m04_nodes/m04_r_node/inst /\inst_mi_handler/gen_normal_area.inst_fifo_node_payld/gen_xpm_memory_fifo.inst_fifo/gen_mem_rep[1].inst_xpm_memory /xpm_memory_base_inst                           | gen_wr_a.gen_word_narrow.mem_reg | User Attribute | 32 x 139             | RAM32M16 x 10  | 
|\m04_nodes/m04_w_node/inst /\inst_si_handler/gen_si_handler.gen_request_fifos.gen_req_fifo[0].inst_req_fifo/gen_xpm_memory_fifo.inst_fifo/gen_mem_rep[0].inst_xpm_memory /xpm_memory_base_inst | gen_wr_a.gen_word_narrow.mem_reg | User Attribute | 4 x 1                | RAM16X1D x 1   | 
|\m04_nodes/m04_w_node/inst /\inst_si_handler/gen_si_handler.gen_request_fifos.gen_req_fifo[1].inst_req_fifo/gen_xpm_memory_fifo.inst_fifo/gen_mem_rep[0].inst_xpm_memory /xpm_memory_base_inst | gen_wr_a.gen_word_narrow.mem_reg | User Attribute | 4 x 1                | RAM16X1D x 1   | 
|\m04_nodes/m04_w_node/inst /\inst_si_handler/gen_si_handler.gen_request_fifos.gen_req_fifo[2].inst_req_fifo/gen_xpm_memory_fifo.inst_fifo/gen_mem_rep[0].inst_xpm_memory /xpm_memory_base_inst | gen_wr_a.gen_word_narrow.mem_reg | User Attribute | 4 x 1                | RAM16X1D x 1   | 
|\m04_nodes/m04_w_node/inst /\inst_mi_handler/gen_normal_area.inst_fifo_node_payld/gen_xpm_memory_fifo.inst_fifo/gen_mem_rep[0].inst_xpm_memory /xpm_memory_base_inst                           | gen_wr_a.gen_word_narrow.mem_reg | User Attribute | 32 x 164             | RAM32M16 x 12  | 
|\m04_nodes/m04_w_node/inst /\inst_mi_handler/gen_normal_area.inst_fifo_node_payld/gen_xpm_memory_fifo.inst_fifo/gen_mem_rep[1].inst_xpm_memory /xpm_memory_base_inst                           | gen_wr_a.gen_word_narrow.mem_reg | User Attribute | 32 x 163             | RAM32M16 x 12  | 
|\m02_nodes/m02_ar_node/inst /\inst_mi_handler/gen_normal_area.inst_fifo_node_payld/gen_xpm_memory_fifo.inst_fifo/gen_mem_rep[0].inst_xpm_memory /xpm_memory_base_inst                          | gen_wr_a.gen_word_narrow.mem_reg | User Attribute | 32 x 163             | RAM32M16 x 12  | 
|\m02_nodes/m02_aw_node/inst /\inst_mi_handler/gen_normal_area.inst_fifo_node_payld/gen_xpm_memory_fifo.inst_fifo/gen_mem_rep[0].inst_xpm_memory /xpm_memory_base_inst                          | gen_wr_a.gen_word_narrow.mem_reg | User Attribute | 32 x 163             | RAM32M16 x 12  | 
|\m02_nodes/m02_b_node/inst /\inst_mi_handler/gen_normal_area.gen_fifo_req.inst_fifo_req/gen_xpm_memory_fifo.inst_fifo/gen_mem_rep[0].inst_xpm_memory /xpm_memory_base_inst                     | gen_wr_a.gen_word_narrow.mem_reg | User Attribute | 32 x 20              | RAM32M16 x 2   | 
|\m02_nodes/m02_b_node/inst /\inst_mi_handler/gen_normal_area.inst_fifo_node_payld/gen_xpm_memory_fifo.inst_fifo/gen_mem_rep[0].inst_xpm_memory /xpm_memory_base_inst                           | gen_wr_a.gen_word_narrow.mem_reg | User Attribute | 32 x 8               | RAM32M16 x 1   | 
|\m02_nodes/m02_r_node/inst /\inst_mi_handler/gen_normal_area.gen_fifo_req.inst_fifo_req/gen_xpm_memory_fifo.inst_fifo/gen_mem_rep[0].inst_xpm_memory /xpm_memory_base_inst                     | gen_wr_a.gen_word_narrow.mem_reg | User Attribute | 32 x 20              | RAM32M16 x 2   | 
|\m02_nodes/m02_r_node/inst /\inst_mi_handler/gen_normal_area.inst_fifo_node_payld/gen_xpm_memory_fifo.inst_fifo/gen_mem_rep[0].inst_xpm_memory /xpm_memory_base_inst                           | gen_wr_a.gen_word_narrow.mem_reg | User Attribute | 32 x 139             | RAM32M16 x 10  | 
|\m02_nodes/m02_r_node/inst /\inst_mi_handler/gen_normal_area.inst_fifo_node_payld/gen_xpm_memory_fifo.inst_fifo/gen_mem_rep[1].inst_xpm_memory /xpm_memory_base_inst                           | gen_wr_a.gen_word_narrow.mem_reg | User Attribute | 32 x 139             | RAM32M16 x 10  | 
|\m02_nodes/m02_w_node/inst /\inst_si_handler/gen_si_handler.gen_request_fifos.gen_req_fifo[0].inst_req_fifo/gen_xpm_memory_fifo.inst_fifo/gen_mem_rep[0].inst_xpm_memory /xpm_memory_base_inst | gen_wr_a.gen_word_narrow.mem_reg | User Attribute | 4 x 1                | RAM16X1D x 1   | 
|\m02_nodes/m02_w_node/inst /\inst_mi_handler/gen_normal_area.inst_fifo_node_payld/gen_xpm_memory_fifo.inst_fifo/gen_mem_rep[0].inst_xpm_memory /xpm_memory_base_inst                           | gen_wr_a.gen_word_narrow.mem_reg | User Attribute | 32 x 165             | RAM32M16 x 12  | 
|\m02_nodes/m02_w_node/inst /\inst_mi_handler/gen_normal_area.inst_fifo_node_payld/gen_xpm_memory_fifo.inst_fifo/gen_mem_rep[1].inst_xpm_memory /xpm_memory_base_inst                           | gen_wr_a.gen_word_narrow.mem_reg | User Attribute | 32 x 164             | RAM32M16 x 12  | 
|\m03_nodes/m03_ar_node/inst /\inst_mi_handler/gen_normal_area.inst_fifo_node_payld/gen_xpm_memory_fifo.inst_fifo/gen_mem_rep[0].inst_xpm_memory /xpm_memory_base_inst                          | gen_wr_a.gen_word_narrow.mem_reg | User Attribute | 32 x 163             | RAM32M16 x 12  | 
|\m03_nodes/m03_aw_node/inst /\inst_mi_handler/gen_normal_area.inst_fifo_node_payld/gen_xpm_memory_fifo.inst_fifo/gen_mem_rep[0].inst_xpm_memory /xpm_memory_base_inst                          | gen_wr_a.gen_word_narrow.mem_reg | User Attribute | 32 x 163             | RAM32M16 x 12  | 
|\m03_nodes/m03_b_node/inst /\inst_mi_handler/gen_normal_area.gen_fifo_req.inst_fifo_req/gen_xpm_memory_fifo.inst_fifo/gen_mem_rep[0].inst_xpm_memory /xpm_memory_base_inst                     | gen_wr_a.gen_word_narrow.mem_reg | User Attribute | 32 x 20              | RAM32M16 x 2   | 
|\m03_nodes/m03_b_node/inst /\inst_mi_handler/gen_normal_area.inst_fifo_node_payld/gen_xpm_memory_fifo.inst_fifo/gen_mem_rep[0].inst_xpm_memory /xpm_memory_base_inst                           | gen_wr_a.gen_word_narrow.mem_reg | User Attribute | 32 x 8               | RAM32M16 x 1   | 
|\m03_nodes/m03_r_node/inst /\inst_mi_handler/gen_normal_area.gen_fifo_req.inst_fifo_req/gen_xpm_memory_fifo.inst_fifo/gen_mem_rep[0].inst_xpm_memory /xpm_memory_base_inst                     | gen_wr_a.gen_word_narrow.mem_reg | User Attribute | 32 x 20              | RAM32M16 x 2   | 
|\m03_nodes/m03_r_node/inst /\inst_mi_handler/gen_normal_area.inst_fifo_node_payld/gen_xpm_memory_fifo.inst_fifo/gen_mem_rep[0].inst_xpm_memory /xpm_memory_base_inst                           | gen_wr_a.gen_word_narrow.mem_reg | User Attribute | 32 x 139             | RAM32M16 x 10  | 
|\m03_nodes/m03_r_node/inst /\inst_mi_handler/gen_normal_area.inst_fifo_node_payld/gen_xpm_memory_fifo.inst_fifo/gen_mem_rep[1].inst_xpm_memory /xpm_memory_base_inst                           | gen_wr_a.gen_word_narrow.mem_reg | User Attribute | 32 x 139             | RAM32M16 x 10  | 
|\m03_nodes/m03_w_node/inst /\inst_si_handler/gen_si_handler.gen_request_fifos.gen_req_fifo[0].inst_req_fifo/gen_xpm_memory_fifo.inst_fifo/gen_mem_rep[0].inst_xpm_memory /xpm_memory_base_inst | gen_wr_a.gen_word_narrow.mem_reg | User Attribute | 4 x 1                | RAM16X1D x 1   | 
|\m03_nodes/m03_w_node/inst /\inst_mi_handler/gen_normal_area.inst_fifo_node_payld/gen_xpm_memory_fifo.inst_fifo/gen_mem_rep[0].inst_xpm_memory /xpm_memory_base_inst                           | gen_wr_a.gen_word_narrow.mem_reg | User Attribute | 32 x 165             | RAM32M16 x 12  | 
|\m03_nodes/m03_w_node/inst /\inst_mi_handler/gen_normal_area.inst_fifo_node_payld/gen_xpm_memory_fifo.inst_fifo/gen_mem_rep[1].inst_xpm_memory /xpm_memory_base_inst                           | gen_wr_a.gen_word_narrow.mem_reg | User Attribute | 32 x 164             | RAM32M16 x 12  | 
|\m01_nodes/m01_ar_node/inst /\inst_mi_handler/gen_normal_area.inst_fifo_node_payld/gen_xpm_memory_fifo.inst_fifo/gen_mem_rep[0].inst_xpm_memory /xpm_memory_base_inst                          | gen_wr_a.gen_word_narrow.mem_reg | User Attribute | 32 x 163             | RAM32M16 x 12  | 
|\m01_nodes/m01_aw_node/inst /\inst_mi_handler/gen_normal_area.inst_fifo_node_payld/gen_xpm_memory_fifo.inst_fifo/gen_mem_rep[0].inst_xpm_memory /xpm_memory_base_inst                          | gen_wr_a.gen_word_narrow.mem_reg | User Attribute | 32 x 163             | RAM32M16 x 12  | 
|\m01_nodes/m01_b_node/inst /\inst_mi_handler/gen_normal_area.gen_fifo_req.inst_fifo_req/gen_xpm_memory_fifo.inst_fifo/gen_mem_rep[0].inst_xpm_memory /xpm_memory_base_inst                     | gen_wr_a.gen_word_narrow.mem_reg | User Attribute | 32 x 20              | RAM32M16 x 2   | 
|\m01_nodes/m01_b_node/inst /\inst_mi_handler/gen_normal_area.inst_fifo_node_payld/gen_xpm_memory_fifo.inst_fifo/gen_mem_rep[0].inst_xpm_memory /xpm_memory_base_inst                           | gen_wr_a.gen_word_narrow.mem_reg | User Attribute | 32 x 8               | RAM32M16 x 1   | 
|\m01_nodes/m01_r_node/inst /\inst_mi_handler/gen_normal_area.gen_fifo_req.inst_fifo_req/gen_xpm_memory_fifo.inst_fifo/gen_mem_rep[0].inst_xpm_memory /xpm_memory_base_inst                     | gen_wr_a.gen_word_narrow.mem_reg | User Attribute | 32 x 20              | RAM32M16 x 2   | 
|\m01_nodes/m01_r_node/inst /\inst_mi_handler/gen_normal_area.inst_fifo_node_payld/gen_xpm_memory_fifo.inst_fifo/gen_mem_rep[0].inst_xpm_memory /xpm_memory_base_inst                           | gen_wr_a.gen_word_narrow.mem_reg | User Attribute | 32 x 139             | RAM32M16 x 10  | 
|\m01_nodes/m01_r_node/inst /\inst_mi_handler/gen_normal_area.inst_fifo_node_payld/gen_xpm_memory_fifo.inst_fifo/gen_mem_rep[1].inst_xpm_memory /xpm_memory_base_inst                           | gen_wr_a.gen_word_narrow.mem_reg | User Attribute | 32 x 139             | RAM32M16 x 10  | 
|\m01_nodes/m01_w_node/inst /\inst_si_handler/gen_si_handler.gen_request_fifos.gen_req_fifo[0].inst_req_fifo/gen_xpm_memory_fifo.inst_fifo/gen_mem_rep[0].inst_xpm_memory /xpm_memory_base_inst | gen_wr_a.gen_word_narrow.mem_reg | User Attribute | 4 x 1                | RAM16X1D x 1   | 
|\m01_nodes/m01_w_node/inst /\inst_mi_handler/gen_normal_area.inst_fifo_node_payld/gen_xpm_memory_fifo.inst_fifo/gen_mem_rep[0].inst_xpm_memory /xpm_memory_base_inst                           | gen_wr_a.gen_word_narrow.mem_reg | User Attribute | 32 x 165             | RAM32M16 x 12  | 
|\m01_nodes/m01_w_node/inst /\inst_mi_handler/gen_normal_area.inst_fifo_node_payld/gen_xpm_memory_fifo.inst_fifo/gen_mem_rep[1].inst_xpm_memory /xpm_memory_base_inst                           | gen_wr_a.gen_word_narrow.mem_reg | User Attribute | 32 x 164             | RAM32M16 x 12  | 
|\m00_nodes/m00_ar_node/inst /\inst_mi_handler/gen_normal_area.inst_fifo_node_payld/gen_xpm_memory_fifo.inst_fifo/gen_mem_rep[0].inst_xpm_memory /xpm_memory_base_inst                          | gen_wr_a.gen_word_narrow.mem_reg | User Attribute | 32 x 163             | RAM32M16 x 12  | 
|\m00_nodes/m00_aw_node/inst /\inst_mi_handler/gen_normal_area.inst_fifo_node_payld/gen_xpm_memory_fifo.inst_fifo/gen_mem_rep[0].inst_xpm_memory /xpm_memory_base_inst                          | gen_wr_a.gen_word_narrow.mem_reg | User Attribute | 32 x 163             | RAM32M16 x 12  | 
|\m00_nodes/m00_b_node/inst /\inst_mi_handler/gen_normal_area.gen_fifo_req.inst_fifo_req/gen_xpm_memory_fifo.inst_fifo/gen_mem_rep[0].inst_xpm_memory /xpm_memory_base_inst                     | gen_wr_a.gen_word_narrow.mem_reg | User Attribute | 32 x 20              | RAM32M16 x 2   | 
|\m00_nodes/m00_b_node/inst /\inst_mi_handler/gen_normal_area.inst_fifo_node_payld/gen_xpm_memory_fifo.inst_fifo/gen_mem_rep[0].inst_xpm_memory /xpm_memory_base_inst                           | gen_wr_a.gen_word_narrow.mem_reg | User Attribute | 32 x 8               | RAM32M16 x 1   | 
|\m00_nodes/m00_r_node/inst /\inst_mi_handler/gen_normal_area.gen_fifo_req.inst_fifo_req/gen_xpm_memory_fifo.inst_fifo/gen_mem_rep[0].inst_xpm_memory /xpm_memory_base_inst                     | gen_wr_a.gen_word_narrow.mem_reg | User Attribute | 32 x 20              | RAM32M16 x 2   | 
|\m00_nodes/m00_r_node/inst /\inst_mi_handler/gen_normal_area.inst_fifo_node_payld/gen_xpm_memory_fifo.inst_fifo/gen_mem_rep[0].inst_xpm_memory /xpm_memory_base_inst                           | gen_wr_a.gen_word_narrow.mem_reg | User Attribute | 32 x 139             | RAM32M16 x 10  | 
|\m00_nodes/m00_r_node/inst /\inst_mi_handler/gen_normal_area.inst_fifo_node_payld/gen_xpm_memory_fifo.inst_fifo/gen_mem_rep[1].inst_xpm_memory /xpm_memory_base_inst                           | gen_wr_a.gen_word_narrow.mem_reg | User Attribute | 32 x 139             | RAM32M16 x 10  | 
|\m00_nodes/m00_w_node/inst /\inst_si_handler/gen_si_handler.gen_request_fifos.gen_req_fifo[0].inst_req_fifo/gen_xpm_memory_fifo.inst_fifo/gen_mem_rep[0].inst_xpm_memory /xpm_memory_base_inst | gen_wr_a.gen_word_narrow.mem_reg | User Attribute | 4 x 1                | RAM16X1D x 1   | 
|\m00_nodes/m00_w_node/inst /\inst_mi_handler/gen_normal_area.inst_fifo_node_payld/gen_xpm_memory_fifo.inst_fifo/gen_mem_rep[0].inst_xpm_memory /xpm_memory_base_inst                           | gen_wr_a.gen_word_narrow.mem_reg | User Attribute | 32 x 165             | RAM32M16 x 12  | 
|\m00_nodes/m00_w_node/inst /\inst_mi_handler/gen_normal_area.inst_fifo_node_payld/gen_xpm_memory_fifo.inst_fifo/gen_mem_rep[1].inst_xpm_memory /xpm_memory_base_inst                           | gen_wr_a.gen_word_narrow.mem_reg | User Attribute | 32 x 164             | RAM32M16 x 12  | 
+-----------------------------------------------------------------------------------------------------------------------------------------------------------------------------------------------+----------------------------------+----------------+----------------------+----------------+

---------------------------------------------------------------------------------
Finished ROM, RAM, DSP, Shift Register and Retiming Reporting
---------------------------------------------------------------------------------
---------------------------------------------------------------------------------
Start Technology Mapping
---------------------------------------------------------------------------------
---------------------------------------------------------------------------------
Finished Technology Mapping : Time (s): cpu = 00:01:28 ; elapsed = 00:01:23 . Memory (MB): peak = 4659.465 ; gain = 2062.352 ; free physical = 52036 ; free virtual = 63681
---------------------------------------------------------------------------------
---------------------------------------------------------------------------------
Start IO Insertion
---------------------------------------------------------------------------------
---------------------------------------------------------------------------------
Start Flattening Before IO Insertion
---------------------------------------------------------------------------------
---------------------------------------------------------------------------------
Finished Flattening Before IO Insertion
---------------------------------------------------------------------------------
---------------------------------------------------------------------------------
Start Final Netlist Cleanup
---------------------------------------------------------------------------------
INFO: [Synth 8-3332] Sequential element (FSM_sequential_gen_endpoint.r_state_reg[1]) is unused and will be removed from module sc_mmu_v1_0_14_top__parameterized1.
INFO: [Synth 8-3332] Sequential element (FSM_sequential_gen_endpoint.r_state_reg[0]) is unused and will be removed from module sc_mmu_v1_0_14_top__parameterized1.
---------------------------------------------------------------------------------
Finished Final Netlist Cleanup
---------------------------------------------------------------------------------
---------------------------------------------------------------------------------
Finished IO Insertion : Time (s): cpu = 00:01:31 ; elapsed = 00:01:26 . Memory (MB): peak = 4659.465 ; gain = 2062.352 ; free physical = 61734 ; free virtual = 73380
---------------------------------------------------------------------------------
---------------------------------------------------------------------------------
Start Renaming Generated Instances
---------------------------------------------------------------------------------
---------------------------------------------------------------------------------
Finished Renaming Generated Instances : Time (s): cpu = 00:01:31 ; elapsed = 00:01:26 . Memory (MB): peak = 4659.465 ; gain = 2062.352 ; free physical = 61734 ; free virtual = 73380
---------------------------------------------------------------------------------
---------------------------------------------------------------------------------
Start Rebuilding User Hierarchy
---------------------------------------------------------------------------------
---------------------------------------------------------------------------------
Finished Rebuilding User Hierarchy : Time (s): cpu = 00:01:33 ; elapsed = 00:01:28 . Memory (MB): peak = 4659.465 ; gain = 2062.352 ; free physical = 64471 ; free virtual = 76140
---------------------------------------------------------------------------------
---------------------------------------------------------------------------------
Start Renaming Generated Ports
---------------------------------------------------------------------------------
---------------------------------------------------------------------------------
Finished Renaming Generated Ports : Time (s): cpu = 00:01:33 ; elapsed = 00:01:28 . Memory (MB): peak = 4659.465 ; gain = 2062.352 ; free physical = 64477 ; free virtual = 76148
---------------------------------------------------------------------------------
---------------------------------------------------------------------------------
Start Handling Custom Attributes
---------------------------------------------------------------------------------
---------------------------------------------------------------------------------
Finished Handling Custom Attributes : Time (s): cpu = 00:01:33 ; elapsed = 00:01:28 . Memory (MB): peak = 4659.465 ; gain = 2062.352 ; free physical = 64461 ; free virtual = 76137
---------------------------------------------------------------------------------
---------------------------------------------------------------------------------
Start Renaming Generated Nets
---------------------------------------------------------------------------------
---------------------------------------------------------------------------------
Finished Renaming Generated Nets : Time (s): cpu = 00:01:33 ; elapsed = 00:01:29 . Memory (MB): peak = 4659.465 ; gain = 2062.352 ; free physical = 64461 ; free virtual = 76137
---------------------------------------------------------------------------------
---------------------------------------------------------------------------------
Start ROM, RAM, DSP, Shift Register and Retiming Reporting
---------------------------------------------------------------------------------

Dynamic Shift Register Report:
+------------+---------------+--------+------------+--------+---------+--------+--------+--------+
|Module Name | RTL Name      | Length | Data Width | SRL16E | SRLC32E | Mux F7 | Mux F8 | Mux F9 | 
+------------+---------------+--------+------------+--------+---------+--------+--------+--------+
|dsrl        | shift_reg_reg | 16     | 1          | 1      | 0       | 0      | 0      | 0      | 
|dsrl__1     | shift_reg_reg | 32     | 1          | 0      | 1       | 0      | 0      | 0      | 
+------------+---------------+--------+------------+--------+---------+--------+--------+--------+

---------------------------------------------------------------------------------
Finished ROM, RAM, DSP, Shift Register and Retiming Reporting
---------------------------------------------------------------------------------
---------------------------------------------------------------------------------
Start Writing Synthesis Report
---------------------------------------------------------------------------------

Report BlackBoxes: 
+-+--------------+----------+
| |BlackBox name |Instances |
+-+--------------+----------+
+-+--------------+----------+

Report Cell Usage: 
+------+---------+------+
|      |Cell     |Count |
+------+---------+------+
|1     |LUT1     |   692|
|2     |LUT2     |  1594|
|3     |LUT3     |  3612|
|4     |LUT4     |  2699|
|5     |LUT5     |  2026|
|6     |LUT6     |  3221|
|7     |MUXF7    |   445|
|8     |RAM16X1D |     7|
|9     |RAM32M   |     5|
|10    |RAM32M16 |   416|
|11    |SRL16    |     3|
|12    |SRL16E   |   196|
|13    |SRLC32E  |   588|
|14    |FDCE     |   270|
|15    |FDR      |    20|
|16    |FDRE     | 19938|
|17    |FDSE     |   529|
+------+---------+------+
---------------------------------------------------------------------------------
Finished Writing Synthesis Report : Time (s): cpu = 00:01:33 ; elapsed = 00:01:29 . Memory (MB): peak = 4659.465 ; gain = 2062.352 ; free physical = 64461 ; free virtual = 76137
---------------------------------------------------------------------------------
Synthesis finished with 0 errors, 0 critical warnings and 11857 warnings.
Synthesis Optimization Runtime : Time (s): cpu = 00:01:10 ; elapsed = 00:01:14 . Memory (MB): peak = 4659.465 ; gain = 698.359 ; free physical = 73472 ; free virtual = 85127
Synthesis Optimization Complete : Time (s): cpu = 00:01:33 ; elapsed = 00:01:32 . Memory (MB): peak = 4659.465 ; gain = 2062.352 ; free physical = 73535 ; free virtual = 85097
INFO: [Project 1-571] Translating synthesized netlist
Netlist sorting complete. Time (s): cpu = 00:00:00.36 ; elapsed = 00:00:00.35 . Memory (MB): peak = 4659.465 ; gain = 0.000 ; free physical = 73609 ; free virtual = 85170
INFO: [Netlist 29-17] Analyzing 896 Unisim elements for replacement
INFO: [Netlist 29-28] Unisim Transformation completed in 0 CPU seconds
INFO: [Project 1-570] Preparing netlist for logic optimization
INFO: [Opt 31-138] Pushed 0 inverter(s) to 0 load pin(s).
Netlist sorting complete. Time (s): cpu = 00:00:00.01 ; elapsed = 00:00:00 . Memory (MB): peak = 4659.465 ; gain = 0.000 ; free physical = 73614 ; free virtual = 85196
INFO: [Project 1-111] Unisim Transformation Summary:
  A total of 451 instances were transformed.
  FDR => FDRE: 20 instances
  RAM16X1D => RAM32X1D (RAMD32(x2)): 7 instances
  RAM32M => RAM32M (RAMD32(x6), RAMS32(x2)): 5 instances
  RAM32M16 => RAM32M16 (RAMD32(x14), RAMS32(x2)): 416 instances
  SRL16 => SRL16E: 3 instances

Synth Design complete | Checksum: 37ed5e46
INFO: [Common 17-83] Releasing license: Synthesis
595 Infos, 170 Warnings, 0 Critical Warnings and 0 Errors encountered.
synth_design completed successfully
synth_design: Time (s): cpu = 00:01:40 ; elapsed = 00:01:38 . Memory (MB): peak = 4659.465 ; gain = 3128.473 ; free physical = 73626 ; free virtual = 85215
INFO: [Common 17-2834] synth_design peak Physical Memory [PSS] (MB): overall = 9325.477; main = 3582.056; forked = 5835.497
INFO: [Common 17-2834] synth_design peak Virtual Memory [VSS] (MB): overall = 16937.641; main = 4655.551; forked = 12369.008
INFO: [Coretcl 2-1174] Renamed 2016 cell refs.
Write ShapeDB Complete: Time (s): cpu = 00:00:00.09 ; elapsed = 00:00:00.03 . Memory (MB): peak = 4659.465 ; gain = 0.000 ; free physical = 73621 ; free virtual = 85214
INFO: [Common 17-1381] The checkpoint '/home/malik/andromeda_ila/AXI-Dot-Product-Accelerator/Vivado/puzhi/puzhi.runs/andromeda_axi_smc_0_synth_1/andromeda_axi_smc_0.dcp' has been generated.
INFO: [Vivado 12-24828] Executing command : report_utilization -file andromeda_axi_smc_0_utilization_synth.rpt -pb andromeda_axi_smc_0_utilization_synth.pb
INFO: [Common 17-206] Exiting Vivado at Wed Jun 11 19:50:37 2025...
