
*** Running vivado
    with args -log andromeda_axi_dpe_0_0.vds -m64 -product Vivado -mode batch -messageDb vivado.pb -notrace -source andromeda_axi_dpe_0_0.tcl


****** Vivado v2024.2 (64-bit)
  **** SW Build 5239630 on Fri Nov 08 22:34:34 MST 2024
  **** IP Build 5239520 on Sun Nov 10 16:12:51 MST 2024
  **** SharedData Build 5239561 on Fri Nov 08 14:39:27 MST 2024
  **** Start of session at: Wed Jun 11 19:48:50 2025
    ** Copyright 1986-2022 Xilinx, Inc. All Rights Reserved.
    ** Copyright 2022-2024 Advanced Micro Devices, Inc. All Rights Reserved.

source andromeda_axi_dpe_0_0.tcl -notrace
INFO: [IP_Flow 19-234] Refreshing IP repositories
INFO: [IP_Flow 19-1704] No user IP repositories specified
INFO: [IP_Flow 19-2313] Loaded Vivado IP repository '/opt/tools/Xilinx/Vivado/2024.2/data/ip'.
Command: synth_design -top andromeda_axi_dpe_0_0 -part xcku5p-ffvb676-2-i -incremental_mode off -mode out_of_context
Starting synth_design
Attempting to get a license for feature 'Synthesis' and/or device 'xcku5p'
INFO: [Common 17-349] Got license for feature 'Synthesis' and/or device 'xcku5p'
INFO: [Device 21-403] Loading part xcku5p-ffvb676-2-i
INFO: [Synth 8-7079] Multithreading enabled for synth_design using a maximum of 7 processes.
INFO: [Synth 8-7078] Launching helper process for spawning children vivado processes
INFO: [Synth 8-7075] Helper process launched with PID 98557
---------------------------------------------------------------------------------
Starting RTL Elaboration : Time (s): cpu = 00:00:02 ; elapsed = 00:00:03 . Memory (MB): peak = 2745.711 ; gain = 156.859 ; free physical = 47678 ; free virtual = 59080
---------------------------------------------------------------------------------
INFO: [Synth 8-11241] undeclared symbol 'x_wr_addr', assumed default net type 'wire' [/home/malik/andromeda_ila/AXI-Dot-Product-Accelerator/Vivado/puzhi/puzhi.srcs/sources_1/imports/hdl/top_dot_product_engine.sv:48]
INFO: [Synth 8-11241] undeclared symbol 'read_data_valid', assumed default net type 'wire' [/home/malik/andromeda_ila/AXI-Dot-Product-Accelerator/Vivado/puzhi/puzhi.srcs/sources_1/imports/hdl/axi_dpe.v:330]
WARNING: [Synth 8-8895] 'read_data_valid' is already implicitly declared on line 330 [/home/malik/andromeda_ila/AXI-Dot-Product-Accelerator/Vivado/puzhi/puzhi.srcs/sources_1/imports/hdl/axi_dpe.v:751]
INFO: [Synth 8-6157] synthesizing module 'andromeda_axi_dpe_0_0' [/home/malik/andromeda_ila/AXI-Dot-Product-Accelerator/Vivado/puzhi/puzhi.gen/sources_1/bd/andromeda/ip/andromeda_axi_dpe_0_0/synth/andromeda_axi_dpe_0_0.v:53]
INFO: [Synth 8-6157] synthesizing module 'axi_dpe' [/home/malik/andromeda_ila/AXI-Dot-Product-Accelerator/Vivado/puzhi/puzhi.srcs/sources_1/imports/hdl/axi_dpe.v:1]
	Parameter C_S_AXI_ADDR_WIDTH bound to: 32 - type: integer 
	Parameter C_S_AXI_DATA_WIDTH bound to: 32 - type: integer 
	Parameter C_M_AXI_ADDR_WIDTH bound to: 32 - type: integer 
	Parameter C_M_AXI_DATA_WIDTH bound to: 256 - type: integer 
	Parameter C_M_AXI_BURST_LEN bound to: 128 - type: integer 
INFO: [Synth 8-6157] synthesizing module 'sdp_w4096x2_r4096x2' [/home/malik/andromeda_ila/AXI-Dot-Product-Accelerator/Vivado/puzhi/puzhi.runs/andromeda_axi_dpe_0_0_synth_1/.Xil/Vivado-97474-dust2/realtime/sdp_w4096x2_r4096x2_stub.v:6]
INFO: [Synth 8-6155] done synthesizing module 'sdp_w4096x2_r4096x2' (0#1) [/home/malik/andromeda_ila/AXI-Dot-Product-Accelerator/Vivado/puzhi/puzhi.runs/andromeda_axi_dpe_0_0_synth_1/.Xil/Vivado-97474-dust2/realtime/sdp_w4096x2_r4096x2_stub.v:6]
INFO: [Synth 8-6157] synthesizing module 'top_dot_product_engine' [/home/malik/andromeda_ila/AXI-Dot-Product-Accelerator/Vivado/puzhi/puzhi.srcs/sources_1/imports/hdl/top_dot_product_engine.sv:2]
INFO: [Synth 8-6157] synthesizing module 'block_ram' [/home/malik/andromeda_ila/AXI-Dot-Product-Accelerator/Vivado/puzhi/puzhi.srcs/sources_1/imports/hdl/block_ram.sv:1]
	Parameter ADDR_WIDTH bound to: 4 - type: integer 
	Parameter DATA_WIDTH bound to: 32 - type: integer 
INFO: [Synth 8-6155] done synthesizing module 'block_ram' (0#1) [/home/malik/andromeda_ila/AXI-Dot-Product-Accelerator/Vivado/puzhi/puzhi.srcs/sources_1/imports/hdl/block_ram.sv:1]
WARNING: [Synth 8-689] width (1) of port connection 'addr' does not match port width (4) of module 'block_ram' [/home/malik/andromeda_ila/AXI-Dot-Product-Accelerator/Vivado/puzhi/puzhi.srcs/sources_1/imports/hdl/top_dot_product_engine.sv:48]
WARNING: [Synth 8-605] same-named implicit nets 'x_wr_addr' [/home/malik/andromeda_ila/AXI-Dot-Product-Accelerator/Vivado/puzhi/puzhi.srcs/sources_1/imports/hdl/top_dot_product_engine.sv:48]
INFO: [Synth 8-556] previous implicit net 'x_wr_addr' [/home/malik/andromeda_ila/AXI-Dot-Product-Accelerator/Vivado/puzhi/puzhi.srcs/sources_1/imports/hdl/top_dot_product_engine.sv:48]
WARNING: [Synth 8-689] width (1) of port connection 'addr' does not match port width (4) of module 'block_ram' [/home/malik/andromeda_ila/AXI-Dot-Product-Accelerator/Vivado/puzhi/puzhi.srcs/sources_1/imports/hdl/top_dot_product_engine.sv:48]
WARNING: [Synth 8-605] same-named implicit nets 'x_wr_addr' [/home/malik/andromeda_ila/AXI-Dot-Product-Accelerator/Vivado/puzhi/puzhi.srcs/sources_1/imports/hdl/top_dot_product_engine.sv:48]
INFO: [Synth 8-556] previous implicit net 'x_wr_addr' [/home/malik/andromeda_ila/AXI-Dot-Product-Accelerator/Vivado/puzhi/puzhi.srcs/sources_1/imports/hdl/top_dot_product_engine.sv:48]
WARNING: [Synth 8-689] width (1) of port connection 'addr' does not match port width (4) of module 'block_ram' [/home/malik/andromeda_ila/AXI-Dot-Product-Accelerator/Vivado/puzhi/puzhi.srcs/sources_1/imports/hdl/top_dot_product_engine.sv:48]
WARNING: [Synth 8-605] same-named implicit nets 'x_wr_addr' [/home/malik/andromeda_ila/AXI-Dot-Product-Accelerator/Vivado/puzhi/puzhi.srcs/sources_1/imports/hdl/top_dot_product_engine.sv:48]
INFO: [Synth 8-556] previous implicit net 'x_wr_addr' [/home/malik/andromeda_ila/AXI-Dot-Product-Accelerator/Vivado/puzhi/puzhi.srcs/sources_1/imports/hdl/top_dot_product_engine.sv:48]
WARNING: [Synth 8-689] width (1) of port connection 'addr' does not match port width (4) of module 'block_ram' [/home/malik/andromeda_ila/AXI-Dot-Product-Accelerator/Vivado/puzhi/puzhi.srcs/sources_1/imports/hdl/top_dot_product_engine.sv:48]
WARNING: [Synth 8-605] same-named implicit nets 'x_wr_addr' [/home/malik/andromeda_ila/AXI-Dot-Product-Accelerator/Vivado/puzhi/puzhi.srcs/sources_1/imports/hdl/top_dot_product_engine.sv:48]
INFO: [Synth 8-556] previous implicit net 'x_wr_addr' [/home/malik/andromeda_ila/AXI-Dot-Product-Accelerator/Vivado/puzhi/puzhi.srcs/sources_1/imports/hdl/top_dot_product_engine.sv:48]
WARNING: [Synth 8-689] width (1) of port connection 'addr' does not match port width (4) of module 'block_ram' [/home/malik/andromeda_ila/AXI-Dot-Product-Accelerator/Vivado/puzhi/puzhi.srcs/sources_1/imports/hdl/top_dot_product_engine.sv:48]
WARNING: [Synth 8-605] same-named implicit nets 'x_wr_addr' [/home/malik/andromeda_ila/AXI-Dot-Product-Accelerator/Vivado/puzhi/puzhi.srcs/sources_1/imports/hdl/top_dot_product_engine.sv:48]
INFO: [Synth 8-556] previous implicit net 'x_wr_addr' [/home/malik/andromeda_ila/AXI-Dot-Product-Accelerator/Vivado/puzhi/puzhi.srcs/sources_1/imports/hdl/top_dot_product_engine.sv:48]
WARNING: [Synth 8-689] width (1) of port connection 'addr' does not match port width (4) of module 'block_ram' [/home/malik/andromeda_ila/AXI-Dot-Product-Accelerator/Vivado/puzhi/puzhi.srcs/sources_1/imports/hdl/top_dot_product_engine.sv:48]
WARNING: [Synth 8-605] same-named implicit nets 'x_wr_addr' [/home/malik/andromeda_ila/AXI-Dot-Product-Accelerator/Vivado/puzhi/puzhi.srcs/sources_1/imports/hdl/top_dot_product_engine.sv:48]
INFO: [Synth 8-556] previous implicit net 'x_wr_addr' [/home/malik/andromeda_ila/AXI-Dot-Product-Accelerator/Vivado/puzhi/puzhi.srcs/sources_1/imports/hdl/top_dot_product_engine.sv:48]
WARNING: [Synth 8-689] width (1) of port connection 'addr' does not match port width (4) of module 'block_ram' [/home/malik/andromeda_ila/AXI-Dot-Product-Accelerator/Vivado/puzhi/puzhi.srcs/sources_1/imports/hdl/top_dot_product_engine.sv:48]
WARNING: [Synth 8-605] same-named implicit nets 'x_wr_addr' [/home/malik/andromeda_ila/AXI-Dot-Product-Accelerator/Vivado/puzhi/puzhi.srcs/sources_1/imports/hdl/top_dot_product_engine.sv:48]
INFO: [Synth 8-556] previous implicit net 'x_wr_addr' [/home/malik/andromeda_ila/AXI-Dot-Product-Accelerator/Vivado/puzhi/puzhi.srcs/sources_1/imports/hdl/top_dot_product_engine.sv:48]
WARNING: [Synth 8-689] width (1) of port connection 'addr' does not match port width (4) of module 'block_ram' [/home/malik/andromeda_ila/AXI-Dot-Product-Accelerator/Vivado/puzhi/puzhi.srcs/sources_1/imports/hdl/top_dot_product_engine.sv:48]
WARNING: [Synth 8-605] same-named implicit nets 'x_wr_addr' [/home/malik/andromeda_ila/AXI-Dot-Product-Accelerator/Vivado/puzhi/puzhi.srcs/sources_1/imports/hdl/top_dot_product_engine.sv:48]
INFO: [Synth 8-556] previous implicit net 'x_wr_addr' [/home/malik/andromeda_ila/AXI-Dot-Product-Accelerator/Vivado/puzhi/puzhi.srcs/sources_1/imports/hdl/top_dot_product_engine.sv:48]
WARNING: [Synth 8-689] width (1) of port connection 'addr' does not match port width (4) of module 'block_ram' [/home/malik/andromeda_ila/AXI-Dot-Product-Accelerator/Vivado/puzhi/puzhi.srcs/sources_1/imports/hdl/top_dot_product_engine.sv:48]
WARNING: [Synth 8-605] same-named implicit nets 'x_wr_addr' [/home/malik/andromeda_ila/AXI-Dot-Product-Accelerator/Vivado/puzhi/puzhi.srcs/sources_1/imports/hdl/top_dot_product_engine.sv:48]
INFO: [Synth 8-556] previous implicit net 'x_wr_addr' [/home/malik/andromeda_ila/AXI-Dot-Product-Accelerator/Vivado/puzhi/puzhi.srcs/sources_1/imports/hdl/top_dot_product_engine.sv:48]
WARNING: [Synth 8-689] width (1) of port connection 'addr' does not match port width (4) of module 'block_ram' [/home/malik/andromeda_ila/AXI-Dot-Product-Accelerator/Vivado/puzhi/puzhi.srcs/sources_1/imports/hdl/top_dot_product_engine.sv:48]
WARNING: [Synth 8-605] same-named implicit nets 'x_wr_addr' [/home/malik/andromeda_ila/AXI-Dot-Product-Accelerator/Vivado/puzhi/puzhi.srcs/sources_1/imports/hdl/top_dot_product_engine.sv:48]
INFO: [Synth 8-556] previous implicit net 'x_wr_addr' [/home/malik/andromeda_ila/AXI-Dot-Product-Accelerator/Vivado/puzhi/puzhi.srcs/sources_1/imports/hdl/top_dot_product_engine.sv:48]
WARNING: [Synth 8-689] width (1) of port connection 'addr' does not match port width (4) of module 'block_ram' [/home/malik/andromeda_ila/AXI-Dot-Product-Accelerator/Vivado/puzhi/puzhi.srcs/sources_1/imports/hdl/top_dot_product_engine.sv:48]
WARNING: [Synth 8-605] same-named implicit nets 'x_wr_addr' [/home/malik/andromeda_ila/AXI-Dot-Product-Accelerator/Vivado/puzhi/puzhi.srcs/sources_1/imports/hdl/top_dot_product_engine.sv:48]
INFO: [Synth 8-556] previous implicit net 'x_wr_addr' [/home/malik/andromeda_ila/AXI-Dot-Product-Accelerator/Vivado/puzhi/puzhi.srcs/sources_1/imports/hdl/top_dot_product_engine.sv:48]
WARNING: [Synth 8-689] width (1) of port connection 'addr' does not match port width (4) of module 'block_ram' [/home/malik/andromeda_ila/AXI-Dot-Product-Accelerator/Vivado/puzhi/puzhi.srcs/sources_1/imports/hdl/top_dot_product_engine.sv:48]
WARNING: [Synth 8-605] same-named implicit nets 'x_wr_addr' [/home/malik/andromeda_ila/AXI-Dot-Product-Accelerator/Vivado/puzhi/puzhi.srcs/sources_1/imports/hdl/top_dot_product_engine.sv:48]
INFO: [Synth 8-556] previous implicit net 'x_wr_addr' [/home/malik/andromeda_ila/AXI-Dot-Product-Accelerator/Vivado/puzhi/puzhi.srcs/sources_1/imports/hdl/top_dot_product_engine.sv:48]
WARNING: [Synth 8-689] width (1) of port connection 'addr' does not match port width (4) of module 'block_ram' [/home/malik/andromeda_ila/AXI-Dot-Product-Accelerator/Vivado/puzhi/puzhi.srcs/sources_1/imports/hdl/top_dot_product_engine.sv:48]
WARNING: [Synth 8-605] same-named implicit nets 'x_wr_addr' [/home/malik/andromeda_ila/AXI-Dot-Product-Accelerator/Vivado/puzhi/puzhi.srcs/sources_1/imports/hdl/top_dot_product_engine.sv:48]
INFO: [Synth 8-556] previous implicit net 'x_wr_addr' [/home/malik/andromeda_ila/AXI-Dot-Product-Accelerator/Vivado/puzhi/puzhi.srcs/sources_1/imports/hdl/top_dot_product_engine.sv:48]
WARNING: [Synth 8-689] width (1) of port connection 'addr' does not match port width (4) of module 'block_ram' [/home/malik/andromeda_ila/AXI-Dot-Product-Accelerator/Vivado/puzhi/puzhi.srcs/sources_1/imports/hdl/top_dot_product_engine.sv:48]
WARNING: [Synth 8-605] same-named implicit nets 'x_wr_addr' [/home/malik/andromeda_ila/AXI-Dot-Product-Accelerator/Vivado/puzhi/puzhi.srcs/sources_1/imports/hdl/top_dot_product_engine.sv:48]
INFO: [Synth 8-556] previous implicit net 'x_wr_addr' [/home/malik/andromeda_ila/AXI-Dot-Product-Accelerator/Vivado/puzhi/puzhi.srcs/sources_1/imports/hdl/top_dot_product_engine.sv:48]
WARNING: [Synth 8-689] width (1) of port connection 'addr' does not match port width (4) of module 'block_ram' [/home/malik/andromeda_ila/AXI-Dot-Product-Accelerator/Vivado/puzhi/puzhi.srcs/sources_1/imports/hdl/top_dot_product_engine.sv:48]
WARNING: [Synth 8-605] same-named implicit nets 'x_wr_addr' [/home/malik/andromeda_ila/AXI-Dot-Product-Accelerator/Vivado/puzhi/puzhi.srcs/sources_1/imports/hdl/top_dot_product_engine.sv:48]
INFO: [Synth 8-556] previous implicit net 'x_wr_addr' [/home/malik/andromeda_ila/AXI-Dot-Product-Accelerator/Vivado/puzhi/puzhi.srcs/sources_1/imports/hdl/top_dot_product_engine.sv:48]
WARNING: [Synth 8-689] width (1) of port connection 'addr' does not match port width (4) of module 'block_ram' [/home/malik/andromeda_ila/AXI-Dot-Product-Accelerator/Vivado/puzhi/puzhi.srcs/sources_1/imports/hdl/top_dot_product_engine.sv:48]
WARNING: [Synth 8-605] same-named implicit nets 'x_wr_addr' [/home/malik/andromeda_ila/AXI-Dot-Product-Accelerator/Vivado/puzhi/puzhi.srcs/sources_1/imports/hdl/top_dot_product_engine.sv:48]
INFO: [Synth 8-556] previous implicit net 'x_wr_addr' [/home/malik/andromeda_ila/AXI-Dot-Product-Accelerator/Vivado/puzhi/puzhi.srcs/sources_1/imports/hdl/top_dot_product_engine.sv:48]
WARNING: [Synth 8-689] width (1) of port connection 'addr' does not match port width (4) of module 'block_ram' [/home/malik/andromeda_ila/AXI-Dot-Product-Accelerator/Vivado/puzhi/puzhi.srcs/sources_1/imports/hdl/top_dot_product_engine.sv:48]
WARNING: [Synth 8-605] same-named implicit nets 'x_wr_addr' [/home/malik/andromeda_ila/AXI-Dot-Product-Accelerator/Vivado/puzhi/puzhi.srcs/sources_1/imports/hdl/top_dot_product_engine.sv:48]
INFO: [Synth 8-556] previous implicit net 'x_wr_addr' [/home/malik/andromeda_ila/AXI-Dot-Product-Accelerator/Vivado/puzhi/puzhi.srcs/sources_1/imports/hdl/top_dot_product_engine.sv:48]
WARNING: [Synth 8-689] width (1) of port connection 'addr' does not match port width (4) of module 'block_ram' [/home/malik/andromeda_ila/AXI-Dot-Product-Accelerator/Vivado/puzhi/puzhi.srcs/sources_1/imports/hdl/top_dot_product_engine.sv:48]
WARNING: [Synth 8-605] same-named implicit nets 'x_wr_addr' [/home/malik/andromeda_ila/AXI-Dot-Product-Accelerator/Vivado/puzhi/puzhi.srcs/sources_1/imports/hdl/top_dot_product_engine.sv:48]
INFO: [Synth 8-556] previous implicit net 'x_wr_addr' [/home/malik/andromeda_ila/AXI-Dot-Product-Accelerator/Vivado/puzhi/puzhi.srcs/sources_1/imports/hdl/top_dot_product_engine.sv:48]
WARNING: [Synth 8-689] width (1) of port connection 'addr' does not match port width (4) of module 'block_ram' [/home/malik/andromeda_ila/AXI-Dot-Product-Accelerator/Vivado/puzhi/puzhi.srcs/sources_1/imports/hdl/top_dot_product_engine.sv:48]
WARNING: [Synth 8-605] same-named implicit nets 'x_wr_addr' [/home/malik/andromeda_ila/AXI-Dot-Product-Accelerator/Vivado/puzhi/puzhi.srcs/sources_1/imports/hdl/top_dot_product_engine.sv:48]
INFO: [Synth 8-556] previous implicit net 'x_wr_addr' [/home/malik/andromeda_ila/AXI-Dot-Product-Accelerator/Vivado/puzhi/puzhi.srcs/sources_1/imports/hdl/top_dot_product_engine.sv:48]
WARNING: [Synth 8-689] width (1) of port connection 'addr' does not match port width (4) of module 'block_ram' [/home/malik/andromeda_ila/AXI-Dot-Product-Accelerator/Vivado/puzhi/puzhi.srcs/sources_1/imports/hdl/top_dot_product_engine.sv:48]
WARNING: [Synth 8-605] same-named implicit nets 'x_wr_addr' [/home/malik/andromeda_ila/AXI-Dot-Product-Accelerator/Vivado/puzhi/puzhi.srcs/sources_1/imports/hdl/top_dot_product_engine.sv:48]
INFO: [Synth 8-556] previous implicit net 'x_wr_addr' [/home/malik/andromeda_ila/AXI-Dot-Product-Accelerator/Vivado/puzhi/puzhi.srcs/sources_1/imports/hdl/top_dot_product_engine.sv:48]
WARNING: [Synth 8-689] width (1) of port connection 'addr' does not match port width (4) of module 'block_ram' [/home/malik/andromeda_ila/AXI-Dot-Product-Accelerator/Vivado/puzhi/puzhi.srcs/sources_1/imports/hdl/top_dot_product_engine.sv:48]
WARNING: [Synth 8-605] same-named implicit nets 'x_wr_addr' [/home/malik/andromeda_ila/AXI-Dot-Product-Accelerator/Vivado/puzhi/puzhi.srcs/sources_1/imports/hdl/top_dot_product_engine.sv:48]
INFO: [Synth 8-556] previous implicit net 'x_wr_addr' [/home/malik/andromeda_ila/AXI-Dot-Product-Accelerator/Vivado/puzhi/puzhi.srcs/sources_1/imports/hdl/top_dot_product_engine.sv:48]
WARNING: [Synth 8-689] width (1) of port connection 'addr' does not match port width (4) of module 'block_ram' [/home/malik/andromeda_ila/AXI-Dot-Product-Accelerator/Vivado/puzhi/puzhi.srcs/sources_1/imports/hdl/top_dot_product_engine.sv:48]
WARNING: [Synth 8-605] same-named implicit nets 'x_wr_addr' [/home/malik/andromeda_ila/AXI-Dot-Product-Accelerator/Vivado/puzhi/puzhi.srcs/sources_1/imports/hdl/top_dot_product_engine.sv:48]
INFO: [Synth 8-556] previous implicit net 'x_wr_addr' [/home/malik/andromeda_ila/AXI-Dot-Product-Accelerator/Vivado/puzhi/puzhi.srcs/sources_1/imports/hdl/top_dot_product_engine.sv:48]
WARNING: [Synth 8-689] width (1) of port connection 'addr' does not match port width (4) of module 'block_ram' [/home/malik/andromeda_ila/AXI-Dot-Product-Accelerator/Vivado/puzhi/puzhi.srcs/sources_1/imports/hdl/top_dot_product_engine.sv:48]
WARNING: [Synth 8-605] same-named implicit nets 'x_wr_addr' [/home/malik/andromeda_ila/AXI-Dot-Product-Accelerator/Vivado/puzhi/puzhi.srcs/sources_1/imports/hdl/top_dot_product_engine.sv:48]
INFO: [Synth 8-556] previous implicit net 'x_wr_addr' [/home/malik/andromeda_ila/AXI-Dot-Product-Accelerator/Vivado/puzhi/puzhi.srcs/sources_1/imports/hdl/top_dot_product_engine.sv:48]
WARNING: [Synth 8-689] width (1) of port connection 'addr' does not match port width (4) of module 'block_ram' [/home/malik/andromeda_ila/AXI-Dot-Product-Accelerator/Vivado/puzhi/puzhi.srcs/sources_1/imports/hdl/top_dot_product_engine.sv:48]
WARNING: [Synth 8-605] same-named implicit nets 'x_wr_addr' [/home/malik/andromeda_ila/AXI-Dot-Product-Accelerator/Vivado/puzhi/puzhi.srcs/sources_1/imports/hdl/top_dot_product_engine.sv:48]
INFO: [Synth 8-556] previous implicit net 'x_wr_addr' [/home/malik/andromeda_ila/AXI-Dot-Product-Accelerator/Vivado/puzhi/puzhi.srcs/sources_1/imports/hdl/top_dot_product_engine.sv:48]
WARNING: [Synth 8-689] width (1) of port connection 'addr' does not match port width (4) of module 'block_ram' [/home/malik/andromeda_ila/AXI-Dot-Product-Accelerator/Vivado/puzhi/puzhi.srcs/sources_1/imports/hdl/top_dot_product_engine.sv:48]
WARNING: [Synth 8-605] same-named implicit nets 'x_wr_addr' [/home/malik/andromeda_ila/AXI-Dot-Product-Accelerator/Vivado/puzhi/puzhi.srcs/sources_1/imports/hdl/top_dot_product_engine.sv:48]
INFO: [Synth 8-556] previous implicit net 'x_wr_addr' [/home/malik/andromeda_ila/AXI-Dot-Product-Accelerator/Vivado/puzhi/puzhi.srcs/sources_1/imports/hdl/top_dot_product_engine.sv:48]
WARNING: [Synth 8-689] width (1) of port connection 'addr' does not match port width (4) of module 'block_ram' [/home/malik/andromeda_ila/AXI-Dot-Product-Accelerator/Vivado/puzhi/puzhi.srcs/sources_1/imports/hdl/top_dot_product_engine.sv:48]
WARNING: [Synth 8-605] same-named implicit nets 'x_wr_addr' [/home/malik/andromeda_ila/AXI-Dot-Product-Accelerator/Vivado/puzhi/puzhi.srcs/sources_1/imports/hdl/top_dot_product_engine.sv:48]
INFO: [Synth 8-556] previous implicit net 'x_wr_addr' [/home/malik/andromeda_ila/AXI-Dot-Product-Accelerator/Vivado/puzhi/puzhi.srcs/sources_1/imports/hdl/top_dot_product_engine.sv:48]
WARNING: [Synth 8-689] width (1) of port connection 'addr' does not match port width (4) of module 'block_ram' [/home/malik/andromeda_ila/AXI-Dot-Product-Accelerator/Vivado/puzhi/puzhi.srcs/sources_1/imports/hdl/top_dot_product_engine.sv:48]
WARNING: [Synth 8-605] same-named implicit nets 'x_wr_addr' [/home/malik/andromeda_ila/AXI-Dot-Product-Accelerator/Vivado/puzhi/puzhi.srcs/sources_1/imports/hdl/top_dot_product_engine.sv:48]
INFO: [Synth 8-556] previous implicit net 'x_wr_addr' [/home/malik/andromeda_ila/AXI-Dot-Product-Accelerator/Vivado/puzhi/puzhi.srcs/sources_1/imports/hdl/top_dot_product_engine.sv:48]
WARNING: [Synth 8-689] width (1) of port connection 'addr' does not match port width (4) of module 'block_ram' [/home/malik/andromeda_ila/AXI-Dot-Product-Accelerator/Vivado/puzhi/puzhi.srcs/sources_1/imports/hdl/top_dot_product_engine.sv:48]
WARNING: [Synth 8-605] same-named implicit nets 'x_wr_addr' [/home/malik/andromeda_ila/AXI-Dot-Product-Accelerator/Vivado/puzhi/puzhi.srcs/sources_1/imports/hdl/top_dot_product_engine.sv:48]
INFO: [Synth 8-556] previous implicit net 'x_wr_addr' [/home/malik/andromeda_ila/AXI-Dot-Product-Accelerator/Vivado/puzhi/puzhi.srcs/sources_1/imports/hdl/top_dot_product_engine.sv:48]
WARNING: [Synth 8-689] width (1) of port connection 'addr' does not match port width (4) of module 'block_ram' [/home/malik/andromeda_ila/AXI-Dot-Product-Accelerator/Vivado/puzhi/puzhi.srcs/sources_1/imports/hdl/top_dot_product_engine.sv:48]
WARNING: [Synth 8-605] same-named implicit nets 'x_wr_addr' [/home/malik/andromeda_ila/AXI-Dot-Product-Accelerator/Vivado/puzhi/puzhi.srcs/sources_1/imports/hdl/top_dot_product_engine.sv:48]
INFO: [Synth 8-556] previous implicit net 'x_wr_addr' [/home/malik/andromeda_ila/AXI-Dot-Product-Accelerator/Vivado/puzhi/puzhi.srcs/sources_1/imports/hdl/top_dot_product_engine.sv:48]
WARNING: [Synth 8-689] width (1) of port connection 'addr' does not match port width (4) of module 'block_ram' [/home/malik/andromeda_ila/AXI-Dot-Product-Accelerator/Vivado/puzhi/puzhi.srcs/sources_1/imports/hdl/top_dot_product_engine.sv:48]
WARNING: [Synth 8-605] same-named implicit nets 'x_wr_addr' [/home/malik/andromeda_ila/AXI-Dot-Product-Accelerator/Vivado/puzhi/puzhi.srcs/sources_1/imports/hdl/top_dot_product_engine.sv:48]
INFO: [Synth 8-556] previous implicit net 'x_wr_addr' [/home/malik/andromeda_ila/AXI-Dot-Product-Accelerator/Vivado/puzhi/puzhi.srcs/sources_1/imports/hdl/top_dot_product_engine.sv:48]
WARNING: [Synth 8-689] width (1) of port connection 'addr' does not match port width (4) of module 'block_ram' [/home/malik/andromeda_ila/AXI-Dot-Product-Accelerator/Vivado/puzhi/puzhi.srcs/sources_1/imports/hdl/top_dot_product_engine.sv:48]
WARNING: [Synth 8-605] same-named implicit nets 'x_wr_addr' [/home/malik/andromeda_ila/AXI-Dot-Product-Accelerator/Vivado/puzhi/puzhi.srcs/sources_1/imports/hdl/top_dot_product_engine.sv:48]
INFO: [Synth 8-556] previous implicit net 'x_wr_addr' [/home/malik/andromeda_ila/AXI-Dot-Product-Accelerator/Vivado/puzhi/puzhi.srcs/sources_1/imports/hdl/top_dot_product_engine.sv:48]
WARNING: [Synth 8-689] width (1) of port connection 'addr' does not match port width (4) of module 'block_ram' [/home/malik/andromeda_ila/AXI-Dot-Product-Accelerator/Vivado/puzhi/puzhi.srcs/sources_1/imports/hdl/top_dot_product_engine.sv:48]
WARNING: [Synth 8-605] same-named implicit nets 'x_wr_addr' [/home/malik/andromeda_ila/AXI-Dot-Product-Accelerator/Vivado/puzhi/puzhi.srcs/sources_1/imports/hdl/top_dot_product_engine.sv:48]
INFO: [Synth 8-556] previous implicit net 'x_wr_addr' [/home/malik/andromeda_ila/AXI-Dot-Product-Accelerator/Vivado/puzhi/puzhi.srcs/sources_1/imports/hdl/top_dot_product_engine.sv:48]
WARNING: [Synth 8-689] width (1) of port connection 'addr' does not match port width (4) of module 'block_ram' [/home/malik/andromeda_ila/AXI-Dot-Product-Accelerator/Vivado/puzhi/puzhi.srcs/sources_1/imports/hdl/top_dot_product_engine.sv:48]
WARNING: [Synth 8-605] same-named implicit nets 'x_wr_addr' [/home/malik/andromeda_ila/AXI-Dot-Product-Accelerator/Vivado/puzhi/puzhi.srcs/sources_1/imports/hdl/top_dot_product_engine.sv:48]
INFO: [Synth 8-556] previous implicit net 'x_wr_addr' [/home/malik/andromeda_ila/AXI-Dot-Product-Accelerator/Vivado/puzhi/puzhi.srcs/sources_1/imports/hdl/top_dot_product_engine.sv:48]
WARNING: [Synth 8-689] width (1) of port connection 'addr' does not match port width (4) of module 'block_ram' [/home/malik/andromeda_ila/AXI-Dot-Product-Accelerator/Vivado/puzhi/puzhi.srcs/sources_1/imports/hdl/top_dot_product_engine.sv:48]
WARNING: [Synth 8-605] same-named implicit nets 'x_wr_addr' [/home/malik/andromeda_ila/AXI-Dot-Product-Accelerator/Vivado/puzhi/puzhi.srcs/sources_1/imports/hdl/top_dot_product_engine.sv:48]
INFO: [Synth 8-556] previous implicit net 'x_wr_addr' [/home/malik/andromeda_ila/AXI-Dot-Product-Accelerator/Vivado/puzhi/puzhi.srcs/sources_1/imports/hdl/top_dot_product_engine.sv:48]
WARNING: [Synth 8-689] width (1) of port connection 'addr' does not match port width (4) of module 'block_ram' [/home/malik/andromeda_ila/AXI-Dot-Product-Accelerator/Vivado/puzhi/puzhi.srcs/sources_1/imports/hdl/top_dot_product_engine.sv:48]
WARNING: [Synth 8-605] same-named implicit nets 'x_wr_addr' [/home/malik/andromeda_ila/AXI-Dot-Product-Accelerator/Vivado/puzhi/puzhi.srcs/sources_1/imports/hdl/top_dot_product_engine.sv:48]
INFO: [Synth 8-556] previous implicit net 'x_wr_addr' [/home/malik/andromeda_ila/AXI-Dot-Product-Accelerator/Vivado/puzhi/puzhi.srcs/sources_1/imports/hdl/top_dot_product_engine.sv:48]
WARNING: [Synth 8-689] width (1) of port connection 'addr' does not match port width (4) of module 'block_ram' [/home/malik/andromeda_ila/AXI-Dot-Product-Accelerator/Vivado/puzhi/puzhi.srcs/sources_1/imports/hdl/top_dot_product_engine.sv:48]
WARNING: [Synth 8-605] same-named implicit nets 'x_wr_addr' [/home/malik/andromeda_ila/AXI-Dot-Product-Accelerator/Vivado/puzhi/puzhi.srcs/sources_1/imports/hdl/top_dot_product_engine.sv:48]
INFO: [Synth 8-556] previous implicit net 'x_wr_addr' [/home/malik/andromeda_ila/AXI-Dot-Product-Accelerator/Vivado/puzhi/puzhi.srcs/sources_1/imports/hdl/top_dot_product_engine.sv:48]
WARNING: [Synth 8-689] width (1) of port connection 'addr' does not match port width (4) of module 'block_ram' [/home/malik/andromeda_ila/AXI-Dot-Product-Accelerator/Vivado/puzhi/puzhi.srcs/sources_1/imports/hdl/top_dot_product_engine.sv:48]
WARNING: [Synth 8-605] same-named implicit nets 'x_wr_addr' [/home/malik/andromeda_ila/AXI-Dot-Product-Accelerator/Vivado/puzhi/puzhi.srcs/sources_1/imports/hdl/top_dot_product_engine.sv:48]
INFO: [Synth 8-556] previous implicit net 'x_wr_addr' [/home/malik/andromeda_ila/AXI-Dot-Product-Accelerator/Vivado/puzhi/puzhi.srcs/sources_1/imports/hdl/top_dot_product_engine.sv:48]
WARNING: [Synth 8-689] width (1) of port connection 'addr' does not match port width (4) of module 'block_ram' [/home/malik/andromeda_ila/AXI-Dot-Product-Accelerator/Vivado/puzhi/puzhi.srcs/sources_1/imports/hdl/top_dot_product_engine.sv:48]
WARNING: [Synth 8-605] same-named implicit nets 'x_wr_addr' [/home/malik/andromeda_ila/AXI-Dot-Product-Accelerator/Vivado/puzhi/puzhi.srcs/sources_1/imports/hdl/top_dot_product_engine.sv:48]
INFO: [Synth 8-556] previous implicit net 'x_wr_addr' [/home/malik/andromeda_ila/AXI-Dot-Product-Accelerator/Vivado/puzhi/puzhi.srcs/sources_1/imports/hdl/top_dot_product_engine.sv:48]
WARNING: [Synth 8-689] width (1) of port connection 'addr' does not match port width (4) of module 'block_ram' [/home/malik/andromeda_ila/AXI-Dot-Product-Accelerator/Vivado/puzhi/puzhi.srcs/sources_1/imports/hdl/top_dot_product_engine.sv:48]
WARNING: [Synth 8-605] same-named implicit nets 'x_wr_addr' [/home/malik/andromeda_ila/AXI-Dot-Product-Accelerator/Vivado/puzhi/puzhi.srcs/sources_1/imports/hdl/top_dot_product_engine.sv:48]
INFO: [Synth 8-556] previous implicit net 'x_wr_addr' [/home/malik/andromeda_ila/AXI-Dot-Product-Accelerator/Vivado/puzhi/puzhi.srcs/sources_1/imports/hdl/top_dot_product_engine.sv:48]
WARNING: [Synth 8-689] width (1) of port connection 'addr' does not match port width (4) of module 'block_ram' [/home/malik/andromeda_ila/AXI-Dot-Product-Accelerator/Vivado/puzhi/puzhi.srcs/sources_1/imports/hdl/top_dot_product_engine.sv:48]
WARNING: [Synth 8-605] same-named implicit nets 'x_wr_addr' [/home/malik/andromeda_ila/AXI-Dot-Product-Accelerator/Vivado/puzhi/puzhi.srcs/sources_1/imports/hdl/top_dot_product_engine.sv:48]
INFO: [Synth 8-556] previous implicit net 'x_wr_addr' [/home/malik/andromeda_ila/AXI-Dot-Product-Accelerator/Vivado/puzhi/puzhi.srcs/sources_1/imports/hdl/top_dot_product_engine.sv:48]
WARNING: [Synth 8-689] width (1) of port connection 'addr' does not match port width (4) of module 'block_ram' [/home/malik/andromeda_ila/AXI-Dot-Product-Accelerator/Vivado/puzhi/puzhi.srcs/sources_1/imports/hdl/top_dot_product_engine.sv:48]
WARNING: [Synth 8-605] same-named implicit nets 'x_wr_addr' [/home/malik/andromeda_ila/AXI-Dot-Product-Accelerator/Vivado/puzhi/puzhi.srcs/sources_1/imports/hdl/top_dot_product_engine.sv:48]
INFO: [Synth 8-556] previous implicit net 'x_wr_addr' [/home/malik/andromeda_ila/AXI-Dot-Product-Accelerator/Vivado/puzhi/puzhi.srcs/sources_1/imports/hdl/top_dot_product_engine.sv:48]
WARNING: [Synth 8-689] width (1) of port connection 'addr' does not match port width (4) of module 'block_ram' [/home/malik/andromeda_ila/AXI-Dot-Product-Accelerator/Vivado/puzhi/puzhi.srcs/sources_1/imports/hdl/top_dot_product_engine.sv:48]
WARNING: [Synth 8-605] same-named implicit nets 'x_wr_addr' [/home/malik/andromeda_ila/AXI-Dot-Product-Accelerator/Vivado/puzhi/puzhi.srcs/sources_1/imports/hdl/top_dot_product_engine.sv:48]
INFO: [Synth 8-556] previous implicit net 'x_wr_addr' [/home/malik/andromeda_ila/AXI-Dot-Product-Accelerator/Vivado/puzhi/puzhi.srcs/sources_1/imports/hdl/top_dot_product_engine.sv:48]
WARNING: [Synth 8-689] width (1) of port connection 'addr' does not match port width (4) of module 'block_ram' [/home/malik/andromeda_ila/AXI-Dot-Product-Accelerator/Vivado/puzhi/puzhi.srcs/sources_1/imports/hdl/top_dot_product_engine.sv:48]
WARNING: [Synth 8-605] same-named implicit nets 'x_wr_addr' [/home/malik/andromeda_ila/AXI-Dot-Product-Accelerator/Vivado/puzhi/puzhi.srcs/sources_1/imports/hdl/top_dot_product_engine.sv:48]
INFO: [Synth 8-556] previous implicit net 'x_wr_addr' [/home/malik/andromeda_ila/AXI-Dot-Product-Accelerator/Vivado/puzhi/puzhi.srcs/sources_1/imports/hdl/top_dot_product_engine.sv:48]
WARNING: [Synth 8-689] width (1) of port connection 'addr' does not match port width (4) of module 'block_ram' [/home/malik/andromeda_ila/AXI-Dot-Product-Accelerator/Vivado/puzhi/puzhi.srcs/sources_1/imports/hdl/top_dot_product_engine.sv:48]
WARNING: [Synth 8-605] same-named implicit nets 'x_wr_addr' [/home/malik/andromeda_ila/AXI-Dot-Product-Accelerator/Vivado/puzhi/puzhi.srcs/sources_1/imports/hdl/top_dot_product_engine.sv:48]
INFO: [Synth 8-556] previous implicit net 'x_wr_addr' [/home/malik/andromeda_ila/AXI-Dot-Product-Accelerator/Vivado/puzhi/puzhi.srcs/sources_1/imports/hdl/top_dot_product_engine.sv:48]
WARNING: [Synth 8-689] width (1) of port connection 'addr' does not match port width (4) of module 'block_ram' [/home/malik/andromeda_ila/AXI-Dot-Product-Accelerator/Vivado/puzhi/puzhi.srcs/sources_1/imports/hdl/top_dot_product_engine.sv:48]
WARNING: [Synth 8-605] same-named implicit nets 'x_wr_addr' [/home/malik/andromeda_ila/AXI-Dot-Product-Accelerator/Vivado/puzhi/puzhi.srcs/sources_1/imports/hdl/top_dot_product_engine.sv:48]
INFO: [Synth 8-556] previous implicit net 'x_wr_addr' [/home/malik/andromeda_ila/AXI-Dot-Product-Accelerator/Vivado/puzhi/puzhi.srcs/sources_1/imports/hdl/top_dot_product_engine.sv:48]
WARNING: [Synth 8-689] width (1) of port connection 'addr' does not match port width (4) of module 'block_ram' [/home/malik/andromeda_ila/AXI-Dot-Product-Accelerator/Vivado/puzhi/puzhi.srcs/sources_1/imports/hdl/top_dot_product_engine.sv:48]
WARNING: [Synth 8-605] same-named implicit nets 'x_wr_addr' [/home/malik/andromeda_ila/AXI-Dot-Product-Accelerator/Vivado/puzhi/puzhi.srcs/sources_1/imports/hdl/top_dot_product_engine.sv:48]
INFO: [Synth 8-556] previous implicit net 'x_wr_addr' [/home/malik/andromeda_ila/AXI-Dot-Product-Accelerator/Vivado/puzhi/puzhi.srcs/sources_1/imports/hdl/top_dot_product_engine.sv:48]
WARNING: [Synth 8-689] width (1) of port connection 'addr' does not match port width (4) of module 'block_ram' [/home/malik/andromeda_ila/AXI-Dot-Product-Accelerator/Vivado/puzhi/puzhi.srcs/sources_1/imports/hdl/top_dot_product_engine.sv:48]
WARNING: [Synth 8-605] same-named implicit nets 'x_wr_addr' [/home/malik/andromeda_ila/AXI-Dot-Product-Accelerator/Vivado/puzhi/puzhi.srcs/sources_1/imports/hdl/top_dot_product_engine.sv:48]
INFO: [Synth 8-556] previous implicit net 'x_wr_addr' [/home/malik/andromeda_ila/AXI-Dot-Product-Accelerator/Vivado/puzhi/puzhi.srcs/sources_1/imports/hdl/top_dot_product_engine.sv:48]
WARNING: [Synth 8-689] width (1) of port connection 'addr' does not match port width (4) of module 'block_ram' [/home/malik/andromeda_ila/AXI-Dot-Product-Accelerator/Vivado/puzhi/puzhi.srcs/sources_1/imports/hdl/top_dot_product_engine.sv:48]
WARNING: [Synth 8-605] same-named implicit nets 'x_wr_addr' [/home/malik/andromeda_ila/AXI-Dot-Product-Accelerator/Vivado/puzhi/puzhi.srcs/sources_1/imports/hdl/top_dot_product_engine.sv:48]
INFO: [Synth 8-556] previous implicit net 'x_wr_addr' [/home/malik/andromeda_ila/AXI-Dot-Product-Accelerator/Vivado/puzhi/puzhi.srcs/sources_1/imports/hdl/top_dot_product_engine.sv:48]
WARNING: [Synth 8-689] width (1) of port connection 'addr' does not match port width (4) of module 'block_ram' [/home/malik/andromeda_ila/AXI-Dot-Product-Accelerator/Vivado/puzhi/puzhi.srcs/sources_1/imports/hdl/top_dot_product_engine.sv:48]
WARNING: [Synth 8-605] same-named implicit nets 'x_wr_addr' [/home/malik/andromeda_ila/AXI-Dot-Product-Accelerator/Vivado/puzhi/puzhi.srcs/sources_1/imports/hdl/top_dot_product_engine.sv:48]
INFO: [Synth 8-556] previous implicit net 'x_wr_addr' [/home/malik/andromeda_ila/AXI-Dot-Product-Accelerator/Vivado/puzhi/puzhi.srcs/sources_1/imports/hdl/top_dot_product_engine.sv:48]
WARNING: [Synth 8-689] width (1) of port connection 'addr' does not match port width (4) of module 'block_ram' [/home/malik/andromeda_ila/AXI-Dot-Product-Accelerator/Vivado/puzhi/puzhi.srcs/sources_1/imports/hdl/top_dot_product_engine.sv:48]
WARNING: [Synth 8-605] same-named implicit nets 'x_wr_addr' [/home/malik/andromeda_ila/AXI-Dot-Product-Accelerator/Vivado/puzhi/puzhi.srcs/sources_1/imports/hdl/top_dot_product_engine.sv:48]
INFO: [Synth 8-556] previous implicit net 'x_wr_addr' [/home/malik/andromeda_ila/AXI-Dot-Product-Accelerator/Vivado/puzhi/puzhi.srcs/sources_1/imports/hdl/top_dot_product_engine.sv:48]
WARNING: [Synth 8-689] width (1) of port connection 'addr' does not match port width (4) of module 'block_ram' [/home/malik/andromeda_ila/AXI-Dot-Product-Accelerator/Vivado/puzhi/puzhi.srcs/sources_1/imports/hdl/top_dot_product_engine.sv:48]
WARNING: [Synth 8-605] same-named implicit nets 'x_wr_addr' [/home/malik/andromeda_ila/AXI-Dot-Product-Accelerator/Vivado/puzhi/puzhi.srcs/sources_1/imports/hdl/top_dot_product_engine.sv:48]
INFO: [Synth 8-556] previous implicit net 'x_wr_addr' [/home/malik/andromeda_ila/AXI-Dot-Product-Accelerator/Vivado/puzhi/puzhi.srcs/sources_1/imports/hdl/top_dot_product_engine.sv:48]
WARNING: [Synth 8-689] width (1) of port connection 'addr' does not match port width (4) of module 'block_ram' [/home/malik/andromeda_ila/AXI-Dot-Product-Accelerator/Vivado/puzhi/puzhi.srcs/sources_1/imports/hdl/top_dot_product_engine.sv:48]
WARNING: [Synth 8-605] same-named implicit nets 'x_wr_addr' [/home/malik/andromeda_ila/AXI-Dot-Product-Accelerator/Vivado/puzhi/puzhi.srcs/sources_1/imports/hdl/top_dot_product_engine.sv:48]
INFO: [Synth 8-556] previous implicit net 'x_wr_addr' [/home/malik/andromeda_ila/AXI-Dot-Product-Accelerator/Vivado/puzhi/puzhi.srcs/sources_1/imports/hdl/top_dot_product_engine.sv:48]
WARNING: [Synth 8-689] width (1) of port connection 'addr' does not match port width (4) of module 'block_ram' [/home/malik/andromeda_ila/AXI-Dot-Product-Accelerator/Vivado/puzhi/puzhi.srcs/sources_1/imports/hdl/top_dot_product_engine.sv:48]
WARNING: [Synth 8-605] same-named implicit nets 'x_wr_addr' [/home/malik/andromeda_ila/AXI-Dot-Product-Accelerator/Vivado/puzhi/puzhi.srcs/sources_1/imports/hdl/top_dot_product_engine.sv:48]
INFO: [Synth 8-556] previous implicit net 'x_wr_addr' [/home/malik/andromeda_ila/AXI-Dot-Product-Accelerator/Vivado/puzhi/puzhi.srcs/sources_1/imports/hdl/top_dot_product_engine.sv:48]
WARNING: [Synth 8-689] width (1) of port connection 'addr' does not match port width (4) of module 'block_ram' [/home/malik/andromeda_ila/AXI-Dot-Product-Accelerator/Vivado/puzhi/puzhi.srcs/sources_1/imports/hdl/top_dot_product_engine.sv:48]
WARNING: [Synth 8-605] same-named implicit nets 'x_wr_addr' [/home/malik/andromeda_ila/AXI-Dot-Product-Accelerator/Vivado/puzhi/puzhi.srcs/sources_1/imports/hdl/top_dot_product_engine.sv:48]
INFO: [Synth 8-556] previous implicit net 'x_wr_addr' [/home/malik/andromeda_ila/AXI-Dot-Product-Accelerator/Vivado/puzhi/puzhi.srcs/sources_1/imports/hdl/top_dot_product_engine.sv:48]
WARNING: [Synth 8-689] width (1) of port connection 'addr' does not match port width (4) of module 'block_ram' [/home/malik/andromeda_ila/AXI-Dot-Product-Accelerator/Vivado/puzhi/puzhi.srcs/sources_1/imports/hdl/top_dot_product_engine.sv:48]
WARNING: [Synth 8-605] same-named implicit nets 'x_wr_addr' [/home/malik/andromeda_ila/AXI-Dot-Product-Accelerator/Vivado/puzhi/puzhi.srcs/sources_1/imports/hdl/top_dot_product_engine.sv:48]
INFO: [Synth 8-556] previous implicit net 'x_wr_addr' [/home/malik/andromeda_ila/AXI-Dot-Product-Accelerator/Vivado/puzhi/puzhi.srcs/sources_1/imports/hdl/top_dot_product_engine.sv:48]
WARNING: [Synth 8-689] width (1) of port connection 'addr' does not match port width (4) of module 'block_ram' [/home/malik/andromeda_ila/AXI-Dot-Product-Accelerator/Vivado/puzhi/puzhi.srcs/sources_1/imports/hdl/top_dot_product_engine.sv:48]
WARNING: [Synth 8-605] same-named implicit nets 'x_wr_addr' [/home/malik/andromeda_ila/AXI-Dot-Product-Accelerator/Vivado/puzhi/puzhi.srcs/sources_1/imports/hdl/top_dot_product_engine.sv:48]
INFO: [Synth 8-556] previous implicit net 'x_wr_addr' [/home/malik/andromeda_ila/AXI-Dot-Product-Accelerator/Vivado/puzhi/puzhi.srcs/sources_1/imports/hdl/top_dot_product_engine.sv:48]
WARNING: [Synth 8-689] width (1) of port connection 'addr' does not match port width (4) of module 'block_ram' [/home/malik/andromeda_ila/AXI-Dot-Product-Accelerator/Vivado/puzhi/puzhi.srcs/sources_1/imports/hdl/top_dot_product_engine.sv:48]
WARNING: [Synth 8-605] same-named implicit nets 'x_wr_addr' [/home/malik/andromeda_ila/AXI-Dot-Product-Accelerator/Vivado/puzhi/puzhi.srcs/sources_1/imports/hdl/top_dot_product_engine.sv:48]
INFO: [Synth 8-556] previous implicit net 'x_wr_addr' [/home/malik/andromeda_ila/AXI-Dot-Product-Accelerator/Vivado/puzhi/puzhi.srcs/sources_1/imports/hdl/top_dot_product_engine.sv:48]
WARNING: [Synth 8-689] width (1) of port connection 'addr' does not match port width (4) of module 'block_ram' [/home/malik/andromeda_ila/AXI-Dot-Product-Accelerator/Vivado/puzhi/puzhi.srcs/sources_1/imports/hdl/top_dot_product_engine.sv:48]
WARNING: [Synth 8-605] same-named implicit nets 'x_wr_addr' [/home/malik/andromeda_ila/AXI-Dot-Product-Accelerator/Vivado/puzhi/puzhi.srcs/sources_1/imports/hdl/top_dot_product_engine.sv:48]
INFO: [Synth 8-556] previous implicit net 'x_wr_addr' [/home/malik/andromeda_ila/AXI-Dot-Product-Accelerator/Vivado/puzhi/puzhi.srcs/sources_1/imports/hdl/top_dot_product_engine.sv:48]
WARNING: [Synth 8-689] width (1) of port connection 'addr' does not match port width (4) of module 'block_ram' [/home/malik/andromeda_ila/AXI-Dot-Product-Accelerator/Vivado/puzhi/puzhi.srcs/sources_1/imports/hdl/top_dot_product_engine.sv:48]
WARNING: [Synth 8-605] same-named implicit nets 'x_wr_addr' [/home/malik/andromeda_ila/AXI-Dot-Product-Accelerator/Vivado/puzhi/puzhi.srcs/sources_1/imports/hdl/top_dot_product_engine.sv:48]
INFO: [Synth 8-556] previous implicit net 'x_wr_addr' [/home/malik/andromeda_ila/AXI-Dot-Product-Accelerator/Vivado/puzhi/puzhi.srcs/sources_1/imports/hdl/top_dot_product_engine.sv:48]
WARNING: [Synth 8-689] width (1) of port connection 'addr' does not match port width (4) of module 'block_ram' [/home/malik/andromeda_ila/AXI-Dot-Product-Accelerator/Vivado/puzhi/puzhi.srcs/sources_1/imports/hdl/top_dot_product_engine.sv:48]
WARNING: [Synth 8-605] same-named implicit nets 'x_wr_addr' [/home/malik/andromeda_ila/AXI-Dot-Product-Accelerator/Vivado/puzhi/puzhi.srcs/sources_1/imports/hdl/top_dot_product_engine.sv:48]
INFO: [Synth 8-556] previous implicit net 'x_wr_addr' [/home/malik/andromeda_ila/AXI-Dot-Product-Accelerator/Vivado/puzhi/puzhi.srcs/sources_1/imports/hdl/top_dot_product_engine.sv:48]
WARNING: [Synth 8-689] width (1) of port connection 'addr' does not match port width (4) of module 'block_ram' [/home/malik/andromeda_ila/AXI-Dot-Product-Accelerator/Vivado/puzhi/puzhi.srcs/sources_1/imports/hdl/top_dot_product_engine.sv:48]
WARNING: [Synth 8-605] same-named implicit nets 'x_wr_addr' [/home/malik/andromeda_ila/AXI-Dot-Product-Accelerator/Vivado/puzhi/puzhi.srcs/sources_1/imports/hdl/top_dot_product_engine.sv:48]
INFO: [Synth 8-556] previous implicit net 'x_wr_addr' [/home/malik/andromeda_ila/AXI-Dot-Product-Accelerator/Vivado/puzhi/puzhi.srcs/sources_1/imports/hdl/top_dot_product_engine.sv:48]
WARNING: [Synth 8-689] width (1) of port connection 'addr' does not match port width (4) of module 'block_ram' [/home/malik/andromeda_ila/AXI-Dot-Product-Accelerator/Vivado/puzhi/puzhi.srcs/sources_1/imports/hdl/top_dot_product_engine.sv:48]
WARNING: [Synth 8-605] same-named implicit nets 'x_wr_addr' [/home/malik/andromeda_ila/AXI-Dot-Product-Accelerator/Vivado/puzhi/puzhi.srcs/sources_1/imports/hdl/top_dot_product_engine.sv:48]
INFO: [Synth 8-556] previous implicit net 'x_wr_addr' [/home/malik/andromeda_ila/AXI-Dot-Product-Accelerator/Vivado/puzhi/puzhi.srcs/sources_1/imports/hdl/top_dot_product_engine.sv:48]
WARNING: [Synth 8-689] width (1) of port connection 'addr' does not match port width (4) of module 'block_ram' [/home/malik/andromeda_ila/AXI-Dot-Product-Accelerator/Vivado/puzhi/puzhi.srcs/sources_1/imports/hdl/top_dot_product_engine.sv:48]
WARNING: [Synth 8-605] same-named implicit nets 'x_wr_addr' [/home/malik/andromeda_ila/AXI-Dot-Product-Accelerator/Vivado/puzhi/puzhi.srcs/sources_1/imports/hdl/top_dot_product_engine.sv:48]
INFO: [Synth 8-556] previous implicit net 'x_wr_addr' [/home/malik/andromeda_ila/AXI-Dot-Product-Accelerator/Vivado/puzhi/puzhi.srcs/sources_1/imports/hdl/top_dot_product_engine.sv:48]
WARNING: [Synth 8-689] width (1) of port connection 'addr' does not match port width (4) of module 'block_ram' [/home/malik/andromeda_ila/AXI-Dot-Product-Accelerator/Vivado/puzhi/puzhi.srcs/sources_1/imports/hdl/top_dot_product_engine.sv:48]
WARNING: [Synth 8-605] same-named implicit nets 'x_wr_addr' [/home/malik/andromeda_ila/AXI-Dot-Product-Accelerator/Vivado/puzhi/puzhi.srcs/sources_1/imports/hdl/top_dot_product_engine.sv:48]
INFO: [Synth 8-556] previous implicit net 'x_wr_addr' [/home/malik/andromeda_ila/AXI-Dot-Product-Accelerator/Vivado/puzhi/puzhi.srcs/sources_1/imports/hdl/top_dot_product_engine.sv:48]
WARNING: [Synth 8-689] width (1) of port connection 'addr' does not match port width (4) of module 'block_ram' [/home/malik/andromeda_ila/AXI-Dot-Product-Accelerator/Vivado/puzhi/puzhi.srcs/sources_1/imports/hdl/top_dot_product_engine.sv:48]
WARNING: [Synth 8-605] same-named implicit nets 'x_wr_addr' [/home/malik/andromeda_ila/AXI-Dot-Product-Accelerator/Vivado/puzhi/puzhi.srcs/sources_1/imports/hdl/top_dot_product_engine.sv:48]
INFO: [Synth 8-556] previous implicit net 'x_wr_addr' [/home/malik/andromeda_ila/AXI-Dot-Product-Accelerator/Vivado/puzhi/puzhi.srcs/sources_1/imports/hdl/top_dot_product_engine.sv:48]
WARNING: [Synth 8-689] width (1) of port connection 'addr' does not match port width (4) of module 'block_ram' [/home/malik/andromeda_ila/AXI-Dot-Product-Accelerator/Vivado/puzhi/puzhi.srcs/sources_1/imports/hdl/top_dot_product_engine.sv:48]
WARNING: [Synth 8-605] same-named implicit nets 'x_wr_addr' [/home/malik/andromeda_ila/AXI-Dot-Product-Accelerator/Vivado/puzhi/puzhi.srcs/sources_1/imports/hdl/top_dot_product_engine.sv:48]
INFO: [Synth 8-556] previous implicit net 'x_wr_addr' [/home/malik/andromeda_ila/AXI-Dot-Product-Accelerator/Vivado/puzhi/puzhi.srcs/sources_1/imports/hdl/top_dot_product_engine.sv:48]
WARNING: [Synth 8-689] width (1) of port connection 'addr' does not match port width (4) of module 'block_ram' [/home/malik/andromeda_ila/AXI-Dot-Product-Accelerator/Vivado/puzhi/puzhi.srcs/sources_1/imports/hdl/top_dot_product_engine.sv:48]
WARNING: [Synth 8-605] same-named implicit nets 'x_wr_addr' [/home/malik/andromeda_ila/AXI-Dot-Product-Accelerator/Vivado/puzhi/puzhi.srcs/sources_1/imports/hdl/top_dot_product_engine.sv:48]
INFO: [Synth 8-556] previous implicit net 'x_wr_addr' [/home/malik/andromeda_ila/AXI-Dot-Product-Accelerator/Vivado/puzhi/puzhi.srcs/sources_1/imports/hdl/top_dot_product_engine.sv:48]
WARNING: [Synth 8-689] width (1) of port connection 'addr' does not match port width (4) of module 'block_ram' [/home/malik/andromeda_ila/AXI-Dot-Product-Accelerator/Vivado/puzhi/puzhi.srcs/sources_1/imports/hdl/top_dot_product_engine.sv:48]
WARNING: [Synth 8-605] same-named implicit nets 'x_wr_addr' [/home/malik/andromeda_ila/AXI-Dot-Product-Accelerator/Vivado/puzhi/puzhi.srcs/sources_1/imports/hdl/top_dot_product_engine.sv:48]
INFO: [Synth 8-556] previous implicit net 'x_wr_addr' [/home/malik/andromeda_ila/AXI-Dot-Product-Accelerator/Vivado/puzhi/puzhi.srcs/sources_1/imports/hdl/top_dot_product_engine.sv:48]
WARNING: [Synth 8-689] width (1) of port connection 'addr' does not match port width (4) of module 'block_ram' [/home/malik/andromeda_ila/AXI-Dot-Product-Accelerator/Vivado/puzhi/puzhi.srcs/sources_1/imports/hdl/top_dot_product_engine.sv:48]
WARNING: [Synth 8-605] same-named implicit nets 'x_wr_addr' [/home/malik/andromeda_ila/AXI-Dot-Product-Accelerator/Vivado/puzhi/puzhi.srcs/sources_1/imports/hdl/top_dot_product_engine.sv:48]
INFO: [Synth 8-556] previous implicit net 'x_wr_addr' [/home/malik/andromeda_ila/AXI-Dot-Product-Accelerator/Vivado/puzhi/puzhi.srcs/sources_1/imports/hdl/top_dot_product_engine.sv:48]
WARNING: [Synth 8-689] width (1) of port connection 'addr' does not match port width (4) of module 'block_ram' [/home/malik/andromeda_ila/AXI-Dot-Product-Accelerator/Vivado/puzhi/puzhi.srcs/sources_1/imports/hdl/top_dot_product_engine.sv:48]
WARNING: [Synth 8-605] same-named implicit nets 'x_wr_addr' [/home/malik/andromeda_ila/AXI-Dot-Product-Accelerator/Vivado/puzhi/puzhi.srcs/sources_1/imports/hdl/top_dot_product_engine.sv:48]
INFO: [Synth 8-556] previous implicit net 'x_wr_addr' [/home/malik/andromeda_ila/AXI-Dot-Product-Accelerator/Vivado/puzhi/puzhi.srcs/sources_1/imports/hdl/top_dot_product_engine.sv:48]
WARNING: [Synth 8-689] width (1) of port connection 'addr' does not match port width (4) of module 'block_ram' [/home/malik/andromeda_ila/AXI-Dot-Product-Accelerator/Vivado/puzhi/puzhi.srcs/sources_1/imports/hdl/top_dot_product_engine.sv:48]
WARNING: [Synth 8-605] same-named implicit nets 'x_wr_addr' [/home/malik/andromeda_ila/AXI-Dot-Product-Accelerator/Vivado/puzhi/puzhi.srcs/sources_1/imports/hdl/top_dot_product_engine.sv:48]
INFO: [Synth 8-556] previous implicit net 'x_wr_addr' [/home/malik/andromeda_ila/AXI-Dot-Product-Accelerator/Vivado/puzhi/puzhi.srcs/sources_1/imports/hdl/top_dot_product_engine.sv:48]
WARNING: [Synth 8-689] width (1) of port connection 'addr' does not match port width (4) of module 'block_ram' [/home/malik/andromeda_ila/AXI-Dot-Product-Accelerator/Vivado/puzhi/puzhi.srcs/sources_1/imports/hdl/top_dot_product_engine.sv:48]
WARNING: [Synth 8-605] same-named implicit nets 'x_wr_addr' [/home/malik/andromeda_ila/AXI-Dot-Product-Accelerator/Vivado/puzhi/puzhi.srcs/sources_1/imports/hdl/top_dot_product_engine.sv:48]
INFO: [Synth 8-556] previous implicit net 'x_wr_addr' [/home/malik/andromeda_ila/AXI-Dot-Product-Accelerator/Vivado/puzhi/puzhi.srcs/sources_1/imports/hdl/top_dot_product_engine.sv:48]
WARNING: [Synth 8-689] width (1) of port connection 'addr' does not match port width (4) of module 'block_ram' [/home/malik/andromeda_ila/AXI-Dot-Product-Accelerator/Vivado/puzhi/puzhi.srcs/sources_1/imports/hdl/top_dot_product_engine.sv:48]
WARNING: [Synth 8-605] same-named implicit nets 'x_wr_addr' [/home/malik/andromeda_ila/AXI-Dot-Product-Accelerator/Vivado/puzhi/puzhi.srcs/sources_1/imports/hdl/top_dot_product_engine.sv:48]
INFO: [Synth 8-556] previous implicit net 'x_wr_addr' [/home/malik/andromeda_ila/AXI-Dot-Product-Accelerator/Vivado/puzhi/puzhi.srcs/sources_1/imports/hdl/top_dot_product_engine.sv:48]
WARNING: [Synth 8-689] width (1) of port connection 'addr' does not match port width (4) of module 'block_ram' [/home/malik/andromeda_ila/AXI-Dot-Product-Accelerator/Vivado/puzhi/puzhi.srcs/sources_1/imports/hdl/top_dot_product_engine.sv:48]
WARNING: [Synth 8-605] same-named implicit nets 'x_wr_addr' [/home/malik/andromeda_ila/AXI-Dot-Product-Accelerator/Vivado/puzhi/puzhi.srcs/sources_1/imports/hdl/top_dot_product_engine.sv:48]
INFO: [Synth 8-556] previous implicit net 'x_wr_addr' [/home/malik/andromeda_ila/AXI-Dot-Product-Accelerator/Vivado/puzhi/puzhi.srcs/sources_1/imports/hdl/top_dot_product_engine.sv:48]
WARNING: [Synth 8-689] width (1) of port connection 'addr' does not match port width (4) of module 'block_ram' [/home/malik/andromeda_ila/AXI-Dot-Product-Accelerator/Vivado/puzhi/puzhi.srcs/sources_1/imports/hdl/top_dot_product_engine.sv:48]
WARNING: [Synth 8-605] same-named implicit nets 'x_wr_addr' [/home/malik/andromeda_ila/AXI-Dot-Product-Accelerator/Vivado/puzhi/puzhi.srcs/sources_1/imports/hdl/top_dot_product_engine.sv:48]
INFO: [Synth 8-556] previous implicit net 'x_wr_addr' [/home/malik/andromeda_ila/AXI-Dot-Product-Accelerator/Vivado/puzhi/puzhi.srcs/sources_1/imports/hdl/top_dot_product_engine.sv:48]
WARNING: [Synth 8-689] width (1) of port connection 'addr' does not match port width (4) of module 'block_ram' [/home/malik/andromeda_ila/AXI-Dot-Product-Accelerator/Vivado/puzhi/puzhi.srcs/sources_1/imports/hdl/top_dot_product_engine.sv:48]
WARNING: [Synth 8-605] same-named implicit nets 'x_wr_addr' [/home/malik/andromeda_ila/AXI-Dot-Product-Accelerator/Vivado/puzhi/puzhi.srcs/sources_1/imports/hdl/top_dot_product_engine.sv:48]
INFO: [Synth 8-556] previous implicit net 'x_wr_addr' [/home/malik/andromeda_ila/AXI-Dot-Product-Accelerator/Vivado/puzhi/puzhi.srcs/sources_1/imports/hdl/top_dot_product_engine.sv:48]
WARNING: [Synth 8-689] width (1) of port connection 'addr' does not match port width (4) of module 'block_ram' [/home/malik/andromeda_ila/AXI-Dot-Product-Accelerator/Vivado/puzhi/puzhi.srcs/sources_1/imports/hdl/top_dot_product_engine.sv:48]
WARNING: [Synth 8-605] same-named implicit nets 'x_wr_addr' [/home/malik/andromeda_ila/AXI-Dot-Product-Accelerator/Vivado/puzhi/puzhi.srcs/sources_1/imports/hdl/top_dot_product_engine.sv:48]
INFO: [Synth 8-556] previous implicit net 'x_wr_addr' [/home/malik/andromeda_ila/AXI-Dot-Product-Accelerator/Vivado/puzhi/puzhi.srcs/sources_1/imports/hdl/top_dot_product_engine.sv:48]
WARNING: [Synth 8-689] width (1) of port connection 'addr' does not match port width (4) of module 'block_ram' [/home/malik/andromeda_ila/AXI-Dot-Product-Accelerator/Vivado/puzhi/puzhi.srcs/sources_1/imports/hdl/top_dot_product_engine.sv:48]
WARNING: [Synth 8-605] same-named implicit nets 'x_wr_addr' [/home/malik/andromeda_ila/AXI-Dot-Product-Accelerator/Vivado/puzhi/puzhi.srcs/sources_1/imports/hdl/top_dot_product_engine.sv:48]
INFO: [Synth 8-556] previous implicit net 'x_wr_addr' [/home/malik/andromeda_ila/AXI-Dot-Product-Accelerator/Vivado/puzhi/puzhi.srcs/sources_1/imports/hdl/top_dot_product_engine.sv:48]
WARNING: [Synth 8-689] width (1) of port connection 'addr' does not match port width (4) of module 'block_ram' [/home/malik/andromeda_ila/AXI-Dot-Product-Accelerator/Vivado/puzhi/puzhi.srcs/sources_1/imports/hdl/top_dot_product_engine.sv:48]
WARNING: [Synth 8-605] same-named implicit nets 'x_wr_addr' [/home/malik/andromeda_ila/AXI-Dot-Product-Accelerator/Vivado/puzhi/puzhi.srcs/sources_1/imports/hdl/top_dot_product_engine.sv:48]
INFO: [Synth 8-556] previous implicit net 'x_wr_addr' [/home/malik/andromeda_ila/AXI-Dot-Product-Accelerator/Vivado/puzhi/puzhi.srcs/sources_1/imports/hdl/top_dot_product_engine.sv:48]
WARNING: [Synth 8-689] width (1) of port connection 'addr' does not match port width (4) of module 'block_ram' [/home/malik/andromeda_ila/AXI-Dot-Product-Accelerator/Vivado/puzhi/puzhi.srcs/sources_1/imports/hdl/top_dot_product_engine.sv:48]
WARNING: [Synth 8-605] same-named implicit nets 'x_wr_addr' [/home/malik/andromeda_ila/AXI-Dot-Product-Accelerator/Vivado/puzhi/puzhi.srcs/sources_1/imports/hdl/top_dot_product_engine.sv:48]
INFO: [Synth 8-556] previous implicit net 'x_wr_addr' [/home/malik/andromeda_ila/AXI-Dot-Product-Accelerator/Vivado/puzhi/puzhi.srcs/sources_1/imports/hdl/top_dot_product_engine.sv:48]
WARNING: [Synth 8-689] width (1) of port connection 'addr' does not match port width (4) of module 'block_ram' [/home/malik/andromeda_ila/AXI-Dot-Product-Accelerator/Vivado/puzhi/puzhi.srcs/sources_1/imports/hdl/top_dot_product_engine.sv:48]
WARNING: [Synth 8-605] same-named implicit nets 'x_wr_addr' [/home/malik/andromeda_ila/AXI-Dot-Product-Accelerator/Vivado/puzhi/puzhi.srcs/sources_1/imports/hdl/top_dot_product_engine.sv:48]
INFO: [Synth 8-556] previous implicit net 'x_wr_addr' [/home/malik/andromeda_ila/AXI-Dot-Product-Accelerator/Vivado/puzhi/puzhi.srcs/sources_1/imports/hdl/top_dot_product_engine.sv:48]
WARNING: [Synth 8-689] width (1) of port connection 'addr' does not match port width (4) of module 'block_ram' [/home/malik/andromeda_ila/AXI-Dot-Product-Accelerator/Vivado/puzhi/puzhi.srcs/sources_1/imports/hdl/top_dot_product_engine.sv:48]
WARNING: [Synth 8-605] same-named implicit nets 'x_wr_addr' [/home/malik/andromeda_ila/AXI-Dot-Product-Accelerator/Vivado/puzhi/puzhi.srcs/sources_1/imports/hdl/top_dot_product_engine.sv:48]
INFO: [Synth 8-556] previous implicit net 'x_wr_addr' [/home/malik/andromeda_ila/AXI-Dot-Product-Accelerator/Vivado/puzhi/puzhi.srcs/sources_1/imports/hdl/top_dot_product_engine.sv:48]
WARNING: [Synth 8-689] width (1) of port connection 'addr' does not match port width (4) of module 'block_ram' [/home/malik/andromeda_ila/AXI-Dot-Product-Accelerator/Vivado/puzhi/puzhi.srcs/sources_1/imports/hdl/top_dot_product_engine.sv:48]
WARNING: [Synth 8-605] same-named implicit nets 'x_wr_addr' [/home/malik/andromeda_ila/AXI-Dot-Product-Accelerator/Vivado/puzhi/puzhi.srcs/sources_1/imports/hdl/top_dot_product_engine.sv:48]
INFO: [Synth 8-556] previous implicit net 'x_wr_addr' [/home/malik/andromeda_ila/AXI-Dot-Product-Accelerator/Vivado/puzhi/puzhi.srcs/sources_1/imports/hdl/top_dot_product_engine.sv:48]
WARNING: [Synth 8-689] width (1) of port connection 'addr' does not match port width (4) of module 'block_ram' [/home/malik/andromeda_ila/AXI-Dot-Product-Accelerator/Vivado/puzhi/puzhi.srcs/sources_1/imports/hdl/top_dot_product_engine.sv:48]
WARNING: [Synth 8-605] same-named implicit nets 'x_wr_addr' [/home/malik/andromeda_ila/AXI-Dot-Product-Accelerator/Vivado/puzhi/puzhi.srcs/sources_1/imports/hdl/top_dot_product_engine.sv:48]
INFO: [Synth 8-556] previous implicit net 'x_wr_addr' [/home/malik/andromeda_ila/AXI-Dot-Product-Accelerator/Vivado/puzhi/puzhi.srcs/sources_1/imports/hdl/top_dot_product_engine.sv:48]
WARNING: [Synth 8-689] width (1) of port connection 'addr' does not match port width (4) of module 'block_ram' [/home/malik/andromeda_ila/AXI-Dot-Product-Accelerator/Vivado/puzhi/puzhi.srcs/sources_1/imports/hdl/top_dot_product_engine.sv:48]
WARNING: [Synth 8-605] same-named implicit nets 'x_wr_addr' [/home/malik/andromeda_ila/AXI-Dot-Product-Accelerator/Vivado/puzhi/puzhi.srcs/sources_1/imports/hdl/top_dot_product_engine.sv:48]
INFO: [Synth 8-556] previous implicit net 'x_wr_addr' [/home/malik/andromeda_ila/AXI-Dot-Product-Accelerator/Vivado/puzhi/puzhi.srcs/sources_1/imports/hdl/top_dot_product_engine.sv:48]
WARNING: [Synth 8-689] width (1) of port connection 'addr' does not match port width (4) of module 'block_ram' [/home/malik/andromeda_ila/AXI-Dot-Product-Accelerator/Vivado/puzhi/puzhi.srcs/sources_1/imports/hdl/top_dot_product_engine.sv:48]
WARNING: [Synth 8-605] same-named implicit nets 'x_wr_addr' [/home/malik/andromeda_ila/AXI-Dot-Product-Accelerator/Vivado/puzhi/puzhi.srcs/sources_1/imports/hdl/top_dot_product_engine.sv:48]
INFO: [Synth 8-556] previous implicit net 'x_wr_addr' [/home/malik/andromeda_ila/AXI-Dot-Product-Accelerator/Vivado/puzhi/puzhi.srcs/sources_1/imports/hdl/top_dot_product_engine.sv:48]
WARNING: [Synth 8-689] width (1) of port connection 'addr' does not match port width (4) of module 'block_ram' [/home/malik/andromeda_ila/AXI-Dot-Product-Accelerator/Vivado/puzhi/puzhi.srcs/sources_1/imports/hdl/top_dot_product_engine.sv:48]
WARNING: [Synth 8-605] same-named implicit nets 'x_wr_addr' [/home/malik/andromeda_ila/AXI-Dot-Product-Accelerator/Vivado/puzhi/puzhi.srcs/sources_1/imports/hdl/top_dot_product_engine.sv:48]
INFO: [Synth 8-556] previous implicit net 'x_wr_addr' [/home/malik/andromeda_ila/AXI-Dot-Product-Accelerator/Vivado/puzhi/puzhi.srcs/sources_1/imports/hdl/top_dot_product_engine.sv:48]
WARNING: [Synth 8-689] width (1) of port connection 'addr' does not match port width (4) of module 'block_ram' [/home/malik/andromeda_ila/AXI-Dot-Product-Accelerator/Vivado/puzhi/puzhi.srcs/sources_1/imports/hdl/top_dot_product_engine.sv:48]
WARNING: [Synth 8-605] same-named implicit nets 'x_wr_addr' [/home/malik/andromeda_ila/AXI-Dot-Product-Accelerator/Vivado/puzhi/puzhi.srcs/sources_1/imports/hdl/top_dot_product_engine.sv:48]
INFO: [Synth 8-556] previous implicit net 'x_wr_addr' [/home/malik/andromeda_ila/AXI-Dot-Product-Accelerator/Vivado/puzhi/puzhi.srcs/sources_1/imports/hdl/top_dot_product_engine.sv:48]
WARNING: [Synth 8-689] width (1) of port connection 'addr' does not match port width (4) of module 'block_ram' [/home/malik/andromeda_ila/AXI-Dot-Product-Accelerator/Vivado/puzhi/puzhi.srcs/sources_1/imports/hdl/top_dot_product_engine.sv:48]
WARNING: [Synth 8-605] same-named implicit nets 'x_wr_addr' [/home/malik/andromeda_ila/AXI-Dot-Product-Accelerator/Vivado/puzhi/puzhi.srcs/sources_1/imports/hdl/top_dot_product_engine.sv:48]
INFO: [Synth 8-556] previous implicit net 'x_wr_addr' [/home/malik/andromeda_ila/AXI-Dot-Product-Accelerator/Vivado/puzhi/puzhi.srcs/sources_1/imports/hdl/top_dot_product_engine.sv:48]
WARNING: [Synth 8-689] width (1) of port connection 'addr' does not match port width (4) of module 'block_ram' [/home/malik/andromeda_ila/AXI-Dot-Product-Accelerator/Vivado/puzhi/puzhi.srcs/sources_1/imports/hdl/top_dot_product_engine.sv:48]
WARNING: [Synth 8-605] same-named implicit nets 'x_wr_addr' [/home/malik/andromeda_ila/AXI-Dot-Product-Accelerator/Vivado/puzhi/puzhi.srcs/sources_1/imports/hdl/top_dot_product_engine.sv:48]
INFO: [Synth 8-556] previous implicit net 'x_wr_addr' [/home/malik/andromeda_ila/AXI-Dot-Product-Accelerator/Vivado/puzhi/puzhi.srcs/sources_1/imports/hdl/top_dot_product_engine.sv:48]
WARNING: [Synth 8-689] width (1) of port connection 'addr' does not match port width (4) of module 'block_ram' [/home/malik/andromeda_ila/AXI-Dot-Product-Accelerator/Vivado/puzhi/puzhi.srcs/sources_1/imports/hdl/top_dot_product_engine.sv:48]
WARNING: [Synth 8-605] same-named implicit nets 'x_wr_addr' [/home/malik/andromeda_ila/AXI-Dot-Product-Accelerator/Vivado/puzhi/puzhi.srcs/sources_1/imports/hdl/top_dot_product_engine.sv:48]
INFO: [Synth 8-556] previous implicit net 'x_wr_addr' [/home/malik/andromeda_ila/AXI-Dot-Product-Accelerator/Vivado/puzhi/puzhi.srcs/sources_1/imports/hdl/top_dot_product_engine.sv:48]
WARNING: [Synth 8-689] width (1) of port connection 'addr' does not match port width (4) of module 'block_ram' [/home/malik/andromeda_ila/AXI-Dot-Product-Accelerator/Vivado/puzhi/puzhi.srcs/sources_1/imports/hdl/top_dot_product_engine.sv:48]
WARNING: [Synth 8-605] same-named implicit nets 'x_wr_addr' [/home/malik/andromeda_ila/AXI-Dot-Product-Accelerator/Vivado/puzhi/puzhi.srcs/sources_1/imports/hdl/top_dot_product_engine.sv:48]
INFO: [Synth 8-556] previous implicit net 'x_wr_addr' [/home/malik/andromeda_ila/AXI-Dot-Product-Accelerator/Vivado/puzhi/puzhi.srcs/sources_1/imports/hdl/top_dot_product_engine.sv:48]
WARNING: [Synth 8-689] width (1) of port connection 'addr' does not match port width (4) of module 'block_ram' [/home/malik/andromeda_ila/AXI-Dot-Product-Accelerator/Vivado/puzhi/puzhi.srcs/sources_1/imports/hdl/top_dot_product_engine.sv:48]
WARNING: [Synth 8-605] same-named implicit nets 'x_wr_addr' [/home/malik/andromeda_ila/AXI-Dot-Product-Accelerator/Vivado/puzhi/puzhi.srcs/sources_1/imports/hdl/top_dot_product_engine.sv:48]
INFO: [Synth 8-556] previous implicit net 'x_wr_addr' [/home/malik/andromeda_ila/AXI-Dot-Product-Accelerator/Vivado/puzhi/puzhi.srcs/sources_1/imports/hdl/top_dot_product_engine.sv:48]
WARNING: [Synth 8-689] width (1) of port connection 'addr' does not match port width (4) of module 'block_ram' [/home/malik/andromeda_ila/AXI-Dot-Product-Accelerator/Vivado/puzhi/puzhi.srcs/sources_1/imports/hdl/top_dot_product_engine.sv:48]
WARNING: [Synth 8-605] same-named implicit nets 'x_wr_addr' [/home/malik/andromeda_ila/AXI-Dot-Product-Accelerator/Vivado/puzhi/puzhi.srcs/sources_1/imports/hdl/top_dot_product_engine.sv:48]
INFO: [Synth 8-556] previous implicit net 'x_wr_addr' [/home/malik/andromeda_ila/AXI-Dot-Product-Accelerator/Vivado/puzhi/puzhi.srcs/sources_1/imports/hdl/top_dot_product_engine.sv:48]
WARNING: [Synth 8-689] width (1) of port connection 'addr' does not match port width (4) of module 'block_ram' [/home/malik/andromeda_ila/AXI-Dot-Product-Accelerator/Vivado/puzhi/puzhi.srcs/sources_1/imports/hdl/top_dot_product_engine.sv:48]
WARNING: [Synth 8-605] same-named implicit nets 'x_wr_addr' [/home/malik/andromeda_ila/AXI-Dot-Product-Accelerator/Vivado/puzhi/puzhi.srcs/sources_1/imports/hdl/top_dot_product_engine.sv:48]
INFO: [Synth 8-556] previous implicit net 'x_wr_addr' [/home/malik/andromeda_ila/AXI-Dot-Product-Accelerator/Vivado/puzhi/puzhi.srcs/sources_1/imports/hdl/top_dot_product_engine.sv:48]
WARNING: [Synth 8-689] width (1) of port connection 'addr' does not match port width (4) of module 'block_ram' [/home/malik/andromeda_ila/AXI-Dot-Product-Accelerator/Vivado/puzhi/puzhi.srcs/sources_1/imports/hdl/top_dot_product_engine.sv:48]
WARNING: [Synth 8-605] same-named implicit nets 'x_wr_addr' [/home/malik/andromeda_ila/AXI-Dot-Product-Accelerator/Vivado/puzhi/puzhi.srcs/sources_1/imports/hdl/top_dot_product_engine.sv:48]
INFO: [Synth 8-556] previous implicit net 'x_wr_addr' [/home/malik/andromeda_ila/AXI-Dot-Product-Accelerator/Vivado/puzhi/puzhi.srcs/sources_1/imports/hdl/top_dot_product_engine.sv:48]
WARNING: [Synth 8-689] width (1) of port connection 'addr' does not match port width (4) of module 'block_ram' [/home/malik/andromeda_ila/AXI-Dot-Product-Accelerator/Vivado/puzhi/puzhi.srcs/sources_1/imports/hdl/top_dot_product_engine.sv:48]
WARNING: [Synth 8-605] same-named implicit nets 'x_wr_addr' [/home/malik/andromeda_ila/AXI-Dot-Product-Accelerator/Vivado/puzhi/puzhi.srcs/sources_1/imports/hdl/top_dot_product_engine.sv:48]
INFO: [Synth 8-556] previous implicit net 'x_wr_addr' [/home/malik/andromeda_ila/AXI-Dot-Product-Accelerator/Vivado/puzhi/puzhi.srcs/sources_1/imports/hdl/top_dot_product_engine.sv:48]
WARNING: [Synth 8-689] width (1) of port connection 'addr' does not match port width (4) of module 'block_ram' [/home/malik/andromeda_ila/AXI-Dot-Product-Accelerator/Vivado/puzhi/puzhi.srcs/sources_1/imports/hdl/top_dot_product_engine.sv:48]
WARNING: [Synth 8-605] same-named implicit nets 'x_wr_addr' [/home/malik/andromeda_ila/AXI-Dot-Product-Accelerator/Vivado/puzhi/puzhi.srcs/sources_1/imports/hdl/top_dot_product_engine.sv:48]
INFO: [Synth 8-556] previous implicit net 'x_wr_addr' [/home/malik/andromeda_ila/AXI-Dot-Product-Accelerator/Vivado/puzhi/puzhi.srcs/sources_1/imports/hdl/top_dot_product_engine.sv:48]
WARNING: [Synth 8-689] width (1) of port connection 'addr' does not match port width (4) of module 'block_ram' [/home/malik/andromeda_ila/AXI-Dot-Product-Accelerator/Vivado/puzhi/puzhi.srcs/sources_1/imports/hdl/top_dot_product_engine.sv:48]
WARNING: [Synth 8-605] same-named implicit nets 'x_wr_addr' [/home/malik/andromeda_ila/AXI-Dot-Product-Accelerator/Vivado/puzhi/puzhi.srcs/sources_1/imports/hdl/top_dot_product_engine.sv:48]
INFO: [Synth 8-556] previous implicit net 'x_wr_addr' [/home/malik/andromeda_ila/AXI-Dot-Product-Accelerator/Vivado/puzhi/puzhi.srcs/sources_1/imports/hdl/top_dot_product_engine.sv:48]
WARNING: [Synth 8-689] width (1) of port connection 'addr' does not match port width (4) of module 'block_ram' [/home/malik/andromeda_ila/AXI-Dot-Product-Accelerator/Vivado/puzhi/puzhi.srcs/sources_1/imports/hdl/top_dot_product_engine.sv:48]
INFO: [Common 17-14] Message 'Synth 8-689' appears 100 times and further instances of the messages will be disabled. Use the Tcl command set_msg_config to change the current settings.
WARNING: [Synth 8-605] same-named implicit nets 'x_wr_addr' [/home/malik/andromeda_ila/AXI-Dot-Product-Accelerator/Vivado/puzhi/puzhi.srcs/sources_1/imports/hdl/top_dot_product_engine.sv:48]
INFO: [Common 17-14] Message 'Synth 8-605' appears 100 times and further instances of the messages will be disabled. Use the Tcl command set_msg_config to change the current settings.
INFO: [Synth 8-556] previous implicit net 'x_wr_addr' [/home/malik/andromeda_ila/AXI-Dot-Product-Accelerator/Vivado/puzhi/puzhi.srcs/sources_1/imports/hdl/top_dot_product_engine.sv:48]
INFO: [Common 17-14] Message 'Synth 8-556' appears 100 times and further instances of the messages will be disabled. Use the Tcl command set_msg_config to change the current settings.
INFO: [Synth 8-6157] synthesizing module 'dot_product_engine' [/home/malik/andromeda_ila/AXI-Dot-Product-Accelerator/Vivado/puzhi/puzhi.srcs/sources_1/imports/hdl/dot_product_engine.sv:3]
	Parameter DATA_WIDTH bound to: 32'sb00000000000000000000000000100000 
INFO: [Synth 8-6157] synthesizing module 'intN_to_fp32_wrapper' [/home/malik/andromeda_ila/AXI-Dot-Product-Accelerator/Vivado/puzhi/puzhi.srcs/sources_1/imports/hdl/intN_to_fp32_wrapper.sv:1]
INFO: [Synth 8-6157] synthesizing module 'floating_point_0' [/home/malik/andromeda_ila/AXI-Dot-Product-Accelerator/Vivado/puzhi/puzhi.runs/andromeda_axi_dpe_0_0_synth_1/.Xil/Vivado-97474-dust2/realtime/floating_point_0_stub.v:6]
INFO: [Synth 8-6155] done synthesizing module 'floating_point_0' (0#1) [/home/malik/andromeda_ila/AXI-Dot-Product-Accelerator/Vivado/puzhi/puzhi.runs/andromeda_axi_dpe_0_0_synth_1/.Xil/Vivado-97474-dust2/realtime/floating_point_0_stub.v:6]
INFO: [Synth 8-6157] synthesizing module 'floating_point_3' [/home/malik/andromeda_ila/AXI-Dot-Product-Accelerator/Vivado/puzhi/puzhi.runs/andromeda_axi_dpe_0_0_synth_1/.Xil/Vivado-97474-dust2/realtime/floating_point_3_stub.v:6]
INFO: [Synth 8-6155] done synthesizing module 'floating_point_3' (0#1) [/home/malik/andromeda_ila/AXI-Dot-Product-Accelerator/Vivado/puzhi/puzhi.runs/andromeda_axi_dpe_0_0_synth_1/.Xil/Vivado-97474-dust2/realtime/floating_point_3_stub.v:6]
INFO: [Synth 8-6155] done synthesizing module 'intN_to_fp32_wrapper' (0#1) [/home/malik/andromeda_ila/AXI-Dot-Product-Accelerator/Vivado/puzhi/puzhi.srcs/sources_1/imports/hdl/intN_to_fp32_wrapper.sv:1]
INFO: [Synth 8-6157] synthesizing module 'floating_point_1' [/home/malik/andromeda_ila/AXI-Dot-Product-Accelerator/Vivado/puzhi/puzhi.runs/andromeda_axi_dpe_0_0_synth_1/.Xil/Vivado-97474-dust2/realtime/floating_point_1_stub.v:6]
INFO: [Synth 8-6155] done synthesizing module 'floating_point_1' (0#1) [/home/malik/andromeda_ila/AXI-Dot-Product-Accelerator/Vivado/puzhi/puzhi.runs/andromeda_axi_dpe_0_0_synth_1/.Xil/Vivado-97474-dust2/realtime/floating_point_1_stub.v:6]
INFO: [Synth 8-6157] synthesizing module 'floating_point_2' [/home/malik/andromeda_ila/AXI-Dot-Product-Accelerator/Vivado/puzhi/puzhi.runs/andromeda_axi_dpe_0_0_synth_1/.Xil/Vivado-97474-dust2/realtime/floating_point_2_stub.v:6]
INFO: [Synth 8-6155] done synthesizing module 'floating_point_2' (0#1) [/home/malik/andromeda_ila/AXI-Dot-Product-Accelerator/Vivado/puzhi/puzhi.runs/andromeda_axi_dpe_0_0_synth_1/.Xil/Vivado-97474-dust2/realtime/floating_point_2_stub.v:6]
INFO: [Synth 8-6155] done synthesizing module 'dot_product_engine' (0#1) [/home/malik/andromeda_ila/AXI-Dot-Product-Accelerator/Vivado/puzhi/puzhi.srcs/sources_1/imports/hdl/dot_product_engine.sv:3]
INFO: [Synth 8-6155] done synthesizing module 'top_dot_product_engine' (0#1) [/home/malik/andromeda_ila/AXI-Dot-Product-Accelerator/Vivado/puzhi/puzhi.srcs/sources_1/imports/hdl/top_dot_product_engine.sv:2]
INFO: [Synth 8-155] case statement is not full and has no default [/home/malik/andromeda_ila/AXI-Dot-Product-Accelerator/Vivado/puzhi/puzhi.srcs/sources_1/imports/hdl/axi_dpe.v:391]
INFO: [Synth 8-155] case statement is not full and has no default [/home/malik/andromeda_ila/AXI-Dot-Product-Accelerator/Vivado/puzhi/puzhi.srcs/sources_1/imports/hdl/axi_dpe.v:478]
INFO: [Synth 8-155] case statement is not full and has no default [/home/malik/andromeda_ila/AXI-Dot-Product-Accelerator/Vivado/puzhi/puzhi.srcs/sources_1/imports/hdl/axi_dpe.v:808]
INFO: [Synth 8-155] case statement is not full and has no default [/home/malik/andromeda_ila/AXI-Dot-Product-Accelerator/Vivado/puzhi/puzhi.srcs/sources_1/imports/hdl/axi_dpe.v:875]
INFO: [Synth 8-155] case statement is not full and has no default [/home/malik/andromeda_ila/AXI-Dot-Product-Accelerator/Vivado/puzhi/puzhi.srcs/sources_1/imports/hdl/axi_dpe.v:1002]
INFO: [Synth 8-155] case statement is not full and has no default [/home/malik/andromeda_ila/AXI-Dot-Product-Accelerator/Vivado/puzhi/puzhi.srcs/sources_1/imports/hdl/axi_dpe.v:1074]
INFO: [Synth 8-6155] done synthesizing module 'axi_dpe' (0#1) [/home/malik/andromeda_ila/AXI-Dot-Product-Accelerator/Vivado/puzhi/puzhi.srcs/sources_1/imports/hdl/axi_dpe.v:1]
INFO: [Synth 8-6155] done synthesizing module 'andromeda_axi_dpe_0_0' (0#1) [/home/malik/andromeda_ila/AXI-Dot-Product-Accelerator/Vivado/puzhi/puzhi.gen/sources_1/bd/andromeda/ip/andromeda_axi_dpe_0_0/synth/andromeda_axi_dpe_0_0.v:53]
WARNING: [Synth 8-3848] Net GEN_X_BRAMS[0].x_wr_addr in module/entity top_dot_product_engine does not have driver. [/home/malik/andromeda_ila/AXI-Dot-Product-Accelerator/Vivado/puzhi/puzhi.srcs/sources_1/imports/hdl/top_dot_product_engine.sv:48]
WARNING: [Synth 8-3848] Net GEN_X_BRAMS[1].x_wr_addr in module/entity top_dot_product_engine does not have driver. [/home/malik/andromeda_ila/AXI-Dot-Product-Accelerator/Vivado/puzhi/puzhi.srcs/sources_1/imports/hdl/top_dot_product_engine.sv:48]
WARNING: [Synth 8-3848] Net GEN_X_BRAMS[2].x_wr_addr in module/entity top_dot_product_engine does not have driver. [/home/malik/andromeda_ila/AXI-Dot-Product-Accelerator/Vivado/puzhi/puzhi.srcs/sources_1/imports/hdl/top_dot_product_engine.sv:48]
WARNING: [Synth 8-3848] Net GEN_X_BRAMS[3].x_wr_addr in module/entity top_dot_product_engine does not have driver. [/home/malik/andromeda_ila/AXI-Dot-Product-Accelerator/Vivado/puzhi/puzhi.srcs/sources_1/imports/hdl/top_dot_product_engine.sv:48]
WARNING: [Synth 8-3848] Net GEN_X_BRAMS[4].x_wr_addr in module/entity top_dot_product_engine does not have driver. [/home/malik/andromeda_ila/AXI-Dot-Product-Accelerator/Vivado/puzhi/puzhi.srcs/sources_1/imports/hdl/top_dot_product_engine.sv:48]
WARNING: [Synth 8-3848] Net GEN_X_BRAMS[5].x_wr_addr in module/entity top_dot_product_engine does not have driver. [/home/malik/andromeda_ila/AXI-Dot-Product-Accelerator/Vivado/puzhi/puzhi.srcs/sources_1/imports/hdl/top_dot_product_engine.sv:48]
WARNING: [Synth 8-3848] Net GEN_X_BRAMS[6].x_wr_addr in module/entity top_dot_product_engine does not have driver. [/home/malik/andromeda_ila/AXI-Dot-Product-Accelerator/Vivado/puzhi/puzhi.srcs/sources_1/imports/hdl/top_dot_product_engine.sv:48]
WARNING: [Synth 8-3848] Net GEN_X_BRAMS[7].x_wr_addr in module/entity top_dot_product_engine does not have driver. [/home/malik/andromeda_ila/AXI-Dot-Product-Accelerator/Vivado/puzhi/puzhi.srcs/sources_1/imports/hdl/top_dot_product_engine.sv:48]
WARNING: [Synth 8-3848] Net GEN_X_BRAMS[8].x_wr_addr in module/entity top_dot_product_engine does not have driver. [/home/malik/andromeda_ila/AXI-Dot-Product-Accelerator/Vivado/puzhi/puzhi.srcs/sources_1/imports/hdl/top_dot_product_engine.sv:48]
WARNING: [Synth 8-3848] Net GEN_X_BRAMS[9].x_wr_addr in module/entity top_dot_product_engine does not have driver. [/home/malik/andromeda_ila/AXI-Dot-Product-Accelerator/Vivado/puzhi/puzhi.srcs/sources_1/imports/hdl/top_dot_product_engine.sv:48]
WARNING: [Synth 8-3848] Net GEN_X_BRAMS[10].x_wr_addr in module/entity top_dot_product_engine does not have driver. [/home/malik/andromeda_ila/AXI-Dot-Product-Accelerator/Vivado/puzhi/puzhi.srcs/sources_1/imports/hdl/top_dot_product_engine.sv:48]
WARNING: [Synth 8-3848] Net GEN_X_BRAMS[11].x_wr_addr in module/entity top_dot_product_engine does not have driver. [/home/malik/andromeda_ila/AXI-Dot-Product-Accelerator/Vivado/puzhi/puzhi.srcs/sources_1/imports/hdl/top_dot_product_engine.sv:48]
WARNING: [Synth 8-3848] Net GEN_X_BRAMS[12].x_wr_addr in module/entity top_dot_product_engine does not have driver. [/home/malik/andromeda_ila/AXI-Dot-Product-Accelerator/Vivado/puzhi/puzhi.srcs/sources_1/imports/hdl/top_dot_product_engine.sv:48]
WARNING: [Synth 8-3848] Net GEN_X_BRAMS[13].x_wr_addr in module/entity top_dot_product_engine does not have driver. [/home/malik/andromeda_ila/AXI-Dot-Product-Accelerator/Vivado/puzhi/puzhi.srcs/sources_1/imports/hdl/top_dot_product_engine.sv:48]
WARNING: [Synth 8-3848] Net GEN_X_BRAMS[14].x_wr_addr in module/entity top_dot_product_engine does not have driver. [/home/malik/andromeda_ila/AXI-Dot-Product-Accelerator/Vivado/puzhi/puzhi.srcs/sources_1/imports/hdl/top_dot_product_engine.sv:48]
WARNING: [Synth 8-3848] Net GEN_X_BRAMS[15].x_wr_addr in module/entity top_dot_product_engine does not have driver. [/home/malik/andromeda_ila/AXI-Dot-Product-Accelerator/Vivado/puzhi/puzhi.srcs/sources_1/imports/hdl/top_dot_product_engine.sv:48]
WARNING: [Synth 8-3848] Net GEN_X_BRAMS[16].x_wr_addr in module/entity top_dot_product_engine does not have driver. [/home/malik/andromeda_ila/AXI-Dot-Product-Accelerator/Vivado/puzhi/puzhi.srcs/sources_1/imports/hdl/top_dot_product_engine.sv:48]
WARNING: [Synth 8-3848] Net GEN_X_BRAMS[17].x_wr_addr in module/entity top_dot_product_engine does not have driver. [/home/malik/andromeda_ila/AXI-Dot-Product-Accelerator/Vivado/puzhi/puzhi.srcs/sources_1/imports/hdl/top_dot_product_engine.sv:48]
WARNING: [Synth 8-3848] Net GEN_X_BRAMS[18].x_wr_addr in module/entity top_dot_product_engine does not have driver. [/home/malik/andromeda_ila/AXI-Dot-Product-Accelerator/Vivado/puzhi/puzhi.srcs/sources_1/imports/hdl/top_dot_product_engine.sv:48]
WARNING: [Synth 8-3848] Net GEN_X_BRAMS[19].x_wr_addr in module/entity top_dot_product_engine does not have driver. [/home/malik/andromeda_ila/AXI-Dot-Product-Accelerator/Vivado/puzhi/puzhi.srcs/sources_1/imports/hdl/top_dot_product_engine.sv:48]
WARNING: [Synth 8-3848] Net GEN_X_BRAMS[20].x_wr_addr in module/entity top_dot_product_engine does not have driver. [/home/malik/andromeda_ila/AXI-Dot-Product-Accelerator/Vivado/puzhi/puzhi.srcs/sources_1/imports/hdl/top_dot_product_engine.sv:48]
WARNING: [Synth 8-3848] Net GEN_X_BRAMS[21].x_wr_addr in module/entity top_dot_product_engine does not have driver. [/home/malik/andromeda_ila/AXI-Dot-Product-Accelerator/Vivado/puzhi/puzhi.srcs/sources_1/imports/hdl/top_dot_product_engine.sv:48]
WARNING: [Synth 8-3848] Net GEN_X_BRAMS[22].x_wr_addr in module/entity top_dot_product_engine does not have driver. [/home/malik/andromeda_ila/AXI-Dot-Product-Accelerator/Vivado/puzhi/puzhi.srcs/sources_1/imports/hdl/top_dot_product_engine.sv:48]
WARNING: [Synth 8-3848] Net GEN_X_BRAMS[23].x_wr_addr in module/entity top_dot_product_engine does not have driver. [/home/malik/andromeda_ila/AXI-Dot-Product-Accelerator/Vivado/puzhi/puzhi.srcs/sources_1/imports/hdl/top_dot_product_engine.sv:48]
WARNING: [Synth 8-3848] Net GEN_X_BRAMS[24].x_wr_addr in module/entity top_dot_product_engine does not have driver. [/home/malik/andromeda_ila/AXI-Dot-Product-Accelerator/Vivado/puzhi/puzhi.srcs/sources_1/imports/hdl/top_dot_product_engine.sv:48]
WARNING: [Synth 8-3848] Net GEN_X_BRAMS[25].x_wr_addr in module/entity top_dot_product_engine does not have driver. [/home/malik/andromeda_ila/AXI-Dot-Product-Accelerator/Vivado/puzhi/puzhi.srcs/sources_1/imports/hdl/top_dot_product_engine.sv:48]
WARNING: [Synth 8-3848] Net GEN_X_BRAMS[26].x_wr_addr in module/entity top_dot_product_engine does not have driver. [/home/malik/andromeda_ila/AXI-Dot-Product-Accelerator/Vivado/puzhi/puzhi.srcs/sources_1/imports/hdl/top_dot_product_engine.sv:48]
WARNING: [Synth 8-3848] Net GEN_X_BRAMS[27].x_wr_addr in module/entity top_dot_product_engine does not have driver. [/home/malik/andromeda_ila/AXI-Dot-Product-Accelerator/Vivado/puzhi/puzhi.srcs/sources_1/imports/hdl/top_dot_product_engine.sv:48]
WARNING: [Synth 8-3848] Net GEN_X_BRAMS[28].x_wr_addr in module/entity top_dot_product_engine does not have driver. [/home/malik/andromeda_ila/AXI-Dot-Product-Accelerator/Vivado/puzhi/puzhi.srcs/sources_1/imports/hdl/top_dot_product_engine.sv:48]
WARNING: [Synth 8-3848] Net GEN_X_BRAMS[29].x_wr_addr in module/entity top_dot_product_engine does not have driver. [/home/malik/andromeda_ila/AXI-Dot-Product-Accelerator/Vivado/puzhi/puzhi.srcs/sources_1/imports/hdl/top_dot_product_engine.sv:48]
WARNING: [Synth 8-3848] Net GEN_X_BRAMS[30].x_wr_addr in module/entity top_dot_product_engine does not have driver. [/home/malik/andromeda_ila/AXI-Dot-Product-Accelerator/Vivado/puzhi/puzhi.srcs/sources_1/imports/hdl/top_dot_product_engine.sv:48]
WARNING: [Synth 8-3848] Net GEN_X_BRAMS[31].x_wr_addr in module/entity top_dot_product_engine does not have driver. [/home/malik/andromeda_ila/AXI-Dot-Product-Accelerator/Vivado/puzhi/puzhi.srcs/sources_1/imports/hdl/top_dot_product_engine.sv:48]
WARNING: [Synth 8-3848] Net GEN_X_BRAMS[32].x_wr_addr in module/entity top_dot_product_engine does not have driver. [/home/malik/andromeda_ila/AXI-Dot-Product-Accelerator/Vivado/puzhi/puzhi.srcs/sources_1/imports/hdl/top_dot_product_engine.sv:48]
WARNING: [Synth 8-3848] Net GEN_X_BRAMS[33].x_wr_addr in module/entity top_dot_product_engine does not have driver. [/home/malik/andromeda_ila/AXI-Dot-Product-Accelerator/Vivado/puzhi/puzhi.srcs/sources_1/imports/hdl/top_dot_product_engine.sv:48]
WARNING: [Synth 8-3848] Net GEN_X_BRAMS[34].x_wr_addr in module/entity top_dot_product_engine does not have driver. [/home/malik/andromeda_ila/AXI-Dot-Product-Accelerator/Vivado/puzhi/puzhi.srcs/sources_1/imports/hdl/top_dot_product_engine.sv:48]
WARNING: [Synth 8-3848] Net GEN_X_BRAMS[35].x_wr_addr in module/entity top_dot_product_engine does not have driver. [/home/malik/andromeda_ila/AXI-Dot-Product-Accelerator/Vivado/puzhi/puzhi.srcs/sources_1/imports/hdl/top_dot_product_engine.sv:48]
WARNING: [Synth 8-3848] Net GEN_X_BRAMS[36].x_wr_addr in module/entity top_dot_product_engine does not have driver. [/home/malik/andromeda_ila/AXI-Dot-Product-Accelerator/Vivado/puzhi/puzhi.srcs/sources_1/imports/hdl/top_dot_product_engine.sv:48]
WARNING: [Synth 8-3848] Net GEN_X_BRAMS[37].x_wr_addr in module/entity top_dot_product_engine does not have driver. [/home/malik/andromeda_ila/AXI-Dot-Product-Accelerator/Vivado/puzhi/puzhi.srcs/sources_1/imports/hdl/top_dot_product_engine.sv:48]
WARNING: [Synth 8-3848] Net GEN_X_BRAMS[38].x_wr_addr in module/entity top_dot_product_engine does not have driver. [/home/malik/andromeda_ila/AXI-Dot-Product-Accelerator/Vivado/puzhi/puzhi.srcs/sources_1/imports/hdl/top_dot_product_engine.sv:48]
WARNING: [Synth 8-3848] Net GEN_X_BRAMS[39].x_wr_addr in module/entity top_dot_product_engine does not have driver. [/home/malik/andromeda_ila/AXI-Dot-Product-Accelerator/Vivado/puzhi/puzhi.srcs/sources_1/imports/hdl/top_dot_product_engine.sv:48]
WARNING: [Synth 8-3848] Net GEN_X_BRAMS[40].x_wr_addr in module/entity top_dot_product_engine does not have driver. [/home/malik/andromeda_ila/AXI-Dot-Product-Accelerator/Vivado/puzhi/puzhi.srcs/sources_1/imports/hdl/top_dot_product_engine.sv:48]
WARNING: [Synth 8-3848] Net GEN_X_BRAMS[41].x_wr_addr in module/entity top_dot_product_engine does not have driver. [/home/malik/andromeda_ila/AXI-Dot-Product-Accelerator/Vivado/puzhi/puzhi.srcs/sources_1/imports/hdl/top_dot_product_engine.sv:48]
WARNING: [Synth 8-3848] Net GEN_X_BRAMS[42].x_wr_addr in module/entity top_dot_product_engine does not have driver. [/home/malik/andromeda_ila/AXI-Dot-Product-Accelerator/Vivado/puzhi/puzhi.srcs/sources_1/imports/hdl/top_dot_product_engine.sv:48]
WARNING: [Synth 8-3848] Net GEN_X_BRAMS[43].x_wr_addr in module/entity top_dot_product_engine does not have driver. [/home/malik/andromeda_ila/AXI-Dot-Product-Accelerator/Vivado/puzhi/puzhi.srcs/sources_1/imports/hdl/top_dot_product_engine.sv:48]
WARNING: [Synth 8-3848] Net GEN_X_BRAMS[44].x_wr_addr in module/entity top_dot_product_engine does not have driver. [/home/malik/andromeda_ila/AXI-Dot-Product-Accelerator/Vivado/puzhi/puzhi.srcs/sources_1/imports/hdl/top_dot_product_engine.sv:48]
WARNING: [Synth 8-3848] Net GEN_X_BRAMS[45].x_wr_addr in module/entity top_dot_product_engine does not have driver. [/home/malik/andromeda_ila/AXI-Dot-Product-Accelerator/Vivado/puzhi/puzhi.srcs/sources_1/imports/hdl/top_dot_product_engine.sv:48]
WARNING: [Synth 8-3848] Net GEN_X_BRAMS[46].x_wr_addr in module/entity top_dot_product_engine does not have driver. [/home/malik/andromeda_ila/AXI-Dot-Product-Accelerator/Vivado/puzhi/puzhi.srcs/sources_1/imports/hdl/top_dot_product_engine.sv:48]
WARNING: [Synth 8-3848] Net GEN_X_BRAMS[47].x_wr_addr in module/entity top_dot_product_engine does not have driver. [/home/malik/andromeda_ila/AXI-Dot-Product-Accelerator/Vivado/puzhi/puzhi.srcs/sources_1/imports/hdl/top_dot_product_engine.sv:48]
WARNING: [Synth 8-3848] Net GEN_X_BRAMS[48].x_wr_addr in module/entity top_dot_product_engine does not have driver. [/home/malik/andromeda_ila/AXI-Dot-Product-Accelerator/Vivado/puzhi/puzhi.srcs/sources_1/imports/hdl/top_dot_product_engine.sv:48]
WARNING: [Synth 8-3848] Net GEN_X_BRAMS[49].x_wr_addr in module/entity top_dot_product_engine does not have driver. [/home/malik/andromeda_ila/AXI-Dot-Product-Accelerator/Vivado/puzhi/puzhi.srcs/sources_1/imports/hdl/top_dot_product_engine.sv:48]
WARNING: [Synth 8-3848] Net GEN_X_BRAMS[50].x_wr_addr in module/entity top_dot_product_engine does not have driver. [/home/malik/andromeda_ila/AXI-Dot-Product-Accelerator/Vivado/puzhi/puzhi.srcs/sources_1/imports/hdl/top_dot_product_engine.sv:48]
WARNING: [Synth 8-3848] Net GEN_X_BRAMS[51].x_wr_addr in module/entity top_dot_product_engine does not have driver. [/home/malik/andromeda_ila/AXI-Dot-Product-Accelerator/Vivado/puzhi/puzhi.srcs/sources_1/imports/hdl/top_dot_product_engine.sv:48]
WARNING: [Synth 8-3848] Net GEN_X_BRAMS[52].x_wr_addr in module/entity top_dot_product_engine does not have driver. [/home/malik/andromeda_ila/AXI-Dot-Product-Accelerator/Vivado/puzhi/puzhi.srcs/sources_1/imports/hdl/top_dot_product_engine.sv:48]
WARNING: [Synth 8-3848] Net GEN_X_BRAMS[53].x_wr_addr in module/entity top_dot_product_engine does not have driver. [/home/malik/andromeda_ila/AXI-Dot-Product-Accelerator/Vivado/puzhi/puzhi.srcs/sources_1/imports/hdl/top_dot_product_engine.sv:48]
WARNING: [Synth 8-3848] Net GEN_X_BRAMS[54].x_wr_addr in module/entity top_dot_product_engine does not have driver. [/home/malik/andromeda_ila/AXI-Dot-Product-Accelerator/Vivado/puzhi/puzhi.srcs/sources_1/imports/hdl/top_dot_product_engine.sv:48]
WARNING: [Synth 8-3848] Net GEN_X_BRAMS[55].x_wr_addr in module/entity top_dot_product_engine does not have driver. [/home/malik/andromeda_ila/AXI-Dot-Product-Accelerator/Vivado/puzhi/puzhi.srcs/sources_1/imports/hdl/top_dot_product_engine.sv:48]
WARNING: [Synth 8-3848] Net GEN_X_BRAMS[56].x_wr_addr in module/entity top_dot_product_engine does not have driver. [/home/malik/andromeda_ila/AXI-Dot-Product-Accelerator/Vivado/puzhi/puzhi.srcs/sources_1/imports/hdl/top_dot_product_engine.sv:48]
WARNING: [Synth 8-3848] Net GEN_X_BRAMS[57].x_wr_addr in module/entity top_dot_product_engine does not have driver. [/home/malik/andromeda_ila/AXI-Dot-Product-Accelerator/Vivado/puzhi/puzhi.srcs/sources_1/imports/hdl/top_dot_product_engine.sv:48]
WARNING: [Synth 8-3848] Net GEN_X_BRAMS[58].x_wr_addr in module/entity top_dot_product_engine does not have driver. [/home/malik/andromeda_ila/AXI-Dot-Product-Accelerator/Vivado/puzhi/puzhi.srcs/sources_1/imports/hdl/top_dot_product_engine.sv:48]
WARNING: [Synth 8-3848] Net GEN_X_BRAMS[59].x_wr_addr in module/entity top_dot_product_engine does not have driver. [/home/malik/andromeda_ila/AXI-Dot-Product-Accelerator/Vivado/puzhi/puzhi.srcs/sources_1/imports/hdl/top_dot_product_engine.sv:48]
WARNING: [Synth 8-3848] Net GEN_X_BRAMS[60].x_wr_addr in module/entity top_dot_product_engine does not have driver. [/home/malik/andromeda_ila/AXI-Dot-Product-Accelerator/Vivado/puzhi/puzhi.srcs/sources_1/imports/hdl/top_dot_product_engine.sv:48]
WARNING: [Synth 8-3848] Net GEN_X_BRAMS[61].x_wr_addr in module/entity top_dot_product_engine does not have driver. [/home/malik/andromeda_ila/AXI-Dot-Product-Accelerator/Vivado/puzhi/puzhi.srcs/sources_1/imports/hdl/top_dot_product_engine.sv:48]
WARNING: [Synth 8-3848] Net GEN_X_BRAMS[62].x_wr_addr in module/entity top_dot_product_engine does not have driver. [/home/malik/andromeda_ila/AXI-Dot-Product-Accelerator/Vivado/puzhi/puzhi.srcs/sources_1/imports/hdl/top_dot_product_engine.sv:48]
WARNING: [Synth 8-3848] Net GEN_X_BRAMS[63].x_wr_addr in module/entity top_dot_product_engine does not have driver. [/home/malik/andromeda_ila/AXI-Dot-Product-Accelerator/Vivado/puzhi/puzhi.srcs/sources_1/imports/hdl/top_dot_product_engine.sv:48]
WARNING: [Synth 8-3848] Net GEN_X_BRAMS[64].x_wr_addr in module/entity top_dot_product_engine does not have driver. [/home/malik/andromeda_ila/AXI-Dot-Product-Accelerator/Vivado/puzhi/puzhi.srcs/sources_1/imports/hdl/top_dot_product_engine.sv:48]
WARNING: [Synth 8-3848] Net GEN_X_BRAMS[65].x_wr_addr in module/entity top_dot_product_engine does not have driver. [/home/malik/andromeda_ila/AXI-Dot-Product-Accelerator/Vivado/puzhi/puzhi.srcs/sources_1/imports/hdl/top_dot_product_engine.sv:48]
WARNING: [Synth 8-3848] Net GEN_X_BRAMS[66].x_wr_addr in module/entity top_dot_product_engine does not have driver. [/home/malik/andromeda_ila/AXI-Dot-Product-Accelerator/Vivado/puzhi/puzhi.srcs/sources_1/imports/hdl/top_dot_product_engine.sv:48]
WARNING: [Synth 8-3848] Net GEN_X_BRAMS[67].x_wr_addr in module/entity top_dot_product_engine does not have driver. [/home/malik/andromeda_ila/AXI-Dot-Product-Accelerator/Vivado/puzhi/puzhi.srcs/sources_1/imports/hdl/top_dot_product_engine.sv:48]
WARNING: [Synth 8-3848] Net GEN_X_BRAMS[68].x_wr_addr in module/entity top_dot_product_engine does not have driver. [/home/malik/andromeda_ila/AXI-Dot-Product-Accelerator/Vivado/puzhi/puzhi.srcs/sources_1/imports/hdl/top_dot_product_engine.sv:48]
WARNING: [Synth 8-3848] Net GEN_X_BRAMS[69].x_wr_addr in module/entity top_dot_product_engine does not have driver. [/home/malik/andromeda_ila/AXI-Dot-Product-Accelerator/Vivado/puzhi/puzhi.srcs/sources_1/imports/hdl/top_dot_product_engine.sv:48]
WARNING: [Synth 8-3848] Net GEN_X_BRAMS[70].x_wr_addr in module/entity top_dot_product_engine does not have driver. [/home/malik/andromeda_ila/AXI-Dot-Product-Accelerator/Vivado/puzhi/puzhi.srcs/sources_1/imports/hdl/top_dot_product_engine.sv:48]
WARNING: [Synth 8-3848] Net GEN_X_BRAMS[71].x_wr_addr in module/entity top_dot_product_engine does not have driver. [/home/malik/andromeda_ila/AXI-Dot-Product-Accelerator/Vivado/puzhi/puzhi.srcs/sources_1/imports/hdl/top_dot_product_engine.sv:48]
WARNING: [Synth 8-3848] Net GEN_X_BRAMS[72].x_wr_addr in module/entity top_dot_product_engine does not have driver. [/home/malik/andromeda_ila/AXI-Dot-Product-Accelerator/Vivado/puzhi/puzhi.srcs/sources_1/imports/hdl/top_dot_product_engine.sv:48]
WARNING: [Synth 8-3848] Net GEN_X_BRAMS[73].x_wr_addr in module/entity top_dot_product_engine does not have driver. [/home/malik/andromeda_ila/AXI-Dot-Product-Accelerator/Vivado/puzhi/puzhi.srcs/sources_1/imports/hdl/top_dot_product_engine.sv:48]
WARNING: [Synth 8-3848] Net GEN_X_BRAMS[74].x_wr_addr in module/entity top_dot_product_engine does not have driver. [/home/malik/andromeda_ila/AXI-Dot-Product-Accelerator/Vivado/puzhi/puzhi.srcs/sources_1/imports/hdl/top_dot_product_engine.sv:48]
WARNING: [Synth 8-3848] Net GEN_X_BRAMS[75].x_wr_addr in module/entity top_dot_product_engine does not have driver. [/home/malik/andromeda_ila/AXI-Dot-Product-Accelerator/Vivado/puzhi/puzhi.srcs/sources_1/imports/hdl/top_dot_product_engine.sv:48]
WARNING: [Synth 8-3848] Net GEN_X_BRAMS[76].x_wr_addr in module/entity top_dot_product_engine does not have driver. [/home/malik/andromeda_ila/AXI-Dot-Product-Accelerator/Vivado/puzhi/puzhi.srcs/sources_1/imports/hdl/top_dot_product_engine.sv:48]
WARNING: [Synth 8-3848] Net GEN_X_BRAMS[77].x_wr_addr in module/entity top_dot_product_engine does not have driver. [/home/malik/andromeda_ila/AXI-Dot-Product-Accelerator/Vivado/puzhi/puzhi.srcs/sources_1/imports/hdl/top_dot_product_engine.sv:48]
WARNING: [Synth 8-3848] Net GEN_X_BRAMS[78].x_wr_addr in module/entity top_dot_product_engine does not have driver. [/home/malik/andromeda_ila/AXI-Dot-Product-Accelerator/Vivado/puzhi/puzhi.srcs/sources_1/imports/hdl/top_dot_product_engine.sv:48]
WARNING: [Synth 8-3848] Net GEN_X_BRAMS[79].x_wr_addr in module/entity top_dot_product_engine does not have driver. [/home/malik/andromeda_ila/AXI-Dot-Product-Accelerator/Vivado/puzhi/puzhi.srcs/sources_1/imports/hdl/top_dot_product_engine.sv:48]
WARNING: [Synth 8-3848] Net GEN_X_BRAMS[80].x_wr_addr in module/entity top_dot_product_engine does not have driver. [/home/malik/andromeda_ila/AXI-Dot-Product-Accelerator/Vivado/puzhi/puzhi.srcs/sources_1/imports/hdl/top_dot_product_engine.sv:48]
WARNING: [Synth 8-3848] Net GEN_X_BRAMS[81].x_wr_addr in module/entity top_dot_product_engine does not have driver. [/home/malik/andromeda_ila/AXI-Dot-Product-Accelerator/Vivado/puzhi/puzhi.srcs/sources_1/imports/hdl/top_dot_product_engine.sv:48]
WARNING: [Synth 8-3848] Net GEN_X_BRAMS[82].x_wr_addr in module/entity top_dot_product_engine does not have driver. [/home/malik/andromeda_ila/AXI-Dot-Product-Accelerator/Vivado/puzhi/puzhi.srcs/sources_1/imports/hdl/top_dot_product_engine.sv:48]
WARNING: [Synth 8-3848] Net GEN_X_BRAMS[83].x_wr_addr in module/entity top_dot_product_engine does not have driver. [/home/malik/andromeda_ila/AXI-Dot-Product-Accelerator/Vivado/puzhi/puzhi.srcs/sources_1/imports/hdl/top_dot_product_engine.sv:48]
WARNING: [Synth 8-3848] Net GEN_X_BRAMS[84].x_wr_addr in module/entity top_dot_product_engine does not have driver. [/home/malik/andromeda_ila/AXI-Dot-Product-Accelerator/Vivado/puzhi/puzhi.srcs/sources_1/imports/hdl/top_dot_product_engine.sv:48]
WARNING: [Synth 8-3848] Net GEN_X_BRAMS[85].x_wr_addr in module/entity top_dot_product_engine does not have driver. [/home/malik/andromeda_ila/AXI-Dot-Product-Accelerator/Vivado/puzhi/puzhi.srcs/sources_1/imports/hdl/top_dot_product_engine.sv:48]
WARNING: [Synth 8-3848] Net GEN_X_BRAMS[86].x_wr_addr in module/entity top_dot_product_engine does not have driver. [/home/malik/andromeda_ila/AXI-Dot-Product-Accelerator/Vivado/puzhi/puzhi.srcs/sources_1/imports/hdl/top_dot_product_engine.sv:48]
WARNING: [Synth 8-3848] Net GEN_X_BRAMS[87].x_wr_addr in module/entity top_dot_product_engine does not have driver. [/home/malik/andromeda_ila/AXI-Dot-Product-Accelerator/Vivado/puzhi/puzhi.srcs/sources_1/imports/hdl/top_dot_product_engine.sv:48]
WARNING: [Synth 8-3848] Net GEN_X_BRAMS[88].x_wr_addr in module/entity top_dot_product_engine does not have driver. [/home/malik/andromeda_ila/AXI-Dot-Product-Accelerator/Vivado/puzhi/puzhi.srcs/sources_1/imports/hdl/top_dot_product_engine.sv:48]
WARNING: [Synth 8-3848] Net GEN_X_BRAMS[89].x_wr_addr in module/entity top_dot_product_engine does not have driver. [/home/malik/andromeda_ila/AXI-Dot-Product-Accelerator/Vivado/puzhi/puzhi.srcs/sources_1/imports/hdl/top_dot_product_engine.sv:48]
WARNING: [Synth 8-3848] Net GEN_X_BRAMS[90].x_wr_addr in module/entity top_dot_product_engine does not have driver. [/home/malik/andromeda_ila/AXI-Dot-Product-Accelerator/Vivado/puzhi/puzhi.srcs/sources_1/imports/hdl/top_dot_product_engine.sv:48]
WARNING: [Synth 8-3848] Net GEN_X_BRAMS[91].x_wr_addr in module/entity top_dot_product_engine does not have driver. [/home/malik/andromeda_ila/AXI-Dot-Product-Accelerator/Vivado/puzhi/puzhi.srcs/sources_1/imports/hdl/top_dot_product_engine.sv:48]
WARNING: [Synth 8-3848] Net GEN_X_BRAMS[92].x_wr_addr in module/entity top_dot_product_engine does not have driver. [/home/malik/andromeda_ila/AXI-Dot-Product-Accelerator/Vivado/puzhi/puzhi.srcs/sources_1/imports/hdl/top_dot_product_engine.sv:48]
WARNING: [Synth 8-3848] Net GEN_X_BRAMS[93].x_wr_addr in module/entity top_dot_product_engine does not have driver. [/home/malik/andromeda_ila/AXI-Dot-Product-Accelerator/Vivado/puzhi/puzhi.srcs/sources_1/imports/hdl/top_dot_product_engine.sv:48]
WARNING: [Synth 8-3848] Net GEN_X_BRAMS[94].x_wr_addr in module/entity top_dot_product_engine does not have driver. [/home/malik/andromeda_ila/AXI-Dot-Product-Accelerator/Vivado/puzhi/puzhi.srcs/sources_1/imports/hdl/top_dot_product_engine.sv:48]
WARNING: [Synth 8-3848] Net GEN_X_BRAMS[95].x_wr_addr in module/entity top_dot_product_engine does not have driver. [/home/malik/andromeda_ila/AXI-Dot-Product-Accelerator/Vivado/puzhi/puzhi.srcs/sources_1/imports/hdl/top_dot_product_engine.sv:48]
WARNING: [Synth 8-3848] Net GEN_X_BRAMS[96].x_wr_addr in module/entity top_dot_product_engine does not have driver. [/home/malik/andromeda_ila/AXI-Dot-Product-Accelerator/Vivado/puzhi/puzhi.srcs/sources_1/imports/hdl/top_dot_product_engine.sv:48]
WARNING: [Synth 8-3848] Net GEN_X_BRAMS[97].x_wr_addr in module/entity top_dot_product_engine does not have driver. [/home/malik/andromeda_ila/AXI-Dot-Product-Accelerator/Vivado/puzhi/puzhi.srcs/sources_1/imports/hdl/top_dot_product_engine.sv:48]
WARNING: [Synth 8-3848] Net GEN_X_BRAMS[98].x_wr_addr in module/entity top_dot_product_engine does not have driver. [/home/malik/andromeda_ila/AXI-Dot-Product-Accelerator/Vivado/puzhi/puzhi.srcs/sources_1/imports/hdl/top_dot_product_engine.sv:48]
WARNING: [Synth 8-3848] Net GEN_X_BRAMS[99].x_wr_addr in module/entity top_dot_product_engine does not have driver. [/home/malik/andromeda_ila/AXI-Dot-Product-Accelerator/Vivado/puzhi/puzhi.srcs/sources_1/imports/hdl/top_dot_product_engine.sv:48]
INFO: [Common 17-14] Message 'Synth 8-3848' appears 100 times and further instances of the messages will be disabled. Use the Tcl command set_msg_config to change the current settings.
INFO: [Synth 8-6071] Mark debug on the nets applies keep_hierarchy on instance 'bram_sdp_x_vector'. This will prevent further optimization [/home/malik/andromeda_ila/AXI-Dot-Product-Accelerator/Vivado/puzhi/puzhi.srcs/sources_1/imports/hdl/axi_dpe.v:289]
INFO: [Synth 8-6071] Mark debug on the nets applies keep_hierarchy on instance 'inst'. This will prevent further optimization [/home/malik/andromeda_ila/AXI-Dot-Product-Accelerator/Vivado/puzhi/puzhi.gen/sources_1/bd/andromeda/ip/andromeda_axi_dpe_0_0/synth/andromeda_axi_dpe_0_0.v:322]
WARNING: [Synth 8-6014] Unused sequential element bram_re_reg was removed.  [/home/malik/andromeda_ila/AXI-Dot-Product-Accelerator/Vivado/puzhi/puzhi.srcs/sources_1/imports/hdl/axi_dpe.v:474]
WARNING: [Synth 8-6014] Unused sequential element burst_count_reg was removed.  [/home/malik/andromeda_ila/AXI-Dot-Product-Accelerator/Vivado/puzhi/puzhi.srcs/sources_1/imports/hdl/axi_dpe.v:861]
WARNING: [Synth 8-6014] Unused sequential element beats_reg_reg was removed.  [/home/malik/andromeda_ila/AXI-Dot-Product-Accelerator/Vivado/puzhi/puzhi.srcs/sources_1/imports/hdl/axi_dpe.v:906]
WARNING: [Synth 8-6014] Unused sequential element write_beats_reg was removed.  [/home/malik/andromeda_ila/AXI-Dot-Product-Accelerator/Vivado/puzhi/puzhi.srcs/sources_1/imports/hdl/axi_dpe.v:1071]
WARNING: [Synth 8-7129] Port rst in module top_dot_product_engine is either unconnected or has no load
WARNING: [Synth 8-7129] Port s_axi_awprot[2] in module axi_dpe is either unconnected or has no load
WARNING: [Synth 8-7129] Port s_axi_awprot[1] in module axi_dpe is either unconnected or has no load
WARNING: [Synth 8-7129] Port s_axi_awprot[0] in module axi_dpe is either unconnected or has no load
WARNING: [Synth 8-7129] Port s_axi_wstrb[3] in module axi_dpe is either unconnected or has no load
WARNING: [Synth 8-7129] Port s_axi_wstrb[2] in module axi_dpe is either unconnected or has no load
WARNING: [Synth 8-7129] Port s_axi_wstrb[1] in module axi_dpe is either unconnected or has no load
WARNING: [Synth 8-7129] Port s_axi_wstrb[0] in module axi_dpe is either unconnected or has no load
WARNING: [Synth 8-7129] Port s_axi_arprot[2] in module axi_dpe is either unconnected or has no load
WARNING: [Synth 8-7129] Port s_axi_arprot[1] in module axi_dpe is either unconnected or has no load
WARNING: [Synth 8-7129] Port s_axi_arprot[0] in module axi_dpe is either unconnected or has no load
WARNING: [Synth 8-7129] Port m_axi_rresp[1] in module axi_dpe is either unconnected or has no load
WARNING: [Synth 8-7129] Port m_axi_rresp[0] in module axi_dpe is either unconnected or has no load
WARNING: [Synth 8-7129] Port m_axi_bresp[1] in module axi_dpe is either unconnected or has no load
WARNING: [Synth 8-7129] Port m_axi_bresp[0] in module axi_dpe is either unconnected or has no load
---------------------------------------------------------------------------------
Finished RTL Elaboration : Time (s): cpu = 00:00:03 ; elapsed = 00:00:04 . Memory (MB): peak = 2875.883 ; gain = 287.031 ; free physical = 46344 ; free virtual = 57752
---------------------------------------------------------------------------------
---------------------------------------------------------------------------------
Start Handling Custom Attributes
---------------------------------------------------------------------------------
---------------------------------------------------------------------------------
Finished Handling Custom Attributes : Time (s): cpu = 00:00:03 ; elapsed = 00:00:04 . Memory (MB): peak = 2875.883 ; gain = 287.031 ; free physical = 46253 ; free virtual = 57662
---------------------------------------------------------------------------------
---------------------------------------------------------------------------------
Finished RTL Optimization Phase 1 : Time (s): cpu = 00:00:03 ; elapsed = 00:00:04 . Memory (MB): peak = 2875.883 ; gain = 287.031 ; free physical = 46253 ; free virtual = 57662
---------------------------------------------------------------------------------
Netlist sorting complete. Time (s): cpu = 00:00:00.13 ; elapsed = 00:00:00.13 . Memory (MB): peak = 2875.883 ; gain = 0.000 ; free physical = 46007 ; free virtual = 57416
INFO: [Project 1-570] Preparing netlist for logic optimization

Processing XDC Constraints
Initializing timing engine
Parsing XDC File [/home/malik/andromeda_ila/AXI-Dot-Product-Accelerator/Vivado/puzhi/puzhi.gen/sources_1/ip/floating_point_2/floating_point_2/floating_point_2_in_context.xdc] for cell 'inst/dot_product_inst/dpe_inst/genblk4[0].add1'
Finished Parsing XDC File [/home/malik/andromeda_ila/AXI-Dot-Product-Accelerator/Vivado/puzhi/puzhi.gen/sources_1/ip/floating_point_2/floating_point_2/floating_point_2_in_context.xdc] for cell 'inst/dot_product_inst/dpe_inst/genblk4[0].add1'
Parsing XDC File [/home/malik/andromeda_ila/AXI-Dot-Product-Accelerator/Vivado/puzhi/puzhi.gen/sources_1/ip/floating_point_2/floating_point_2/floating_point_2_in_context.xdc] for cell 'inst/dot_product_inst/dpe_inst/genblk4[1].add1'
Finished Parsing XDC File [/home/malik/andromeda_ila/AXI-Dot-Product-Accelerator/Vivado/puzhi/puzhi.gen/sources_1/ip/floating_point_2/floating_point_2/floating_point_2_in_context.xdc] for cell 'inst/dot_product_inst/dpe_inst/genblk4[1].add1'
Parsing XDC File [/home/malik/andromeda_ila/AXI-Dot-Product-Accelerator/Vivado/puzhi/puzhi.gen/sources_1/ip/floating_point_2/floating_point_2/floating_point_2_in_context.xdc] for cell 'inst/dot_product_inst/dpe_inst/genblk4[2].add1'
Finished Parsing XDC File [/home/malik/andromeda_ila/AXI-Dot-Product-Accelerator/Vivado/puzhi/puzhi.gen/sources_1/ip/floating_point_2/floating_point_2/floating_point_2_in_context.xdc] for cell 'inst/dot_product_inst/dpe_inst/genblk4[2].add1'
Parsing XDC File [/home/malik/andromeda_ila/AXI-Dot-Product-Accelerator/Vivado/puzhi/puzhi.gen/sources_1/ip/floating_point_2/floating_point_2/floating_point_2_in_context.xdc] for cell 'inst/dot_product_inst/dpe_inst/genblk4[3].add1'
Finished Parsing XDC File [/home/malik/andromeda_ila/AXI-Dot-Product-Accelerator/Vivado/puzhi/puzhi.gen/sources_1/ip/floating_point_2/floating_point_2/floating_point_2_in_context.xdc] for cell 'inst/dot_product_inst/dpe_inst/genblk4[3].add1'
Parsing XDC File [/home/malik/andromeda_ila/AXI-Dot-Product-Accelerator/Vivado/puzhi/puzhi.gen/sources_1/ip/floating_point_2/floating_point_2/floating_point_2_in_context.xdc] for cell 'inst/dot_product_inst/dpe_inst/genblk4[4].add1'
Finished Parsing XDC File [/home/malik/andromeda_ila/AXI-Dot-Product-Accelerator/Vivado/puzhi/puzhi.gen/sources_1/ip/floating_point_2/floating_point_2/floating_point_2_in_context.xdc] for cell 'inst/dot_product_inst/dpe_inst/genblk4[4].add1'
Parsing XDC File [/home/malik/andromeda_ila/AXI-Dot-Product-Accelerator/Vivado/puzhi/puzhi.gen/sources_1/ip/floating_point_2/floating_point_2/floating_point_2_in_context.xdc] for cell 'inst/dot_product_inst/dpe_inst/genblk4[5].add1'
Finished Parsing XDC File [/home/malik/andromeda_ila/AXI-Dot-Product-Accelerator/Vivado/puzhi/puzhi.gen/sources_1/ip/floating_point_2/floating_point_2/floating_point_2_in_context.xdc] for cell 'inst/dot_product_inst/dpe_inst/genblk4[5].add1'
Parsing XDC File [/home/malik/andromeda_ila/AXI-Dot-Product-Accelerator/Vivado/puzhi/puzhi.gen/sources_1/ip/floating_point_2/floating_point_2/floating_point_2_in_context.xdc] for cell 'inst/dot_product_inst/dpe_inst/genblk4[6].add1'
Finished Parsing XDC File [/home/malik/andromeda_ila/AXI-Dot-Product-Accelerator/Vivado/puzhi/puzhi.gen/sources_1/ip/floating_point_2/floating_point_2/floating_point_2_in_context.xdc] for cell 'inst/dot_product_inst/dpe_inst/genblk4[6].add1'
Parsing XDC File [/home/malik/andromeda_ila/AXI-Dot-Product-Accelerator/Vivado/puzhi/puzhi.gen/sources_1/ip/floating_point_2/floating_point_2/floating_point_2_in_context.xdc] for cell 'inst/dot_product_inst/dpe_inst/genblk4[7].add1'
Finished Parsing XDC File [/home/malik/andromeda_ila/AXI-Dot-Product-Accelerator/Vivado/puzhi/puzhi.gen/sources_1/ip/floating_point_2/floating_point_2/floating_point_2_in_context.xdc] for cell 'inst/dot_product_inst/dpe_inst/genblk4[7].add1'
Parsing XDC File [/home/malik/andromeda_ila/AXI-Dot-Product-Accelerator/Vivado/puzhi/puzhi.gen/sources_1/ip/floating_point_2/floating_point_2/floating_point_2_in_context.xdc] for cell 'inst/dot_product_inst/dpe_inst/genblk4[8].add1'
Finished Parsing XDC File [/home/malik/andromeda_ila/AXI-Dot-Product-Accelerator/Vivado/puzhi/puzhi.gen/sources_1/ip/floating_point_2/floating_point_2/floating_point_2_in_context.xdc] for cell 'inst/dot_product_inst/dpe_inst/genblk4[8].add1'
Parsing XDC File [/home/malik/andromeda_ila/AXI-Dot-Product-Accelerator/Vivado/puzhi/puzhi.gen/sources_1/ip/floating_point_2/floating_point_2/floating_point_2_in_context.xdc] for cell 'inst/dot_product_inst/dpe_inst/genblk4[9].add1'
Finished Parsing XDC File [/home/malik/andromeda_ila/AXI-Dot-Product-Accelerator/Vivado/puzhi/puzhi.gen/sources_1/ip/floating_point_2/floating_point_2/floating_point_2_in_context.xdc] for cell 'inst/dot_product_inst/dpe_inst/genblk4[9].add1'
Parsing XDC File [/home/malik/andromeda_ila/AXI-Dot-Product-Accelerator/Vivado/puzhi/puzhi.gen/sources_1/ip/floating_point_2/floating_point_2/floating_point_2_in_context.xdc] for cell 'inst/dot_product_inst/dpe_inst/genblk4[10].add1'
Finished Parsing XDC File [/home/malik/andromeda_ila/AXI-Dot-Product-Accelerator/Vivado/puzhi/puzhi.gen/sources_1/ip/floating_point_2/floating_point_2/floating_point_2_in_context.xdc] for cell 'inst/dot_product_inst/dpe_inst/genblk4[10].add1'
Parsing XDC File [/home/malik/andromeda_ila/AXI-Dot-Product-Accelerator/Vivado/puzhi/puzhi.gen/sources_1/ip/floating_point_2/floating_point_2/floating_point_2_in_context.xdc] for cell 'inst/dot_product_inst/dpe_inst/genblk4[11].add1'
Finished Parsing XDC File [/home/malik/andromeda_ila/AXI-Dot-Product-Accelerator/Vivado/puzhi/puzhi.gen/sources_1/ip/floating_point_2/floating_point_2/floating_point_2_in_context.xdc] for cell 'inst/dot_product_inst/dpe_inst/genblk4[11].add1'
Parsing XDC File [/home/malik/andromeda_ila/AXI-Dot-Product-Accelerator/Vivado/puzhi/puzhi.gen/sources_1/ip/floating_point_2/floating_point_2/floating_point_2_in_context.xdc] for cell 'inst/dot_product_inst/dpe_inst/genblk4[12].add1'
Finished Parsing XDC File [/home/malik/andromeda_ila/AXI-Dot-Product-Accelerator/Vivado/puzhi/puzhi.gen/sources_1/ip/floating_point_2/floating_point_2/floating_point_2_in_context.xdc] for cell 'inst/dot_product_inst/dpe_inst/genblk4[12].add1'
Parsing XDC File [/home/malik/andromeda_ila/AXI-Dot-Product-Accelerator/Vivado/puzhi/puzhi.gen/sources_1/ip/floating_point_2/floating_point_2/floating_point_2_in_context.xdc] for cell 'inst/dot_product_inst/dpe_inst/genblk4[13].add1'
Finished Parsing XDC File [/home/malik/andromeda_ila/AXI-Dot-Product-Accelerator/Vivado/puzhi/puzhi.gen/sources_1/ip/floating_point_2/floating_point_2/floating_point_2_in_context.xdc] for cell 'inst/dot_product_inst/dpe_inst/genblk4[13].add1'
Parsing XDC File [/home/malik/andromeda_ila/AXI-Dot-Product-Accelerator/Vivado/puzhi/puzhi.gen/sources_1/ip/floating_point_2/floating_point_2/floating_point_2_in_context.xdc] for cell 'inst/dot_product_inst/dpe_inst/genblk4[14].add1'
Finished Parsing XDC File [/home/malik/andromeda_ila/AXI-Dot-Product-Accelerator/Vivado/puzhi/puzhi.gen/sources_1/ip/floating_point_2/floating_point_2/floating_point_2_in_context.xdc] for cell 'inst/dot_product_inst/dpe_inst/genblk4[14].add1'
Parsing XDC File [/home/malik/andromeda_ila/AXI-Dot-Product-Accelerator/Vivado/puzhi/puzhi.gen/sources_1/ip/floating_point_2/floating_point_2/floating_point_2_in_context.xdc] for cell 'inst/dot_product_inst/dpe_inst/genblk4[15].add1'
Finished Parsing XDC File [/home/malik/andromeda_ila/AXI-Dot-Product-Accelerator/Vivado/puzhi/puzhi.gen/sources_1/ip/floating_point_2/floating_point_2/floating_point_2_in_context.xdc] for cell 'inst/dot_product_inst/dpe_inst/genblk4[15].add1'
Parsing XDC File [/home/malik/andromeda_ila/AXI-Dot-Product-Accelerator/Vivado/puzhi/puzhi.gen/sources_1/ip/floating_point_2/floating_point_2/floating_point_2_in_context.xdc] for cell 'inst/dot_product_inst/dpe_inst/genblk4[16].add1'
Finished Parsing XDC File [/home/malik/andromeda_ila/AXI-Dot-Product-Accelerator/Vivado/puzhi/puzhi.gen/sources_1/ip/floating_point_2/floating_point_2/floating_point_2_in_context.xdc] for cell 'inst/dot_product_inst/dpe_inst/genblk4[16].add1'
Parsing XDC File [/home/malik/andromeda_ila/AXI-Dot-Product-Accelerator/Vivado/puzhi/puzhi.gen/sources_1/ip/floating_point_2/floating_point_2/floating_point_2_in_context.xdc] for cell 'inst/dot_product_inst/dpe_inst/genblk4[17].add1'
Finished Parsing XDC File [/home/malik/andromeda_ila/AXI-Dot-Product-Accelerator/Vivado/puzhi/puzhi.gen/sources_1/ip/floating_point_2/floating_point_2/floating_point_2_in_context.xdc] for cell 'inst/dot_product_inst/dpe_inst/genblk4[17].add1'
Parsing XDC File [/home/malik/andromeda_ila/AXI-Dot-Product-Accelerator/Vivado/puzhi/puzhi.gen/sources_1/ip/floating_point_2/floating_point_2/floating_point_2_in_context.xdc] for cell 'inst/dot_product_inst/dpe_inst/genblk4[18].add1'
Finished Parsing XDC File [/home/malik/andromeda_ila/AXI-Dot-Product-Accelerator/Vivado/puzhi/puzhi.gen/sources_1/ip/floating_point_2/floating_point_2/floating_point_2_in_context.xdc] for cell 'inst/dot_product_inst/dpe_inst/genblk4[18].add1'
Parsing XDC File [/home/malik/andromeda_ila/AXI-Dot-Product-Accelerator/Vivado/puzhi/puzhi.gen/sources_1/ip/floating_point_2/floating_point_2/floating_point_2_in_context.xdc] for cell 'inst/dot_product_inst/dpe_inst/genblk4[19].add1'
Finished Parsing XDC File [/home/malik/andromeda_ila/AXI-Dot-Product-Accelerator/Vivado/puzhi/puzhi.gen/sources_1/ip/floating_point_2/floating_point_2/floating_point_2_in_context.xdc] for cell 'inst/dot_product_inst/dpe_inst/genblk4[19].add1'
Parsing XDC File [/home/malik/andromeda_ila/AXI-Dot-Product-Accelerator/Vivado/puzhi/puzhi.gen/sources_1/ip/floating_point_2/floating_point_2/floating_point_2_in_context.xdc] for cell 'inst/dot_product_inst/dpe_inst/genblk4[20].add1'
Finished Parsing XDC File [/home/malik/andromeda_ila/AXI-Dot-Product-Accelerator/Vivado/puzhi/puzhi.gen/sources_1/ip/floating_point_2/floating_point_2/floating_point_2_in_context.xdc] for cell 'inst/dot_product_inst/dpe_inst/genblk4[20].add1'
Parsing XDC File [/home/malik/andromeda_ila/AXI-Dot-Product-Accelerator/Vivado/puzhi/puzhi.gen/sources_1/ip/floating_point_2/floating_point_2/floating_point_2_in_context.xdc] for cell 'inst/dot_product_inst/dpe_inst/genblk4[21].add1'
Finished Parsing XDC File [/home/malik/andromeda_ila/AXI-Dot-Product-Accelerator/Vivado/puzhi/puzhi.gen/sources_1/ip/floating_point_2/floating_point_2/floating_point_2_in_context.xdc] for cell 'inst/dot_product_inst/dpe_inst/genblk4[21].add1'
Parsing XDC File [/home/malik/andromeda_ila/AXI-Dot-Product-Accelerator/Vivado/puzhi/puzhi.gen/sources_1/ip/floating_point_2/floating_point_2/floating_point_2_in_context.xdc] for cell 'inst/dot_product_inst/dpe_inst/genblk4[22].add1'
Finished Parsing XDC File [/home/malik/andromeda_ila/AXI-Dot-Product-Accelerator/Vivado/puzhi/puzhi.gen/sources_1/ip/floating_point_2/floating_point_2/floating_point_2_in_context.xdc] for cell 'inst/dot_product_inst/dpe_inst/genblk4[22].add1'
Parsing XDC File [/home/malik/andromeda_ila/AXI-Dot-Product-Accelerator/Vivado/puzhi/puzhi.gen/sources_1/ip/floating_point_2/floating_point_2/floating_point_2_in_context.xdc] for cell 'inst/dot_product_inst/dpe_inst/genblk4[23].add1'
Finished Parsing XDC File [/home/malik/andromeda_ila/AXI-Dot-Product-Accelerator/Vivado/puzhi/puzhi.gen/sources_1/ip/floating_point_2/floating_point_2/floating_point_2_in_context.xdc] for cell 'inst/dot_product_inst/dpe_inst/genblk4[23].add1'
Parsing XDC File [/home/malik/andromeda_ila/AXI-Dot-Product-Accelerator/Vivado/puzhi/puzhi.gen/sources_1/ip/floating_point_2/floating_point_2/floating_point_2_in_context.xdc] for cell 'inst/dot_product_inst/dpe_inst/genblk4[24].add1'
Finished Parsing XDC File [/home/malik/andromeda_ila/AXI-Dot-Product-Accelerator/Vivado/puzhi/puzhi.gen/sources_1/ip/floating_point_2/floating_point_2/floating_point_2_in_context.xdc] for cell 'inst/dot_product_inst/dpe_inst/genblk4[24].add1'
Parsing XDC File [/home/malik/andromeda_ila/AXI-Dot-Product-Accelerator/Vivado/puzhi/puzhi.gen/sources_1/ip/floating_point_2/floating_point_2/floating_point_2_in_context.xdc] for cell 'inst/dot_product_inst/dpe_inst/genblk4[25].add1'
Finished Parsing XDC File [/home/malik/andromeda_ila/AXI-Dot-Product-Accelerator/Vivado/puzhi/puzhi.gen/sources_1/ip/floating_point_2/floating_point_2/floating_point_2_in_context.xdc] for cell 'inst/dot_product_inst/dpe_inst/genblk4[25].add1'
Parsing XDC File [/home/malik/andromeda_ila/AXI-Dot-Product-Accelerator/Vivado/puzhi/puzhi.gen/sources_1/ip/floating_point_2/floating_point_2/floating_point_2_in_context.xdc] for cell 'inst/dot_product_inst/dpe_inst/genblk4[26].add1'
Finished Parsing XDC File [/home/malik/andromeda_ila/AXI-Dot-Product-Accelerator/Vivado/puzhi/puzhi.gen/sources_1/ip/floating_point_2/floating_point_2/floating_point_2_in_context.xdc] for cell 'inst/dot_product_inst/dpe_inst/genblk4[26].add1'
Parsing XDC File [/home/malik/andromeda_ila/AXI-Dot-Product-Accelerator/Vivado/puzhi/puzhi.gen/sources_1/ip/floating_point_2/floating_point_2/floating_point_2_in_context.xdc] for cell 'inst/dot_product_inst/dpe_inst/genblk4[27].add1'
Finished Parsing XDC File [/home/malik/andromeda_ila/AXI-Dot-Product-Accelerator/Vivado/puzhi/puzhi.gen/sources_1/ip/floating_point_2/floating_point_2/floating_point_2_in_context.xdc] for cell 'inst/dot_product_inst/dpe_inst/genblk4[27].add1'
Parsing XDC File [/home/malik/andromeda_ila/AXI-Dot-Product-Accelerator/Vivado/puzhi/puzhi.gen/sources_1/ip/floating_point_2/floating_point_2/floating_point_2_in_context.xdc] for cell 'inst/dot_product_inst/dpe_inst/genblk4[28].add1'
Finished Parsing XDC File [/home/malik/andromeda_ila/AXI-Dot-Product-Accelerator/Vivado/puzhi/puzhi.gen/sources_1/ip/floating_point_2/floating_point_2/floating_point_2_in_context.xdc] for cell 'inst/dot_product_inst/dpe_inst/genblk4[28].add1'
Parsing XDC File [/home/malik/andromeda_ila/AXI-Dot-Product-Accelerator/Vivado/puzhi/puzhi.gen/sources_1/ip/floating_point_2/floating_point_2/floating_point_2_in_context.xdc] for cell 'inst/dot_product_inst/dpe_inst/genblk4[29].add1'
Finished Parsing XDC File [/home/malik/andromeda_ila/AXI-Dot-Product-Accelerator/Vivado/puzhi/puzhi.gen/sources_1/ip/floating_point_2/floating_point_2/floating_point_2_in_context.xdc] for cell 'inst/dot_product_inst/dpe_inst/genblk4[29].add1'
Parsing XDC File [/home/malik/andromeda_ila/AXI-Dot-Product-Accelerator/Vivado/puzhi/puzhi.gen/sources_1/ip/floating_point_2/floating_point_2/floating_point_2_in_context.xdc] for cell 'inst/dot_product_inst/dpe_inst/genblk4[30].add1'
Finished Parsing XDC File [/home/malik/andromeda_ila/AXI-Dot-Product-Accelerator/Vivado/puzhi/puzhi.gen/sources_1/ip/floating_point_2/floating_point_2/floating_point_2_in_context.xdc] for cell 'inst/dot_product_inst/dpe_inst/genblk4[30].add1'
Parsing XDC File [/home/malik/andromeda_ila/AXI-Dot-Product-Accelerator/Vivado/puzhi/puzhi.gen/sources_1/ip/floating_point_2/floating_point_2/floating_point_2_in_context.xdc] for cell 'inst/dot_product_inst/dpe_inst/genblk4[31].add1'
Finished Parsing XDC File [/home/malik/andromeda_ila/AXI-Dot-Product-Accelerator/Vivado/puzhi/puzhi.gen/sources_1/ip/floating_point_2/floating_point_2/floating_point_2_in_context.xdc] for cell 'inst/dot_product_inst/dpe_inst/genblk4[31].add1'
Parsing XDC File [/home/malik/andromeda_ila/AXI-Dot-Product-Accelerator/Vivado/puzhi/puzhi.gen/sources_1/ip/floating_point_2/floating_point_2/floating_point_2_in_context.xdc] for cell 'inst/dot_product_inst/dpe_inst/genblk4[32].add1'
Finished Parsing XDC File [/home/malik/andromeda_ila/AXI-Dot-Product-Accelerator/Vivado/puzhi/puzhi.gen/sources_1/ip/floating_point_2/floating_point_2/floating_point_2_in_context.xdc] for cell 'inst/dot_product_inst/dpe_inst/genblk4[32].add1'
Parsing XDC File [/home/malik/andromeda_ila/AXI-Dot-Product-Accelerator/Vivado/puzhi/puzhi.gen/sources_1/ip/floating_point_2/floating_point_2/floating_point_2_in_context.xdc] for cell 'inst/dot_product_inst/dpe_inst/genblk4[33].add1'
Finished Parsing XDC File [/home/malik/andromeda_ila/AXI-Dot-Product-Accelerator/Vivado/puzhi/puzhi.gen/sources_1/ip/floating_point_2/floating_point_2/floating_point_2_in_context.xdc] for cell 'inst/dot_product_inst/dpe_inst/genblk4[33].add1'
Parsing XDC File [/home/malik/andromeda_ila/AXI-Dot-Product-Accelerator/Vivado/puzhi/puzhi.gen/sources_1/ip/floating_point_2/floating_point_2/floating_point_2_in_context.xdc] for cell 'inst/dot_product_inst/dpe_inst/genblk4[34].add1'
Finished Parsing XDC File [/home/malik/andromeda_ila/AXI-Dot-Product-Accelerator/Vivado/puzhi/puzhi.gen/sources_1/ip/floating_point_2/floating_point_2/floating_point_2_in_context.xdc] for cell 'inst/dot_product_inst/dpe_inst/genblk4[34].add1'
Parsing XDC File [/home/malik/andromeda_ila/AXI-Dot-Product-Accelerator/Vivado/puzhi/puzhi.gen/sources_1/ip/floating_point_2/floating_point_2/floating_point_2_in_context.xdc] for cell 'inst/dot_product_inst/dpe_inst/genblk4[35].add1'
Finished Parsing XDC File [/home/malik/andromeda_ila/AXI-Dot-Product-Accelerator/Vivado/puzhi/puzhi.gen/sources_1/ip/floating_point_2/floating_point_2/floating_point_2_in_context.xdc] for cell 'inst/dot_product_inst/dpe_inst/genblk4[35].add1'
Parsing XDC File [/home/malik/andromeda_ila/AXI-Dot-Product-Accelerator/Vivado/puzhi/puzhi.gen/sources_1/ip/floating_point_2/floating_point_2/floating_point_2_in_context.xdc] for cell 'inst/dot_product_inst/dpe_inst/genblk4[36].add1'
Finished Parsing XDC File [/home/malik/andromeda_ila/AXI-Dot-Product-Accelerator/Vivado/puzhi/puzhi.gen/sources_1/ip/floating_point_2/floating_point_2/floating_point_2_in_context.xdc] for cell 'inst/dot_product_inst/dpe_inst/genblk4[36].add1'
Parsing XDC File [/home/malik/andromeda_ila/AXI-Dot-Product-Accelerator/Vivado/puzhi/puzhi.gen/sources_1/ip/floating_point_2/floating_point_2/floating_point_2_in_context.xdc] for cell 'inst/dot_product_inst/dpe_inst/genblk4[37].add1'
Finished Parsing XDC File [/home/malik/andromeda_ila/AXI-Dot-Product-Accelerator/Vivado/puzhi/puzhi.gen/sources_1/ip/floating_point_2/floating_point_2/floating_point_2_in_context.xdc] for cell 'inst/dot_product_inst/dpe_inst/genblk4[37].add1'
Parsing XDC File [/home/malik/andromeda_ila/AXI-Dot-Product-Accelerator/Vivado/puzhi/puzhi.gen/sources_1/ip/floating_point_2/floating_point_2/floating_point_2_in_context.xdc] for cell 'inst/dot_product_inst/dpe_inst/genblk4[38].add1'
Finished Parsing XDC File [/home/malik/andromeda_ila/AXI-Dot-Product-Accelerator/Vivado/puzhi/puzhi.gen/sources_1/ip/floating_point_2/floating_point_2/floating_point_2_in_context.xdc] for cell 'inst/dot_product_inst/dpe_inst/genblk4[38].add1'
Parsing XDC File [/home/malik/andromeda_ila/AXI-Dot-Product-Accelerator/Vivado/puzhi/puzhi.gen/sources_1/ip/floating_point_2/floating_point_2/floating_point_2_in_context.xdc] for cell 'inst/dot_product_inst/dpe_inst/genblk4[39].add1'
Finished Parsing XDC File [/home/malik/andromeda_ila/AXI-Dot-Product-Accelerator/Vivado/puzhi/puzhi.gen/sources_1/ip/floating_point_2/floating_point_2/floating_point_2_in_context.xdc] for cell 'inst/dot_product_inst/dpe_inst/genblk4[39].add1'
Parsing XDC File [/home/malik/andromeda_ila/AXI-Dot-Product-Accelerator/Vivado/puzhi/puzhi.gen/sources_1/ip/floating_point_2/floating_point_2/floating_point_2_in_context.xdc] for cell 'inst/dot_product_inst/dpe_inst/genblk4[40].add1'
Finished Parsing XDC File [/home/malik/andromeda_ila/AXI-Dot-Product-Accelerator/Vivado/puzhi/puzhi.gen/sources_1/ip/floating_point_2/floating_point_2/floating_point_2_in_context.xdc] for cell 'inst/dot_product_inst/dpe_inst/genblk4[40].add1'
Parsing XDC File [/home/malik/andromeda_ila/AXI-Dot-Product-Accelerator/Vivado/puzhi/puzhi.gen/sources_1/ip/floating_point_2/floating_point_2/floating_point_2_in_context.xdc] for cell 'inst/dot_product_inst/dpe_inst/genblk4[41].add1'
Finished Parsing XDC File [/home/malik/andromeda_ila/AXI-Dot-Product-Accelerator/Vivado/puzhi/puzhi.gen/sources_1/ip/floating_point_2/floating_point_2/floating_point_2_in_context.xdc] for cell 'inst/dot_product_inst/dpe_inst/genblk4[41].add1'
Parsing XDC File [/home/malik/andromeda_ila/AXI-Dot-Product-Accelerator/Vivado/puzhi/puzhi.gen/sources_1/ip/floating_point_2/floating_point_2/floating_point_2_in_context.xdc] for cell 'inst/dot_product_inst/dpe_inst/genblk4[42].add1'
Finished Parsing XDC File [/home/malik/andromeda_ila/AXI-Dot-Product-Accelerator/Vivado/puzhi/puzhi.gen/sources_1/ip/floating_point_2/floating_point_2/floating_point_2_in_context.xdc] for cell 'inst/dot_product_inst/dpe_inst/genblk4[42].add1'
Parsing XDC File [/home/malik/andromeda_ila/AXI-Dot-Product-Accelerator/Vivado/puzhi/puzhi.gen/sources_1/ip/floating_point_2/floating_point_2/floating_point_2_in_context.xdc] for cell 'inst/dot_product_inst/dpe_inst/genblk4[43].add1'
Finished Parsing XDC File [/home/malik/andromeda_ila/AXI-Dot-Product-Accelerator/Vivado/puzhi/puzhi.gen/sources_1/ip/floating_point_2/floating_point_2/floating_point_2_in_context.xdc] for cell 'inst/dot_product_inst/dpe_inst/genblk4[43].add1'
Parsing XDC File [/home/malik/andromeda_ila/AXI-Dot-Product-Accelerator/Vivado/puzhi/puzhi.gen/sources_1/ip/floating_point_2/floating_point_2/floating_point_2_in_context.xdc] for cell 'inst/dot_product_inst/dpe_inst/genblk4[44].add1'
Finished Parsing XDC File [/home/malik/andromeda_ila/AXI-Dot-Product-Accelerator/Vivado/puzhi/puzhi.gen/sources_1/ip/floating_point_2/floating_point_2/floating_point_2_in_context.xdc] for cell 'inst/dot_product_inst/dpe_inst/genblk4[44].add1'
Parsing XDC File [/home/malik/andromeda_ila/AXI-Dot-Product-Accelerator/Vivado/puzhi/puzhi.gen/sources_1/ip/floating_point_2/floating_point_2/floating_point_2_in_context.xdc] for cell 'inst/dot_product_inst/dpe_inst/genblk4[45].add1'
Finished Parsing XDC File [/home/malik/andromeda_ila/AXI-Dot-Product-Accelerator/Vivado/puzhi/puzhi.gen/sources_1/ip/floating_point_2/floating_point_2/floating_point_2_in_context.xdc] for cell 'inst/dot_product_inst/dpe_inst/genblk4[45].add1'
Parsing XDC File [/home/malik/andromeda_ila/AXI-Dot-Product-Accelerator/Vivado/puzhi/puzhi.gen/sources_1/ip/floating_point_2/floating_point_2/floating_point_2_in_context.xdc] for cell 'inst/dot_product_inst/dpe_inst/genblk4[46].add1'
Finished Parsing XDC File [/home/malik/andromeda_ila/AXI-Dot-Product-Accelerator/Vivado/puzhi/puzhi.gen/sources_1/ip/floating_point_2/floating_point_2/floating_point_2_in_context.xdc] for cell 'inst/dot_product_inst/dpe_inst/genblk4[46].add1'
Parsing XDC File [/home/malik/andromeda_ila/AXI-Dot-Product-Accelerator/Vivado/puzhi/puzhi.gen/sources_1/ip/floating_point_2/floating_point_2/floating_point_2_in_context.xdc] for cell 'inst/dot_product_inst/dpe_inst/genblk4[47].add1'
Finished Parsing XDC File [/home/malik/andromeda_ila/AXI-Dot-Product-Accelerator/Vivado/puzhi/puzhi.gen/sources_1/ip/floating_point_2/floating_point_2/floating_point_2_in_context.xdc] for cell 'inst/dot_product_inst/dpe_inst/genblk4[47].add1'
Parsing XDC File [/home/malik/andromeda_ila/AXI-Dot-Product-Accelerator/Vivado/puzhi/puzhi.gen/sources_1/ip/floating_point_2/floating_point_2/floating_point_2_in_context.xdc] for cell 'inst/dot_product_inst/dpe_inst/genblk4[48].add1'
Finished Parsing XDC File [/home/malik/andromeda_ila/AXI-Dot-Product-Accelerator/Vivado/puzhi/puzhi.gen/sources_1/ip/floating_point_2/floating_point_2/floating_point_2_in_context.xdc] for cell 'inst/dot_product_inst/dpe_inst/genblk4[48].add1'
Parsing XDC File [/home/malik/andromeda_ila/AXI-Dot-Product-Accelerator/Vivado/puzhi/puzhi.gen/sources_1/ip/floating_point_2/floating_point_2/floating_point_2_in_context.xdc] for cell 'inst/dot_product_inst/dpe_inst/genblk4[49].add1'
Finished Parsing XDC File [/home/malik/andromeda_ila/AXI-Dot-Product-Accelerator/Vivado/puzhi/puzhi.gen/sources_1/ip/floating_point_2/floating_point_2/floating_point_2_in_context.xdc] for cell 'inst/dot_product_inst/dpe_inst/genblk4[49].add1'
Parsing XDC File [/home/malik/andromeda_ila/AXI-Dot-Product-Accelerator/Vivado/puzhi/puzhi.gen/sources_1/ip/floating_point_2/floating_point_2/floating_point_2_in_context.xdc] for cell 'inst/dot_product_inst/dpe_inst/genblk4[50].add1'
Finished Parsing XDC File [/home/malik/andromeda_ila/AXI-Dot-Product-Accelerator/Vivado/puzhi/puzhi.gen/sources_1/ip/floating_point_2/floating_point_2/floating_point_2_in_context.xdc] for cell 'inst/dot_product_inst/dpe_inst/genblk4[50].add1'
Parsing XDC File [/home/malik/andromeda_ila/AXI-Dot-Product-Accelerator/Vivado/puzhi/puzhi.gen/sources_1/ip/floating_point_2/floating_point_2/floating_point_2_in_context.xdc] for cell 'inst/dot_product_inst/dpe_inst/genblk4[51].add1'
Finished Parsing XDC File [/home/malik/andromeda_ila/AXI-Dot-Product-Accelerator/Vivado/puzhi/puzhi.gen/sources_1/ip/floating_point_2/floating_point_2/floating_point_2_in_context.xdc] for cell 'inst/dot_product_inst/dpe_inst/genblk4[51].add1'
Parsing XDC File [/home/malik/andromeda_ila/AXI-Dot-Product-Accelerator/Vivado/puzhi/puzhi.gen/sources_1/ip/floating_point_2/floating_point_2/floating_point_2_in_context.xdc] for cell 'inst/dot_product_inst/dpe_inst/genblk4[52].add1'
Finished Parsing XDC File [/home/malik/andromeda_ila/AXI-Dot-Product-Accelerator/Vivado/puzhi/puzhi.gen/sources_1/ip/floating_point_2/floating_point_2/floating_point_2_in_context.xdc] for cell 'inst/dot_product_inst/dpe_inst/genblk4[52].add1'
Parsing XDC File [/home/malik/andromeda_ila/AXI-Dot-Product-Accelerator/Vivado/puzhi/puzhi.gen/sources_1/ip/floating_point_2/floating_point_2/floating_point_2_in_context.xdc] for cell 'inst/dot_product_inst/dpe_inst/genblk4[53].add1'
Finished Parsing XDC File [/home/malik/andromeda_ila/AXI-Dot-Product-Accelerator/Vivado/puzhi/puzhi.gen/sources_1/ip/floating_point_2/floating_point_2/floating_point_2_in_context.xdc] for cell 'inst/dot_product_inst/dpe_inst/genblk4[53].add1'
Parsing XDC File [/home/malik/andromeda_ila/AXI-Dot-Product-Accelerator/Vivado/puzhi/puzhi.gen/sources_1/ip/floating_point_2/floating_point_2/floating_point_2_in_context.xdc] for cell 'inst/dot_product_inst/dpe_inst/genblk4[54].add1'
Finished Parsing XDC File [/home/malik/andromeda_ila/AXI-Dot-Product-Accelerator/Vivado/puzhi/puzhi.gen/sources_1/ip/floating_point_2/floating_point_2/floating_point_2_in_context.xdc] for cell 'inst/dot_product_inst/dpe_inst/genblk4[54].add1'
Parsing XDC File [/home/malik/andromeda_ila/AXI-Dot-Product-Accelerator/Vivado/puzhi/puzhi.gen/sources_1/ip/floating_point_2/floating_point_2/floating_point_2_in_context.xdc] for cell 'inst/dot_product_inst/dpe_inst/genblk4[55].add1'
Finished Parsing XDC File [/home/malik/andromeda_ila/AXI-Dot-Product-Accelerator/Vivado/puzhi/puzhi.gen/sources_1/ip/floating_point_2/floating_point_2/floating_point_2_in_context.xdc] for cell 'inst/dot_product_inst/dpe_inst/genblk4[55].add1'
Parsing XDC File [/home/malik/andromeda_ila/AXI-Dot-Product-Accelerator/Vivado/puzhi/puzhi.gen/sources_1/ip/floating_point_2/floating_point_2/floating_point_2_in_context.xdc] for cell 'inst/dot_product_inst/dpe_inst/genblk4[56].add1'
Finished Parsing XDC File [/home/malik/andromeda_ila/AXI-Dot-Product-Accelerator/Vivado/puzhi/puzhi.gen/sources_1/ip/floating_point_2/floating_point_2/floating_point_2_in_context.xdc] for cell 'inst/dot_product_inst/dpe_inst/genblk4[56].add1'
Parsing XDC File [/home/malik/andromeda_ila/AXI-Dot-Product-Accelerator/Vivado/puzhi/puzhi.gen/sources_1/ip/floating_point_2/floating_point_2/floating_point_2_in_context.xdc] for cell 'inst/dot_product_inst/dpe_inst/genblk4[57].add1'
Finished Parsing XDC File [/home/malik/andromeda_ila/AXI-Dot-Product-Accelerator/Vivado/puzhi/puzhi.gen/sources_1/ip/floating_point_2/floating_point_2/floating_point_2_in_context.xdc] for cell 'inst/dot_product_inst/dpe_inst/genblk4[57].add1'
Parsing XDC File [/home/malik/andromeda_ila/AXI-Dot-Product-Accelerator/Vivado/puzhi/puzhi.gen/sources_1/ip/floating_point_2/floating_point_2/floating_point_2_in_context.xdc] for cell 'inst/dot_product_inst/dpe_inst/genblk4[58].add1'
Finished Parsing XDC File [/home/malik/andromeda_ila/AXI-Dot-Product-Accelerator/Vivado/puzhi/puzhi.gen/sources_1/ip/floating_point_2/floating_point_2/floating_point_2_in_context.xdc] for cell 'inst/dot_product_inst/dpe_inst/genblk4[58].add1'
Parsing XDC File [/home/malik/andromeda_ila/AXI-Dot-Product-Accelerator/Vivado/puzhi/puzhi.gen/sources_1/ip/floating_point_2/floating_point_2/floating_point_2_in_context.xdc] for cell 'inst/dot_product_inst/dpe_inst/genblk4[59].add1'
Finished Parsing XDC File [/home/malik/andromeda_ila/AXI-Dot-Product-Accelerator/Vivado/puzhi/puzhi.gen/sources_1/ip/floating_point_2/floating_point_2/floating_point_2_in_context.xdc] for cell 'inst/dot_product_inst/dpe_inst/genblk4[59].add1'
Parsing XDC File [/home/malik/andromeda_ila/AXI-Dot-Product-Accelerator/Vivado/puzhi/puzhi.gen/sources_1/ip/floating_point_2/floating_point_2/floating_point_2_in_context.xdc] for cell 'inst/dot_product_inst/dpe_inst/genblk4[60].add1'
Finished Parsing XDC File [/home/malik/andromeda_ila/AXI-Dot-Product-Accelerator/Vivado/puzhi/puzhi.gen/sources_1/ip/floating_point_2/floating_point_2/floating_point_2_in_context.xdc] for cell 'inst/dot_product_inst/dpe_inst/genblk4[60].add1'
Parsing XDC File [/home/malik/andromeda_ila/AXI-Dot-Product-Accelerator/Vivado/puzhi/puzhi.gen/sources_1/ip/floating_point_2/floating_point_2/floating_point_2_in_context.xdc] for cell 'inst/dot_product_inst/dpe_inst/genblk4[61].add1'
Finished Parsing XDC File [/home/malik/andromeda_ila/AXI-Dot-Product-Accelerator/Vivado/puzhi/puzhi.gen/sources_1/ip/floating_point_2/floating_point_2/floating_point_2_in_context.xdc] for cell 'inst/dot_product_inst/dpe_inst/genblk4[61].add1'
Parsing XDC File [/home/malik/andromeda_ila/AXI-Dot-Product-Accelerator/Vivado/puzhi/puzhi.gen/sources_1/ip/floating_point_2/floating_point_2/floating_point_2_in_context.xdc] for cell 'inst/dot_product_inst/dpe_inst/genblk4[62].add1'
Finished Parsing XDC File [/home/malik/andromeda_ila/AXI-Dot-Product-Accelerator/Vivado/puzhi/puzhi.gen/sources_1/ip/floating_point_2/floating_point_2/floating_point_2_in_context.xdc] for cell 'inst/dot_product_inst/dpe_inst/genblk4[62].add1'
Parsing XDC File [/home/malik/andromeda_ila/AXI-Dot-Product-Accelerator/Vivado/puzhi/puzhi.gen/sources_1/ip/floating_point_2/floating_point_2/floating_point_2_in_context.xdc] for cell 'inst/dot_product_inst/dpe_inst/genblk4[63].add1'
Finished Parsing XDC File [/home/malik/andromeda_ila/AXI-Dot-Product-Accelerator/Vivado/puzhi/puzhi.gen/sources_1/ip/floating_point_2/floating_point_2/floating_point_2_in_context.xdc] for cell 'inst/dot_product_inst/dpe_inst/genblk4[63].add1'
Parsing XDC File [/home/malik/andromeda_ila/AXI-Dot-Product-Accelerator/Vivado/puzhi/puzhi.gen/sources_1/ip/floating_point_2/floating_point_2/floating_point_2_in_context.xdc] for cell 'inst/dot_product_inst/dpe_inst/genblk5[0].add2'
Finished Parsing XDC File [/home/malik/andromeda_ila/AXI-Dot-Product-Accelerator/Vivado/puzhi/puzhi.gen/sources_1/ip/floating_point_2/floating_point_2/floating_point_2_in_context.xdc] for cell 'inst/dot_product_inst/dpe_inst/genblk5[0].add2'
Parsing XDC File [/home/malik/andromeda_ila/AXI-Dot-Product-Accelerator/Vivado/puzhi/puzhi.gen/sources_1/ip/floating_point_2/floating_point_2/floating_point_2_in_context.xdc] for cell 'inst/dot_product_inst/dpe_inst/genblk5[1].add2'
Finished Parsing XDC File [/home/malik/andromeda_ila/AXI-Dot-Product-Accelerator/Vivado/puzhi/puzhi.gen/sources_1/ip/floating_point_2/floating_point_2/floating_point_2_in_context.xdc] for cell 'inst/dot_product_inst/dpe_inst/genblk5[1].add2'
Parsing XDC File [/home/malik/andromeda_ila/AXI-Dot-Product-Accelerator/Vivado/puzhi/puzhi.gen/sources_1/ip/floating_point_2/floating_point_2/floating_point_2_in_context.xdc] for cell 'inst/dot_product_inst/dpe_inst/genblk5[2].add2'
Finished Parsing XDC File [/home/malik/andromeda_ila/AXI-Dot-Product-Accelerator/Vivado/puzhi/puzhi.gen/sources_1/ip/floating_point_2/floating_point_2/floating_point_2_in_context.xdc] for cell 'inst/dot_product_inst/dpe_inst/genblk5[2].add2'
Parsing XDC File [/home/malik/andromeda_ila/AXI-Dot-Product-Accelerator/Vivado/puzhi/puzhi.gen/sources_1/ip/floating_point_2/floating_point_2/floating_point_2_in_context.xdc] for cell 'inst/dot_product_inst/dpe_inst/genblk5[3].add2'
Finished Parsing XDC File [/home/malik/andromeda_ila/AXI-Dot-Product-Accelerator/Vivado/puzhi/puzhi.gen/sources_1/ip/floating_point_2/floating_point_2/floating_point_2_in_context.xdc] for cell 'inst/dot_product_inst/dpe_inst/genblk5[3].add2'
Parsing XDC File [/home/malik/andromeda_ila/AXI-Dot-Product-Accelerator/Vivado/puzhi/puzhi.gen/sources_1/ip/floating_point_2/floating_point_2/floating_point_2_in_context.xdc] for cell 'inst/dot_product_inst/dpe_inst/genblk5[4].add2'
Finished Parsing XDC File [/home/malik/andromeda_ila/AXI-Dot-Product-Accelerator/Vivado/puzhi/puzhi.gen/sources_1/ip/floating_point_2/floating_point_2/floating_point_2_in_context.xdc] for cell 'inst/dot_product_inst/dpe_inst/genblk5[4].add2'
Parsing XDC File [/home/malik/andromeda_ila/AXI-Dot-Product-Accelerator/Vivado/puzhi/puzhi.gen/sources_1/ip/floating_point_2/floating_point_2/floating_point_2_in_context.xdc] for cell 'inst/dot_product_inst/dpe_inst/genblk5[5].add2'
Finished Parsing XDC File [/home/malik/andromeda_ila/AXI-Dot-Product-Accelerator/Vivado/puzhi/puzhi.gen/sources_1/ip/floating_point_2/floating_point_2/floating_point_2_in_context.xdc] for cell 'inst/dot_product_inst/dpe_inst/genblk5[5].add2'
Parsing XDC File [/home/malik/andromeda_ila/AXI-Dot-Product-Accelerator/Vivado/puzhi/puzhi.gen/sources_1/ip/floating_point_2/floating_point_2/floating_point_2_in_context.xdc] for cell 'inst/dot_product_inst/dpe_inst/genblk5[6].add2'
Finished Parsing XDC File [/home/malik/andromeda_ila/AXI-Dot-Product-Accelerator/Vivado/puzhi/puzhi.gen/sources_1/ip/floating_point_2/floating_point_2/floating_point_2_in_context.xdc] for cell 'inst/dot_product_inst/dpe_inst/genblk5[6].add2'
Parsing XDC File [/home/malik/andromeda_ila/AXI-Dot-Product-Accelerator/Vivado/puzhi/puzhi.gen/sources_1/ip/floating_point_2/floating_point_2/floating_point_2_in_context.xdc] for cell 'inst/dot_product_inst/dpe_inst/genblk5[7].add2'
Finished Parsing XDC File [/home/malik/andromeda_ila/AXI-Dot-Product-Accelerator/Vivado/puzhi/puzhi.gen/sources_1/ip/floating_point_2/floating_point_2/floating_point_2_in_context.xdc] for cell 'inst/dot_product_inst/dpe_inst/genblk5[7].add2'
Parsing XDC File [/home/malik/andromeda_ila/AXI-Dot-Product-Accelerator/Vivado/puzhi/puzhi.gen/sources_1/ip/floating_point_2/floating_point_2/floating_point_2_in_context.xdc] for cell 'inst/dot_product_inst/dpe_inst/genblk5[8].add2'
Finished Parsing XDC File [/home/malik/andromeda_ila/AXI-Dot-Product-Accelerator/Vivado/puzhi/puzhi.gen/sources_1/ip/floating_point_2/floating_point_2/floating_point_2_in_context.xdc] for cell 'inst/dot_product_inst/dpe_inst/genblk5[8].add2'
Parsing XDC File [/home/malik/andromeda_ila/AXI-Dot-Product-Accelerator/Vivado/puzhi/puzhi.gen/sources_1/ip/floating_point_2/floating_point_2/floating_point_2_in_context.xdc] for cell 'inst/dot_product_inst/dpe_inst/genblk5[9].add2'
Finished Parsing XDC File [/home/malik/andromeda_ila/AXI-Dot-Product-Accelerator/Vivado/puzhi/puzhi.gen/sources_1/ip/floating_point_2/floating_point_2/floating_point_2_in_context.xdc] for cell 'inst/dot_product_inst/dpe_inst/genblk5[9].add2'
Parsing XDC File [/home/malik/andromeda_ila/AXI-Dot-Product-Accelerator/Vivado/puzhi/puzhi.gen/sources_1/ip/floating_point_2/floating_point_2/floating_point_2_in_context.xdc] for cell 'inst/dot_product_inst/dpe_inst/genblk5[10].add2'
Finished Parsing XDC File [/home/malik/andromeda_ila/AXI-Dot-Product-Accelerator/Vivado/puzhi/puzhi.gen/sources_1/ip/floating_point_2/floating_point_2/floating_point_2_in_context.xdc] for cell 'inst/dot_product_inst/dpe_inst/genblk5[10].add2'
Parsing XDC File [/home/malik/andromeda_ila/AXI-Dot-Product-Accelerator/Vivado/puzhi/puzhi.gen/sources_1/ip/floating_point_2/floating_point_2/floating_point_2_in_context.xdc] for cell 'inst/dot_product_inst/dpe_inst/genblk5[11].add2'
Finished Parsing XDC File [/home/malik/andromeda_ila/AXI-Dot-Product-Accelerator/Vivado/puzhi/puzhi.gen/sources_1/ip/floating_point_2/floating_point_2/floating_point_2_in_context.xdc] for cell 'inst/dot_product_inst/dpe_inst/genblk5[11].add2'
Parsing XDC File [/home/malik/andromeda_ila/AXI-Dot-Product-Accelerator/Vivado/puzhi/puzhi.gen/sources_1/ip/floating_point_2/floating_point_2/floating_point_2_in_context.xdc] for cell 'inst/dot_product_inst/dpe_inst/genblk5[12].add2'
Finished Parsing XDC File [/home/malik/andromeda_ila/AXI-Dot-Product-Accelerator/Vivado/puzhi/puzhi.gen/sources_1/ip/floating_point_2/floating_point_2/floating_point_2_in_context.xdc] for cell 'inst/dot_product_inst/dpe_inst/genblk5[12].add2'
Parsing XDC File [/home/malik/andromeda_ila/AXI-Dot-Product-Accelerator/Vivado/puzhi/puzhi.gen/sources_1/ip/floating_point_2/floating_point_2/floating_point_2_in_context.xdc] for cell 'inst/dot_product_inst/dpe_inst/genblk5[13].add2'
Finished Parsing XDC File [/home/malik/andromeda_ila/AXI-Dot-Product-Accelerator/Vivado/puzhi/puzhi.gen/sources_1/ip/floating_point_2/floating_point_2/floating_point_2_in_context.xdc] for cell 'inst/dot_product_inst/dpe_inst/genblk5[13].add2'
Parsing XDC File [/home/malik/andromeda_ila/AXI-Dot-Product-Accelerator/Vivado/puzhi/puzhi.gen/sources_1/ip/floating_point_2/floating_point_2/floating_point_2_in_context.xdc] for cell 'inst/dot_product_inst/dpe_inst/genblk5[14].add2'
Finished Parsing XDC File [/home/malik/andromeda_ila/AXI-Dot-Product-Accelerator/Vivado/puzhi/puzhi.gen/sources_1/ip/floating_point_2/floating_point_2/floating_point_2_in_context.xdc] for cell 'inst/dot_product_inst/dpe_inst/genblk5[14].add2'
Parsing XDC File [/home/malik/andromeda_ila/AXI-Dot-Product-Accelerator/Vivado/puzhi/puzhi.gen/sources_1/ip/floating_point_2/floating_point_2/floating_point_2_in_context.xdc] for cell 'inst/dot_product_inst/dpe_inst/genblk5[15].add2'
Finished Parsing XDC File [/home/malik/andromeda_ila/AXI-Dot-Product-Accelerator/Vivado/puzhi/puzhi.gen/sources_1/ip/floating_point_2/floating_point_2/floating_point_2_in_context.xdc] for cell 'inst/dot_product_inst/dpe_inst/genblk5[15].add2'
Parsing XDC File [/home/malik/andromeda_ila/AXI-Dot-Product-Accelerator/Vivado/puzhi/puzhi.gen/sources_1/ip/floating_point_2/floating_point_2/floating_point_2_in_context.xdc] for cell 'inst/dot_product_inst/dpe_inst/genblk5[16].add2'
Finished Parsing XDC File [/home/malik/andromeda_ila/AXI-Dot-Product-Accelerator/Vivado/puzhi/puzhi.gen/sources_1/ip/floating_point_2/floating_point_2/floating_point_2_in_context.xdc] for cell 'inst/dot_product_inst/dpe_inst/genblk5[16].add2'
Parsing XDC File [/home/malik/andromeda_ila/AXI-Dot-Product-Accelerator/Vivado/puzhi/puzhi.gen/sources_1/ip/floating_point_2/floating_point_2/floating_point_2_in_context.xdc] for cell 'inst/dot_product_inst/dpe_inst/genblk5[17].add2'
Finished Parsing XDC File [/home/malik/andromeda_ila/AXI-Dot-Product-Accelerator/Vivado/puzhi/puzhi.gen/sources_1/ip/floating_point_2/floating_point_2/floating_point_2_in_context.xdc] for cell 'inst/dot_product_inst/dpe_inst/genblk5[17].add2'
Parsing XDC File [/home/malik/andromeda_ila/AXI-Dot-Product-Accelerator/Vivado/puzhi/puzhi.gen/sources_1/ip/floating_point_2/floating_point_2/floating_point_2_in_context.xdc] for cell 'inst/dot_product_inst/dpe_inst/genblk5[18].add2'
Finished Parsing XDC File [/home/malik/andromeda_ila/AXI-Dot-Product-Accelerator/Vivado/puzhi/puzhi.gen/sources_1/ip/floating_point_2/floating_point_2/floating_point_2_in_context.xdc] for cell 'inst/dot_product_inst/dpe_inst/genblk5[18].add2'
Parsing XDC File [/home/malik/andromeda_ila/AXI-Dot-Product-Accelerator/Vivado/puzhi/puzhi.gen/sources_1/ip/floating_point_2/floating_point_2/floating_point_2_in_context.xdc] for cell 'inst/dot_product_inst/dpe_inst/genblk5[19].add2'
Finished Parsing XDC File [/home/malik/andromeda_ila/AXI-Dot-Product-Accelerator/Vivado/puzhi/puzhi.gen/sources_1/ip/floating_point_2/floating_point_2/floating_point_2_in_context.xdc] for cell 'inst/dot_product_inst/dpe_inst/genblk5[19].add2'
Parsing XDC File [/home/malik/andromeda_ila/AXI-Dot-Product-Accelerator/Vivado/puzhi/puzhi.gen/sources_1/ip/floating_point_2/floating_point_2/floating_point_2_in_context.xdc] for cell 'inst/dot_product_inst/dpe_inst/genblk5[20].add2'
Finished Parsing XDC File [/home/malik/andromeda_ila/AXI-Dot-Product-Accelerator/Vivado/puzhi/puzhi.gen/sources_1/ip/floating_point_2/floating_point_2/floating_point_2_in_context.xdc] for cell 'inst/dot_product_inst/dpe_inst/genblk5[20].add2'
Parsing XDC File [/home/malik/andromeda_ila/AXI-Dot-Product-Accelerator/Vivado/puzhi/puzhi.gen/sources_1/ip/floating_point_2/floating_point_2/floating_point_2_in_context.xdc] for cell 'inst/dot_product_inst/dpe_inst/genblk5[21].add2'
Finished Parsing XDC File [/home/malik/andromeda_ila/AXI-Dot-Product-Accelerator/Vivado/puzhi/puzhi.gen/sources_1/ip/floating_point_2/floating_point_2/floating_point_2_in_context.xdc] for cell 'inst/dot_product_inst/dpe_inst/genblk5[21].add2'
Parsing XDC File [/home/malik/andromeda_ila/AXI-Dot-Product-Accelerator/Vivado/puzhi/puzhi.gen/sources_1/ip/floating_point_2/floating_point_2/floating_point_2_in_context.xdc] for cell 'inst/dot_product_inst/dpe_inst/genblk5[22].add2'
Finished Parsing XDC File [/home/malik/andromeda_ila/AXI-Dot-Product-Accelerator/Vivado/puzhi/puzhi.gen/sources_1/ip/floating_point_2/floating_point_2/floating_point_2_in_context.xdc] for cell 'inst/dot_product_inst/dpe_inst/genblk5[22].add2'
Parsing XDC File [/home/malik/andromeda_ila/AXI-Dot-Product-Accelerator/Vivado/puzhi/puzhi.gen/sources_1/ip/floating_point_2/floating_point_2/floating_point_2_in_context.xdc] for cell 'inst/dot_product_inst/dpe_inst/genblk5[23].add2'
Finished Parsing XDC File [/home/malik/andromeda_ila/AXI-Dot-Product-Accelerator/Vivado/puzhi/puzhi.gen/sources_1/ip/floating_point_2/floating_point_2/floating_point_2_in_context.xdc] for cell 'inst/dot_product_inst/dpe_inst/genblk5[23].add2'
Parsing XDC File [/home/malik/andromeda_ila/AXI-Dot-Product-Accelerator/Vivado/puzhi/puzhi.gen/sources_1/ip/floating_point_2/floating_point_2/floating_point_2_in_context.xdc] for cell 'inst/dot_product_inst/dpe_inst/genblk5[24].add2'
Finished Parsing XDC File [/home/malik/andromeda_ila/AXI-Dot-Product-Accelerator/Vivado/puzhi/puzhi.gen/sources_1/ip/floating_point_2/floating_point_2/floating_point_2_in_context.xdc] for cell 'inst/dot_product_inst/dpe_inst/genblk5[24].add2'
Parsing XDC File [/home/malik/andromeda_ila/AXI-Dot-Product-Accelerator/Vivado/puzhi/puzhi.gen/sources_1/ip/floating_point_2/floating_point_2/floating_point_2_in_context.xdc] for cell 'inst/dot_product_inst/dpe_inst/genblk5[25].add2'
Finished Parsing XDC File [/home/malik/andromeda_ila/AXI-Dot-Product-Accelerator/Vivado/puzhi/puzhi.gen/sources_1/ip/floating_point_2/floating_point_2/floating_point_2_in_context.xdc] for cell 'inst/dot_product_inst/dpe_inst/genblk5[25].add2'
Parsing XDC File [/home/malik/andromeda_ila/AXI-Dot-Product-Accelerator/Vivado/puzhi/puzhi.gen/sources_1/ip/floating_point_2/floating_point_2/floating_point_2_in_context.xdc] for cell 'inst/dot_product_inst/dpe_inst/genblk5[26].add2'
Finished Parsing XDC File [/home/malik/andromeda_ila/AXI-Dot-Product-Accelerator/Vivado/puzhi/puzhi.gen/sources_1/ip/floating_point_2/floating_point_2/floating_point_2_in_context.xdc] for cell 'inst/dot_product_inst/dpe_inst/genblk5[26].add2'
Parsing XDC File [/home/malik/andromeda_ila/AXI-Dot-Product-Accelerator/Vivado/puzhi/puzhi.gen/sources_1/ip/floating_point_2/floating_point_2/floating_point_2_in_context.xdc] for cell 'inst/dot_product_inst/dpe_inst/genblk5[27].add2'
Finished Parsing XDC File [/home/malik/andromeda_ila/AXI-Dot-Product-Accelerator/Vivado/puzhi/puzhi.gen/sources_1/ip/floating_point_2/floating_point_2/floating_point_2_in_context.xdc] for cell 'inst/dot_product_inst/dpe_inst/genblk5[27].add2'
Parsing XDC File [/home/malik/andromeda_ila/AXI-Dot-Product-Accelerator/Vivado/puzhi/puzhi.gen/sources_1/ip/floating_point_2/floating_point_2/floating_point_2_in_context.xdc] for cell 'inst/dot_product_inst/dpe_inst/genblk5[28].add2'
Finished Parsing XDC File [/home/malik/andromeda_ila/AXI-Dot-Product-Accelerator/Vivado/puzhi/puzhi.gen/sources_1/ip/floating_point_2/floating_point_2/floating_point_2_in_context.xdc] for cell 'inst/dot_product_inst/dpe_inst/genblk5[28].add2'
Parsing XDC File [/home/malik/andromeda_ila/AXI-Dot-Product-Accelerator/Vivado/puzhi/puzhi.gen/sources_1/ip/floating_point_2/floating_point_2/floating_point_2_in_context.xdc] for cell 'inst/dot_product_inst/dpe_inst/genblk5[29].add2'
Finished Parsing XDC File [/home/malik/andromeda_ila/AXI-Dot-Product-Accelerator/Vivado/puzhi/puzhi.gen/sources_1/ip/floating_point_2/floating_point_2/floating_point_2_in_context.xdc] for cell 'inst/dot_product_inst/dpe_inst/genblk5[29].add2'
Parsing XDC File [/home/malik/andromeda_ila/AXI-Dot-Product-Accelerator/Vivado/puzhi/puzhi.gen/sources_1/ip/floating_point_2/floating_point_2/floating_point_2_in_context.xdc] for cell 'inst/dot_product_inst/dpe_inst/genblk5[30].add2'
Finished Parsing XDC File [/home/malik/andromeda_ila/AXI-Dot-Product-Accelerator/Vivado/puzhi/puzhi.gen/sources_1/ip/floating_point_2/floating_point_2/floating_point_2_in_context.xdc] for cell 'inst/dot_product_inst/dpe_inst/genblk5[30].add2'
Parsing XDC File [/home/malik/andromeda_ila/AXI-Dot-Product-Accelerator/Vivado/puzhi/puzhi.gen/sources_1/ip/floating_point_2/floating_point_2/floating_point_2_in_context.xdc] for cell 'inst/dot_product_inst/dpe_inst/genblk5[31].add2'
Finished Parsing XDC File [/home/malik/andromeda_ila/AXI-Dot-Product-Accelerator/Vivado/puzhi/puzhi.gen/sources_1/ip/floating_point_2/floating_point_2/floating_point_2_in_context.xdc] for cell 'inst/dot_product_inst/dpe_inst/genblk5[31].add2'
Parsing XDC File [/home/malik/andromeda_ila/AXI-Dot-Product-Accelerator/Vivado/puzhi/puzhi.gen/sources_1/ip/floating_point_2/floating_point_2/floating_point_2_in_context.xdc] for cell 'inst/dot_product_inst/dpe_inst/genblk6[0].add3'
Finished Parsing XDC File [/home/malik/andromeda_ila/AXI-Dot-Product-Accelerator/Vivado/puzhi/puzhi.gen/sources_1/ip/floating_point_2/floating_point_2/floating_point_2_in_context.xdc] for cell 'inst/dot_product_inst/dpe_inst/genblk6[0].add3'
Parsing XDC File [/home/malik/andromeda_ila/AXI-Dot-Product-Accelerator/Vivado/puzhi/puzhi.gen/sources_1/ip/floating_point_2/floating_point_2/floating_point_2_in_context.xdc] for cell 'inst/dot_product_inst/dpe_inst/genblk6[1].add3'
Finished Parsing XDC File [/home/malik/andromeda_ila/AXI-Dot-Product-Accelerator/Vivado/puzhi/puzhi.gen/sources_1/ip/floating_point_2/floating_point_2/floating_point_2_in_context.xdc] for cell 'inst/dot_product_inst/dpe_inst/genblk6[1].add3'
Parsing XDC File [/home/malik/andromeda_ila/AXI-Dot-Product-Accelerator/Vivado/puzhi/puzhi.gen/sources_1/ip/floating_point_2/floating_point_2/floating_point_2_in_context.xdc] for cell 'inst/dot_product_inst/dpe_inst/genblk6[2].add3'
Finished Parsing XDC File [/home/malik/andromeda_ila/AXI-Dot-Product-Accelerator/Vivado/puzhi/puzhi.gen/sources_1/ip/floating_point_2/floating_point_2/floating_point_2_in_context.xdc] for cell 'inst/dot_product_inst/dpe_inst/genblk6[2].add3'
Parsing XDC File [/home/malik/andromeda_ila/AXI-Dot-Product-Accelerator/Vivado/puzhi/puzhi.gen/sources_1/ip/floating_point_2/floating_point_2/floating_point_2_in_context.xdc] for cell 'inst/dot_product_inst/dpe_inst/genblk6[3].add3'
Finished Parsing XDC File [/home/malik/andromeda_ila/AXI-Dot-Product-Accelerator/Vivado/puzhi/puzhi.gen/sources_1/ip/floating_point_2/floating_point_2/floating_point_2_in_context.xdc] for cell 'inst/dot_product_inst/dpe_inst/genblk6[3].add3'
Parsing XDC File [/home/malik/andromeda_ila/AXI-Dot-Product-Accelerator/Vivado/puzhi/puzhi.gen/sources_1/ip/floating_point_2/floating_point_2/floating_point_2_in_context.xdc] for cell 'inst/dot_product_inst/dpe_inst/genblk6[4].add3'
Finished Parsing XDC File [/home/malik/andromeda_ila/AXI-Dot-Product-Accelerator/Vivado/puzhi/puzhi.gen/sources_1/ip/floating_point_2/floating_point_2/floating_point_2_in_context.xdc] for cell 'inst/dot_product_inst/dpe_inst/genblk6[4].add3'
Parsing XDC File [/home/malik/andromeda_ila/AXI-Dot-Product-Accelerator/Vivado/puzhi/puzhi.gen/sources_1/ip/floating_point_2/floating_point_2/floating_point_2_in_context.xdc] for cell 'inst/dot_product_inst/dpe_inst/genblk6[5].add3'
Finished Parsing XDC File [/home/malik/andromeda_ila/AXI-Dot-Product-Accelerator/Vivado/puzhi/puzhi.gen/sources_1/ip/floating_point_2/floating_point_2/floating_point_2_in_context.xdc] for cell 'inst/dot_product_inst/dpe_inst/genblk6[5].add3'
Parsing XDC File [/home/malik/andromeda_ila/AXI-Dot-Product-Accelerator/Vivado/puzhi/puzhi.gen/sources_1/ip/floating_point_2/floating_point_2/floating_point_2_in_context.xdc] for cell 'inst/dot_product_inst/dpe_inst/genblk6[6].add3'
Finished Parsing XDC File [/home/malik/andromeda_ila/AXI-Dot-Product-Accelerator/Vivado/puzhi/puzhi.gen/sources_1/ip/floating_point_2/floating_point_2/floating_point_2_in_context.xdc] for cell 'inst/dot_product_inst/dpe_inst/genblk6[6].add3'
Parsing XDC File [/home/malik/andromeda_ila/AXI-Dot-Product-Accelerator/Vivado/puzhi/puzhi.gen/sources_1/ip/floating_point_2/floating_point_2/floating_point_2_in_context.xdc] for cell 'inst/dot_product_inst/dpe_inst/genblk6[7].add3'
Finished Parsing XDC File [/home/malik/andromeda_ila/AXI-Dot-Product-Accelerator/Vivado/puzhi/puzhi.gen/sources_1/ip/floating_point_2/floating_point_2/floating_point_2_in_context.xdc] for cell 'inst/dot_product_inst/dpe_inst/genblk6[7].add3'
Parsing XDC File [/home/malik/andromeda_ila/AXI-Dot-Product-Accelerator/Vivado/puzhi/puzhi.gen/sources_1/ip/floating_point_2/floating_point_2/floating_point_2_in_context.xdc] for cell 'inst/dot_product_inst/dpe_inst/genblk6[8].add3'
Finished Parsing XDC File [/home/malik/andromeda_ila/AXI-Dot-Product-Accelerator/Vivado/puzhi/puzhi.gen/sources_1/ip/floating_point_2/floating_point_2/floating_point_2_in_context.xdc] for cell 'inst/dot_product_inst/dpe_inst/genblk6[8].add3'
Parsing XDC File [/home/malik/andromeda_ila/AXI-Dot-Product-Accelerator/Vivado/puzhi/puzhi.gen/sources_1/ip/floating_point_2/floating_point_2/floating_point_2_in_context.xdc] for cell 'inst/dot_product_inst/dpe_inst/genblk6[9].add3'
Finished Parsing XDC File [/home/malik/andromeda_ila/AXI-Dot-Product-Accelerator/Vivado/puzhi/puzhi.gen/sources_1/ip/floating_point_2/floating_point_2/floating_point_2_in_context.xdc] for cell 'inst/dot_product_inst/dpe_inst/genblk6[9].add3'
Parsing XDC File [/home/malik/andromeda_ila/AXI-Dot-Product-Accelerator/Vivado/puzhi/puzhi.gen/sources_1/ip/floating_point_2/floating_point_2/floating_point_2_in_context.xdc] for cell 'inst/dot_product_inst/dpe_inst/genblk6[10].add3'
Finished Parsing XDC File [/home/malik/andromeda_ila/AXI-Dot-Product-Accelerator/Vivado/puzhi/puzhi.gen/sources_1/ip/floating_point_2/floating_point_2/floating_point_2_in_context.xdc] for cell 'inst/dot_product_inst/dpe_inst/genblk6[10].add3'
Parsing XDC File [/home/malik/andromeda_ila/AXI-Dot-Product-Accelerator/Vivado/puzhi/puzhi.gen/sources_1/ip/floating_point_2/floating_point_2/floating_point_2_in_context.xdc] for cell 'inst/dot_product_inst/dpe_inst/genblk6[11].add3'
Finished Parsing XDC File [/home/malik/andromeda_ila/AXI-Dot-Product-Accelerator/Vivado/puzhi/puzhi.gen/sources_1/ip/floating_point_2/floating_point_2/floating_point_2_in_context.xdc] for cell 'inst/dot_product_inst/dpe_inst/genblk6[11].add3'
Parsing XDC File [/home/malik/andromeda_ila/AXI-Dot-Product-Accelerator/Vivado/puzhi/puzhi.gen/sources_1/ip/floating_point_2/floating_point_2/floating_point_2_in_context.xdc] for cell 'inst/dot_product_inst/dpe_inst/genblk6[12].add3'
Finished Parsing XDC File [/home/malik/andromeda_ila/AXI-Dot-Product-Accelerator/Vivado/puzhi/puzhi.gen/sources_1/ip/floating_point_2/floating_point_2/floating_point_2_in_context.xdc] for cell 'inst/dot_product_inst/dpe_inst/genblk6[12].add3'
Parsing XDC File [/home/malik/andromeda_ila/AXI-Dot-Product-Accelerator/Vivado/puzhi/puzhi.gen/sources_1/ip/floating_point_2/floating_point_2/floating_point_2_in_context.xdc] for cell 'inst/dot_product_inst/dpe_inst/genblk6[13].add3'
Finished Parsing XDC File [/home/malik/andromeda_ila/AXI-Dot-Product-Accelerator/Vivado/puzhi/puzhi.gen/sources_1/ip/floating_point_2/floating_point_2/floating_point_2_in_context.xdc] for cell 'inst/dot_product_inst/dpe_inst/genblk6[13].add3'
Parsing XDC File [/home/malik/andromeda_ila/AXI-Dot-Product-Accelerator/Vivado/puzhi/puzhi.gen/sources_1/ip/floating_point_2/floating_point_2/floating_point_2_in_context.xdc] for cell 'inst/dot_product_inst/dpe_inst/genblk6[14].add3'
Finished Parsing XDC File [/home/malik/andromeda_ila/AXI-Dot-Product-Accelerator/Vivado/puzhi/puzhi.gen/sources_1/ip/floating_point_2/floating_point_2/floating_point_2_in_context.xdc] for cell 'inst/dot_product_inst/dpe_inst/genblk6[14].add3'
Parsing XDC File [/home/malik/andromeda_ila/AXI-Dot-Product-Accelerator/Vivado/puzhi/puzhi.gen/sources_1/ip/floating_point_2/floating_point_2/floating_point_2_in_context.xdc] for cell 'inst/dot_product_inst/dpe_inst/genblk6[15].add3'
Finished Parsing XDC File [/home/malik/andromeda_ila/AXI-Dot-Product-Accelerator/Vivado/puzhi/puzhi.gen/sources_1/ip/floating_point_2/floating_point_2/floating_point_2_in_context.xdc] for cell 'inst/dot_product_inst/dpe_inst/genblk6[15].add3'
Parsing XDC File [/home/malik/andromeda_ila/AXI-Dot-Product-Accelerator/Vivado/puzhi/puzhi.gen/sources_1/ip/floating_point_2/floating_point_2/floating_point_2_in_context.xdc] for cell 'inst/dot_product_inst/dpe_inst/genblk7[0].add4'
Finished Parsing XDC File [/home/malik/andromeda_ila/AXI-Dot-Product-Accelerator/Vivado/puzhi/puzhi.gen/sources_1/ip/floating_point_2/floating_point_2/floating_point_2_in_context.xdc] for cell 'inst/dot_product_inst/dpe_inst/genblk7[0].add4'
Parsing XDC File [/home/malik/andromeda_ila/AXI-Dot-Product-Accelerator/Vivado/puzhi/puzhi.gen/sources_1/ip/floating_point_2/floating_point_2/floating_point_2_in_context.xdc] for cell 'inst/dot_product_inst/dpe_inst/genblk7[1].add4'
Finished Parsing XDC File [/home/malik/andromeda_ila/AXI-Dot-Product-Accelerator/Vivado/puzhi/puzhi.gen/sources_1/ip/floating_point_2/floating_point_2/floating_point_2_in_context.xdc] for cell 'inst/dot_product_inst/dpe_inst/genblk7[1].add4'
Parsing XDC File [/home/malik/andromeda_ila/AXI-Dot-Product-Accelerator/Vivado/puzhi/puzhi.gen/sources_1/ip/floating_point_2/floating_point_2/floating_point_2_in_context.xdc] for cell 'inst/dot_product_inst/dpe_inst/genblk7[2].add4'
Finished Parsing XDC File [/home/malik/andromeda_ila/AXI-Dot-Product-Accelerator/Vivado/puzhi/puzhi.gen/sources_1/ip/floating_point_2/floating_point_2/floating_point_2_in_context.xdc] for cell 'inst/dot_product_inst/dpe_inst/genblk7[2].add4'
Parsing XDC File [/home/malik/andromeda_ila/AXI-Dot-Product-Accelerator/Vivado/puzhi/puzhi.gen/sources_1/ip/floating_point_2/floating_point_2/floating_point_2_in_context.xdc] for cell 'inst/dot_product_inst/dpe_inst/genblk7[3].add4'
Finished Parsing XDC File [/home/malik/andromeda_ila/AXI-Dot-Product-Accelerator/Vivado/puzhi/puzhi.gen/sources_1/ip/floating_point_2/floating_point_2/floating_point_2_in_context.xdc] for cell 'inst/dot_product_inst/dpe_inst/genblk7[3].add4'
Parsing XDC File [/home/malik/andromeda_ila/AXI-Dot-Product-Accelerator/Vivado/puzhi/puzhi.gen/sources_1/ip/floating_point_2/floating_point_2/floating_point_2_in_context.xdc] for cell 'inst/dot_product_inst/dpe_inst/genblk7[4].add4'
Finished Parsing XDC File [/home/malik/andromeda_ila/AXI-Dot-Product-Accelerator/Vivado/puzhi/puzhi.gen/sources_1/ip/floating_point_2/floating_point_2/floating_point_2_in_context.xdc] for cell 'inst/dot_product_inst/dpe_inst/genblk7[4].add4'
Parsing XDC File [/home/malik/andromeda_ila/AXI-Dot-Product-Accelerator/Vivado/puzhi/puzhi.gen/sources_1/ip/floating_point_2/floating_point_2/floating_point_2_in_context.xdc] for cell 'inst/dot_product_inst/dpe_inst/genblk7[5].add4'
Finished Parsing XDC File [/home/malik/andromeda_ila/AXI-Dot-Product-Accelerator/Vivado/puzhi/puzhi.gen/sources_1/ip/floating_point_2/floating_point_2/floating_point_2_in_context.xdc] for cell 'inst/dot_product_inst/dpe_inst/genblk7[5].add4'
Parsing XDC File [/home/malik/andromeda_ila/AXI-Dot-Product-Accelerator/Vivado/puzhi/puzhi.gen/sources_1/ip/floating_point_2/floating_point_2/floating_point_2_in_context.xdc] for cell 'inst/dot_product_inst/dpe_inst/genblk7[6].add4'
Finished Parsing XDC File [/home/malik/andromeda_ila/AXI-Dot-Product-Accelerator/Vivado/puzhi/puzhi.gen/sources_1/ip/floating_point_2/floating_point_2/floating_point_2_in_context.xdc] for cell 'inst/dot_product_inst/dpe_inst/genblk7[6].add4'
Parsing XDC File [/home/malik/andromeda_ila/AXI-Dot-Product-Accelerator/Vivado/puzhi/puzhi.gen/sources_1/ip/floating_point_2/floating_point_2/floating_point_2_in_context.xdc] for cell 'inst/dot_product_inst/dpe_inst/genblk7[7].add4'
Finished Parsing XDC File [/home/malik/andromeda_ila/AXI-Dot-Product-Accelerator/Vivado/puzhi/puzhi.gen/sources_1/ip/floating_point_2/floating_point_2/floating_point_2_in_context.xdc] for cell 'inst/dot_product_inst/dpe_inst/genblk7[7].add4'
Parsing XDC File [/home/malik/andromeda_ila/AXI-Dot-Product-Accelerator/Vivado/puzhi/puzhi.gen/sources_1/ip/floating_point_2/floating_point_2/floating_point_2_in_context.xdc] for cell 'inst/dot_product_inst/dpe_inst/genblk8[0].add5'
Finished Parsing XDC File [/home/malik/andromeda_ila/AXI-Dot-Product-Accelerator/Vivado/puzhi/puzhi.gen/sources_1/ip/floating_point_2/floating_point_2/floating_point_2_in_context.xdc] for cell 'inst/dot_product_inst/dpe_inst/genblk8[0].add5'
Parsing XDC File [/home/malik/andromeda_ila/AXI-Dot-Product-Accelerator/Vivado/puzhi/puzhi.gen/sources_1/ip/floating_point_2/floating_point_2/floating_point_2_in_context.xdc] for cell 'inst/dot_product_inst/dpe_inst/genblk8[1].add5'
Finished Parsing XDC File [/home/malik/andromeda_ila/AXI-Dot-Product-Accelerator/Vivado/puzhi/puzhi.gen/sources_1/ip/floating_point_2/floating_point_2/floating_point_2_in_context.xdc] for cell 'inst/dot_product_inst/dpe_inst/genblk8[1].add5'
Parsing XDC File [/home/malik/andromeda_ila/AXI-Dot-Product-Accelerator/Vivado/puzhi/puzhi.gen/sources_1/ip/floating_point_2/floating_point_2/floating_point_2_in_context.xdc] for cell 'inst/dot_product_inst/dpe_inst/genblk8[2].add5'
Finished Parsing XDC File [/home/malik/andromeda_ila/AXI-Dot-Product-Accelerator/Vivado/puzhi/puzhi.gen/sources_1/ip/floating_point_2/floating_point_2/floating_point_2_in_context.xdc] for cell 'inst/dot_product_inst/dpe_inst/genblk8[2].add5'
Parsing XDC File [/home/malik/andromeda_ila/AXI-Dot-Product-Accelerator/Vivado/puzhi/puzhi.gen/sources_1/ip/floating_point_2/floating_point_2/floating_point_2_in_context.xdc] for cell 'inst/dot_product_inst/dpe_inst/genblk8[3].add5'
Finished Parsing XDC File [/home/malik/andromeda_ila/AXI-Dot-Product-Accelerator/Vivado/puzhi/puzhi.gen/sources_1/ip/floating_point_2/floating_point_2/floating_point_2_in_context.xdc] for cell 'inst/dot_product_inst/dpe_inst/genblk8[3].add5'
Parsing XDC File [/home/malik/andromeda_ila/AXI-Dot-Product-Accelerator/Vivado/puzhi/puzhi.gen/sources_1/ip/floating_point_2/floating_point_2/floating_point_2_in_context.xdc] for cell 'inst/dot_product_inst/dpe_inst/genblk9[0].add6'
Finished Parsing XDC File [/home/malik/andromeda_ila/AXI-Dot-Product-Accelerator/Vivado/puzhi/puzhi.gen/sources_1/ip/floating_point_2/floating_point_2/floating_point_2_in_context.xdc] for cell 'inst/dot_product_inst/dpe_inst/genblk9[0].add6'
Parsing XDC File [/home/malik/andromeda_ila/AXI-Dot-Product-Accelerator/Vivado/puzhi/puzhi.gen/sources_1/ip/floating_point_2/floating_point_2/floating_point_2_in_context.xdc] for cell 'inst/dot_product_inst/dpe_inst/genblk9[1].add6'
Finished Parsing XDC File [/home/malik/andromeda_ila/AXI-Dot-Product-Accelerator/Vivado/puzhi/puzhi.gen/sources_1/ip/floating_point_2/floating_point_2/floating_point_2_in_context.xdc] for cell 'inst/dot_product_inst/dpe_inst/genblk9[1].add6'
Parsing XDC File [/home/malik/andromeda_ila/AXI-Dot-Product-Accelerator/Vivado/puzhi/puzhi.gen/sources_1/ip/floating_point_2/floating_point_2/floating_point_2_in_context.xdc] for cell 'inst/dot_product_inst/dpe_inst/add7'
Finished Parsing XDC File [/home/malik/andromeda_ila/AXI-Dot-Product-Accelerator/Vivado/puzhi/puzhi.gen/sources_1/ip/floating_point_2/floating_point_2/floating_point_2_in_context.xdc] for cell 'inst/dot_product_inst/dpe_inst/add7'
Parsing XDC File [/home/malik/andromeda_ila/AXI-Dot-Product-Accelerator/Vivado/puzhi/puzhi.gen/sources_1/ip/floating_point_1/floating_point_1/floating_point_1_in_context.xdc] for cell 'inst/dot_product_inst/dpe_inst/GEN_MUL[0].fp_mult'
Finished Parsing XDC File [/home/malik/andromeda_ila/AXI-Dot-Product-Accelerator/Vivado/puzhi/puzhi.gen/sources_1/ip/floating_point_1/floating_point_1/floating_point_1_in_context.xdc] for cell 'inst/dot_product_inst/dpe_inst/GEN_MUL[0].fp_mult'
Parsing XDC File [/home/malik/andromeda_ila/AXI-Dot-Product-Accelerator/Vivado/puzhi/puzhi.gen/sources_1/ip/floating_point_1/floating_point_1/floating_point_1_in_context.xdc] for cell 'inst/dot_product_inst/dpe_inst/GEN_MUL[1].fp_mult'
Finished Parsing XDC File [/home/malik/andromeda_ila/AXI-Dot-Product-Accelerator/Vivado/puzhi/puzhi.gen/sources_1/ip/floating_point_1/floating_point_1/floating_point_1_in_context.xdc] for cell 'inst/dot_product_inst/dpe_inst/GEN_MUL[1].fp_mult'
Parsing XDC File [/home/malik/andromeda_ila/AXI-Dot-Product-Accelerator/Vivado/puzhi/puzhi.gen/sources_1/ip/floating_point_1/floating_point_1/floating_point_1_in_context.xdc] for cell 'inst/dot_product_inst/dpe_inst/GEN_MUL[2].fp_mult'
Finished Parsing XDC File [/home/malik/andromeda_ila/AXI-Dot-Product-Accelerator/Vivado/puzhi/puzhi.gen/sources_1/ip/floating_point_1/floating_point_1/floating_point_1_in_context.xdc] for cell 'inst/dot_product_inst/dpe_inst/GEN_MUL[2].fp_mult'
Parsing XDC File [/home/malik/andromeda_ila/AXI-Dot-Product-Accelerator/Vivado/puzhi/puzhi.gen/sources_1/ip/floating_point_1/floating_point_1/floating_point_1_in_context.xdc] for cell 'inst/dot_product_inst/dpe_inst/GEN_MUL[3].fp_mult'
Finished Parsing XDC File [/home/malik/andromeda_ila/AXI-Dot-Product-Accelerator/Vivado/puzhi/puzhi.gen/sources_1/ip/floating_point_1/floating_point_1/floating_point_1_in_context.xdc] for cell 'inst/dot_product_inst/dpe_inst/GEN_MUL[3].fp_mult'
Parsing XDC File [/home/malik/andromeda_ila/AXI-Dot-Product-Accelerator/Vivado/puzhi/puzhi.gen/sources_1/ip/floating_point_1/floating_point_1/floating_point_1_in_context.xdc] for cell 'inst/dot_product_inst/dpe_inst/GEN_MUL[4].fp_mult'
Finished Parsing XDC File [/home/malik/andromeda_ila/AXI-Dot-Product-Accelerator/Vivado/puzhi/puzhi.gen/sources_1/ip/floating_point_1/floating_point_1/floating_point_1_in_context.xdc] for cell 'inst/dot_product_inst/dpe_inst/GEN_MUL[4].fp_mult'
Parsing XDC File [/home/malik/andromeda_ila/AXI-Dot-Product-Accelerator/Vivado/puzhi/puzhi.gen/sources_1/ip/floating_point_1/floating_point_1/floating_point_1_in_context.xdc] for cell 'inst/dot_product_inst/dpe_inst/GEN_MUL[5].fp_mult'
Finished Parsing XDC File [/home/malik/andromeda_ila/AXI-Dot-Product-Accelerator/Vivado/puzhi/puzhi.gen/sources_1/ip/floating_point_1/floating_point_1/floating_point_1_in_context.xdc] for cell 'inst/dot_product_inst/dpe_inst/GEN_MUL[5].fp_mult'
Parsing XDC File [/home/malik/andromeda_ila/AXI-Dot-Product-Accelerator/Vivado/puzhi/puzhi.gen/sources_1/ip/floating_point_1/floating_point_1/floating_point_1_in_context.xdc] for cell 'inst/dot_product_inst/dpe_inst/GEN_MUL[6].fp_mult'
Finished Parsing XDC File [/home/malik/andromeda_ila/AXI-Dot-Product-Accelerator/Vivado/puzhi/puzhi.gen/sources_1/ip/floating_point_1/floating_point_1/floating_point_1_in_context.xdc] for cell 'inst/dot_product_inst/dpe_inst/GEN_MUL[6].fp_mult'
Parsing XDC File [/home/malik/andromeda_ila/AXI-Dot-Product-Accelerator/Vivado/puzhi/puzhi.gen/sources_1/ip/floating_point_1/floating_point_1/floating_point_1_in_context.xdc] for cell 'inst/dot_product_inst/dpe_inst/GEN_MUL[7].fp_mult'
Finished Parsing XDC File [/home/malik/andromeda_ila/AXI-Dot-Product-Accelerator/Vivado/puzhi/puzhi.gen/sources_1/ip/floating_point_1/floating_point_1/floating_point_1_in_context.xdc] for cell 'inst/dot_product_inst/dpe_inst/GEN_MUL[7].fp_mult'
Parsing XDC File [/home/malik/andromeda_ila/AXI-Dot-Product-Accelerator/Vivado/puzhi/puzhi.gen/sources_1/ip/floating_point_1/floating_point_1/floating_point_1_in_context.xdc] for cell 'inst/dot_product_inst/dpe_inst/GEN_MUL[8].fp_mult'
Finished Parsing XDC File [/home/malik/andromeda_ila/AXI-Dot-Product-Accelerator/Vivado/puzhi/puzhi.gen/sources_1/ip/floating_point_1/floating_point_1/floating_point_1_in_context.xdc] for cell 'inst/dot_product_inst/dpe_inst/GEN_MUL[8].fp_mult'
Parsing XDC File [/home/malik/andromeda_ila/AXI-Dot-Product-Accelerator/Vivado/puzhi/puzhi.gen/sources_1/ip/floating_point_1/floating_point_1/floating_point_1_in_context.xdc] for cell 'inst/dot_product_inst/dpe_inst/GEN_MUL[9].fp_mult'
Finished Parsing XDC File [/home/malik/andromeda_ila/AXI-Dot-Product-Accelerator/Vivado/puzhi/puzhi.gen/sources_1/ip/floating_point_1/floating_point_1/floating_point_1_in_context.xdc] for cell 'inst/dot_product_inst/dpe_inst/GEN_MUL[9].fp_mult'
Parsing XDC File [/home/malik/andromeda_ila/AXI-Dot-Product-Accelerator/Vivado/puzhi/puzhi.gen/sources_1/ip/floating_point_1/floating_point_1/floating_point_1_in_context.xdc] for cell 'inst/dot_product_inst/dpe_inst/GEN_MUL[10].fp_mult'
Finished Parsing XDC File [/home/malik/andromeda_ila/AXI-Dot-Product-Accelerator/Vivado/puzhi/puzhi.gen/sources_1/ip/floating_point_1/floating_point_1/floating_point_1_in_context.xdc] for cell 'inst/dot_product_inst/dpe_inst/GEN_MUL[10].fp_mult'
Parsing XDC File [/home/malik/andromeda_ila/AXI-Dot-Product-Accelerator/Vivado/puzhi/puzhi.gen/sources_1/ip/floating_point_1/floating_point_1/floating_point_1_in_context.xdc] for cell 'inst/dot_product_inst/dpe_inst/GEN_MUL[11].fp_mult'
Finished Parsing XDC File [/home/malik/andromeda_ila/AXI-Dot-Product-Accelerator/Vivado/puzhi/puzhi.gen/sources_1/ip/floating_point_1/floating_point_1/floating_point_1_in_context.xdc] for cell 'inst/dot_product_inst/dpe_inst/GEN_MUL[11].fp_mult'
Parsing XDC File [/home/malik/andromeda_ila/AXI-Dot-Product-Accelerator/Vivado/puzhi/puzhi.gen/sources_1/ip/floating_point_1/floating_point_1/floating_point_1_in_context.xdc] for cell 'inst/dot_product_inst/dpe_inst/GEN_MUL[12].fp_mult'
Finished Parsing XDC File [/home/malik/andromeda_ila/AXI-Dot-Product-Accelerator/Vivado/puzhi/puzhi.gen/sources_1/ip/floating_point_1/floating_point_1/floating_point_1_in_context.xdc] for cell 'inst/dot_product_inst/dpe_inst/GEN_MUL[12].fp_mult'
Parsing XDC File [/home/malik/andromeda_ila/AXI-Dot-Product-Accelerator/Vivado/puzhi/puzhi.gen/sources_1/ip/floating_point_1/floating_point_1/floating_point_1_in_context.xdc] for cell 'inst/dot_product_inst/dpe_inst/GEN_MUL[13].fp_mult'
Finished Parsing XDC File [/home/malik/andromeda_ila/AXI-Dot-Product-Accelerator/Vivado/puzhi/puzhi.gen/sources_1/ip/floating_point_1/floating_point_1/floating_point_1_in_context.xdc] for cell 'inst/dot_product_inst/dpe_inst/GEN_MUL[13].fp_mult'
Parsing XDC File [/home/malik/andromeda_ila/AXI-Dot-Product-Accelerator/Vivado/puzhi/puzhi.gen/sources_1/ip/floating_point_1/floating_point_1/floating_point_1_in_context.xdc] for cell 'inst/dot_product_inst/dpe_inst/GEN_MUL[14].fp_mult'
Finished Parsing XDC File [/home/malik/andromeda_ila/AXI-Dot-Product-Accelerator/Vivado/puzhi/puzhi.gen/sources_1/ip/floating_point_1/floating_point_1/floating_point_1_in_context.xdc] for cell 'inst/dot_product_inst/dpe_inst/GEN_MUL[14].fp_mult'
Parsing XDC File [/home/malik/andromeda_ila/AXI-Dot-Product-Accelerator/Vivado/puzhi/puzhi.gen/sources_1/ip/floating_point_1/floating_point_1/floating_point_1_in_context.xdc] for cell 'inst/dot_product_inst/dpe_inst/GEN_MUL[15].fp_mult'
Finished Parsing XDC File [/home/malik/andromeda_ila/AXI-Dot-Product-Accelerator/Vivado/puzhi/puzhi.gen/sources_1/ip/floating_point_1/floating_point_1/floating_point_1_in_context.xdc] for cell 'inst/dot_product_inst/dpe_inst/GEN_MUL[15].fp_mult'
Parsing XDC File [/home/malik/andromeda_ila/AXI-Dot-Product-Accelerator/Vivado/puzhi/puzhi.gen/sources_1/ip/floating_point_1/floating_point_1/floating_point_1_in_context.xdc] for cell 'inst/dot_product_inst/dpe_inst/GEN_MUL[16].fp_mult'
Finished Parsing XDC File [/home/malik/andromeda_ila/AXI-Dot-Product-Accelerator/Vivado/puzhi/puzhi.gen/sources_1/ip/floating_point_1/floating_point_1/floating_point_1_in_context.xdc] for cell 'inst/dot_product_inst/dpe_inst/GEN_MUL[16].fp_mult'
Parsing XDC File [/home/malik/andromeda_ila/AXI-Dot-Product-Accelerator/Vivado/puzhi/puzhi.gen/sources_1/ip/floating_point_1/floating_point_1/floating_point_1_in_context.xdc] for cell 'inst/dot_product_inst/dpe_inst/GEN_MUL[17].fp_mult'
Finished Parsing XDC File [/home/malik/andromeda_ila/AXI-Dot-Product-Accelerator/Vivado/puzhi/puzhi.gen/sources_1/ip/floating_point_1/floating_point_1/floating_point_1_in_context.xdc] for cell 'inst/dot_product_inst/dpe_inst/GEN_MUL[17].fp_mult'
Parsing XDC File [/home/malik/andromeda_ila/AXI-Dot-Product-Accelerator/Vivado/puzhi/puzhi.gen/sources_1/ip/floating_point_1/floating_point_1/floating_point_1_in_context.xdc] for cell 'inst/dot_product_inst/dpe_inst/GEN_MUL[18].fp_mult'
Finished Parsing XDC File [/home/malik/andromeda_ila/AXI-Dot-Product-Accelerator/Vivado/puzhi/puzhi.gen/sources_1/ip/floating_point_1/floating_point_1/floating_point_1_in_context.xdc] for cell 'inst/dot_product_inst/dpe_inst/GEN_MUL[18].fp_mult'
Parsing XDC File [/home/malik/andromeda_ila/AXI-Dot-Product-Accelerator/Vivado/puzhi/puzhi.gen/sources_1/ip/floating_point_1/floating_point_1/floating_point_1_in_context.xdc] for cell 'inst/dot_product_inst/dpe_inst/GEN_MUL[19].fp_mult'
Finished Parsing XDC File [/home/malik/andromeda_ila/AXI-Dot-Product-Accelerator/Vivado/puzhi/puzhi.gen/sources_1/ip/floating_point_1/floating_point_1/floating_point_1_in_context.xdc] for cell 'inst/dot_product_inst/dpe_inst/GEN_MUL[19].fp_mult'
Parsing XDC File [/home/malik/andromeda_ila/AXI-Dot-Product-Accelerator/Vivado/puzhi/puzhi.gen/sources_1/ip/floating_point_1/floating_point_1/floating_point_1_in_context.xdc] for cell 'inst/dot_product_inst/dpe_inst/GEN_MUL[20].fp_mult'
Finished Parsing XDC File [/home/malik/andromeda_ila/AXI-Dot-Product-Accelerator/Vivado/puzhi/puzhi.gen/sources_1/ip/floating_point_1/floating_point_1/floating_point_1_in_context.xdc] for cell 'inst/dot_product_inst/dpe_inst/GEN_MUL[20].fp_mult'
Parsing XDC File [/home/malik/andromeda_ila/AXI-Dot-Product-Accelerator/Vivado/puzhi/puzhi.gen/sources_1/ip/floating_point_1/floating_point_1/floating_point_1_in_context.xdc] for cell 'inst/dot_product_inst/dpe_inst/GEN_MUL[21].fp_mult'
Finished Parsing XDC File [/home/malik/andromeda_ila/AXI-Dot-Product-Accelerator/Vivado/puzhi/puzhi.gen/sources_1/ip/floating_point_1/floating_point_1/floating_point_1_in_context.xdc] for cell 'inst/dot_product_inst/dpe_inst/GEN_MUL[21].fp_mult'
Parsing XDC File [/home/malik/andromeda_ila/AXI-Dot-Product-Accelerator/Vivado/puzhi/puzhi.gen/sources_1/ip/floating_point_1/floating_point_1/floating_point_1_in_context.xdc] for cell 'inst/dot_product_inst/dpe_inst/GEN_MUL[22].fp_mult'
Finished Parsing XDC File [/home/malik/andromeda_ila/AXI-Dot-Product-Accelerator/Vivado/puzhi/puzhi.gen/sources_1/ip/floating_point_1/floating_point_1/floating_point_1_in_context.xdc] for cell 'inst/dot_product_inst/dpe_inst/GEN_MUL[22].fp_mult'
Parsing XDC File [/home/malik/andromeda_ila/AXI-Dot-Product-Accelerator/Vivado/puzhi/puzhi.gen/sources_1/ip/floating_point_1/floating_point_1/floating_point_1_in_context.xdc] for cell 'inst/dot_product_inst/dpe_inst/GEN_MUL[23].fp_mult'
Finished Parsing XDC File [/home/malik/andromeda_ila/AXI-Dot-Product-Accelerator/Vivado/puzhi/puzhi.gen/sources_1/ip/floating_point_1/floating_point_1/floating_point_1_in_context.xdc] for cell 'inst/dot_product_inst/dpe_inst/GEN_MUL[23].fp_mult'
Parsing XDC File [/home/malik/andromeda_ila/AXI-Dot-Product-Accelerator/Vivado/puzhi/puzhi.gen/sources_1/ip/floating_point_1/floating_point_1/floating_point_1_in_context.xdc] for cell 'inst/dot_product_inst/dpe_inst/GEN_MUL[24].fp_mult'
Finished Parsing XDC File [/home/malik/andromeda_ila/AXI-Dot-Product-Accelerator/Vivado/puzhi/puzhi.gen/sources_1/ip/floating_point_1/floating_point_1/floating_point_1_in_context.xdc] for cell 'inst/dot_product_inst/dpe_inst/GEN_MUL[24].fp_mult'
Parsing XDC File [/home/malik/andromeda_ila/AXI-Dot-Product-Accelerator/Vivado/puzhi/puzhi.gen/sources_1/ip/floating_point_1/floating_point_1/floating_point_1_in_context.xdc] for cell 'inst/dot_product_inst/dpe_inst/GEN_MUL[25].fp_mult'
Finished Parsing XDC File [/home/malik/andromeda_ila/AXI-Dot-Product-Accelerator/Vivado/puzhi/puzhi.gen/sources_1/ip/floating_point_1/floating_point_1/floating_point_1_in_context.xdc] for cell 'inst/dot_product_inst/dpe_inst/GEN_MUL[25].fp_mult'
Parsing XDC File [/home/malik/andromeda_ila/AXI-Dot-Product-Accelerator/Vivado/puzhi/puzhi.gen/sources_1/ip/floating_point_1/floating_point_1/floating_point_1_in_context.xdc] for cell 'inst/dot_product_inst/dpe_inst/GEN_MUL[26].fp_mult'
Finished Parsing XDC File [/home/malik/andromeda_ila/AXI-Dot-Product-Accelerator/Vivado/puzhi/puzhi.gen/sources_1/ip/floating_point_1/floating_point_1/floating_point_1_in_context.xdc] for cell 'inst/dot_product_inst/dpe_inst/GEN_MUL[26].fp_mult'
Parsing XDC File [/home/malik/andromeda_ila/AXI-Dot-Product-Accelerator/Vivado/puzhi/puzhi.gen/sources_1/ip/floating_point_1/floating_point_1/floating_point_1_in_context.xdc] for cell 'inst/dot_product_inst/dpe_inst/GEN_MUL[27].fp_mult'
Finished Parsing XDC File [/home/malik/andromeda_ila/AXI-Dot-Product-Accelerator/Vivado/puzhi/puzhi.gen/sources_1/ip/floating_point_1/floating_point_1/floating_point_1_in_context.xdc] for cell 'inst/dot_product_inst/dpe_inst/GEN_MUL[27].fp_mult'
Parsing XDC File [/home/malik/andromeda_ila/AXI-Dot-Product-Accelerator/Vivado/puzhi/puzhi.gen/sources_1/ip/floating_point_1/floating_point_1/floating_point_1_in_context.xdc] for cell 'inst/dot_product_inst/dpe_inst/GEN_MUL[28].fp_mult'
Finished Parsing XDC File [/home/malik/andromeda_ila/AXI-Dot-Product-Accelerator/Vivado/puzhi/puzhi.gen/sources_1/ip/floating_point_1/floating_point_1/floating_point_1_in_context.xdc] for cell 'inst/dot_product_inst/dpe_inst/GEN_MUL[28].fp_mult'
Parsing XDC File [/home/malik/andromeda_ila/AXI-Dot-Product-Accelerator/Vivado/puzhi/puzhi.gen/sources_1/ip/floating_point_1/floating_point_1/floating_point_1_in_context.xdc] for cell 'inst/dot_product_inst/dpe_inst/GEN_MUL[29].fp_mult'
Finished Parsing XDC File [/home/malik/andromeda_ila/AXI-Dot-Product-Accelerator/Vivado/puzhi/puzhi.gen/sources_1/ip/floating_point_1/floating_point_1/floating_point_1_in_context.xdc] for cell 'inst/dot_product_inst/dpe_inst/GEN_MUL[29].fp_mult'
Parsing XDC File [/home/malik/andromeda_ila/AXI-Dot-Product-Accelerator/Vivado/puzhi/puzhi.gen/sources_1/ip/floating_point_1/floating_point_1/floating_point_1_in_context.xdc] for cell 'inst/dot_product_inst/dpe_inst/GEN_MUL[30].fp_mult'
Finished Parsing XDC File [/home/malik/andromeda_ila/AXI-Dot-Product-Accelerator/Vivado/puzhi/puzhi.gen/sources_1/ip/floating_point_1/floating_point_1/floating_point_1_in_context.xdc] for cell 'inst/dot_product_inst/dpe_inst/GEN_MUL[30].fp_mult'
Parsing XDC File [/home/malik/andromeda_ila/AXI-Dot-Product-Accelerator/Vivado/puzhi/puzhi.gen/sources_1/ip/floating_point_1/floating_point_1/floating_point_1_in_context.xdc] for cell 'inst/dot_product_inst/dpe_inst/GEN_MUL[31].fp_mult'
Finished Parsing XDC File [/home/malik/andromeda_ila/AXI-Dot-Product-Accelerator/Vivado/puzhi/puzhi.gen/sources_1/ip/floating_point_1/floating_point_1/floating_point_1_in_context.xdc] for cell 'inst/dot_product_inst/dpe_inst/GEN_MUL[31].fp_mult'
Parsing XDC File [/home/malik/andromeda_ila/AXI-Dot-Product-Accelerator/Vivado/puzhi/puzhi.gen/sources_1/ip/floating_point_1/floating_point_1/floating_point_1_in_context.xdc] for cell 'inst/dot_product_inst/dpe_inst/GEN_MUL[32].fp_mult'
Finished Parsing XDC File [/home/malik/andromeda_ila/AXI-Dot-Product-Accelerator/Vivado/puzhi/puzhi.gen/sources_1/ip/floating_point_1/floating_point_1/floating_point_1_in_context.xdc] for cell 'inst/dot_product_inst/dpe_inst/GEN_MUL[32].fp_mult'
Parsing XDC File [/home/malik/andromeda_ila/AXI-Dot-Product-Accelerator/Vivado/puzhi/puzhi.gen/sources_1/ip/floating_point_1/floating_point_1/floating_point_1_in_context.xdc] for cell 'inst/dot_product_inst/dpe_inst/GEN_MUL[33].fp_mult'
Finished Parsing XDC File [/home/malik/andromeda_ila/AXI-Dot-Product-Accelerator/Vivado/puzhi/puzhi.gen/sources_1/ip/floating_point_1/floating_point_1/floating_point_1_in_context.xdc] for cell 'inst/dot_product_inst/dpe_inst/GEN_MUL[33].fp_mult'
Parsing XDC File [/home/malik/andromeda_ila/AXI-Dot-Product-Accelerator/Vivado/puzhi/puzhi.gen/sources_1/ip/floating_point_1/floating_point_1/floating_point_1_in_context.xdc] for cell 'inst/dot_product_inst/dpe_inst/GEN_MUL[34].fp_mult'
Finished Parsing XDC File [/home/malik/andromeda_ila/AXI-Dot-Product-Accelerator/Vivado/puzhi/puzhi.gen/sources_1/ip/floating_point_1/floating_point_1/floating_point_1_in_context.xdc] for cell 'inst/dot_product_inst/dpe_inst/GEN_MUL[34].fp_mult'
Parsing XDC File [/home/malik/andromeda_ila/AXI-Dot-Product-Accelerator/Vivado/puzhi/puzhi.gen/sources_1/ip/floating_point_1/floating_point_1/floating_point_1_in_context.xdc] for cell 'inst/dot_product_inst/dpe_inst/GEN_MUL[35].fp_mult'
Finished Parsing XDC File [/home/malik/andromeda_ila/AXI-Dot-Product-Accelerator/Vivado/puzhi/puzhi.gen/sources_1/ip/floating_point_1/floating_point_1/floating_point_1_in_context.xdc] for cell 'inst/dot_product_inst/dpe_inst/GEN_MUL[35].fp_mult'
Parsing XDC File [/home/malik/andromeda_ila/AXI-Dot-Product-Accelerator/Vivado/puzhi/puzhi.gen/sources_1/ip/floating_point_1/floating_point_1/floating_point_1_in_context.xdc] for cell 'inst/dot_product_inst/dpe_inst/GEN_MUL[36].fp_mult'
Finished Parsing XDC File [/home/malik/andromeda_ila/AXI-Dot-Product-Accelerator/Vivado/puzhi/puzhi.gen/sources_1/ip/floating_point_1/floating_point_1/floating_point_1_in_context.xdc] for cell 'inst/dot_product_inst/dpe_inst/GEN_MUL[36].fp_mult'
Parsing XDC File [/home/malik/andromeda_ila/AXI-Dot-Product-Accelerator/Vivado/puzhi/puzhi.gen/sources_1/ip/floating_point_1/floating_point_1/floating_point_1_in_context.xdc] for cell 'inst/dot_product_inst/dpe_inst/GEN_MUL[37].fp_mult'
Finished Parsing XDC File [/home/malik/andromeda_ila/AXI-Dot-Product-Accelerator/Vivado/puzhi/puzhi.gen/sources_1/ip/floating_point_1/floating_point_1/floating_point_1_in_context.xdc] for cell 'inst/dot_product_inst/dpe_inst/GEN_MUL[37].fp_mult'
Parsing XDC File [/home/malik/andromeda_ila/AXI-Dot-Product-Accelerator/Vivado/puzhi/puzhi.gen/sources_1/ip/floating_point_1/floating_point_1/floating_point_1_in_context.xdc] for cell 'inst/dot_product_inst/dpe_inst/GEN_MUL[38].fp_mult'
Finished Parsing XDC File [/home/malik/andromeda_ila/AXI-Dot-Product-Accelerator/Vivado/puzhi/puzhi.gen/sources_1/ip/floating_point_1/floating_point_1/floating_point_1_in_context.xdc] for cell 'inst/dot_product_inst/dpe_inst/GEN_MUL[38].fp_mult'
Parsing XDC File [/home/malik/andromeda_ila/AXI-Dot-Product-Accelerator/Vivado/puzhi/puzhi.gen/sources_1/ip/floating_point_1/floating_point_1/floating_point_1_in_context.xdc] for cell 'inst/dot_product_inst/dpe_inst/GEN_MUL[39].fp_mult'
Finished Parsing XDC File [/home/malik/andromeda_ila/AXI-Dot-Product-Accelerator/Vivado/puzhi/puzhi.gen/sources_1/ip/floating_point_1/floating_point_1/floating_point_1_in_context.xdc] for cell 'inst/dot_product_inst/dpe_inst/GEN_MUL[39].fp_mult'
Parsing XDC File [/home/malik/andromeda_ila/AXI-Dot-Product-Accelerator/Vivado/puzhi/puzhi.gen/sources_1/ip/floating_point_1/floating_point_1/floating_point_1_in_context.xdc] for cell 'inst/dot_product_inst/dpe_inst/GEN_MUL[40].fp_mult'
Finished Parsing XDC File [/home/malik/andromeda_ila/AXI-Dot-Product-Accelerator/Vivado/puzhi/puzhi.gen/sources_1/ip/floating_point_1/floating_point_1/floating_point_1_in_context.xdc] for cell 'inst/dot_product_inst/dpe_inst/GEN_MUL[40].fp_mult'
Parsing XDC File [/home/malik/andromeda_ila/AXI-Dot-Product-Accelerator/Vivado/puzhi/puzhi.gen/sources_1/ip/floating_point_1/floating_point_1/floating_point_1_in_context.xdc] for cell 'inst/dot_product_inst/dpe_inst/GEN_MUL[41].fp_mult'
Finished Parsing XDC File [/home/malik/andromeda_ila/AXI-Dot-Product-Accelerator/Vivado/puzhi/puzhi.gen/sources_1/ip/floating_point_1/floating_point_1/floating_point_1_in_context.xdc] for cell 'inst/dot_product_inst/dpe_inst/GEN_MUL[41].fp_mult'
Parsing XDC File [/home/malik/andromeda_ila/AXI-Dot-Product-Accelerator/Vivado/puzhi/puzhi.gen/sources_1/ip/floating_point_1/floating_point_1/floating_point_1_in_context.xdc] for cell 'inst/dot_product_inst/dpe_inst/GEN_MUL[42].fp_mult'
Finished Parsing XDC File [/home/malik/andromeda_ila/AXI-Dot-Product-Accelerator/Vivado/puzhi/puzhi.gen/sources_1/ip/floating_point_1/floating_point_1/floating_point_1_in_context.xdc] for cell 'inst/dot_product_inst/dpe_inst/GEN_MUL[42].fp_mult'
Parsing XDC File [/home/malik/andromeda_ila/AXI-Dot-Product-Accelerator/Vivado/puzhi/puzhi.gen/sources_1/ip/floating_point_1/floating_point_1/floating_point_1_in_context.xdc] for cell 'inst/dot_product_inst/dpe_inst/GEN_MUL[43].fp_mult'
Finished Parsing XDC File [/home/malik/andromeda_ila/AXI-Dot-Product-Accelerator/Vivado/puzhi/puzhi.gen/sources_1/ip/floating_point_1/floating_point_1/floating_point_1_in_context.xdc] for cell 'inst/dot_product_inst/dpe_inst/GEN_MUL[43].fp_mult'
Parsing XDC File [/home/malik/andromeda_ila/AXI-Dot-Product-Accelerator/Vivado/puzhi/puzhi.gen/sources_1/ip/floating_point_1/floating_point_1/floating_point_1_in_context.xdc] for cell 'inst/dot_product_inst/dpe_inst/GEN_MUL[44].fp_mult'
Finished Parsing XDC File [/home/malik/andromeda_ila/AXI-Dot-Product-Accelerator/Vivado/puzhi/puzhi.gen/sources_1/ip/floating_point_1/floating_point_1/floating_point_1_in_context.xdc] for cell 'inst/dot_product_inst/dpe_inst/GEN_MUL[44].fp_mult'
Parsing XDC File [/home/malik/andromeda_ila/AXI-Dot-Product-Accelerator/Vivado/puzhi/puzhi.gen/sources_1/ip/floating_point_1/floating_point_1/floating_point_1_in_context.xdc] for cell 'inst/dot_product_inst/dpe_inst/GEN_MUL[45].fp_mult'
Finished Parsing XDC File [/home/malik/andromeda_ila/AXI-Dot-Product-Accelerator/Vivado/puzhi/puzhi.gen/sources_1/ip/floating_point_1/floating_point_1/floating_point_1_in_context.xdc] for cell 'inst/dot_product_inst/dpe_inst/GEN_MUL[45].fp_mult'
Parsing XDC File [/home/malik/andromeda_ila/AXI-Dot-Product-Accelerator/Vivado/puzhi/puzhi.gen/sources_1/ip/floating_point_1/floating_point_1/floating_point_1_in_context.xdc] for cell 'inst/dot_product_inst/dpe_inst/GEN_MUL[46].fp_mult'
Finished Parsing XDC File [/home/malik/andromeda_ila/AXI-Dot-Product-Accelerator/Vivado/puzhi/puzhi.gen/sources_1/ip/floating_point_1/floating_point_1/floating_point_1_in_context.xdc] for cell 'inst/dot_product_inst/dpe_inst/GEN_MUL[46].fp_mult'
Parsing XDC File [/home/malik/andromeda_ila/AXI-Dot-Product-Accelerator/Vivado/puzhi/puzhi.gen/sources_1/ip/floating_point_1/floating_point_1/floating_point_1_in_context.xdc] for cell 'inst/dot_product_inst/dpe_inst/GEN_MUL[47].fp_mult'
Finished Parsing XDC File [/home/malik/andromeda_ila/AXI-Dot-Product-Accelerator/Vivado/puzhi/puzhi.gen/sources_1/ip/floating_point_1/floating_point_1/floating_point_1_in_context.xdc] for cell 'inst/dot_product_inst/dpe_inst/GEN_MUL[47].fp_mult'
Parsing XDC File [/home/malik/andromeda_ila/AXI-Dot-Product-Accelerator/Vivado/puzhi/puzhi.gen/sources_1/ip/floating_point_1/floating_point_1/floating_point_1_in_context.xdc] for cell 'inst/dot_product_inst/dpe_inst/GEN_MUL[48].fp_mult'
Finished Parsing XDC File [/home/malik/andromeda_ila/AXI-Dot-Product-Accelerator/Vivado/puzhi/puzhi.gen/sources_1/ip/floating_point_1/floating_point_1/floating_point_1_in_context.xdc] for cell 'inst/dot_product_inst/dpe_inst/GEN_MUL[48].fp_mult'
Parsing XDC File [/home/malik/andromeda_ila/AXI-Dot-Product-Accelerator/Vivado/puzhi/puzhi.gen/sources_1/ip/floating_point_1/floating_point_1/floating_point_1_in_context.xdc] for cell 'inst/dot_product_inst/dpe_inst/GEN_MUL[49].fp_mult'
Finished Parsing XDC File [/home/malik/andromeda_ila/AXI-Dot-Product-Accelerator/Vivado/puzhi/puzhi.gen/sources_1/ip/floating_point_1/floating_point_1/floating_point_1_in_context.xdc] for cell 'inst/dot_product_inst/dpe_inst/GEN_MUL[49].fp_mult'
Parsing XDC File [/home/malik/andromeda_ila/AXI-Dot-Product-Accelerator/Vivado/puzhi/puzhi.gen/sources_1/ip/floating_point_1/floating_point_1/floating_point_1_in_context.xdc] for cell 'inst/dot_product_inst/dpe_inst/GEN_MUL[50].fp_mult'
Finished Parsing XDC File [/home/malik/andromeda_ila/AXI-Dot-Product-Accelerator/Vivado/puzhi/puzhi.gen/sources_1/ip/floating_point_1/floating_point_1/floating_point_1_in_context.xdc] for cell 'inst/dot_product_inst/dpe_inst/GEN_MUL[50].fp_mult'
Parsing XDC File [/home/malik/andromeda_ila/AXI-Dot-Product-Accelerator/Vivado/puzhi/puzhi.gen/sources_1/ip/floating_point_1/floating_point_1/floating_point_1_in_context.xdc] for cell 'inst/dot_product_inst/dpe_inst/GEN_MUL[51].fp_mult'
Finished Parsing XDC File [/home/malik/andromeda_ila/AXI-Dot-Product-Accelerator/Vivado/puzhi/puzhi.gen/sources_1/ip/floating_point_1/floating_point_1/floating_point_1_in_context.xdc] for cell 'inst/dot_product_inst/dpe_inst/GEN_MUL[51].fp_mult'
Parsing XDC File [/home/malik/andromeda_ila/AXI-Dot-Product-Accelerator/Vivado/puzhi/puzhi.gen/sources_1/ip/floating_point_1/floating_point_1/floating_point_1_in_context.xdc] for cell 'inst/dot_product_inst/dpe_inst/GEN_MUL[52].fp_mult'
Finished Parsing XDC File [/home/malik/andromeda_ila/AXI-Dot-Product-Accelerator/Vivado/puzhi/puzhi.gen/sources_1/ip/floating_point_1/floating_point_1/floating_point_1_in_context.xdc] for cell 'inst/dot_product_inst/dpe_inst/GEN_MUL[52].fp_mult'
Parsing XDC File [/home/malik/andromeda_ila/AXI-Dot-Product-Accelerator/Vivado/puzhi/puzhi.gen/sources_1/ip/floating_point_1/floating_point_1/floating_point_1_in_context.xdc] for cell 'inst/dot_product_inst/dpe_inst/GEN_MUL[53].fp_mult'
Finished Parsing XDC File [/home/malik/andromeda_ila/AXI-Dot-Product-Accelerator/Vivado/puzhi/puzhi.gen/sources_1/ip/floating_point_1/floating_point_1/floating_point_1_in_context.xdc] for cell 'inst/dot_product_inst/dpe_inst/GEN_MUL[53].fp_mult'
Parsing XDC File [/home/malik/andromeda_ila/AXI-Dot-Product-Accelerator/Vivado/puzhi/puzhi.gen/sources_1/ip/floating_point_1/floating_point_1/floating_point_1_in_context.xdc] for cell 'inst/dot_product_inst/dpe_inst/GEN_MUL[54].fp_mult'
Finished Parsing XDC File [/home/malik/andromeda_ila/AXI-Dot-Product-Accelerator/Vivado/puzhi/puzhi.gen/sources_1/ip/floating_point_1/floating_point_1/floating_point_1_in_context.xdc] for cell 'inst/dot_product_inst/dpe_inst/GEN_MUL[54].fp_mult'
Parsing XDC File [/home/malik/andromeda_ila/AXI-Dot-Product-Accelerator/Vivado/puzhi/puzhi.gen/sources_1/ip/floating_point_1/floating_point_1/floating_point_1_in_context.xdc] for cell 'inst/dot_product_inst/dpe_inst/GEN_MUL[55].fp_mult'
Finished Parsing XDC File [/home/malik/andromeda_ila/AXI-Dot-Product-Accelerator/Vivado/puzhi/puzhi.gen/sources_1/ip/floating_point_1/floating_point_1/floating_point_1_in_context.xdc] for cell 'inst/dot_product_inst/dpe_inst/GEN_MUL[55].fp_mult'
Parsing XDC File [/home/malik/andromeda_ila/AXI-Dot-Product-Accelerator/Vivado/puzhi/puzhi.gen/sources_1/ip/floating_point_1/floating_point_1/floating_point_1_in_context.xdc] for cell 'inst/dot_product_inst/dpe_inst/GEN_MUL[56].fp_mult'
Finished Parsing XDC File [/home/malik/andromeda_ila/AXI-Dot-Product-Accelerator/Vivado/puzhi/puzhi.gen/sources_1/ip/floating_point_1/floating_point_1/floating_point_1_in_context.xdc] for cell 'inst/dot_product_inst/dpe_inst/GEN_MUL[56].fp_mult'
Parsing XDC File [/home/malik/andromeda_ila/AXI-Dot-Product-Accelerator/Vivado/puzhi/puzhi.gen/sources_1/ip/floating_point_1/floating_point_1/floating_point_1_in_context.xdc] for cell 'inst/dot_product_inst/dpe_inst/GEN_MUL[57].fp_mult'
Finished Parsing XDC File [/home/malik/andromeda_ila/AXI-Dot-Product-Accelerator/Vivado/puzhi/puzhi.gen/sources_1/ip/floating_point_1/floating_point_1/floating_point_1_in_context.xdc] for cell 'inst/dot_product_inst/dpe_inst/GEN_MUL[57].fp_mult'
Parsing XDC File [/home/malik/andromeda_ila/AXI-Dot-Product-Accelerator/Vivado/puzhi/puzhi.gen/sources_1/ip/floating_point_1/floating_point_1/floating_point_1_in_context.xdc] for cell 'inst/dot_product_inst/dpe_inst/GEN_MUL[58].fp_mult'
Finished Parsing XDC File [/home/malik/andromeda_ila/AXI-Dot-Product-Accelerator/Vivado/puzhi/puzhi.gen/sources_1/ip/floating_point_1/floating_point_1/floating_point_1_in_context.xdc] for cell 'inst/dot_product_inst/dpe_inst/GEN_MUL[58].fp_mult'
Parsing XDC File [/home/malik/andromeda_ila/AXI-Dot-Product-Accelerator/Vivado/puzhi/puzhi.gen/sources_1/ip/floating_point_1/floating_point_1/floating_point_1_in_context.xdc] for cell 'inst/dot_product_inst/dpe_inst/GEN_MUL[59].fp_mult'
Finished Parsing XDC File [/home/malik/andromeda_ila/AXI-Dot-Product-Accelerator/Vivado/puzhi/puzhi.gen/sources_1/ip/floating_point_1/floating_point_1/floating_point_1_in_context.xdc] for cell 'inst/dot_product_inst/dpe_inst/GEN_MUL[59].fp_mult'
Parsing XDC File [/home/malik/andromeda_ila/AXI-Dot-Product-Accelerator/Vivado/puzhi/puzhi.gen/sources_1/ip/floating_point_1/floating_point_1/floating_point_1_in_context.xdc] for cell 'inst/dot_product_inst/dpe_inst/GEN_MUL[60].fp_mult'
Finished Parsing XDC File [/home/malik/andromeda_ila/AXI-Dot-Product-Accelerator/Vivado/puzhi/puzhi.gen/sources_1/ip/floating_point_1/floating_point_1/floating_point_1_in_context.xdc] for cell 'inst/dot_product_inst/dpe_inst/GEN_MUL[60].fp_mult'
Parsing XDC File [/home/malik/andromeda_ila/AXI-Dot-Product-Accelerator/Vivado/puzhi/puzhi.gen/sources_1/ip/floating_point_1/floating_point_1/floating_point_1_in_context.xdc] for cell 'inst/dot_product_inst/dpe_inst/GEN_MUL[61].fp_mult'
Finished Parsing XDC File [/home/malik/andromeda_ila/AXI-Dot-Product-Accelerator/Vivado/puzhi/puzhi.gen/sources_1/ip/floating_point_1/floating_point_1/floating_point_1_in_context.xdc] for cell 'inst/dot_product_inst/dpe_inst/GEN_MUL[61].fp_mult'
Parsing XDC File [/home/malik/andromeda_ila/AXI-Dot-Product-Accelerator/Vivado/puzhi/puzhi.gen/sources_1/ip/floating_point_1/floating_point_1/floating_point_1_in_context.xdc] for cell 'inst/dot_product_inst/dpe_inst/GEN_MUL[62].fp_mult'
Finished Parsing XDC File [/home/malik/andromeda_ila/AXI-Dot-Product-Accelerator/Vivado/puzhi/puzhi.gen/sources_1/ip/floating_point_1/floating_point_1/floating_point_1_in_context.xdc] for cell 'inst/dot_product_inst/dpe_inst/GEN_MUL[62].fp_mult'
Parsing XDC File [/home/malik/andromeda_ila/AXI-Dot-Product-Accelerator/Vivado/puzhi/puzhi.gen/sources_1/ip/floating_point_1/floating_point_1/floating_point_1_in_context.xdc] for cell 'inst/dot_product_inst/dpe_inst/GEN_MUL[63].fp_mult'
Finished Parsing XDC File [/home/malik/andromeda_ila/AXI-Dot-Product-Accelerator/Vivado/puzhi/puzhi.gen/sources_1/ip/floating_point_1/floating_point_1/floating_point_1_in_context.xdc] for cell 'inst/dot_product_inst/dpe_inst/GEN_MUL[63].fp_mult'
Parsing XDC File [/home/malik/andromeda_ila/AXI-Dot-Product-Accelerator/Vivado/puzhi/puzhi.gen/sources_1/ip/floating_point_1/floating_point_1/floating_point_1_in_context.xdc] for cell 'inst/dot_product_inst/dpe_inst/GEN_MUL[64].fp_mult'
Finished Parsing XDC File [/home/malik/andromeda_ila/AXI-Dot-Product-Accelerator/Vivado/puzhi/puzhi.gen/sources_1/ip/floating_point_1/floating_point_1/floating_point_1_in_context.xdc] for cell 'inst/dot_product_inst/dpe_inst/GEN_MUL[64].fp_mult'
Parsing XDC File [/home/malik/andromeda_ila/AXI-Dot-Product-Accelerator/Vivado/puzhi/puzhi.gen/sources_1/ip/floating_point_1/floating_point_1/floating_point_1_in_context.xdc] for cell 'inst/dot_product_inst/dpe_inst/GEN_MUL[65].fp_mult'
Finished Parsing XDC File [/home/malik/andromeda_ila/AXI-Dot-Product-Accelerator/Vivado/puzhi/puzhi.gen/sources_1/ip/floating_point_1/floating_point_1/floating_point_1_in_context.xdc] for cell 'inst/dot_product_inst/dpe_inst/GEN_MUL[65].fp_mult'
Parsing XDC File [/home/malik/andromeda_ila/AXI-Dot-Product-Accelerator/Vivado/puzhi/puzhi.gen/sources_1/ip/floating_point_1/floating_point_1/floating_point_1_in_context.xdc] for cell 'inst/dot_product_inst/dpe_inst/GEN_MUL[66].fp_mult'
Finished Parsing XDC File [/home/malik/andromeda_ila/AXI-Dot-Product-Accelerator/Vivado/puzhi/puzhi.gen/sources_1/ip/floating_point_1/floating_point_1/floating_point_1_in_context.xdc] for cell 'inst/dot_product_inst/dpe_inst/GEN_MUL[66].fp_mult'
Parsing XDC File [/home/malik/andromeda_ila/AXI-Dot-Product-Accelerator/Vivado/puzhi/puzhi.gen/sources_1/ip/floating_point_1/floating_point_1/floating_point_1_in_context.xdc] for cell 'inst/dot_product_inst/dpe_inst/GEN_MUL[67].fp_mult'
Finished Parsing XDC File [/home/malik/andromeda_ila/AXI-Dot-Product-Accelerator/Vivado/puzhi/puzhi.gen/sources_1/ip/floating_point_1/floating_point_1/floating_point_1_in_context.xdc] for cell 'inst/dot_product_inst/dpe_inst/GEN_MUL[67].fp_mult'
Parsing XDC File [/home/malik/andromeda_ila/AXI-Dot-Product-Accelerator/Vivado/puzhi/puzhi.gen/sources_1/ip/floating_point_1/floating_point_1/floating_point_1_in_context.xdc] for cell 'inst/dot_product_inst/dpe_inst/GEN_MUL[68].fp_mult'
Finished Parsing XDC File [/home/malik/andromeda_ila/AXI-Dot-Product-Accelerator/Vivado/puzhi/puzhi.gen/sources_1/ip/floating_point_1/floating_point_1/floating_point_1_in_context.xdc] for cell 'inst/dot_product_inst/dpe_inst/GEN_MUL[68].fp_mult'
Parsing XDC File [/home/malik/andromeda_ila/AXI-Dot-Product-Accelerator/Vivado/puzhi/puzhi.gen/sources_1/ip/floating_point_1/floating_point_1/floating_point_1_in_context.xdc] for cell 'inst/dot_product_inst/dpe_inst/GEN_MUL[69].fp_mult'
Finished Parsing XDC File [/home/malik/andromeda_ila/AXI-Dot-Product-Accelerator/Vivado/puzhi/puzhi.gen/sources_1/ip/floating_point_1/floating_point_1/floating_point_1_in_context.xdc] for cell 'inst/dot_product_inst/dpe_inst/GEN_MUL[69].fp_mult'
Parsing XDC File [/home/malik/andromeda_ila/AXI-Dot-Product-Accelerator/Vivado/puzhi/puzhi.gen/sources_1/ip/floating_point_1/floating_point_1/floating_point_1_in_context.xdc] for cell 'inst/dot_product_inst/dpe_inst/GEN_MUL[70].fp_mult'
Finished Parsing XDC File [/home/malik/andromeda_ila/AXI-Dot-Product-Accelerator/Vivado/puzhi/puzhi.gen/sources_1/ip/floating_point_1/floating_point_1/floating_point_1_in_context.xdc] for cell 'inst/dot_product_inst/dpe_inst/GEN_MUL[70].fp_mult'
Parsing XDC File [/home/malik/andromeda_ila/AXI-Dot-Product-Accelerator/Vivado/puzhi/puzhi.gen/sources_1/ip/floating_point_1/floating_point_1/floating_point_1_in_context.xdc] for cell 'inst/dot_product_inst/dpe_inst/GEN_MUL[71].fp_mult'
Finished Parsing XDC File [/home/malik/andromeda_ila/AXI-Dot-Product-Accelerator/Vivado/puzhi/puzhi.gen/sources_1/ip/floating_point_1/floating_point_1/floating_point_1_in_context.xdc] for cell 'inst/dot_product_inst/dpe_inst/GEN_MUL[71].fp_mult'
Parsing XDC File [/home/malik/andromeda_ila/AXI-Dot-Product-Accelerator/Vivado/puzhi/puzhi.gen/sources_1/ip/floating_point_1/floating_point_1/floating_point_1_in_context.xdc] for cell 'inst/dot_product_inst/dpe_inst/GEN_MUL[72].fp_mult'
Finished Parsing XDC File [/home/malik/andromeda_ila/AXI-Dot-Product-Accelerator/Vivado/puzhi/puzhi.gen/sources_1/ip/floating_point_1/floating_point_1/floating_point_1_in_context.xdc] for cell 'inst/dot_product_inst/dpe_inst/GEN_MUL[72].fp_mult'
Parsing XDC File [/home/malik/andromeda_ila/AXI-Dot-Product-Accelerator/Vivado/puzhi/puzhi.gen/sources_1/ip/floating_point_1/floating_point_1/floating_point_1_in_context.xdc] for cell 'inst/dot_product_inst/dpe_inst/GEN_MUL[73].fp_mult'
Finished Parsing XDC File [/home/malik/andromeda_ila/AXI-Dot-Product-Accelerator/Vivado/puzhi/puzhi.gen/sources_1/ip/floating_point_1/floating_point_1/floating_point_1_in_context.xdc] for cell 'inst/dot_product_inst/dpe_inst/GEN_MUL[73].fp_mult'
Parsing XDC File [/home/malik/andromeda_ila/AXI-Dot-Product-Accelerator/Vivado/puzhi/puzhi.gen/sources_1/ip/floating_point_1/floating_point_1/floating_point_1_in_context.xdc] for cell 'inst/dot_product_inst/dpe_inst/GEN_MUL[74].fp_mult'
Finished Parsing XDC File [/home/malik/andromeda_ila/AXI-Dot-Product-Accelerator/Vivado/puzhi/puzhi.gen/sources_1/ip/floating_point_1/floating_point_1/floating_point_1_in_context.xdc] for cell 'inst/dot_product_inst/dpe_inst/GEN_MUL[74].fp_mult'
Parsing XDC File [/home/malik/andromeda_ila/AXI-Dot-Product-Accelerator/Vivado/puzhi/puzhi.gen/sources_1/ip/floating_point_1/floating_point_1/floating_point_1_in_context.xdc] for cell 'inst/dot_product_inst/dpe_inst/GEN_MUL[75].fp_mult'
Finished Parsing XDC File [/home/malik/andromeda_ila/AXI-Dot-Product-Accelerator/Vivado/puzhi/puzhi.gen/sources_1/ip/floating_point_1/floating_point_1/floating_point_1_in_context.xdc] for cell 'inst/dot_product_inst/dpe_inst/GEN_MUL[75].fp_mult'
Parsing XDC File [/home/malik/andromeda_ila/AXI-Dot-Product-Accelerator/Vivado/puzhi/puzhi.gen/sources_1/ip/floating_point_1/floating_point_1/floating_point_1_in_context.xdc] for cell 'inst/dot_product_inst/dpe_inst/GEN_MUL[76].fp_mult'
Finished Parsing XDC File [/home/malik/andromeda_ila/AXI-Dot-Product-Accelerator/Vivado/puzhi/puzhi.gen/sources_1/ip/floating_point_1/floating_point_1/floating_point_1_in_context.xdc] for cell 'inst/dot_product_inst/dpe_inst/GEN_MUL[76].fp_mult'
Parsing XDC File [/home/malik/andromeda_ila/AXI-Dot-Product-Accelerator/Vivado/puzhi/puzhi.gen/sources_1/ip/floating_point_1/floating_point_1/floating_point_1_in_context.xdc] for cell 'inst/dot_product_inst/dpe_inst/GEN_MUL[77].fp_mult'
Finished Parsing XDC File [/home/malik/andromeda_ila/AXI-Dot-Product-Accelerator/Vivado/puzhi/puzhi.gen/sources_1/ip/floating_point_1/floating_point_1/floating_point_1_in_context.xdc] for cell 'inst/dot_product_inst/dpe_inst/GEN_MUL[77].fp_mult'
Parsing XDC File [/home/malik/andromeda_ila/AXI-Dot-Product-Accelerator/Vivado/puzhi/puzhi.gen/sources_1/ip/floating_point_1/floating_point_1/floating_point_1_in_context.xdc] for cell 'inst/dot_product_inst/dpe_inst/GEN_MUL[78].fp_mult'
Finished Parsing XDC File [/home/malik/andromeda_ila/AXI-Dot-Product-Accelerator/Vivado/puzhi/puzhi.gen/sources_1/ip/floating_point_1/floating_point_1/floating_point_1_in_context.xdc] for cell 'inst/dot_product_inst/dpe_inst/GEN_MUL[78].fp_mult'
Parsing XDC File [/home/malik/andromeda_ila/AXI-Dot-Product-Accelerator/Vivado/puzhi/puzhi.gen/sources_1/ip/floating_point_1/floating_point_1/floating_point_1_in_context.xdc] for cell 'inst/dot_product_inst/dpe_inst/GEN_MUL[79].fp_mult'
Finished Parsing XDC File [/home/malik/andromeda_ila/AXI-Dot-Product-Accelerator/Vivado/puzhi/puzhi.gen/sources_1/ip/floating_point_1/floating_point_1/floating_point_1_in_context.xdc] for cell 'inst/dot_product_inst/dpe_inst/GEN_MUL[79].fp_mult'
Parsing XDC File [/home/malik/andromeda_ila/AXI-Dot-Product-Accelerator/Vivado/puzhi/puzhi.gen/sources_1/ip/floating_point_1/floating_point_1/floating_point_1_in_context.xdc] for cell 'inst/dot_product_inst/dpe_inst/GEN_MUL[80].fp_mult'
Finished Parsing XDC File [/home/malik/andromeda_ila/AXI-Dot-Product-Accelerator/Vivado/puzhi/puzhi.gen/sources_1/ip/floating_point_1/floating_point_1/floating_point_1_in_context.xdc] for cell 'inst/dot_product_inst/dpe_inst/GEN_MUL[80].fp_mult'
Parsing XDC File [/home/malik/andromeda_ila/AXI-Dot-Product-Accelerator/Vivado/puzhi/puzhi.gen/sources_1/ip/floating_point_1/floating_point_1/floating_point_1_in_context.xdc] for cell 'inst/dot_product_inst/dpe_inst/GEN_MUL[81].fp_mult'
Finished Parsing XDC File [/home/malik/andromeda_ila/AXI-Dot-Product-Accelerator/Vivado/puzhi/puzhi.gen/sources_1/ip/floating_point_1/floating_point_1/floating_point_1_in_context.xdc] for cell 'inst/dot_product_inst/dpe_inst/GEN_MUL[81].fp_mult'
Parsing XDC File [/home/malik/andromeda_ila/AXI-Dot-Product-Accelerator/Vivado/puzhi/puzhi.gen/sources_1/ip/floating_point_1/floating_point_1/floating_point_1_in_context.xdc] for cell 'inst/dot_product_inst/dpe_inst/GEN_MUL[82].fp_mult'
Finished Parsing XDC File [/home/malik/andromeda_ila/AXI-Dot-Product-Accelerator/Vivado/puzhi/puzhi.gen/sources_1/ip/floating_point_1/floating_point_1/floating_point_1_in_context.xdc] for cell 'inst/dot_product_inst/dpe_inst/GEN_MUL[82].fp_mult'
Parsing XDC File [/home/malik/andromeda_ila/AXI-Dot-Product-Accelerator/Vivado/puzhi/puzhi.gen/sources_1/ip/floating_point_1/floating_point_1/floating_point_1_in_context.xdc] for cell 'inst/dot_product_inst/dpe_inst/GEN_MUL[83].fp_mult'
Finished Parsing XDC File [/home/malik/andromeda_ila/AXI-Dot-Product-Accelerator/Vivado/puzhi/puzhi.gen/sources_1/ip/floating_point_1/floating_point_1/floating_point_1_in_context.xdc] for cell 'inst/dot_product_inst/dpe_inst/GEN_MUL[83].fp_mult'
Parsing XDC File [/home/malik/andromeda_ila/AXI-Dot-Product-Accelerator/Vivado/puzhi/puzhi.gen/sources_1/ip/floating_point_1/floating_point_1/floating_point_1_in_context.xdc] for cell 'inst/dot_product_inst/dpe_inst/GEN_MUL[84].fp_mult'
Finished Parsing XDC File [/home/malik/andromeda_ila/AXI-Dot-Product-Accelerator/Vivado/puzhi/puzhi.gen/sources_1/ip/floating_point_1/floating_point_1/floating_point_1_in_context.xdc] for cell 'inst/dot_product_inst/dpe_inst/GEN_MUL[84].fp_mult'
Parsing XDC File [/home/malik/andromeda_ila/AXI-Dot-Product-Accelerator/Vivado/puzhi/puzhi.gen/sources_1/ip/floating_point_1/floating_point_1/floating_point_1_in_context.xdc] for cell 'inst/dot_product_inst/dpe_inst/GEN_MUL[85].fp_mult'
Finished Parsing XDC File [/home/malik/andromeda_ila/AXI-Dot-Product-Accelerator/Vivado/puzhi/puzhi.gen/sources_1/ip/floating_point_1/floating_point_1/floating_point_1_in_context.xdc] for cell 'inst/dot_product_inst/dpe_inst/GEN_MUL[85].fp_mult'
Parsing XDC File [/home/malik/andromeda_ila/AXI-Dot-Product-Accelerator/Vivado/puzhi/puzhi.gen/sources_1/ip/floating_point_1/floating_point_1/floating_point_1_in_context.xdc] for cell 'inst/dot_product_inst/dpe_inst/GEN_MUL[86].fp_mult'
Finished Parsing XDC File [/home/malik/andromeda_ila/AXI-Dot-Product-Accelerator/Vivado/puzhi/puzhi.gen/sources_1/ip/floating_point_1/floating_point_1/floating_point_1_in_context.xdc] for cell 'inst/dot_product_inst/dpe_inst/GEN_MUL[86].fp_mult'
Parsing XDC File [/home/malik/andromeda_ila/AXI-Dot-Product-Accelerator/Vivado/puzhi/puzhi.gen/sources_1/ip/floating_point_1/floating_point_1/floating_point_1_in_context.xdc] for cell 'inst/dot_product_inst/dpe_inst/GEN_MUL[87].fp_mult'
Finished Parsing XDC File [/home/malik/andromeda_ila/AXI-Dot-Product-Accelerator/Vivado/puzhi/puzhi.gen/sources_1/ip/floating_point_1/floating_point_1/floating_point_1_in_context.xdc] for cell 'inst/dot_product_inst/dpe_inst/GEN_MUL[87].fp_mult'
Parsing XDC File [/home/malik/andromeda_ila/AXI-Dot-Product-Accelerator/Vivado/puzhi/puzhi.gen/sources_1/ip/floating_point_1/floating_point_1/floating_point_1_in_context.xdc] for cell 'inst/dot_product_inst/dpe_inst/GEN_MUL[88].fp_mult'
Finished Parsing XDC File [/home/malik/andromeda_ila/AXI-Dot-Product-Accelerator/Vivado/puzhi/puzhi.gen/sources_1/ip/floating_point_1/floating_point_1/floating_point_1_in_context.xdc] for cell 'inst/dot_product_inst/dpe_inst/GEN_MUL[88].fp_mult'
Parsing XDC File [/home/malik/andromeda_ila/AXI-Dot-Product-Accelerator/Vivado/puzhi/puzhi.gen/sources_1/ip/floating_point_1/floating_point_1/floating_point_1_in_context.xdc] for cell 'inst/dot_product_inst/dpe_inst/GEN_MUL[89].fp_mult'
Finished Parsing XDC File [/home/malik/andromeda_ila/AXI-Dot-Product-Accelerator/Vivado/puzhi/puzhi.gen/sources_1/ip/floating_point_1/floating_point_1/floating_point_1_in_context.xdc] for cell 'inst/dot_product_inst/dpe_inst/GEN_MUL[89].fp_mult'
Parsing XDC File [/home/malik/andromeda_ila/AXI-Dot-Product-Accelerator/Vivado/puzhi/puzhi.gen/sources_1/ip/floating_point_1/floating_point_1/floating_point_1_in_context.xdc] for cell 'inst/dot_product_inst/dpe_inst/GEN_MUL[90].fp_mult'
Finished Parsing XDC File [/home/malik/andromeda_ila/AXI-Dot-Product-Accelerator/Vivado/puzhi/puzhi.gen/sources_1/ip/floating_point_1/floating_point_1/floating_point_1_in_context.xdc] for cell 'inst/dot_product_inst/dpe_inst/GEN_MUL[90].fp_mult'
Parsing XDC File [/home/malik/andromeda_ila/AXI-Dot-Product-Accelerator/Vivado/puzhi/puzhi.gen/sources_1/ip/floating_point_1/floating_point_1/floating_point_1_in_context.xdc] for cell 'inst/dot_product_inst/dpe_inst/GEN_MUL[91].fp_mult'
Finished Parsing XDC File [/home/malik/andromeda_ila/AXI-Dot-Product-Accelerator/Vivado/puzhi/puzhi.gen/sources_1/ip/floating_point_1/floating_point_1/floating_point_1_in_context.xdc] for cell 'inst/dot_product_inst/dpe_inst/GEN_MUL[91].fp_mult'
Parsing XDC File [/home/malik/andromeda_ila/AXI-Dot-Product-Accelerator/Vivado/puzhi/puzhi.gen/sources_1/ip/floating_point_1/floating_point_1/floating_point_1_in_context.xdc] for cell 'inst/dot_product_inst/dpe_inst/GEN_MUL[92].fp_mult'
Finished Parsing XDC File [/home/malik/andromeda_ila/AXI-Dot-Product-Accelerator/Vivado/puzhi/puzhi.gen/sources_1/ip/floating_point_1/floating_point_1/floating_point_1_in_context.xdc] for cell 'inst/dot_product_inst/dpe_inst/GEN_MUL[92].fp_mult'
Parsing XDC File [/home/malik/andromeda_ila/AXI-Dot-Product-Accelerator/Vivado/puzhi/puzhi.gen/sources_1/ip/floating_point_1/floating_point_1/floating_point_1_in_context.xdc] for cell 'inst/dot_product_inst/dpe_inst/GEN_MUL[93].fp_mult'
Finished Parsing XDC File [/home/malik/andromeda_ila/AXI-Dot-Product-Accelerator/Vivado/puzhi/puzhi.gen/sources_1/ip/floating_point_1/floating_point_1/floating_point_1_in_context.xdc] for cell 'inst/dot_product_inst/dpe_inst/GEN_MUL[93].fp_mult'
Parsing XDC File [/home/malik/andromeda_ila/AXI-Dot-Product-Accelerator/Vivado/puzhi/puzhi.gen/sources_1/ip/floating_point_1/floating_point_1/floating_point_1_in_context.xdc] for cell 'inst/dot_product_inst/dpe_inst/GEN_MUL[94].fp_mult'
Finished Parsing XDC File [/home/malik/andromeda_ila/AXI-Dot-Product-Accelerator/Vivado/puzhi/puzhi.gen/sources_1/ip/floating_point_1/floating_point_1/floating_point_1_in_context.xdc] for cell 'inst/dot_product_inst/dpe_inst/GEN_MUL[94].fp_mult'
Parsing XDC File [/home/malik/andromeda_ila/AXI-Dot-Product-Accelerator/Vivado/puzhi/puzhi.gen/sources_1/ip/floating_point_1/floating_point_1/floating_point_1_in_context.xdc] for cell 'inst/dot_product_inst/dpe_inst/GEN_MUL[95].fp_mult'
Finished Parsing XDC File [/home/malik/andromeda_ila/AXI-Dot-Product-Accelerator/Vivado/puzhi/puzhi.gen/sources_1/ip/floating_point_1/floating_point_1/floating_point_1_in_context.xdc] for cell 'inst/dot_product_inst/dpe_inst/GEN_MUL[95].fp_mult'
Parsing XDC File [/home/malik/andromeda_ila/AXI-Dot-Product-Accelerator/Vivado/puzhi/puzhi.gen/sources_1/ip/floating_point_1/floating_point_1/floating_point_1_in_context.xdc] for cell 'inst/dot_product_inst/dpe_inst/GEN_MUL[96].fp_mult'
Finished Parsing XDC File [/home/malik/andromeda_ila/AXI-Dot-Product-Accelerator/Vivado/puzhi/puzhi.gen/sources_1/ip/floating_point_1/floating_point_1/floating_point_1_in_context.xdc] for cell 'inst/dot_product_inst/dpe_inst/GEN_MUL[96].fp_mult'
Parsing XDC File [/home/malik/andromeda_ila/AXI-Dot-Product-Accelerator/Vivado/puzhi/puzhi.gen/sources_1/ip/floating_point_1/floating_point_1/floating_point_1_in_context.xdc] for cell 'inst/dot_product_inst/dpe_inst/GEN_MUL[97].fp_mult'
Finished Parsing XDC File [/home/malik/andromeda_ila/AXI-Dot-Product-Accelerator/Vivado/puzhi/puzhi.gen/sources_1/ip/floating_point_1/floating_point_1/floating_point_1_in_context.xdc] for cell 'inst/dot_product_inst/dpe_inst/GEN_MUL[97].fp_mult'
Parsing XDC File [/home/malik/andromeda_ila/AXI-Dot-Product-Accelerator/Vivado/puzhi/puzhi.gen/sources_1/ip/floating_point_1/floating_point_1/floating_point_1_in_context.xdc] for cell 'inst/dot_product_inst/dpe_inst/GEN_MUL[98].fp_mult'
Finished Parsing XDC File [/home/malik/andromeda_ila/AXI-Dot-Product-Accelerator/Vivado/puzhi/puzhi.gen/sources_1/ip/floating_point_1/floating_point_1/floating_point_1_in_context.xdc] for cell 'inst/dot_product_inst/dpe_inst/GEN_MUL[98].fp_mult'
Parsing XDC File [/home/malik/andromeda_ila/AXI-Dot-Product-Accelerator/Vivado/puzhi/puzhi.gen/sources_1/ip/floating_point_1/floating_point_1/floating_point_1_in_context.xdc] for cell 'inst/dot_product_inst/dpe_inst/GEN_MUL[99].fp_mult'
Finished Parsing XDC File [/home/malik/andromeda_ila/AXI-Dot-Product-Accelerator/Vivado/puzhi/puzhi.gen/sources_1/ip/floating_point_1/floating_point_1/floating_point_1_in_context.xdc] for cell 'inst/dot_product_inst/dpe_inst/GEN_MUL[99].fp_mult'
Parsing XDC File [/home/malik/andromeda_ila/AXI-Dot-Product-Accelerator/Vivado/puzhi/puzhi.gen/sources_1/ip/floating_point_1/floating_point_1/floating_point_1_in_context.xdc] for cell 'inst/dot_product_inst/dpe_inst/GEN_MUL[100].fp_mult'
Finished Parsing XDC File [/home/malik/andromeda_ila/AXI-Dot-Product-Accelerator/Vivado/puzhi/puzhi.gen/sources_1/ip/floating_point_1/floating_point_1/floating_point_1_in_context.xdc] for cell 'inst/dot_product_inst/dpe_inst/GEN_MUL[100].fp_mult'
Parsing XDC File [/home/malik/andromeda_ila/AXI-Dot-Product-Accelerator/Vivado/puzhi/puzhi.gen/sources_1/ip/floating_point_1/floating_point_1/floating_point_1_in_context.xdc] for cell 'inst/dot_product_inst/dpe_inst/GEN_MUL[101].fp_mult'
Finished Parsing XDC File [/home/malik/andromeda_ila/AXI-Dot-Product-Accelerator/Vivado/puzhi/puzhi.gen/sources_1/ip/floating_point_1/floating_point_1/floating_point_1_in_context.xdc] for cell 'inst/dot_product_inst/dpe_inst/GEN_MUL[101].fp_mult'
Parsing XDC File [/home/malik/andromeda_ila/AXI-Dot-Product-Accelerator/Vivado/puzhi/puzhi.gen/sources_1/ip/floating_point_1/floating_point_1/floating_point_1_in_context.xdc] for cell 'inst/dot_product_inst/dpe_inst/GEN_MUL[102].fp_mult'
Finished Parsing XDC File [/home/malik/andromeda_ila/AXI-Dot-Product-Accelerator/Vivado/puzhi/puzhi.gen/sources_1/ip/floating_point_1/floating_point_1/floating_point_1_in_context.xdc] for cell 'inst/dot_product_inst/dpe_inst/GEN_MUL[102].fp_mult'
Parsing XDC File [/home/malik/andromeda_ila/AXI-Dot-Product-Accelerator/Vivado/puzhi/puzhi.gen/sources_1/ip/floating_point_1/floating_point_1/floating_point_1_in_context.xdc] for cell 'inst/dot_product_inst/dpe_inst/GEN_MUL[103].fp_mult'
Finished Parsing XDC File [/home/malik/andromeda_ila/AXI-Dot-Product-Accelerator/Vivado/puzhi/puzhi.gen/sources_1/ip/floating_point_1/floating_point_1/floating_point_1_in_context.xdc] for cell 'inst/dot_product_inst/dpe_inst/GEN_MUL[103].fp_mult'
Parsing XDC File [/home/malik/andromeda_ila/AXI-Dot-Product-Accelerator/Vivado/puzhi/puzhi.gen/sources_1/ip/floating_point_1/floating_point_1/floating_point_1_in_context.xdc] for cell 'inst/dot_product_inst/dpe_inst/GEN_MUL[104].fp_mult'
Finished Parsing XDC File [/home/malik/andromeda_ila/AXI-Dot-Product-Accelerator/Vivado/puzhi/puzhi.gen/sources_1/ip/floating_point_1/floating_point_1/floating_point_1_in_context.xdc] for cell 'inst/dot_product_inst/dpe_inst/GEN_MUL[104].fp_mult'
Parsing XDC File [/home/malik/andromeda_ila/AXI-Dot-Product-Accelerator/Vivado/puzhi/puzhi.gen/sources_1/ip/floating_point_1/floating_point_1/floating_point_1_in_context.xdc] for cell 'inst/dot_product_inst/dpe_inst/GEN_MUL[105].fp_mult'
Finished Parsing XDC File [/home/malik/andromeda_ila/AXI-Dot-Product-Accelerator/Vivado/puzhi/puzhi.gen/sources_1/ip/floating_point_1/floating_point_1/floating_point_1_in_context.xdc] for cell 'inst/dot_product_inst/dpe_inst/GEN_MUL[105].fp_mult'
Parsing XDC File [/home/malik/andromeda_ila/AXI-Dot-Product-Accelerator/Vivado/puzhi/puzhi.gen/sources_1/ip/floating_point_1/floating_point_1/floating_point_1_in_context.xdc] for cell 'inst/dot_product_inst/dpe_inst/GEN_MUL[106].fp_mult'
Finished Parsing XDC File [/home/malik/andromeda_ila/AXI-Dot-Product-Accelerator/Vivado/puzhi/puzhi.gen/sources_1/ip/floating_point_1/floating_point_1/floating_point_1_in_context.xdc] for cell 'inst/dot_product_inst/dpe_inst/GEN_MUL[106].fp_mult'
Parsing XDC File [/home/malik/andromeda_ila/AXI-Dot-Product-Accelerator/Vivado/puzhi/puzhi.gen/sources_1/ip/floating_point_1/floating_point_1/floating_point_1_in_context.xdc] for cell 'inst/dot_product_inst/dpe_inst/GEN_MUL[107].fp_mult'
Finished Parsing XDC File [/home/malik/andromeda_ila/AXI-Dot-Product-Accelerator/Vivado/puzhi/puzhi.gen/sources_1/ip/floating_point_1/floating_point_1/floating_point_1_in_context.xdc] for cell 'inst/dot_product_inst/dpe_inst/GEN_MUL[107].fp_mult'
Parsing XDC File [/home/malik/andromeda_ila/AXI-Dot-Product-Accelerator/Vivado/puzhi/puzhi.gen/sources_1/ip/floating_point_1/floating_point_1/floating_point_1_in_context.xdc] for cell 'inst/dot_product_inst/dpe_inst/GEN_MUL[108].fp_mult'
Finished Parsing XDC File [/home/malik/andromeda_ila/AXI-Dot-Product-Accelerator/Vivado/puzhi/puzhi.gen/sources_1/ip/floating_point_1/floating_point_1/floating_point_1_in_context.xdc] for cell 'inst/dot_product_inst/dpe_inst/GEN_MUL[108].fp_mult'
Parsing XDC File [/home/malik/andromeda_ila/AXI-Dot-Product-Accelerator/Vivado/puzhi/puzhi.gen/sources_1/ip/floating_point_1/floating_point_1/floating_point_1_in_context.xdc] for cell 'inst/dot_product_inst/dpe_inst/GEN_MUL[109].fp_mult'
Finished Parsing XDC File [/home/malik/andromeda_ila/AXI-Dot-Product-Accelerator/Vivado/puzhi/puzhi.gen/sources_1/ip/floating_point_1/floating_point_1/floating_point_1_in_context.xdc] for cell 'inst/dot_product_inst/dpe_inst/GEN_MUL[109].fp_mult'
Parsing XDC File [/home/malik/andromeda_ila/AXI-Dot-Product-Accelerator/Vivado/puzhi/puzhi.gen/sources_1/ip/floating_point_1/floating_point_1/floating_point_1_in_context.xdc] for cell 'inst/dot_product_inst/dpe_inst/GEN_MUL[110].fp_mult'
Finished Parsing XDC File [/home/malik/andromeda_ila/AXI-Dot-Product-Accelerator/Vivado/puzhi/puzhi.gen/sources_1/ip/floating_point_1/floating_point_1/floating_point_1_in_context.xdc] for cell 'inst/dot_product_inst/dpe_inst/GEN_MUL[110].fp_mult'
Parsing XDC File [/home/malik/andromeda_ila/AXI-Dot-Product-Accelerator/Vivado/puzhi/puzhi.gen/sources_1/ip/floating_point_1/floating_point_1/floating_point_1_in_context.xdc] for cell 'inst/dot_product_inst/dpe_inst/GEN_MUL[111].fp_mult'
Finished Parsing XDC File [/home/malik/andromeda_ila/AXI-Dot-Product-Accelerator/Vivado/puzhi/puzhi.gen/sources_1/ip/floating_point_1/floating_point_1/floating_point_1_in_context.xdc] for cell 'inst/dot_product_inst/dpe_inst/GEN_MUL[111].fp_mult'
Parsing XDC File [/home/malik/andromeda_ila/AXI-Dot-Product-Accelerator/Vivado/puzhi/puzhi.gen/sources_1/ip/floating_point_1/floating_point_1/floating_point_1_in_context.xdc] for cell 'inst/dot_product_inst/dpe_inst/GEN_MUL[112].fp_mult'
Finished Parsing XDC File [/home/malik/andromeda_ila/AXI-Dot-Product-Accelerator/Vivado/puzhi/puzhi.gen/sources_1/ip/floating_point_1/floating_point_1/floating_point_1_in_context.xdc] for cell 'inst/dot_product_inst/dpe_inst/GEN_MUL[112].fp_mult'
Parsing XDC File [/home/malik/andromeda_ila/AXI-Dot-Product-Accelerator/Vivado/puzhi/puzhi.gen/sources_1/ip/floating_point_1/floating_point_1/floating_point_1_in_context.xdc] for cell 'inst/dot_product_inst/dpe_inst/GEN_MUL[113].fp_mult'
Finished Parsing XDC File [/home/malik/andromeda_ila/AXI-Dot-Product-Accelerator/Vivado/puzhi/puzhi.gen/sources_1/ip/floating_point_1/floating_point_1/floating_point_1_in_context.xdc] for cell 'inst/dot_product_inst/dpe_inst/GEN_MUL[113].fp_mult'
Parsing XDC File [/home/malik/andromeda_ila/AXI-Dot-Product-Accelerator/Vivado/puzhi/puzhi.gen/sources_1/ip/floating_point_1/floating_point_1/floating_point_1_in_context.xdc] for cell 'inst/dot_product_inst/dpe_inst/GEN_MUL[114].fp_mult'
Finished Parsing XDC File [/home/malik/andromeda_ila/AXI-Dot-Product-Accelerator/Vivado/puzhi/puzhi.gen/sources_1/ip/floating_point_1/floating_point_1/floating_point_1_in_context.xdc] for cell 'inst/dot_product_inst/dpe_inst/GEN_MUL[114].fp_mult'
Parsing XDC File [/home/malik/andromeda_ila/AXI-Dot-Product-Accelerator/Vivado/puzhi/puzhi.gen/sources_1/ip/floating_point_1/floating_point_1/floating_point_1_in_context.xdc] for cell 'inst/dot_product_inst/dpe_inst/GEN_MUL[115].fp_mult'
Finished Parsing XDC File [/home/malik/andromeda_ila/AXI-Dot-Product-Accelerator/Vivado/puzhi/puzhi.gen/sources_1/ip/floating_point_1/floating_point_1/floating_point_1_in_context.xdc] for cell 'inst/dot_product_inst/dpe_inst/GEN_MUL[115].fp_mult'
Parsing XDC File [/home/malik/andromeda_ila/AXI-Dot-Product-Accelerator/Vivado/puzhi/puzhi.gen/sources_1/ip/floating_point_1/floating_point_1/floating_point_1_in_context.xdc] for cell 'inst/dot_product_inst/dpe_inst/GEN_MUL[116].fp_mult'
Finished Parsing XDC File [/home/malik/andromeda_ila/AXI-Dot-Product-Accelerator/Vivado/puzhi/puzhi.gen/sources_1/ip/floating_point_1/floating_point_1/floating_point_1_in_context.xdc] for cell 'inst/dot_product_inst/dpe_inst/GEN_MUL[116].fp_mult'
Parsing XDC File [/home/malik/andromeda_ila/AXI-Dot-Product-Accelerator/Vivado/puzhi/puzhi.gen/sources_1/ip/floating_point_1/floating_point_1/floating_point_1_in_context.xdc] for cell 'inst/dot_product_inst/dpe_inst/GEN_MUL[117].fp_mult'
Finished Parsing XDC File [/home/malik/andromeda_ila/AXI-Dot-Product-Accelerator/Vivado/puzhi/puzhi.gen/sources_1/ip/floating_point_1/floating_point_1/floating_point_1_in_context.xdc] for cell 'inst/dot_product_inst/dpe_inst/GEN_MUL[117].fp_mult'
Parsing XDC File [/home/malik/andromeda_ila/AXI-Dot-Product-Accelerator/Vivado/puzhi/puzhi.gen/sources_1/ip/floating_point_1/floating_point_1/floating_point_1_in_context.xdc] for cell 'inst/dot_product_inst/dpe_inst/GEN_MUL[118].fp_mult'
Finished Parsing XDC File [/home/malik/andromeda_ila/AXI-Dot-Product-Accelerator/Vivado/puzhi/puzhi.gen/sources_1/ip/floating_point_1/floating_point_1/floating_point_1_in_context.xdc] for cell 'inst/dot_product_inst/dpe_inst/GEN_MUL[118].fp_mult'
Parsing XDC File [/home/malik/andromeda_ila/AXI-Dot-Product-Accelerator/Vivado/puzhi/puzhi.gen/sources_1/ip/floating_point_1/floating_point_1/floating_point_1_in_context.xdc] for cell 'inst/dot_product_inst/dpe_inst/GEN_MUL[119].fp_mult'
Finished Parsing XDC File [/home/malik/andromeda_ila/AXI-Dot-Product-Accelerator/Vivado/puzhi/puzhi.gen/sources_1/ip/floating_point_1/floating_point_1/floating_point_1_in_context.xdc] for cell 'inst/dot_product_inst/dpe_inst/GEN_MUL[119].fp_mult'
Parsing XDC File [/home/malik/andromeda_ila/AXI-Dot-Product-Accelerator/Vivado/puzhi/puzhi.gen/sources_1/ip/floating_point_1/floating_point_1/floating_point_1_in_context.xdc] for cell 'inst/dot_product_inst/dpe_inst/GEN_MUL[120].fp_mult'
Finished Parsing XDC File [/home/malik/andromeda_ila/AXI-Dot-Product-Accelerator/Vivado/puzhi/puzhi.gen/sources_1/ip/floating_point_1/floating_point_1/floating_point_1_in_context.xdc] for cell 'inst/dot_product_inst/dpe_inst/GEN_MUL[120].fp_mult'
Parsing XDC File [/home/malik/andromeda_ila/AXI-Dot-Product-Accelerator/Vivado/puzhi/puzhi.gen/sources_1/ip/floating_point_1/floating_point_1/floating_point_1_in_context.xdc] for cell 'inst/dot_product_inst/dpe_inst/GEN_MUL[121].fp_mult'
Finished Parsing XDC File [/home/malik/andromeda_ila/AXI-Dot-Product-Accelerator/Vivado/puzhi/puzhi.gen/sources_1/ip/floating_point_1/floating_point_1/floating_point_1_in_context.xdc] for cell 'inst/dot_product_inst/dpe_inst/GEN_MUL[121].fp_mult'
Parsing XDC File [/home/malik/andromeda_ila/AXI-Dot-Product-Accelerator/Vivado/puzhi/puzhi.gen/sources_1/ip/floating_point_1/floating_point_1/floating_point_1_in_context.xdc] for cell 'inst/dot_product_inst/dpe_inst/GEN_MUL[122].fp_mult'
Finished Parsing XDC File [/home/malik/andromeda_ila/AXI-Dot-Product-Accelerator/Vivado/puzhi/puzhi.gen/sources_1/ip/floating_point_1/floating_point_1/floating_point_1_in_context.xdc] for cell 'inst/dot_product_inst/dpe_inst/GEN_MUL[122].fp_mult'
Parsing XDC File [/home/malik/andromeda_ila/AXI-Dot-Product-Accelerator/Vivado/puzhi/puzhi.gen/sources_1/ip/floating_point_1/floating_point_1/floating_point_1_in_context.xdc] for cell 'inst/dot_product_inst/dpe_inst/GEN_MUL[123].fp_mult'
Finished Parsing XDC File [/home/malik/andromeda_ila/AXI-Dot-Product-Accelerator/Vivado/puzhi/puzhi.gen/sources_1/ip/floating_point_1/floating_point_1/floating_point_1_in_context.xdc] for cell 'inst/dot_product_inst/dpe_inst/GEN_MUL[123].fp_mult'
Parsing XDC File [/home/malik/andromeda_ila/AXI-Dot-Product-Accelerator/Vivado/puzhi/puzhi.gen/sources_1/ip/floating_point_1/floating_point_1/floating_point_1_in_context.xdc] for cell 'inst/dot_product_inst/dpe_inst/GEN_MUL[124].fp_mult'
Finished Parsing XDC File [/home/malik/andromeda_ila/AXI-Dot-Product-Accelerator/Vivado/puzhi/puzhi.gen/sources_1/ip/floating_point_1/floating_point_1/floating_point_1_in_context.xdc] for cell 'inst/dot_product_inst/dpe_inst/GEN_MUL[124].fp_mult'
Parsing XDC File [/home/malik/andromeda_ila/AXI-Dot-Product-Accelerator/Vivado/puzhi/puzhi.gen/sources_1/ip/floating_point_1/floating_point_1/floating_point_1_in_context.xdc] for cell 'inst/dot_product_inst/dpe_inst/GEN_MUL[125].fp_mult'
Finished Parsing XDC File [/home/malik/andromeda_ila/AXI-Dot-Product-Accelerator/Vivado/puzhi/puzhi.gen/sources_1/ip/floating_point_1/floating_point_1/floating_point_1_in_context.xdc] for cell 'inst/dot_product_inst/dpe_inst/GEN_MUL[125].fp_mult'
Parsing XDC File [/home/malik/andromeda_ila/AXI-Dot-Product-Accelerator/Vivado/puzhi/puzhi.gen/sources_1/ip/floating_point_1/floating_point_1/floating_point_1_in_context.xdc] for cell 'inst/dot_product_inst/dpe_inst/GEN_MUL[126].fp_mult'
Finished Parsing XDC File [/home/malik/andromeda_ila/AXI-Dot-Product-Accelerator/Vivado/puzhi/puzhi.gen/sources_1/ip/floating_point_1/floating_point_1/floating_point_1_in_context.xdc] for cell 'inst/dot_product_inst/dpe_inst/GEN_MUL[126].fp_mult'
Parsing XDC File [/home/malik/andromeda_ila/AXI-Dot-Product-Accelerator/Vivado/puzhi/puzhi.gen/sources_1/ip/floating_point_1/floating_point_1/floating_point_1_in_context.xdc] for cell 'inst/dot_product_inst/dpe_inst/GEN_MUL[127].fp_mult'
Finished Parsing XDC File [/home/malik/andromeda_ila/AXI-Dot-Product-Accelerator/Vivado/puzhi/puzhi.gen/sources_1/ip/floating_point_1/floating_point_1/floating_point_1_in_context.xdc] for cell 'inst/dot_product_inst/dpe_inst/GEN_MUL[127].fp_mult'
Parsing XDC File [/home/malik/andromeda_ila/AXI-Dot-Product-Accelerator/Vivado/puzhi/puzhi.gen/sources_1/ip/floating_point_3/floating_point_3/floating_point_3_in_context.xdc] for cell 'inst/dot_product_inst/dpe_inst/GEN_CONVERT[0].convert/fp16_to_fp32_inst'
Finished Parsing XDC File [/home/malik/andromeda_ila/AXI-Dot-Product-Accelerator/Vivado/puzhi/puzhi.gen/sources_1/ip/floating_point_3/floating_point_3/floating_point_3_in_context.xdc] for cell 'inst/dot_product_inst/dpe_inst/GEN_CONVERT[0].convert/fp16_to_fp32_inst'
Parsing XDC File [/home/malik/andromeda_ila/AXI-Dot-Product-Accelerator/Vivado/puzhi/puzhi.gen/sources_1/ip/floating_point_3/floating_point_3/floating_point_3_in_context.xdc] for cell 'inst/dot_product_inst/dpe_inst/GEN_CONVERT[0].convert/bf16_to_fp32_inst'
Finished Parsing XDC File [/home/malik/andromeda_ila/AXI-Dot-Product-Accelerator/Vivado/puzhi/puzhi.gen/sources_1/ip/floating_point_3/floating_point_3/floating_point_3_in_context.xdc] for cell 'inst/dot_product_inst/dpe_inst/GEN_CONVERT[0].convert/bf16_to_fp32_inst'
Parsing XDC File [/home/malik/andromeda_ila/AXI-Dot-Product-Accelerator/Vivado/puzhi/puzhi.gen/sources_1/ip/floating_point_3/floating_point_3/floating_point_3_in_context.xdc] for cell 'inst/dot_product_inst/dpe_inst/GEN_CONVERT[1].convert/fp16_to_fp32_inst'
Finished Parsing XDC File [/home/malik/andromeda_ila/AXI-Dot-Product-Accelerator/Vivado/puzhi/puzhi.gen/sources_1/ip/floating_point_3/floating_point_3/floating_point_3_in_context.xdc] for cell 'inst/dot_product_inst/dpe_inst/GEN_CONVERT[1].convert/fp16_to_fp32_inst'
Parsing XDC File [/home/malik/andromeda_ila/AXI-Dot-Product-Accelerator/Vivado/puzhi/puzhi.gen/sources_1/ip/floating_point_3/floating_point_3/floating_point_3_in_context.xdc] for cell 'inst/dot_product_inst/dpe_inst/GEN_CONVERT[1].convert/bf16_to_fp32_inst'
Finished Parsing XDC File [/home/malik/andromeda_ila/AXI-Dot-Product-Accelerator/Vivado/puzhi/puzhi.gen/sources_1/ip/floating_point_3/floating_point_3/floating_point_3_in_context.xdc] for cell 'inst/dot_product_inst/dpe_inst/GEN_CONVERT[1].convert/bf16_to_fp32_inst'
Parsing XDC File [/home/malik/andromeda_ila/AXI-Dot-Product-Accelerator/Vivado/puzhi/puzhi.gen/sources_1/ip/floating_point_3/floating_point_3/floating_point_3_in_context.xdc] for cell 'inst/dot_product_inst/dpe_inst/GEN_CONVERT[2].convert/fp16_to_fp32_inst'
Finished Parsing XDC File [/home/malik/andromeda_ila/AXI-Dot-Product-Accelerator/Vivado/puzhi/puzhi.gen/sources_1/ip/floating_point_3/floating_point_3/floating_point_3_in_context.xdc] for cell 'inst/dot_product_inst/dpe_inst/GEN_CONVERT[2].convert/fp16_to_fp32_inst'
Parsing XDC File [/home/malik/andromeda_ila/AXI-Dot-Product-Accelerator/Vivado/puzhi/puzhi.gen/sources_1/ip/floating_point_3/floating_point_3/floating_point_3_in_context.xdc] for cell 'inst/dot_product_inst/dpe_inst/GEN_CONVERT[2].convert/bf16_to_fp32_inst'
Finished Parsing XDC File [/home/malik/andromeda_ila/AXI-Dot-Product-Accelerator/Vivado/puzhi/puzhi.gen/sources_1/ip/floating_point_3/floating_point_3/floating_point_3_in_context.xdc] for cell 'inst/dot_product_inst/dpe_inst/GEN_CONVERT[2].convert/bf16_to_fp32_inst'
Parsing XDC File [/home/malik/andromeda_ila/AXI-Dot-Product-Accelerator/Vivado/puzhi/puzhi.gen/sources_1/ip/floating_point_3/floating_point_3/floating_point_3_in_context.xdc] for cell 'inst/dot_product_inst/dpe_inst/GEN_CONVERT[3].convert/fp16_to_fp32_inst'
Finished Parsing XDC File [/home/malik/andromeda_ila/AXI-Dot-Product-Accelerator/Vivado/puzhi/puzhi.gen/sources_1/ip/floating_point_3/floating_point_3/floating_point_3_in_context.xdc] for cell 'inst/dot_product_inst/dpe_inst/GEN_CONVERT[3].convert/fp16_to_fp32_inst'
Parsing XDC File [/home/malik/andromeda_ila/AXI-Dot-Product-Accelerator/Vivado/puzhi/puzhi.gen/sources_1/ip/floating_point_3/floating_point_3/floating_point_3_in_context.xdc] for cell 'inst/dot_product_inst/dpe_inst/GEN_CONVERT[3].convert/bf16_to_fp32_inst'
Finished Parsing XDC File [/home/malik/andromeda_ila/AXI-Dot-Product-Accelerator/Vivado/puzhi/puzhi.gen/sources_1/ip/floating_point_3/floating_point_3/floating_point_3_in_context.xdc] for cell 'inst/dot_product_inst/dpe_inst/GEN_CONVERT[3].convert/bf16_to_fp32_inst'
Parsing XDC File [/home/malik/andromeda_ila/AXI-Dot-Product-Accelerator/Vivado/puzhi/puzhi.gen/sources_1/ip/floating_point_3/floating_point_3/floating_point_3_in_context.xdc] for cell 'inst/dot_product_inst/dpe_inst/GEN_CONVERT[4].convert/fp16_to_fp32_inst'
Finished Parsing XDC File [/home/malik/andromeda_ila/AXI-Dot-Product-Accelerator/Vivado/puzhi/puzhi.gen/sources_1/ip/floating_point_3/floating_point_3/floating_point_3_in_context.xdc] for cell 'inst/dot_product_inst/dpe_inst/GEN_CONVERT[4].convert/fp16_to_fp32_inst'
Parsing XDC File [/home/malik/andromeda_ila/AXI-Dot-Product-Accelerator/Vivado/puzhi/puzhi.gen/sources_1/ip/floating_point_3/floating_point_3/floating_point_3_in_context.xdc] for cell 'inst/dot_product_inst/dpe_inst/GEN_CONVERT[4].convert/bf16_to_fp32_inst'
Finished Parsing XDC File [/home/malik/andromeda_ila/AXI-Dot-Product-Accelerator/Vivado/puzhi/puzhi.gen/sources_1/ip/floating_point_3/floating_point_3/floating_point_3_in_context.xdc] for cell 'inst/dot_product_inst/dpe_inst/GEN_CONVERT[4].convert/bf16_to_fp32_inst'
Parsing XDC File [/home/malik/andromeda_ila/AXI-Dot-Product-Accelerator/Vivado/puzhi/puzhi.gen/sources_1/ip/floating_point_3/floating_point_3/floating_point_3_in_context.xdc] for cell 'inst/dot_product_inst/dpe_inst/GEN_CONVERT[5].convert/fp16_to_fp32_inst'
Finished Parsing XDC File [/home/malik/andromeda_ila/AXI-Dot-Product-Accelerator/Vivado/puzhi/puzhi.gen/sources_1/ip/floating_point_3/floating_point_3/floating_point_3_in_context.xdc] for cell 'inst/dot_product_inst/dpe_inst/GEN_CONVERT[5].convert/fp16_to_fp32_inst'
Parsing XDC File [/home/malik/andromeda_ila/AXI-Dot-Product-Accelerator/Vivado/puzhi/puzhi.gen/sources_1/ip/floating_point_3/floating_point_3/floating_point_3_in_context.xdc] for cell 'inst/dot_product_inst/dpe_inst/GEN_CONVERT[5].convert/bf16_to_fp32_inst'
Finished Parsing XDC File [/home/malik/andromeda_ila/AXI-Dot-Product-Accelerator/Vivado/puzhi/puzhi.gen/sources_1/ip/floating_point_3/floating_point_3/floating_point_3_in_context.xdc] for cell 'inst/dot_product_inst/dpe_inst/GEN_CONVERT[5].convert/bf16_to_fp32_inst'
Parsing XDC File [/home/malik/andromeda_ila/AXI-Dot-Product-Accelerator/Vivado/puzhi/puzhi.gen/sources_1/ip/floating_point_3/floating_point_3/floating_point_3_in_context.xdc] for cell 'inst/dot_product_inst/dpe_inst/GEN_CONVERT[6].convert/fp16_to_fp32_inst'
Finished Parsing XDC File [/home/malik/andromeda_ila/AXI-Dot-Product-Accelerator/Vivado/puzhi/puzhi.gen/sources_1/ip/floating_point_3/floating_point_3/floating_point_3_in_context.xdc] for cell 'inst/dot_product_inst/dpe_inst/GEN_CONVERT[6].convert/fp16_to_fp32_inst'
Parsing XDC File [/home/malik/andromeda_ila/AXI-Dot-Product-Accelerator/Vivado/puzhi/puzhi.gen/sources_1/ip/floating_point_3/floating_point_3/floating_point_3_in_context.xdc] for cell 'inst/dot_product_inst/dpe_inst/GEN_CONVERT[6].convert/bf16_to_fp32_inst'
Finished Parsing XDC File [/home/malik/andromeda_ila/AXI-Dot-Product-Accelerator/Vivado/puzhi/puzhi.gen/sources_1/ip/floating_point_3/floating_point_3/floating_point_3_in_context.xdc] for cell 'inst/dot_product_inst/dpe_inst/GEN_CONVERT[6].convert/bf16_to_fp32_inst'
Parsing XDC File [/home/malik/andromeda_ila/AXI-Dot-Product-Accelerator/Vivado/puzhi/puzhi.gen/sources_1/ip/floating_point_3/floating_point_3/floating_point_3_in_context.xdc] for cell 'inst/dot_product_inst/dpe_inst/GEN_CONVERT[7].convert/fp16_to_fp32_inst'
Finished Parsing XDC File [/home/malik/andromeda_ila/AXI-Dot-Product-Accelerator/Vivado/puzhi/puzhi.gen/sources_1/ip/floating_point_3/floating_point_3/floating_point_3_in_context.xdc] for cell 'inst/dot_product_inst/dpe_inst/GEN_CONVERT[7].convert/fp16_to_fp32_inst'
Parsing XDC File [/home/malik/andromeda_ila/AXI-Dot-Product-Accelerator/Vivado/puzhi/puzhi.gen/sources_1/ip/floating_point_3/floating_point_3/floating_point_3_in_context.xdc] for cell 'inst/dot_product_inst/dpe_inst/GEN_CONVERT[7].convert/bf16_to_fp32_inst'
Finished Parsing XDC File [/home/malik/andromeda_ila/AXI-Dot-Product-Accelerator/Vivado/puzhi/puzhi.gen/sources_1/ip/floating_point_3/floating_point_3/floating_point_3_in_context.xdc] for cell 'inst/dot_product_inst/dpe_inst/GEN_CONVERT[7].convert/bf16_to_fp32_inst'
Parsing XDC File [/home/malik/andromeda_ila/AXI-Dot-Product-Accelerator/Vivado/puzhi/puzhi.gen/sources_1/ip/floating_point_3/floating_point_3/floating_point_3_in_context.xdc] for cell 'inst/dot_product_inst/dpe_inst/GEN_CONVERT[8].convert/fp16_to_fp32_inst'
Finished Parsing XDC File [/home/malik/andromeda_ila/AXI-Dot-Product-Accelerator/Vivado/puzhi/puzhi.gen/sources_1/ip/floating_point_3/floating_point_3/floating_point_3_in_context.xdc] for cell 'inst/dot_product_inst/dpe_inst/GEN_CONVERT[8].convert/fp16_to_fp32_inst'
Parsing XDC File [/home/malik/andromeda_ila/AXI-Dot-Product-Accelerator/Vivado/puzhi/puzhi.gen/sources_1/ip/floating_point_3/floating_point_3/floating_point_3_in_context.xdc] for cell 'inst/dot_product_inst/dpe_inst/GEN_CONVERT[8].convert/bf16_to_fp32_inst'
Finished Parsing XDC File [/home/malik/andromeda_ila/AXI-Dot-Product-Accelerator/Vivado/puzhi/puzhi.gen/sources_1/ip/floating_point_3/floating_point_3/floating_point_3_in_context.xdc] for cell 'inst/dot_product_inst/dpe_inst/GEN_CONVERT[8].convert/bf16_to_fp32_inst'
Parsing XDC File [/home/malik/andromeda_ila/AXI-Dot-Product-Accelerator/Vivado/puzhi/puzhi.gen/sources_1/ip/floating_point_3/floating_point_3/floating_point_3_in_context.xdc] for cell 'inst/dot_product_inst/dpe_inst/GEN_CONVERT[9].convert/fp16_to_fp32_inst'
Finished Parsing XDC File [/home/malik/andromeda_ila/AXI-Dot-Product-Accelerator/Vivado/puzhi/puzhi.gen/sources_1/ip/floating_point_3/floating_point_3/floating_point_3_in_context.xdc] for cell 'inst/dot_product_inst/dpe_inst/GEN_CONVERT[9].convert/fp16_to_fp32_inst'
Parsing XDC File [/home/malik/andromeda_ila/AXI-Dot-Product-Accelerator/Vivado/puzhi/puzhi.gen/sources_1/ip/floating_point_3/floating_point_3/floating_point_3_in_context.xdc] for cell 'inst/dot_product_inst/dpe_inst/GEN_CONVERT[9].convert/bf16_to_fp32_inst'
Finished Parsing XDC File [/home/malik/andromeda_ila/AXI-Dot-Product-Accelerator/Vivado/puzhi/puzhi.gen/sources_1/ip/floating_point_3/floating_point_3/floating_point_3_in_context.xdc] for cell 'inst/dot_product_inst/dpe_inst/GEN_CONVERT[9].convert/bf16_to_fp32_inst'
Parsing XDC File [/home/malik/andromeda_ila/AXI-Dot-Product-Accelerator/Vivado/puzhi/puzhi.gen/sources_1/ip/floating_point_3/floating_point_3/floating_point_3_in_context.xdc] for cell 'inst/dot_product_inst/dpe_inst/GEN_CONVERT[10].convert/fp16_to_fp32_inst'
Finished Parsing XDC File [/home/malik/andromeda_ila/AXI-Dot-Product-Accelerator/Vivado/puzhi/puzhi.gen/sources_1/ip/floating_point_3/floating_point_3/floating_point_3_in_context.xdc] for cell 'inst/dot_product_inst/dpe_inst/GEN_CONVERT[10].convert/fp16_to_fp32_inst'
Parsing XDC File [/home/malik/andromeda_ila/AXI-Dot-Product-Accelerator/Vivado/puzhi/puzhi.gen/sources_1/ip/floating_point_3/floating_point_3/floating_point_3_in_context.xdc] for cell 'inst/dot_product_inst/dpe_inst/GEN_CONVERT[10].convert/bf16_to_fp32_inst'
Finished Parsing XDC File [/home/malik/andromeda_ila/AXI-Dot-Product-Accelerator/Vivado/puzhi/puzhi.gen/sources_1/ip/floating_point_3/floating_point_3/floating_point_3_in_context.xdc] for cell 'inst/dot_product_inst/dpe_inst/GEN_CONVERT[10].convert/bf16_to_fp32_inst'
Parsing XDC File [/home/malik/andromeda_ila/AXI-Dot-Product-Accelerator/Vivado/puzhi/puzhi.gen/sources_1/ip/floating_point_3/floating_point_3/floating_point_3_in_context.xdc] for cell 'inst/dot_product_inst/dpe_inst/GEN_CONVERT[11].convert/fp16_to_fp32_inst'
Finished Parsing XDC File [/home/malik/andromeda_ila/AXI-Dot-Product-Accelerator/Vivado/puzhi/puzhi.gen/sources_1/ip/floating_point_3/floating_point_3/floating_point_3_in_context.xdc] for cell 'inst/dot_product_inst/dpe_inst/GEN_CONVERT[11].convert/fp16_to_fp32_inst'
Parsing XDC File [/home/malik/andromeda_ila/AXI-Dot-Product-Accelerator/Vivado/puzhi/puzhi.gen/sources_1/ip/floating_point_3/floating_point_3/floating_point_3_in_context.xdc] for cell 'inst/dot_product_inst/dpe_inst/GEN_CONVERT[11].convert/bf16_to_fp32_inst'
Finished Parsing XDC File [/home/malik/andromeda_ila/AXI-Dot-Product-Accelerator/Vivado/puzhi/puzhi.gen/sources_1/ip/floating_point_3/floating_point_3/floating_point_3_in_context.xdc] for cell 'inst/dot_product_inst/dpe_inst/GEN_CONVERT[11].convert/bf16_to_fp32_inst'
Parsing XDC File [/home/malik/andromeda_ila/AXI-Dot-Product-Accelerator/Vivado/puzhi/puzhi.gen/sources_1/ip/floating_point_3/floating_point_3/floating_point_3_in_context.xdc] for cell 'inst/dot_product_inst/dpe_inst/GEN_CONVERT[12].convert/fp16_to_fp32_inst'
Finished Parsing XDC File [/home/malik/andromeda_ila/AXI-Dot-Product-Accelerator/Vivado/puzhi/puzhi.gen/sources_1/ip/floating_point_3/floating_point_3/floating_point_3_in_context.xdc] for cell 'inst/dot_product_inst/dpe_inst/GEN_CONVERT[12].convert/fp16_to_fp32_inst'
Parsing XDC File [/home/malik/andromeda_ila/AXI-Dot-Product-Accelerator/Vivado/puzhi/puzhi.gen/sources_1/ip/floating_point_3/floating_point_3/floating_point_3_in_context.xdc] for cell 'inst/dot_product_inst/dpe_inst/GEN_CONVERT[12].convert/bf16_to_fp32_inst'
Finished Parsing XDC File [/home/malik/andromeda_ila/AXI-Dot-Product-Accelerator/Vivado/puzhi/puzhi.gen/sources_1/ip/floating_point_3/floating_point_3/floating_point_3_in_context.xdc] for cell 'inst/dot_product_inst/dpe_inst/GEN_CONVERT[12].convert/bf16_to_fp32_inst'
Parsing XDC File [/home/malik/andromeda_ila/AXI-Dot-Product-Accelerator/Vivado/puzhi/puzhi.gen/sources_1/ip/floating_point_3/floating_point_3/floating_point_3_in_context.xdc] for cell 'inst/dot_product_inst/dpe_inst/GEN_CONVERT[13].convert/fp16_to_fp32_inst'
Finished Parsing XDC File [/home/malik/andromeda_ila/AXI-Dot-Product-Accelerator/Vivado/puzhi/puzhi.gen/sources_1/ip/floating_point_3/floating_point_3/floating_point_3_in_context.xdc] for cell 'inst/dot_product_inst/dpe_inst/GEN_CONVERT[13].convert/fp16_to_fp32_inst'
Parsing XDC File [/home/malik/andromeda_ila/AXI-Dot-Product-Accelerator/Vivado/puzhi/puzhi.gen/sources_1/ip/floating_point_3/floating_point_3/floating_point_3_in_context.xdc] for cell 'inst/dot_product_inst/dpe_inst/GEN_CONVERT[13].convert/bf16_to_fp32_inst'
Finished Parsing XDC File [/home/malik/andromeda_ila/AXI-Dot-Product-Accelerator/Vivado/puzhi/puzhi.gen/sources_1/ip/floating_point_3/floating_point_3/floating_point_3_in_context.xdc] for cell 'inst/dot_product_inst/dpe_inst/GEN_CONVERT[13].convert/bf16_to_fp32_inst'
Parsing XDC File [/home/malik/andromeda_ila/AXI-Dot-Product-Accelerator/Vivado/puzhi/puzhi.gen/sources_1/ip/floating_point_3/floating_point_3/floating_point_3_in_context.xdc] for cell 'inst/dot_product_inst/dpe_inst/GEN_CONVERT[14].convert/fp16_to_fp32_inst'
Finished Parsing XDC File [/home/malik/andromeda_ila/AXI-Dot-Product-Accelerator/Vivado/puzhi/puzhi.gen/sources_1/ip/floating_point_3/floating_point_3/floating_point_3_in_context.xdc] for cell 'inst/dot_product_inst/dpe_inst/GEN_CONVERT[14].convert/fp16_to_fp32_inst'
Parsing XDC File [/home/malik/andromeda_ila/AXI-Dot-Product-Accelerator/Vivado/puzhi/puzhi.gen/sources_1/ip/floating_point_3/floating_point_3/floating_point_3_in_context.xdc] for cell 'inst/dot_product_inst/dpe_inst/GEN_CONVERT[14].convert/bf16_to_fp32_inst'
Finished Parsing XDC File [/home/malik/andromeda_ila/AXI-Dot-Product-Accelerator/Vivado/puzhi/puzhi.gen/sources_1/ip/floating_point_3/floating_point_3/floating_point_3_in_context.xdc] for cell 'inst/dot_product_inst/dpe_inst/GEN_CONVERT[14].convert/bf16_to_fp32_inst'
Parsing XDC File [/home/malik/andromeda_ila/AXI-Dot-Product-Accelerator/Vivado/puzhi/puzhi.gen/sources_1/ip/floating_point_3/floating_point_3/floating_point_3_in_context.xdc] for cell 'inst/dot_product_inst/dpe_inst/GEN_CONVERT[15].convert/fp16_to_fp32_inst'
Finished Parsing XDC File [/home/malik/andromeda_ila/AXI-Dot-Product-Accelerator/Vivado/puzhi/puzhi.gen/sources_1/ip/floating_point_3/floating_point_3/floating_point_3_in_context.xdc] for cell 'inst/dot_product_inst/dpe_inst/GEN_CONVERT[15].convert/fp16_to_fp32_inst'
Parsing XDC File [/home/malik/andromeda_ila/AXI-Dot-Product-Accelerator/Vivado/puzhi/puzhi.gen/sources_1/ip/floating_point_3/floating_point_3/floating_point_3_in_context.xdc] for cell 'inst/dot_product_inst/dpe_inst/GEN_CONVERT[15].convert/bf16_to_fp32_inst'
Finished Parsing XDC File [/home/malik/andromeda_ila/AXI-Dot-Product-Accelerator/Vivado/puzhi/puzhi.gen/sources_1/ip/floating_point_3/floating_point_3/floating_point_3_in_context.xdc] for cell 'inst/dot_product_inst/dpe_inst/GEN_CONVERT[15].convert/bf16_to_fp32_inst'
Parsing XDC File [/home/malik/andromeda_ila/AXI-Dot-Product-Accelerator/Vivado/puzhi/puzhi.gen/sources_1/ip/floating_point_3/floating_point_3/floating_point_3_in_context.xdc] for cell 'inst/dot_product_inst/dpe_inst/GEN_CONVERT[16].convert/fp16_to_fp32_inst'
Finished Parsing XDC File [/home/malik/andromeda_ila/AXI-Dot-Product-Accelerator/Vivado/puzhi/puzhi.gen/sources_1/ip/floating_point_3/floating_point_3/floating_point_3_in_context.xdc] for cell 'inst/dot_product_inst/dpe_inst/GEN_CONVERT[16].convert/fp16_to_fp32_inst'
Parsing XDC File [/home/malik/andromeda_ila/AXI-Dot-Product-Accelerator/Vivado/puzhi/puzhi.gen/sources_1/ip/floating_point_3/floating_point_3/floating_point_3_in_context.xdc] for cell 'inst/dot_product_inst/dpe_inst/GEN_CONVERT[16].convert/bf16_to_fp32_inst'
Finished Parsing XDC File [/home/malik/andromeda_ila/AXI-Dot-Product-Accelerator/Vivado/puzhi/puzhi.gen/sources_1/ip/floating_point_3/floating_point_3/floating_point_3_in_context.xdc] for cell 'inst/dot_product_inst/dpe_inst/GEN_CONVERT[16].convert/bf16_to_fp32_inst'
Parsing XDC File [/home/malik/andromeda_ila/AXI-Dot-Product-Accelerator/Vivado/puzhi/puzhi.gen/sources_1/ip/floating_point_3/floating_point_3/floating_point_3_in_context.xdc] for cell 'inst/dot_product_inst/dpe_inst/GEN_CONVERT[17].convert/fp16_to_fp32_inst'
Finished Parsing XDC File [/home/malik/andromeda_ila/AXI-Dot-Product-Accelerator/Vivado/puzhi/puzhi.gen/sources_1/ip/floating_point_3/floating_point_3/floating_point_3_in_context.xdc] for cell 'inst/dot_product_inst/dpe_inst/GEN_CONVERT[17].convert/fp16_to_fp32_inst'
Parsing XDC File [/home/malik/andromeda_ila/AXI-Dot-Product-Accelerator/Vivado/puzhi/puzhi.gen/sources_1/ip/floating_point_3/floating_point_3/floating_point_3_in_context.xdc] for cell 'inst/dot_product_inst/dpe_inst/GEN_CONVERT[17].convert/bf16_to_fp32_inst'
Finished Parsing XDC File [/home/malik/andromeda_ila/AXI-Dot-Product-Accelerator/Vivado/puzhi/puzhi.gen/sources_1/ip/floating_point_3/floating_point_3/floating_point_3_in_context.xdc] for cell 'inst/dot_product_inst/dpe_inst/GEN_CONVERT[17].convert/bf16_to_fp32_inst'
Parsing XDC File [/home/malik/andromeda_ila/AXI-Dot-Product-Accelerator/Vivado/puzhi/puzhi.gen/sources_1/ip/floating_point_3/floating_point_3/floating_point_3_in_context.xdc] for cell 'inst/dot_product_inst/dpe_inst/GEN_CONVERT[18].convert/fp16_to_fp32_inst'
Finished Parsing XDC File [/home/malik/andromeda_ila/AXI-Dot-Product-Accelerator/Vivado/puzhi/puzhi.gen/sources_1/ip/floating_point_3/floating_point_3/floating_point_3_in_context.xdc] for cell 'inst/dot_product_inst/dpe_inst/GEN_CONVERT[18].convert/fp16_to_fp32_inst'
Parsing XDC File [/home/malik/andromeda_ila/AXI-Dot-Product-Accelerator/Vivado/puzhi/puzhi.gen/sources_1/ip/floating_point_3/floating_point_3/floating_point_3_in_context.xdc] for cell 'inst/dot_product_inst/dpe_inst/GEN_CONVERT[18].convert/bf16_to_fp32_inst'
Finished Parsing XDC File [/home/malik/andromeda_ila/AXI-Dot-Product-Accelerator/Vivado/puzhi/puzhi.gen/sources_1/ip/floating_point_3/floating_point_3/floating_point_3_in_context.xdc] for cell 'inst/dot_product_inst/dpe_inst/GEN_CONVERT[18].convert/bf16_to_fp32_inst'
Parsing XDC File [/home/malik/andromeda_ila/AXI-Dot-Product-Accelerator/Vivado/puzhi/puzhi.gen/sources_1/ip/floating_point_3/floating_point_3/floating_point_3_in_context.xdc] for cell 'inst/dot_product_inst/dpe_inst/GEN_CONVERT[19].convert/fp16_to_fp32_inst'
Finished Parsing XDC File [/home/malik/andromeda_ila/AXI-Dot-Product-Accelerator/Vivado/puzhi/puzhi.gen/sources_1/ip/floating_point_3/floating_point_3/floating_point_3_in_context.xdc] for cell 'inst/dot_product_inst/dpe_inst/GEN_CONVERT[19].convert/fp16_to_fp32_inst'
Parsing XDC File [/home/malik/andromeda_ila/AXI-Dot-Product-Accelerator/Vivado/puzhi/puzhi.gen/sources_1/ip/floating_point_3/floating_point_3/floating_point_3_in_context.xdc] for cell 'inst/dot_product_inst/dpe_inst/GEN_CONVERT[19].convert/bf16_to_fp32_inst'
Finished Parsing XDC File [/home/malik/andromeda_ila/AXI-Dot-Product-Accelerator/Vivado/puzhi/puzhi.gen/sources_1/ip/floating_point_3/floating_point_3/floating_point_3_in_context.xdc] for cell 'inst/dot_product_inst/dpe_inst/GEN_CONVERT[19].convert/bf16_to_fp32_inst'
Parsing XDC File [/home/malik/andromeda_ila/AXI-Dot-Product-Accelerator/Vivado/puzhi/puzhi.gen/sources_1/ip/floating_point_3/floating_point_3/floating_point_3_in_context.xdc] for cell 'inst/dot_product_inst/dpe_inst/GEN_CONVERT[20].convert/fp16_to_fp32_inst'
Finished Parsing XDC File [/home/malik/andromeda_ila/AXI-Dot-Product-Accelerator/Vivado/puzhi/puzhi.gen/sources_1/ip/floating_point_3/floating_point_3/floating_point_3_in_context.xdc] for cell 'inst/dot_product_inst/dpe_inst/GEN_CONVERT[20].convert/fp16_to_fp32_inst'
Parsing XDC File [/home/malik/andromeda_ila/AXI-Dot-Product-Accelerator/Vivado/puzhi/puzhi.gen/sources_1/ip/floating_point_3/floating_point_3/floating_point_3_in_context.xdc] for cell 'inst/dot_product_inst/dpe_inst/GEN_CONVERT[20].convert/bf16_to_fp32_inst'
Finished Parsing XDC File [/home/malik/andromeda_ila/AXI-Dot-Product-Accelerator/Vivado/puzhi/puzhi.gen/sources_1/ip/floating_point_3/floating_point_3/floating_point_3_in_context.xdc] for cell 'inst/dot_product_inst/dpe_inst/GEN_CONVERT[20].convert/bf16_to_fp32_inst'
Parsing XDC File [/home/malik/andromeda_ila/AXI-Dot-Product-Accelerator/Vivado/puzhi/puzhi.gen/sources_1/ip/floating_point_3/floating_point_3/floating_point_3_in_context.xdc] for cell 'inst/dot_product_inst/dpe_inst/GEN_CONVERT[21].convert/fp16_to_fp32_inst'
Finished Parsing XDC File [/home/malik/andromeda_ila/AXI-Dot-Product-Accelerator/Vivado/puzhi/puzhi.gen/sources_1/ip/floating_point_3/floating_point_3/floating_point_3_in_context.xdc] for cell 'inst/dot_product_inst/dpe_inst/GEN_CONVERT[21].convert/fp16_to_fp32_inst'
Parsing XDC File [/home/malik/andromeda_ila/AXI-Dot-Product-Accelerator/Vivado/puzhi/puzhi.gen/sources_1/ip/floating_point_3/floating_point_3/floating_point_3_in_context.xdc] for cell 'inst/dot_product_inst/dpe_inst/GEN_CONVERT[21].convert/bf16_to_fp32_inst'
Finished Parsing XDC File [/home/malik/andromeda_ila/AXI-Dot-Product-Accelerator/Vivado/puzhi/puzhi.gen/sources_1/ip/floating_point_3/floating_point_3/floating_point_3_in_context.xdc] for cell 'inst/dot_product_inst/dpe_inst/GEN_CONVERT[21].convert/bf16_to_fp32_inst'
Parsing XDC File [/home/malik/andromeda_ila/AXI-Dot-Product-Accelerator/Vivado/puzhi/puzhi.gen/sources_1/ip/floating_point_3/floating_point_3/floating_point_3_in_context.xdc] for cell 'inst/dot_product_inst/dpe_inst/GEN_CONVERT[22].convert/fp16_to_fp32_inst'
Finished Parsing XDC File [/home/malik/andromeda_ila/AXI-Dot-Product-Accelerator/Vivado/puzhi/puzhi.gen/sources_1/ip/floating_point_3/floating_point_3/floating_point_3_in_context.xdc] for cell 'inst/dot_product_inst/dpe_inst/GEN_CONVERT[22].convert/fp16_to_fp32_inst'
Parsing XDC File [/home/malik/andromeda_ila/AXI-Dot-Product-Accelerator/Vivado/puzhi/puzhi.gen/sources_1/ip/floating_point_3/floating_point_3/floating_point_3_in_context.xdc] for cell 'inst/dot_product_inst/dpe_inst/GEN_CONVERT[22].convert/bf16_to_fp32_inst'
Finished Parsing XDC File [/home/malik/andromeda_ila/AXI-Dot-Product-Accelerator/Vivado/puzhi/puzhi.gen/sources_1/ip/floating_point_3/floating_point_3/floating_point_3_in_context.xdc] for cell 'inst/dot_product_inst/dpe_inst/GEN_CONVERT[22].convert/bf16_to_fp32_inst'
Parsing XDC File [/home/malik/andromeda_ila/AXI-Dot-Product-Accelerator/Vivado/puzhi/puzhi.gen/sources_1/ip/floating_point_3/floating_point_3/floating_point_3_in_context.xdc] for cell 'inst/dot_product_inst/dpe_inst/GEN_CONVERT[23].convert/fp16_to_fp32_inst'
Finished Parsing XDC File [/home/malik/andromeda_ila/AXI-Dot-Product-Accelerator/Vivado/puzhi/puzhi.gen/sources_1/ip/floating_point_3/floating_point_3/floating_point_3_in_context.xdc] for cell 'inst/dot_product_inst/dpe_inst/GEN_CONVERT[23].convert/fp16_to_fp32_inst'
Parsing XDC File [/home/malik/andromeda_ila/AXI-Dot-Product-Accelerator/Vivado/puzhi/puzhi.gen/sources_1/ip/floating_point_3/floating_point_3/floating_point_3_in_context.xdc] for cell 'inst/dot_product_inst/dpe_inst/GEN_CONVERT[23].convert/bf16_to_fp32_inst'
Finished Parsing XDC File [/home/malik/andromeda_ila/AXI-Dot-Product-Accelerator/Vivado/puzhi/puzhi.gen/sources_1/ip/floating_point_3/floating_point_3/floating_point_3_in_context.xdc] for cell 'inst/dot_product_inst/dpe_inst/GEN_CONVERT[23].convert/bf16_to_fp32_inst'
Parsing XDC File [/home/malik/andromeda_ila/AXI-Dot-Product-Accelerator/Vivado/puzhi/puzhi.gen/sources_1/ip/floating_point_3/floating_point_3/floating_point_3_in_context.xdc] for cell 'inst/dot_product_inst/dpe_inst/GEN_CONVERT[24].convert/fp16_to_fp32_inst'
Finished Parsing XDC File [/home/malik/andromeda_ila/AXI-Dot-Product-Accelerator/Vivado/puzhi/puzhi.gen/sources_1/ip/floating_point_3/floating_point_3/floating_point_3_in_context.xdc] for cell 'inst/dot_product_inst/dpe_inst/GEN_CONVERT[24].convert/fp16_to_fp32_inst'
Parsing XDC File [/home/malik/andromeda_ila/AXI-Dot-Product-Accelerator/Vivado/puzhi/puzhi.gen/sources_1/ip/floating_point_3/floating_point_3/floating_point_3_in_context.xdc] for cell 'inst/dot_product_inst/dpe_inst/GEN_CONVERT[24].convert/bf16_to_fp32_inst'
Finished Parsing XDC File [/home/malik/andromeda_ila/AXI-Dot-Product-Accelerator/Vivado/puzhi/puzhi.gen/sources_1/ip/floating_point_3/floating_point_3/floating_point_3_in_context.xdc] for cell 'inst/dot_product_inst/dpe_inst/GEN_CONVERT[24].convert/bf16_to_fp32_inst'
Parsing XDC File [/home/malik/andromeda_ila/AXI-Dot-Product-Accelerator/Vivado/puzhi/puzhi.gen/sources_1/ip/floating_point_3/floating_point_3/floating_point_3_in_context.xdc] for cell 'inst/dot_product_inst/dpe_inst/GEN_CONVERT[25].convert/fp16_to_fp32_inst'
Finished Parsing XDC File [/home/malik/andromeda_ila/AXI-Dot-Product-Accelerator/Vivado/puzhi/puzhi.gen/sources_1/ip/floating_point_3/floating_point_3/floating_point_3_in_context.xdc] for cell 'inst/dot_product_inst/dpe_inst/GEN_CONVERT[25].convert/fp16_to_fp32_inst'
Parsing XDC File [/home/malik/andromeda_ila/AXI-Dot-Product-Accelerator/Vivado/puzhi/puzhi.gen/sources_1/ip/floating_point_3/floating_point_3/floating_point_3_in_context.xdc] for cell 'inst/dot_product_inst/dpe_inst/GEN_CONVERT[25].convert/bf16_to_fp32_inst'
Finished Parsing XDC File [/home/malik/andromeda_ila/AXI-Dot-Product-Accelerator/Vivado/puzhi/puzhi.gen/sources_1/ip/floating_point_3/floating_point_3/floating_point_3_in_context.xdc] for cell 'inst/dot_product_inst/dpe_inst/GEN_CONVERT[25].convert/bf16_to_fp32_inst'
Parsing XDC File [/home/malik/andromeda_ila/AXI-Dot-Product-Accelerator/Vivado/puzhi/puzhi.gen/sources_1/ip/floating_point_3/floating_point_3/floating_point_3_in_context.xdc] for cell 'inst/dot_product_inst/dpe_inst/GEN_CONVERT[26].convert/fp16_to_fp32_inst'
Finished Parsing XDC File [/home/malik/andromeda_ila/AXI-Dot-Product-Accelerator/Vivado/puzhi/puzhi.gen/sources_1/ip/floating_point_3/floating_point_3/floating_point_3_in_context.xdc] for cell 'inst/dot_product_inst/dpe_inst/GEN_CONVERT[26].convert/fp16_to_fp32_inst'
Parsing XDC File [/home/malik/andromeda_ila/AXI-Dot-Product-Accelerator/Vivado/puzhi/puzhi.gen/sources_1/ip/floating_point_3/floating_point_3/floating_point_3_in_context.xdc] for cell 'inst/dot_product_inst/dpe_inst/GEN_CONVERT[26].convert/bf16_to_fp32_inst'
Finished Parsing XDC File [/home/malik/andromeda_ila/AXI-Dot-Product-Accelerator/Vivado/puzhi/puzhi.gen/sources_1/ip/floating_point_3/floating_point_3/floating_point_3_in_context.xdc] for cell 'inst/dot_product_inst/dpe_inst/GEN_CONVERT[26].convert/bf16_to_fp32_inst'
Parsing XDC File [/home/malik/andromeda_ila/AXI-Dot-Product-Accelerator/Vivado/puzhi/puzhi.gen/sources_1/ip/floating_point_3/floating_point_3/floating_point_3_in_context.xdc] for cell 'inst/dot_product_inst/dpe_inst/GEN_CONVERT[27].convert/fp16_to_fp32_inst'
Finished Parsing XDC File [/home/malik/andromeda_ila/AXI-Dot-Product-Accelerator/Vivado/puzhi/puzhi.gen/sources_1/ip/floating_point_3/floating_point_3/floating_point_3_in_context.xdc] for cell 'inst/dot_product_inst/dpe_inst/GEN_CONVERT[27].convert/fp16_to_fp32_inst'
Parsing XDC File [/home/malik/andromeda_ila/AXI-Dot-Product-Accelerator/Vivado/puzhi/puzhi.gen/sources_1/ip/floating_point_3/floating_point_3/floating_point_3_in_context.xdc] for cell 'inst/dot_product_inst/dpe_inst/GEN_CONVERT[27].convert/bf16_to_fp32_inst'
Finished Parsing XDC File [/home/malik/andromeda_ila/AXI-Dot-Product-Accelerator/Vivado/puzhi/puzhi.gen/sources_1/ip/floating_point_3/floating_point_3/floating_point_3_in_context.xdc] for cell 'inst/dot_product_inst/dpe_inst/GEN_CONVERT[27].convert/bf16_to_fp32_inst'
Parsing XDC File [/home/malik/andromeda_ila/AXI-Dot-Product-Accelerator/Vivado/puzhi/puzhi.gen/sources_1/ip/floating_point_3/floating_point_3/floating_point_3_in_context.xdc] for cell 'inst/dot_product_inst/dpe_inst/GEN_CONVERT[28].convert/fp16_to_fp32_inst'
Finished Parsing XDC File [/home/malik/andromeda_ila/AXI-Dot-Product-Accelerator/Vivado/puzhi/puzhi.gen/sources_1/ip/floating_point_3/floating_point_3/floating_point_3_in_context.xdc] for cell 'inst/dot_product_inst/dpe_inst/GEN_CONVERT[28].convert/fp16_to_fp32_inst'
Parsing XDC File [/home/malik/andromeda_ila/AXI-Dot-Product-Accelerator/Vivado/puzhi/puzhi.gen/sources_1/ip/floating_point_3/floating_point_3/floating_point_3_in_context.xdc] for cell 'inst/dot_product_inst/dpe_inst/GEN_CONVERT[28].convert/bf16_to_fp32_inst'
Finished Parsing XDC File [/home/malik/andromeda_ila/AXI-Dot-Product-Accelerator/Vivado/puzhi/puzhi.gen/sources_1/ip/floating_point_3/floating_point_3/floating_point_3_in_context.xdc] for cell 'inst/dot_product_inst/dpe_inst/GEN_CONVERT[28].convert/bf16_to_fp32_inst'
Parsing XDC File [/home/malik/andromeda_ila/AXI-Dot-Product-Accelerator/Vivado/puzhi/puzhi.gen/sources_1/ip/floating_point_3/floating_point_3/floating_point_3_in_context.xdc] for cell 'inst/dot_product_inst/dpe_inst/GEN_CONVERT[29].convert/fp16_to_fp32_inst'
Finished Parsing XDC File [/home/malik/andromeda_ila/AXI-Dot-Product-Accelerator/Vivado/puzhi/puzhi.gen/sources_1/ip/floating_point_3/floating_point_3/floating_point_3_in_context.xdc] for cell 'inst/dot_product_inst/dpe_inst/GEN_CONVERT[29].convert/fp16_to_fp32_inst'
Parsing XDC File [/home/malik/andromeda_ila/AXI-Dot-Product-Accelerator/Vivado/puzhi/puzhi.gen/sources_1/ip/floating_point_3/floating_point_3/floating_point_3_in_context.xdc] for cell 'inst/dot_product_inst/dpe_inst/GEN_CONVERT[29].convert/bf16_to_fp32_inst'
Finished Parsing XDC File [/home/malik/andromeda_ila/AXI-Dot-Product-Accelerator/Vivado/puzhi/puzhi.gen/sources_1/ip/floating_point_3/floating_point_3/floating_point_3_in_context.xdc] for cell 'inst/dot_product_inst/dpe_inst/GEN_CONVERT[29].convert/bf16_to_fp32_inst'
Parsing XDC File [/home/malik/andromeda_ila/AXI-Dot-Product-Accelerator/Vivado/puzhi/puzhi.gen/sources_1/ip/floating_point_3/floating_point_3/floating_point_3_in_context.xdc] for cell 'inst/dot_product_inst/dpe_inst/GEN_CONVERT[30].convert/fp16_to_fp32_inst'
Finished Parsing XDC File [/home/malik/andromeda_ila/AXI-Dot-Product-Accelerator/Vivado/puzhi/puzhi.gen/sources_1/ip/floating_point_3/floating_point_3/floating_point_3_in_context.xdc] for cell 'inst/dot_product_inst/dpe_inst/GEN_CONVERT[30].convert/fp16_to_fp32_inst'
Parsing XDC File [/home/malik/andromeda_ila/AXI-Dot-Product-Accelerator/Vivado/puzhi/puzhi.gen/sources_1/ip/floating_point_3/floating_point_3/floating_point_3_in_context.xdc] for cell 'inst/dot_product_inst/dpe_inst/GEN_CONVERT[30].convert/bf16_to_fp32_inst'
Finished Parsing XDC File [/home/malik/andromeda_ila/AXI-Dot-Product-Accelerator/Vivado/puzhi/puzhi.gen/sources_1/ip/floating_point_3/floating_point_3/floating_point_3_in_context.xdc] for cell 'inst/dot_product_inst/dpe_inst/GEN_CONVERT[30].convert/bf16_to_fp32_inst'
Parsing XDC File [/home/malik/andromeda_ila/AXI-Dot-Product-Accelerator/Vivado/puzhi/puzhi.gen/sources_1/ip/floating_point_3/floating_point_3/floating_point_3_in_context.xdc] for cell 'inst/dot_product_inst/dpe_inst/GEN_CONVERT[31].convert/fp16_to_fp32_inst'
Finished Parsing XDC File [/home/malik/andromeda_ila/AXI-Dot-Product-Accelerator/Vivado/puzhi/puzhi.gen/sources_1/ip/floating_point_3/floating_point_3/floating_point_3_in_context.xdc] for cell 'inst/dot_product_inst/dpe_inst/GEN_CONVERT[31].convert/fp16_to_fp32_inst'
Parsing XDC File [/home/malik/andromeda_ila/AXI-Dot-Product-Accelerator/Vivado/puzhi/puzhi.gen/sources_1/ip/floating_point_3/floating_point_3/floating_point_3_in_context.xdc] for cell 'inst/dot_product_inst/dpe_inst/GEN_CONVERT[31].convert/bf16_to_fp32_inst'
Finished Parsing XDC File [/home/malik/andromeda_ila/AXI-Dot-Product-Accelerator/Vivado/puzhi/puzhi.gen/sources_1/ip/floating_point_3/floating_point_3/floating_point_3_in_context.xdc] for cell 'inst/dot_product_inst/dpe_inst/GEN_CONVERT[31].convert/bf16_to_fp32_inst'
Parsing XDC File [/home/malik/andromeda_ila/AXI-Dot-Product-Accelerator/Vivado/puzhi/puzhi.gen/sources_1/ip/floating_point_3/floating_point_3/floating_point_3_in_context.xdc] for cell 'inst/dot_product_inst/dpe_inst/GEN_CONVERT[32].convert/fp16_to_fp32_inst'
Finished Parsing XDC File [/home/malik/andromeda_ila/AXI-Dot-Product-Accelerator/Vivado/puzhi/puzhi.gen/sources_1/ip/floating_point_3/floating_point_3/floating_point_3_in_context.xdc] for cell 'inst/dot_product_inst/dpe_inst/GEN_CONVERT[32].convert/fp16_to_fp32_inst'
Parsing XDC File [/home/malik/andromeda_ila/AXI-Dot-Product-Accelerator/Vivado/puzhi/puzhi.gen/sources_1/ip/floating_point_3/floating_point_3/floating_point_3_in_context.xdc] for cell 'inst/dot_product_inst/dpe_inst/GEN_CONVERT[32].convert/bf16_to_fp32_inst'
Finished Parsing XDC File [/home/malik/andromeda_ila/AXI-Dot-Product-Accelerator/Vivado/puzhi/puzhi.gen/sources_1/ip/floating_point_3/floating_point_3/floating_point_3_in_context.xdc] for cell 'inst/dot_product_inst/dpe_inst/GEN_CONVERT[32].convert/bf16_to_fp32_inst'
Parsing XDC File [/home/malik/andromeda_ila/AXI-Dot-Product-Accelerator/Vivado/puzhi/puzhi.gen/sources_1/ip/floating_point_3/floating_point_3/floating_point_3_in_context.xdc] for cell 'inst/dot_product_inst/dpe_inst/GEN_CONVERT[33].convert/fp16_to_fp32_inst'
Finished Parsing XDC File [/home/malik/andromeda_ila/AXI-Dot-Product-Accelerator/Vivado/puzhi/puzhi.gen/sources_1/ip/floating_point_3/floating_point_3/floating_point_3_in_context.xdc] for cell 'inst/dot_product_inst/dpe_inst/GEN_CONVERT[33].convert/fp16_to_fp32_inst'
Parsing XDC File [/home/malik/andromeda_ila/AXI-Dot-Product-Accelerator/Vivado/puzhi/puzhi.gen/sources_1/ip/floating_point_3/floating_point_3/floating_point_3_in_context.xdc] for cell 'inst/dot_product_inst/dpe_inst/GEN_CONVERT[33].convert/bf16_to_fp32_inst'
Finished Parsing XDC File [/home/malik/andromeda_ila/AXI-Dot-Product-Accelerator/Vivado/puzhi/puzhi.gen/sources_1/ip/floating_point_3/floating_point_3/floating_point_3_in_context.xdc] for cell 'inst/dot_product_inst/dpe_inst/GEN_CONVERT[33].convert/bf16_to_fp32_inst'
Parsing XDC File [/home/malik/andromeda_ila/AXI-Dot-Product-Accelerator/Vivado/puzhi/puzhi.gen/sources_1/ip/floating_point_3/floating_point_3/floating_point_3_in_context.xdc] for cell 'inst/dot_product_inst/dpe_inst/GEN_CONVERT[34].convert/fp16_to_fp32_inst'
Finished Parsing XDC File [/home/malik/andromeda_ila/AXI-Dot-Product-Accelerator/Vivado/puzhi/puzhi.gen/sources_1/ip/floating_point_3/floating_point_3/floating_point_3_in_context.xdc] for cell 'inst/dot_product_inst/dpe_inst/GEN_CONVERT[34].convert/fp16_to_fp32_inst'
Parsing XDC File [/home/malik/andromeda_ila/AXI-Dot-Product-Accelerator/Vivado/puzhi/puzhi.gen/sources_1/ip/floating_point_3/floating_point_3/floating_point_3_in_context.xdc] for cell 'inst/dot_product_inst/dpe_inst/GEN_CONVERT[34].convert/bf16_to_fp32_inst'
Finished Parsing XDC File [/home/malik/andromeda_ila/AXI-Dot-Product-Accelerator/Vivado/puzhi/puzhi.gen/sources_1/ip/floating_point_3/floating_point_3/floating_point_3_in_context.xdc] for cell 'inst/dot_product_inst/dpe_inst/GEN_CONVERT[34].convert/bf16_to_fp32_inst'
Parsing XDC File [/home/malik/andromeda_ila/AXI-Dot-Product-Accelerator/Vivado/puzhi/puzhi.gen/sources_1/ip/floating_point_3/floating_point_3/floating_point_3_in_context.xdc] for cell 'inst/dot_product_inst/dpe_inst/GEN_CONVERT[35].convert/fp16_to_fp32_inst'
Finished Parsing XDC File [/home/malik/andromeda_ila/AXI-Dot-Product-Accelerator/Vivado/puzhi/puzhi.gen/sources_1/ip/floating_point_3/floating_point_3/floating_point_3_in_context.xdc] for cell 'inst/dot_product_inst/dpe_inst/GEN_CONVERT[35].convert/fp16_to_fp32_inst'
Parsing XDC File [/home/malik/andromeda_ila/AXI-Dot-Product-Accelerator/Vivado/puzhi/puzhi.gen/sources_1/ip/floating_point_3/floating_point_3/floating_point_3_in_context.xdc] for cell 'inst/dot_product_inst/dpe_inst/GEN_CONVERT[35].convert/bf16_to_fp32_inst'
Finished Parsing XDC File [/home/malik/andromeda_ila/AXI-Dot-Product-Accelerator/Vivado/puzhi/puzhi.gen/sources_1/ip/floating_point_3/floating_point_3/floating_point_3_in_context.xdc] for cell 'inst/dot_product_inst/dpe_inst/GEN_CONVERT[35].convert/bf16_to_fp32_inst'
Parsing XDC File [/home/malik/andromeda_ila/AXI-Dot-Product-Accelerator/Vivado/puzhi/puzhi.gen/sources_1/ip/floating_point_3/floating_point_3/floating_point_3_in_context.xdc] for cell 'inst/dot_product_inst/dpe_inst/GEN_CONVERT[36].convert/fp16_to_fp32_inst'
Finished Parsing XDC File [/home/malik/andromeda_ila/AXI-Dot-Product-Accelerator/Vivado/puzhi/puzhi.gen/sources_1/ip/floating_point_3/floating_point_3/floating_point_3_in_context.xdc] for cell 'inst/dot_product_inst/dpe_inst/GEN_CONVERT[36].convert/fp16_to_fp32_inst'
Parsing XDC File [/home/malik/andromeda_ila/AXI-Dot-Product-Accelerator/Vivado/puzhi/puzhi.gen/sources_1/ip/floating_point_3/floating_point_3/floating_point_3_in_context.xdc] for cell 'inst/dot_product_inst/dpe_inst/GEN_CONVERT[36].convert/bf16_to_fp32_inst'
Finished Parsing XDC File [/home/malik/andromeda_ila/AXI-Dot-Product-Accelerator/Vivado/puzhi/puzhi.gen/sources_1/ip/floating_point_3/floating_point_3/floating_point_3_in_context.xdc] for cell 'inst/dot_product_inst/dpe_inst/GEN_CONVERT[36].convert/bf16_to_fp32_inst'
Parsing XDC File [/home/malik/andromeda_ila/AXI-Dot-Product-Accelerator/Vivado/puzhi/puzhi.gen/sources_1/ip/floating_point_3/floating_point_3/floating_point_3_in_context.xdc] for cell 'inst/dot_product_inst/dpe_inst/GEN_CONVERT[37].convert/fp16_to_fp32_inst'
Finished Parsing XDC File [/home/malik/andromeda_ila/AXI-Dot-Product-Accelerator/Vivado/puzhi/puzhi.gen/sources_1/ip/floating_point_3/floating_point_3/floating_point_3_in_context.xdc] for cell 'inst/dot_product_inst/dpe_inst/GEN_CONVERT[37].convert/fp16_to_fp32_inst'
Parsing XDC File [/home/malik/andromeda_ila/AXI-Dot-Product-Accelerator/Vivado/puzhi/puzhi.gen/sources_1/ip/floating_point_3/floating_point_3/floating_point_3_in_context.xdc] for cell 'inst/dot_product_inst/dpe_inst/GEN_CONVERT[37].convert/bf16_to_fp32_inst'
Finished Parsing XDC File [/home/malik/andromeda_ila/AXI-Dot-Product-Accelerator/Vivado/puzhi/puzhi.gen/sources_1/ip/floating_point_3/floating_point_3/floating_point_3_in_context.xdc] for cell 'inst/dot_product_inst/dpe_inst/GEN_CONVERT[37].convert/bf16_to_fp32_inst'
Parsing XDC File [/home/malik/andromeda_ila/AXI-Dot-Product-Accelerator/Vivado/puzhi/puzhi.gen/sources_1/ip/floating_point_3/floating_point_3/floating_point_3_in_context.xdc] for cell 'inst/dot_product_inst/dpe_inst/GEN_CONVERT[38].convert/fp16_to_fp32_inst'
Finished Parsing XDC File [/home/malik/andromeda_ila/AXI-Dot-Product-Accelerator/Vivado/puzhi/puzhi.gen/sources_1/ip/floating_point_3/floating_point_3/floating_point_3_in_context.xdc] for cell 'inst/dot_product_inst/dpe_inst/GEN_CONVERT[38].convert/fp16_to_fp32_inst'
Parsing XDC File [/home/malik/andromeda_ila/AXI-Dot-Product-Accelerator/Vivado/puzhi/puzhi.gen/sources_1/ip/floating_point_3/floating_point_3/floating_point_3_in_context.xdc] for cell 'inst/dot_product_inst/dpe_inst/GEN_CONVERT[38].convert/bf16_to_fp32_inst'
Finished Parsing XDC File [/home/malik/andromeda_ila/AXI-Dot-Product-Accelerator/Vivado/puzhi/puzhi.gen/sources_1/ip/floating_point_3/floating_point_3/floating_point_3_in_context.xdc] for cell 'inst/dot_product_inst/dpe_inst/GEN_CONVERT[38].convert/bf16_to_fp32_inst'
Parsing XDC File [/home/malik/andromeda_ila/AXI-Dot-Product-Accelerator/Vivado/puzhi/puzhi.gen/sources_1/ip/floating_point_3/floating_point_3/floating_point_3_in_context.xdc] for cell 'inst/dot_product_inst/dpe_inst/GEN_CONVERT[39].convert/fp16_to_fp32_inst'
Finished Parsing XDC File [/home/malik/andromeda_ila/AXI-Dot-Product-Accelerator/Vivado/puzhi/puzhi.gen/sources_1/ip/floating_point_3/floating_point_3/floating_point_3_in_context.xdc] for cell 'inst/dot_product_inst/dpe_inst/GEN_CONVERT[39].convert/fp16_to_fp32_inst'
Parsing XDC File [/home/malik/andromeda_ila/AXI-Dot-Product-Accelerator/Vivado/puzhi/puzhi.gen/sources_1/ip/floating_point_3/floating_point_3/floating_point_3_in_context.xdc] for cell 'inst/dot_product_inst/dpe_inst/GEN_CONVERT[39].convert/bf16_to_fp32_inst'
Finished Parsing XDC File [/home/malik/andromeda_ila/AXI-Dot-Product-Accelerator/Vivado/puzhi/puzhi.gen/sources_1/ip/floating_point_3/floating_point_3/floating_point_3_in_context.xdc] for cell 'inst/dot_product_inst/dpe_inst/GEN_CONVERT[39].convert/bf16_to_fp32_inst'
Parsing XDC File [/home/malik/andromeda_ila/AXI-Dot-Product-Accelerator/Vivado/puzhi/puzhi.gen/sources_1/ip/floating_point_3/floating_point_3/floating_point_3_in_context.xdc] for cell 'inst/dot_product_inst/dpe_inst/GEN_CONVERT[40].convert/fp16_to_fp32_inst'
Finished Parsing XDC File [/home/malik/andromeda_ila/AXI-Dot-Product-Accelerator/Vivado/puzhi/puzhi.gen/sources_1/ip/floating_point_3/floating_point_3/floating_point_3_in_context.xdc] for cell 'inst/dot_product_inst/dpe_inst/GEN_CONVERT[40].convert/fp16_to_fp32_inst'
Parsing XDC File [/home/malik/andromeda_ila/AXI-Dot-Product-Accelerator/Vivado/puzhi/puzhi.gen/sources_1/ip/floating_point_3/floating_point_3/floating_point_3_in_context.xdc] for cell 'inst/dot_product_inst/dpe_inst/GEN_CONVERT[40].convert/bf16_to_fp32_inst'
Finished Parsing XDC File [/home/malik/andromeda_ila/AXI-Dot-Product-Accelerator/Vivado/puzhi/puzhi.gen/sources_1/ip/floating_point_3/floating_point_3/floating_point_3_in_context.xdc] for cell 'inst/dot_product_inst/dpe_inst/GEN_CONVERT[40].convert/bf16_to_fp32_inst'
Parsing XDC File [/home/malik/andromeda_ila/AXI-Dot-Product-Accelerator/Vivado/puzhi/puzhi.gen/sources_1/ip/floating_point_3/floating_point_3/floating_point_3_in_context.xdc] for cell 'inst/dot_product_inst/dpe_inst/GEN_CONVERT[41].convert/fp16_to_fp32_inst'
Finished Parsing XDC File [/home/malik/andromeda_ila/AXI-Dot-Product-Accelerator/Vivado/puzhi/puzhi.gen/sources_1/ip/floating_point_3/floating_point_3/floating_point_3_in_context.xdc] for cell 'inst/dot_product_inst/dpe_inst/GEN_CONVERT[41].convert/fp16_to_fp32_inst'
Parsing XDC File [/home/malik/andromeda_ila/AXI-Dot-Product-Accelerator/Vivado/puzhi/puzhi.gen/sources_1/ip/floating_point_3/floating_point_3/floating_point_3_in_context.xdc] for cell 'inst/dot_product_inst/dpe_inst/GEN_CONVERT[41].convert/bf16_to_fp32_inst'
Finished Parsing XDC File [/home/malik/andromeda_ila/AXI-Dot-Product-Accelerator/Vivado/puzhi/puzhi.gen/sources_1/ip/floating_point_3/floating_point_3/floating_point_3_in_context.xdc] for cell 'inst/dot_product_inst/dpe_inst/GEN_CONVERT[41].convert/bf16_to_fp32_inst'
Parsing XDC File [/home/malik/andromeda_ila/AXI-Dot-Product-Accelerator/Vivado/puzhi/puzhi.gen/sources_1/ip/floating_point_3/floating_point_3/floating_point_3_in_context.xdc] for cell 'inst/dot_product_inst/dpe_inst/GEN_CONVERT[42].convert/fp16_to_fp32_inst'
Finished Parsing XDC File [/home/malik/andromeda_ila/AXI-Dot-Product-Accelerator/Vivado/puzhi/puzhi.gen/sources_1/ip/floating_point_3/floating_point_3/floating_point_3_in_context.xdc] for cell 'inst/dot_product_inst/dpe_inst/GEN_CONVERT[42].convert/fp16_to_fp32_inst'
Parsing XDC File [/home/malik/andromeda_ila/AXI-Dot-Product-Accelerator/Vivado/puzhi/puzhi.gen/sources_1/ip/floating_point_3/floating_point_3/floating_point_3_in_context.xdc] for cell 'inst/dot_product_inst/dpe_inst/GEN_CONVERT[42].convert/bf16_to_fp32_inst'
Finished Parsing XDC File [/home/malik/andromeda_ila/AXI-Dot-Product-Accelerator/Vivado/puzhi/puzhi.gen/sources_1/ip/floating_point_3/floating_point_3/floating_point_3_in_context.xdc] for cell 'inst/dot_product_inst/dpe_inst/GEN_CONVERT[42].convert/bf16_to_fp32_inst'
Parsing XDC File [/home/malik/andromeda_ila/AXI-Dot-Product-Accelerator/Vivado/puzhi/puzhi.gen/sources_1/ip/floating_point_3/floating_point_3/floating_point_3_in_context.xdc] for cell 'inst/dot_product_inst/dpe_inst/GEN_CONVERT[43].convert/fp16_to_fp32_inst'
Finished Parsing XDC File [/home/malik/andromeda_ila/AXI-Dot-Product-Accelerator/Vivado/puzhi/puzhi.gen/sources_1/ip/floating_point_3/floating_point_3/floating_point_3_in_context.xdc] for cell 'inst/dot_product_inst/dpe_inst/GEN_CONVERT[43].convert/fp16_to_fp32_inst'
Parsing XDC File [/home/malik/andromeda_ila/AXI-Dot-Product-Accelerator/Vivado/puzhi/puzhi.gen/sources_1/ip/floating_point_3/floating_point_3/floating_point_3_in_context.xdc] for cell 'inst/dot_product_inst/dpe_inst/GEN_CONVERT[43].convert/bf16_to_fp32_inst'
Finished Parsing XDC File [/home/malik/andromeda_ila/AXI-Dot-Product-Accelerator/Vivado/puzhi/puzhi.gen/sources_1/ip/floating_point_3/floating_point_3/floating_point_3_in_context.xdc] for cell 'inst/dot_product_inst/dpe_inst/GEN_CONVERT[43].convert/bf16_to_fp32_inst'
Parsing XDC File [/home/malik/andromeda_ila/AXI-Dot-Product-Accelerator/Vivado/puzhi/puzhi.gen/sources_1/ip/floating_point_3/floating_point_3/floating_point_3_in_context.xdc] for cell 'inst/dot_product_inst/dpe_inst/GEN_CONVERT[44].convert/fp16_to_fp32_inst'
Finished Parsing XDC File [/home/malik/andromeda_ila/AXI-Dot-Product-Accelerator/Vivado/puzhi/puzhi.gen/sources_1/ip/floating_point_3/floating_point_3/floating_point_3_in_context.xdc] for cell 'inst/dot_product_inst/dpe_inst/GEN_CONVERT[44].convert/fp16_to_fp32_inst'
Parsing XDC File [/home/malik/andromeda_ila/AXI-Dot-Product-Accelerator/Vivado/puzhi/puzhi.gen/sources_1/ip/floating_point_3/floating_point_3/floating_point_3_in_context.xdc] for cell 'inst/dot_product_inst/dpe_inst/GEN_CONVERT[44].convert/bf16_to_fp32_inst'
Finished Parsing XDC File [/home/malik/andromeda_ila/AXI-Dot-Product-Accelerator/Vivado/puzhi/puzhi.gen/sources_1/ip/floating_point_3/floating_point_3/floating_point_3_in_context.xdc] for cell 'inst/dot_product_inst/dpe_inst/GEN_CONVERT[44].convert/bf16_to_fp32_inst'
Parsing XDC File [/home/malik/andromeda_ila/AXI-Dot-Product-Accelerator/Vivado/puzhi/puzhi.gen/sources_1/ip/floating_point_3/floating_point_3/floating_point_3_in_context.xdc] for cell 'inst/dot_product_inst/dpe_inst/GEN_CONVERT[45].convert/fp16_to_fp32_inst'
Finished Parsing XDC File [/home/malik/andromeda_ila/AXI-Dot-Product-Accelerator/Vivado/puzhi/puzhi.gen/sources_1/ip/floating_point_3/floating_point_3/floating_point_3_in_context.xdc] for cell 'inst/dot_product_inst/dpe_inst/GEN_CONVERT[45].convert/fp16_to_fp32_inst'
Parsing XDC File [/home/malik/andromeda_ila/AXI-Dot-Product-Accelerator/Vivado/puzhi/puzhi.gen/sources_1/ip/floating_point_3/floating_point_3/floating_point_3_in_context.xdc] for cell 'inst/dot_product_inst/dpe_inst/GEN_CONVERT[45].convert/bf16_to_fp32_inst'
Finished Parsing XDC File [/home/malik/andromeda_ila/AXI-Dot-Product-Accelerator/Vivado/puzhi/puzhi.gen/sources_1/ip/floating_point_3/floating_point_3/floating_point_3_in_context.xdc] for cell 'inst/dot_product_inst/dpe_inst/GEN_CONVERT[45].convert/bf16_to_fp32_inst'
Parsing XDC File [/home/malik/andromeda_ila/AXI-Dot-Product-Accelerator/Vivado/puzhi/puzhi.gen/sources_1/ip/floating_point_3/floating_point_3/floating_point_3_in_context.xdc] for cell 'inst/dot_product_inst/dpe_inst/GEN_CONVERT[46].convert/fp16_to_fp32_inst'
Finished Parsing XDC File [/home/malik/andromeda_ila/AXI-Dot-Product-Accelerator/Vivado/puzhi/puzhi.gen/sources_1/ip/floating_point_3/floating_point_3/floating_point_3_in_context.xdc] for cell 'inst/dot_product_inst/dpe_inst/GEN_CONVERT[46].convert/fp16_to_fp32_inst'
Parsing XDC File [/home/malik/andromeda_ila/AXI-Dot-Product-Accelerator/Vivado/puzhi/puzhi.gen/sources_1/ip/floating_point_3/floating_point_3/floating_point_3_in_context.xdc] for cell 'inst/dot_product_inst/dpe_inst/GEN_CONVERT[46].convert/bf16_to_fp32_inst'
Finished Parsing XDC File [/home/malik/andromeda_ila/AXI-Dot-Product-Accelerator/Vivado/puzhi/puzhi.gen/sources_1/ip/floating_point_3/floating_point_3/floating_point_3_in_context.xdc] for cell 'inst/dot_product_inst/dpe_inst/GEN_CONVERT[46].convert/bf16_to_fp32_inst'
Parsing XDC File [/home/malik/andromeda_ila/AXI-Dot-Product-Accelerator/Vivado/puzhi/puzhi.gen/sources_1/ip/floating_point_3/floating_point_3/floating_point_3_in_context.xdc] for cell 'inst/dot_product_inst/dpe_inst/GEN_CONVERT[47].convert/fp16_to_fp32_inst'
Finished Parsing XDC File [/home/malik/andromeda_ila/AXI-Dot-Product-Accelerator/Vivado/puzhi/puzhi.gen/sources_1/ip/floating_point_3/floating_point_3/floating_point_3_in_context.xdc] for cell 'inst/dot_product_inst/dpe_inst/GEN_CONVERT[47].convert/fp16_to_fp32_inst'
Parsing XDC File [/home/malik/andromeda_ila/AXI-Dot-Product-Accelerator/Vivado/puzhi/puzhi.gen/sources_1/ip/floating_point_3/floating_point_3/floating_point_3_in_context.xdc] for cell 'inst/dot_product_inst/dpe_inst/GEN_CONVERT[47].convert/bf16_to_fp32_inst'
Finished Parsing XDC File [/home/malik/andromeda_ila/AXI-Dot-Product-Accelerator/Vivado/puzhi/puzhi.gen/sources_1/ip/floating_point_3/floating_point_3/floating_point_3_in_context.xdc] for cell 'inst/dot_product_inst/dpe_inst/GEN_CONVERT[47].convert/bf16_to_fp32_inst'
Parsing XDC File [/home/malik/andromeda_ila/AXI-Dot-Product-Accelerator/Vivado/puzhi/puzhi.gen/sources_1/ip/floating_point_3/floating_point_3/floating_point_3_in_context.xdc] for cell 'inst/dot_product_inst/dpe_inst/GEN_CONVERT[48].convert/fp16_to_fp32_inst'
Finished Parsing XDC File [/home/malik/andromeda_ila/AXI-Dot-Product-Accelerator/Vivado/puzhi/puzhi.gen/sources_1/ip/floating_point_3/floating_point_3/floating_point_3_in_context.xdc] for cell 'inst/dot_product_inst/dpe_inst/GEN_CONVERT[48].convert/fp16_to_fp32_inst'
Parsing XDC File [/home/malik/andromeda_ila/AXI-Dot-Product-Accelerator/Vivado/puzhi/puzhi.gen/sources_1/ip/floating_point_3/floating_point_3/floating_point_3_in_context.xdc] for cell 'inst/dot_product_inst/dpe_inst/GEN_CONVERT[48].convert/bf16_to_fp32_inst'
Finished Parsing XDC File [/home/malik/andromeda_ila/AXI-Dot-Product-Accelerator/Vivado/puzhi/puzhi.gen/sources_1/ip/floating_point_3/floating_point_3/floating_point_3_in_context.xdc] for cell 'inst/dot_product_inst/dpe_inst/GEN_CONVERT[48].convert/bf16_to_fp32_inst'
Parsing XDC File [/home/malik/andromeda_ila/AXI-Dot-Product-Accelerator/Vivado/puzhi/puzhi.gen/sources_1/ip/floating_point_3/floating_point_3/floating_point_3_in_context.xdc] for cell 'inst/dot_product_inst/dpe_inst/GEN_CONVERT[49].convert/fp16_to_fp32_inst'
Finished Parsing XDC File [/home/malik/andromeda_ila/AXI-Dot-Product-Accelerator/Vivado/puzhi/puzhi.gen/sources_1/ip/floating_point_3/floating_point_3/floating_point_3_in_context.xdc] for cell 'inst/dot_product_inst/dpe_inst/GEN_CONVERT[49].convert/fp16_to_fp32_inst'
Parsing XDC File [/home/malik/andromeda_ila/AXI-Dot-Product-Accelerator/Vivado/puzhi/puzhi.gen/sources_1/ip/floating_point_3/floating_point_3/floating_point_3_in_context.xdc] for cell 'inst/dot_product_inst/dpe_inst/GEN_CONVERT[49].convert/bf16_to_fp32_inst'
Finished Parsing XDC File [/home/malik/andromeda_ila/AXI-Dot-Product-Accelerator/Vivado/puzhi/puzhi.gen/sources_1/ip/floating_point_3/floating_point_3/floating_point_3_in_context.xdc] for cell 'inst/dot_product_inst/dpe_inst/GEN_CONVERT[49].convert/bf16_to_fp32_inst'
Parsing XDC File [/home/malik/andromeda_ila/AXI-Dot-Product-Accelerator/Vivado/puzhi/puzhi.gen/sources_1/ip/floating_point_3/floating_point_3/floating_point_3_in_context.xdc] for cell 'inst/dot_product_inst/dpe_inst/GEN_CONVERT[50].convert/fp16_to_fp32_inst'
Finished Parsing XDC File [/home/malik/andromeda_ila/AXI-Dot-Product-Accelerator/Vivado/puzhi/puzhi.gen/sources_1/ip/floating_point_3/floating_point_3/floating_point_3_in_context.xdc] for cell 'inst/dot_product_inst/dpe_inst/GEN_CONVERT[50].convert/fp16_to_fp32_inst'
Parsing XDC File [/home/malik/andromeda_ila/AXI-Dot-Product-Accelerator/Vivado/puzhi/puzhi.gen/sources_1/ip/floating_point_3/floating_point_3/floating_point_3_in_context.xdc] for cell 'inst/dot_product_inst/dpe_inst/GEN_CONVERT[50].convert/bf16_to_fp32_inst'
Finished Parsing XDC File [/home/malik/andromeda_ila/AXI-Dot-Product-Accelerator/Vivado/puzhi/puzhi.gen/sources_1/ip/floating_point_3/floating_point_3/floating_point_3_in_context.xdc] for cell 'inst/dot_product_inst/dpe_inst/GEN_CONVERT[50].convert/bf16_to_fp32_inst'
Parsing XDC File [/home/malik/andromeda_ila/AXI-Dot-Product-Accelerator/Vivado/puzhi/puzhi.gen/sources_1/ip/floating_point_3/floating_point_3/floating_point_3_in_context.xdc] for cell 'inst/dot_product_inst/dpe_inst/GEN_CONVERT[51].convert/fp16_to_fp32_inst'
Finished Parsing XDC File [/home/malik/andromeda_ila/AXI-Dot-Product-Accelerator/Vivado/puzhi/puzhi.gen/sources_1/ip/floating_point_3/floating_point_3/floating_point_3_in_context.xdc] for cell 'inst/dot_product_inst/dpe_inst/GEN_CONVERT[51].convert/fp16_to_fp32_inst'
Parsing XDC File [/home/malik/andromeda_ila/AXI-Dot-Product-Accelerator/Vivado/puzhi/puzhi.gen/sources_1/ip/floating_point_3/floating_point_3/floating_point_3_in_context.xdc] for cell 'inst/dot_product_inst/dpe_inst/GEN_CONVERT[51].convert/bf16_to_fp32_inst'
Finished Parsing XDC File [/home/malik/andromeda_ila/AXI-Dot-Product-Accelerator/Vivado/puzhi/puzhi.gen/sources_1/ip/floating_point_3/floating_point_3/floating_point_3_in_context.xdc] for cell 'inst/dot_product_inst/dpe_inst/GEN_CONVERT[51].convert/bf16_to_fp32_inst'
Parsing XDC File [/home/malik/andromeda_ila/AXI-Dot-Product-Accelerator/Vivado/puzhi/puzhi.gen/sources_1/ip/floating_point_3/floating_point_3/floating_point_3_in_context.xdc] for cell 'inst/dot_product_inst/dpe_inst/GEN_CONVERT[52].convert/fp16_to_fp32_inst'
Finished Parsing XDC File [/home/malik/andromeda_ila/AXI-Dot-Product-Accelerator/Vivado/puzhi/puzhi.gen/sources_1/ip/floating_point_3/floating_point_3/floating_point_3_in_context.xdc] for cell 'inst/dot_product_inst/dpe_inst/GEN_CONVERT[52].convert/fp16_to_fp32_inst'
Parsing XDC File [/home/malik/andromeda_ila/AXI-Dot-Product-Accelerator/Vivado/puzhi/puzhi.gen/sources_1/ip/floating_point_3/floating_point_3/floating_point_3_in_context.xdc] for cell 'inst/dot_product_inst/dpe_inst/GEN_CONVERT[52].convert/bf16_to_fp32_inst'
Finished Parsing XDC File [/home/malik/andromeda_ila/AXI-Dot-Product-Accelerator/Vivado/puzhi/puzhi.gen/sources_1/ip/floating_point_3/floating_point_3/floating_point_3_in_context.xdc] for cell 'inst/dot_product_inst/dpe_inst/GEN_CONVERT[52].convert/bf16_to_fp32_inst'
Parsing XDC File [/home/malik/andromeda_ila/AXI-Dot-Product-Accelerator/Vivado/puzhi/puzhi.gen/sources_1/ip/floating_point_3/floating_point_3/floating_point_3_in_context.xdc] for cell 'inst/dot_product_inst/dpe_inst/GEN_CONVERT[53].convert/fp16_to_fp32_inst'
Finished Parsing XDC File [/home/malik/andromeda_ila/AXI-Dot-Product-Accelerator/Vivado/puzhi/puzhi.gen/sources_1/ip/floating_point_3/floating_point_3/floating_point_3_in_context.xdc] for cell 'inst/dot_product_inst/dpe_inst/GEN_CONVERT[53].convert/fp16_to_fp32_inst'
Parsing XDC File [/home/malik/andromeda_ila/AXI-Dot-Product-Accelerator/Vivado/puzhi/puzhi.gen/sources_1/ip/floating_point_3/floating_point_3/floating_point_3_in_context.xdc] for cell 'inst/dot_product_inst/dpe_inst/GEN_CONVERT[53].convert/bf16_to_fp32_inst'
Finished Parsing XDC File [/home/malik/andromeda_ila/AXI-Dot-Product-Accelerator/Vivado/puzhi/puzhi.gen/sources_1/ip/floating_point_3/floating_point_3/floating_point_3_in_context.xdc] for cell 'inst/dot_product_inst/dpe_inst/GEN_CONVERT[53].convert/bf16_to_fp32_inst'
Parsing XDC File [/home/malik/andromeda_ila/AXI-Dot-Product-Accelerator/Vivado/puzhi/puzhi.gen/sources_1/ip/floating_point_3/floating_point_3/floating_point_3_in_context.xdc] for cell 'inst/dot_product_inst/dpe_inst/GEN_CONVERT[54].convert/fp16_to_fp32_inst'
Finished Parsing XDC File [/home/malik/andromeda_ila/AXI-Dot-Product-Accelerator/Vivado/puzhi/puzhi.gen/sources_1/ip/floating_point_3/floating_point_3/floating_point_3_in_context.xdc] for cell 'inst/dot_product_inst/dpe_inst/GEN_CONVERT[54].convert/fp16_to_fp32_inst'
Parsing XDC File [/home/malik/andromeda_ila/AXI-Dot-Product-Accelerator/Vivado/puzhi/puzhi.gen/sources_1/ip/floating_point_3/floating_point_3/floating_point_3_in_context.xdc] for cell 'inst/dot_product_inst/dpe_inst/GEN_CONVERT[54].convert/bf16_to_fp32_inst'
Finished Parsing XDC File [/home/malik/andromeda_ila/AXI-Dot-Product-Accelerator/Vivado/puzhi/puzhi.gen/sources_1/ip/floating_point_3/floating_point_3/floating_point_3_in_context.xdc] for cell 'inst/dot_product_inst/dpe_inst/GEN_CONVERT[54].convert/bf16_to_fp32_inst'
Parsing XDC File [/home/malik/andromeda_ila/AXI-Dot-Product-Accelerator/Vivado/puzhi/puzhi.gen/sources_1/ip/floating_point_3/floating_point_3/floating_point_3_in_context.xdc] for cell 'inst/dot_product_inst/dpe_inst/GEN_CONVERT[55].convert/fp16_to_fp32_inst'
Finished Parsing XDC File [/home/malik/andromeda_ila/AXI-Dot-Product-Accelerator/Vivado/puzhi/puzhi.gen/sources_1/ip/floating_point_3/floating_point_3/floating_point_3_in_context.xdc] for cell 'inst/dot_product_inst/dpe_inst/GEN_CONVERT[55].convert/fp16_to_fp32_inst'
Parsing XDC File [/home/malik/andromeda_ila/AXI-Dot-Product-Accelerator/Vivado/puzhi/puzhi.gen/sources_1/ip/floating_point_3/floating_point_3/floating_point_3_in_context.xdc] for cell 'inst/dot_product_inst/dpe_inst/GEN_CONVERT[55].convert/bf16_to_fp32_inst'
Finished Parsing XDC File [/home/malik/andromeda_ila/AXI-Dot-Product-Accelerator/Vivado/puzhi/puzhi.gen/sources_1/ip/floating_point_3/floating_point_3/floating_point_3_in_context.xdc] for cell 'inst/dot_product_inst/dpe_inst/GEN_CONVERT[55].convert/bf16_to_fp32_inst'
Parsing XDC File [/home/malik/andromeda_ila/AXI-Dot-Product-Accelerator/Vivado/puzhi/puzhi.gen/sources_1/ip/floating_point_3/floating_point_3/floating_point_3_in_context.xdc] for cell 'inst/dot_product_inst/dpe_inst/GEN_CONVERT[56].convert/fp16_to_fp32_inst'
Finished Parsing XDC File [/home/malik/andromeda_ila/AXI-Dot-Product-Accelerator/Vivado/puzhi/puzhi.gen/sources_1/ip/floating_point_3/floating_point_3/floating_point_3_in_context.xdc] for cell 'inst/dot_product_inst/dpe_inst/GEN_CONVERT[56].convert/fp16_to_fp32_inst'
Parsing XDC File [/home/malik/andromeda_ila/AXI-Dot-Product-Accelerator/Vivado/puzhi/puzhi.gen/sources_1/ip/floating_point_3/floating_point_3/floating_point_3_in_context.xdc] for cell 'inst/dot_product_inst/dpe_inst/GEN_CONVERT[56].convert/bf16_to_fp32_inst'
Finished Parsing XDC File [/home/malik/andromeda_ila/AXI-Dot-Product-Accelerator/Vivado/puzhi/puzhi.gen/sources_1/ip/floating_point_3/floating_point_3/floating_point_3_in_context.xdc] for cell 'inst/dot_product_inst/dpe_inst/GEN_CONVERT[56].convert/bf16_to_fp32_inst'
Parsing XDC File [/home/malik/andromeda_ila/AXI-Dot-Product-Accelerator/Vivado/puzhi/puzhi.gen/sources_1/ip/floating_point_3/floating_point_3/floating_point_3_in_context.xdc] for cell 'inst/dot_product_inst/dpe_inst/GEN_CONVERT[57].convert/fp16_to_fp32_inst'
Finished Parsing XDC File [/home/malik/andromeda_ila/AXI-Dot-Product-Accelerator/Vivado/puzhi/puzhi.gen/sources_1/ip/floating_point_3/floating_point_3/floating_point_3_in_context.xdc] for cell 'inst/dot_product_inst/dpe_inst/GEN_CONVERT[57].convert/fp16_to_fp32_inst'
Parsing XDC File [/home/malik/andromeda_ila/AXI-Dot-Product-Accelerator/Vivado/puzhi/puzhi.gen/sources_1/ip/floating_point_3/floating_point_3/floating_point_3_in_context.xdc] for cell 'inst/dot_product_inst/dpe_inst/GEN_CONVERT[57].convert/bf16_to_fp32_inst'
Finished Parsing XDC File [/home/malik/andromeda_ila/AXI-Dot-Product-Accelerator/Vivado/puzhi/puzhi.gen/sources_1/ip/floating_point_3/floating_point_3/floating_point_3_in_context.xdc] for cell 'inst/dot_product_inst/dpe_inst/GEN_CONVERT[57].convert/bf16_to_fp32_inst'
Parsing XDC File [/home/malik/andromeda_ila/AXI-Dot-Product-Accelerator/Vivado/puzhi/puzhi.gen/sources_1/ip/floating_point_3/floating_point_3/floating_point_3_in_context.xdc] for cell 'inst/dot_product_inst/dpe_inst/GEN_CONVERT[58].convert/fp16_to_fp32_inst'
Finished Parsing XDC File [/home/malik/andromeda_ila/AXI-Dot-Product-Accelerator/Vivado/puzhi/puzhi.gen/sources_1/ip/floating_point_3/floating_point_3/floating_point_3_in_context.xdc] for cell 'inst/dot_product_inst/dpe_inst/GEN_CONVERT[58].convert/fp16_to_fp32_inst'
Parsing XDC File [/home/malik/andromeda_ila/AXI-Dot-Product-Accelerator/Vivado/puzhi/puzhi.gen/sources_1/ip/floating_point_3/floating_point_3/floating_point_3_in_context.xdc] for cell 'inst/dot_product_inst/dpe_inst/GEN_CONVERT[58].convert/bf16_to_fp32_inst'
Finished Parsing XDC File [/home/malik/andromeda_ila/AXI-Dot-Product-Accelerator/Vivado/puzhi/puzhi.gen/sources_1/ip/floating_point_3/floating_point_3/floating_point_3_in_context.xdc] for cell 'inst/dot_product_inst/dpe_inst/GEN_CONVERT[58].convert/bf16_to_fp32_inst'
Parsing XDC File [/home/malik/andromeda_ila/AXI-Dot-Product-Accelerator/Vivado/puzhi/puzhi.gen/sources_1/ip/floating_point_3/floating_point_3/floating_point_3_in_context.xdc] for cell 'inst/dot_product_inst/dpe_inst/GEN_CONVERT[59].convert/fp16_to_fp32_inst'
Finished Parsing XDC File [/home/malik/andromeda_ila/AXI-Dot-Product-Accelerator/Vivado/puzhi/puzhi.gen/sources_1/ip/floating_point_3/floating_point_3/floating_point_3_in_context.xdc] for cell 'inst/dot_product_inst/dpe_inst/GEN_CONVERT[59].convert/fp16_to_fp32_inst'
Parsing XDC File [/home/malik/andromeda_ila/AXI-Dot-Product-Accelerator/Vivado/puzhi/puzhi.gen/sources_1/ip/floating_point_3/floating_point_3/floating_point_3_in_context.xdc] for cell 'inst/dot_product_inst/dpe_inst/GEN_CONVERT[59].convert/bf16_to_fp32_inst'
Finished Parsing XDC File [/home/malik/andromeda_ila/AXI-Dot-Product-Accelerator/Vivado/puzhi/puzhi.gen/sources_1/ip/floating_point_3/floating_point_3/floating_point_3_in_context.xdc] for cell 'inst/dot_product_inst/dpe_inst/GEN_CONVERT[59].convert/bf16_to_fp32_inst'
Parsing XDC File [/home/malik/andromeda_ila/AXI-Dot-Product-Accelerator/Vivado/puzhi/puzhi.gen/sources_1/ip/floating_point_3/floating_point_3/floating_point_3_in_context.xdc] for cell 'inst/dot_product_inst/dpe_inst/GEN_CONVERT[60].convert/fp16_to_fp32_inst'
Finished Parsing XDC File [/home/malik/andromeda_ila/AXI-Dot-Product-Accelerator/Vivado/puzhi/puzhi.gen/sources_1/ip/floating_point_3/floating_point_3/floating_point_3_in_context.xdc] for cell 'inst/dot_product_inst/dpe_inst/GEN_CONVERT[60].convert/fp16_to_fp32_inst'
Parsing XDC File [/home/malik/andromeda_ila/AXI-Dot-Product-Accelerator/Vivado/puzhi/puzhi.gen/sources_1/ip/floating_point_3/floating_point_3/floating_point_3_in_context.xdc] for cell 'inst/dot_product_inst/dpe_inst/GEN_CONVERT[60].convert/bf16_to_fp32_inst'
Finished Parsing XDC File [/home/malik/andromeda_ila/AXI-Dot-Product-Accelerator/Vivado/puzhi/puzhi.gen/sources_1/ip/floating_point_3/floating_point_3/floating_point_3_in_context.xdc] for cell 'inst/dot_product_inst/dpe_inst/GEN_CONVERT[60].convert/bf16_to_fp32_inst'
Parsing XDC File [/home/malik/andromeda_ila/AXI-Dot-Product-Accelerator/Vivado/puzhi/puzhi.gen/sources_1/ip/floating_point_3/floating_point_3/floating_point_3_in_context.xdc] for cell 'inst/dot_product_inst/dpe_inst/GEN_CONVERT[61].convert/fp16_to_fp32_inst'
Finished Parsing XDC File [/home/malik/andromeda_ila/AXI-Dot-Product-Accelerator/Vivado/puzhi/puzhi.gen/sources_1/ip/floating_point_3/floating_point_3/floating_point_3_in_context.xdc] for cell 'inst/dot_product_inst/dpe_inst/GEN_CONVERT[61].convert/fp16_to_fp32_inst'
Parsing XDC File [/home/malik/andromeda_ila/AXI-Dot-Product-Accelerator/Vivado/puzhi/puzhi.gen/sources_1/ip/floating_point_3/floating_point_3/floating_point_3_in_context.xdc] for cell 'inst/dot_product_inst/dpe_inst/GEN_CONVERT[61].convert/bf16_to_fp32_inst'
Finished Parsing XDC File [/home/malik/andromeda_ila/AXI-Dot-Product-Accelerator/Vivado/puzhi/puzhi.gen/sources_1/ip/floating_point_3/floating_point_3/floating_point_3_in_context.xdc] for cell 'inst/dot_product_inst/dpe_inst/GEN_CONVERT[61].convert/bf16_to_fp32_inst'
Parsing XDC File [/home/malik/andromeda_ila/AXI-Dot-Product-Accelerator/Vivado/puzhi/puzhi.gen/sources_1/ip/floating_point_3/floating_point_3/floating_point_3_in_context.xdc] for cell 'inst/dot_product_inst/dpe_inst/GEN_CONVERT[62].convert/fp16_to_fp32_inst'
Finished Parsing XDC File [/home/malik/andromeda_ila/AXI-Dot-Product-Accelerator/Vivado/puzhi/puzhi.gen/sources_1/ip/floating_point_3/floating_point_3/floating_point_3_in_context.xdc] for cell 'inst/dot_product_inst/dpe_inst/GEN_CONVERT[62].convert/fp16_to_fp32_inst'
Parsing XDC File [/home/malik/andromeda_ila/AXI-Dot-Product-Accelerator/Vivado/puzhi/puzhi.gen/sources_1/ip/floating_point_3/floating_point_3/floating_point_3_in_context.xdc] for cell 'inst/dot_product_inst/dpe_inst/GEN_CONVERT[62].convert/bf16_to_fp32_inst'
Finished Parsing XDC File [/home/malik/andromeda_ila/AXI-Dot-Product-Accelerator/Vivado/puzhi/puzhi.gen/sources_1/ip/floating_point_3/floating_point_3/floating_point_3_in_context.xdc] for cell 'inst/dot_product_inst/dpe_inst/GEN_CONVERT[62].convert/bf16_to_fp32_inst'
Parsing XDC File [/home/malik/andromeda_ila/AXI-Dot-Product-Accelerator/Vivado/puzhi/puzhi.gen/sources_1/ip/floating_point_3/floating_point_3/floating_point_3_in_context.xdc] for cell 'inst/dot_product_inst/dpe_inst/GEN_CONVERT[63].convert/fp16_to_fp32_inst'
Finished Parsing XDC File [/home/malik/andromeda_ila/AXI-Dot-Product-Accelerator/Vivado/puzhi/puzhi.gen/sources_1/ip/floating_point_3/floating_point_3/floating_point_3_in_context.xdc] for cell 'inst/dot_product_inst/dpe_inst/GEN_CONVERT[63].convert/fp16_to_fp32_inst'
Parsing XDC File [/home/malik/andromeda_ila/AXI-Dot-Product-Accelerator/Vivado/puzhi/puzhi.gen/sources_1/ip/floating_point_3/floating_point_3/floating_point_3_in_context.xdc] for cell 'inst/dot_product_inst/dpe_inst/GEN_CONVERT[63].convert/bf16_to_fp32_inst'
Finished Parsing XDC File [/home/malik/andromeda_ila/AXI-Dot-Product-Accelerator/Vivado/puzhi/puzhi.gen/sources_1/ip/floating_point_3/floating_point_3/floating_point_3_in_context.xdc] for cell 'inst/dot_product_inst/dpe_inst/GEN_CONVERT[63].convert/bf16_to_fp32_inst'
Parsing XDC File [/home/malik/andromeda_ila/AXI-Dot-Product-Accelerator/Vivado/puzhi/puzhi.gen/sources_1/ip/floating_point_3/floating_point_3/floating_point_3_in_context.xdc] for cell 'inst/dot_product_inst/dpe_inst/GEN_CONVERT[64].convert/fp16_to_fp32_inst'
Finished Parsing XDC File [/home/malik/andromeda_ila/AXI-Dot-Product-Accelerator/Vivado/puzhi/puzhi.gen/sources_1/ip/floating_point_3/floating_point_3/floating_point_3_in_context.xdc] for cell 'inst/dot_product_inst/dpe_inst/GEN_CONVERT[64].convert/fp16_to_fp32_inst'
Parsing XDC File [/home/malik/andromeda_ila/AXI-Dot-Product-Accelerator/Vivado/puzhi/puzhi.gen/sources_1/ip/floating_point_3/floating_point_3/floating_point_3_in_context.xdc] for cell 'inst/dot_product_inst/dpe_inst/GEN_CONVERT[64].convert/bf16_to_fp32_inst'
Finished Parsing XDC File [/home/malik/andromeda_ila/AXI-Dot-Product-Accelerator/Vivado/puzhi/puzhi.gen/sources_1/ip/floating_point_3/floating_point_3/floating_point_3_in_context.xdc] for cell 'inst/dot_product_inst/dpe_inst/GEN_CONVERT[64].convert/bf16_to_fp32_inst'
Parsing XDC File [/home/malik/andromeda_ila/AXI-Dot-Product-Accelerator/Vivado/puzhi/puzhi.gen/sources_1/ip/floating_point_3/floating_point_3/floating_point_3_in_context.xdc] for cell 'inst/dot_product_inst/dpe_inst/GEN_CONVERT[65].convert/fp16_to_fp32_inst'
Finished Parsing XDC File [/home/malik/andromeda_ila/AXI-Dot-Product-Accelerator/Vivado/puzhi/puzhi.gen/sources_1/ip/floating_point_3/floating_point_3/floating_point_3_in_context.xdc] for cell 'inst/dot_product_inst/dpe_inst/GEN_CONVERT[65].convert/fp16_to_fp32_inst'
Parsing XDC File [/home/malik/andromeda_ila/AXI-Dot-Product-Accelerator/Vivado/puzhi/puzhi.gen/sources_1/ip/floating_point_3/floating_point_3/floating_point_3_in_context.xdc] for cell 'inst/dot_product_inst/dpe_inst/GEN_CONVERT[65].convert/bf16_to_fp32_inst'
Finished Parsing XDC File [/home/malik/andromeda_ila/AXI-Dot-Product-Accelerator/Vivado/puzhi/puzhi.gen/sources_1/ip/floating_point_3/floating_point_3/floating_point_3_in_context.xdc] for cell 'inst/dot_product_inst/dpe_inst/GEN_CONVERT[65].convert/bf16_to_fp32_inst'
Parsing XDC File [/home/malik/andromeda_ila/AXI-Dot-Product-Accelerator/Vivado/puzhi/puzhi.gen/sources_1/ip/floating_point_3/floating_point_3/floating_point_3_in_context.xdc] for cell 'inst/dot_product_inst/dpe_inst/GEN_CONVERT[66].convert/fp16_to_fp32_inst'
Finished Parsing XDC File [/home/malik/andromeda_ila/AXI-Dot-Product-Accelerator/Vivado/puzhi/puzhi.gen/sources_1/ip/floating_point_3/floating_point_3/floating_point_3_in_context.xdc] for cell 'inst/dot_product_inst/dpe_inst/GEN_CONVERT[66].convert/fp16_to_fp32_inst'
Parsing XDC File [/home/malik/andromeda_ila/AXI-Dot-Product-Accelerator/Vivado/puzhi/puzhi.gen/sources_1/ip/floating_point_3/floating_point_3/floating_point_3_in_context.xdc] for cell 'inst/dot_product_inst/dpe_inst/GEN_CONVERT[66].convert/bf16_to_fp32_inst'
Finished Parsing XDC File [/home/malik/andromeda_ila/AXI-Dot-Product-Accelerator/Vivado/puzhi/puzhi.gen/sources_1/ip/floating_point_3/floating_point_3/floating_point_3_in_context.xdc] for cell 'inst/dot_product_inst/dpe_inst/GEN_CONVERT[66].convert/bf16_to_fp32_inst'
Parsing XDC File [/home/malik/andromeda_ila/AXI-Dot-Product-Accelerator/Vivado/puzhi/puzhi.gen/sources_1/ip/floating_point_3/floating_point_3/floating_point_3_in_context.xdc] for cell 'inst/dot_product_inst/dpe_inst/GEN_CONVERT[67].convert/fp16_to_fp32_inst'
Finished Parsing XDC File [/home/malik/andromeda_ila/AXI-Dot-Product-Accelerator/Vivado/puzhi/puzhi.gen/sources_1/ip/floating_point_3/floating_point_3/floating_point_3_in_context.xdc] for cell 'inst/dot_product_inst/dpe_inst/GEN_CONVERT[67].convert/fp16_to_fp32_inst'
Parsing XDC File [/home/malik/andromeda_ila/AXI-Dot-Product-Accelerator/Vivado/puzhi/puzhi.gen/sources_1/ip/floating_point_3/floating_point_3/floating_point_3_in_context.xdc] for cell 'inst/dot_product_inst/dpe_inst/GEN_CONVERT[67].convert/bf16_to_fp32_inst'
Finished Parsing XDC File [/home/malik/andromeda_ila/AXI-Dot-Product-Accelerator/Vivado/puzhi/puzhi.gen/sources_1/ip/floating_point_3/floating_point_3/floating_point_3_in_context.xdc] for cell 'inst/dot_product_inst/dpe_inst/GEN_CONVERT[67].convert/bf16_to_fp32_inst'
Parsing XDC File [/home/malik/andromeda_ila/AXI-Dot-Product-Accelerator/Vivado/puzhi/puzhi.gen/sources_1/ip/floating_point_3/floating_point_3/floating_point_3_in_context.xdc] for cell 'inst/dot_product_inst/dpe_inst/GEN_CONVERT[68].convert/fp16_to_fp32_inst'
Finished Parsing XDC File [/home/malik/andromeda_ila/AXI-Dot-Product-Accelerator/Vivado/puzhi/puzhi.gen/sources_1/ip/floating_point_3/floating_point_3/floating_point_3_in_context.xdc] for cell 'inst/dot_product_inst/dpe_inst/GEN_CONVERT[68].convert/fp16_to_fp32_inst'
Parsing XDC File [/home/malik/andromeda_ila/AXI-Dot-Product-Accelerator/Vivado/puzhi/puzhi.gen/sources_1/ip/floating_point_3/floating_point_3/floating_point_3_in_context.xdc] for cell 'inst/dot_product_inst/dpe_inst/GEN_CONVERT[68].convert/bf16_to_fp32_inst'
Finished Parsing XDC File [/home/malik/andromeda_ila/AXI-Dot-Product-Accelerator/Vivado/puzhi/puzhi.gen/sources_1/ip/floating_point_3/floating_point_3/floating_point_3_in_context.xdc] for cell 'inst/dot_product_inst/dpe_inst/GEN_CONVERT[68].convert/bf16_to_fp32_inst'
Parsing XDC File [/home/malik/andromeda_ila/AXI-Dot-Product-Accelerator/Vivado/puzhi/puzhi.gen/sources_1/ip/floating_point_3/floating_point_3/floating_point_3_in_context.xdc] for cell 'inst/dot_product_inst/dpe_inst/GEN_CONVERT[69].convert/fp16_to_fp32_inst'
Finished Parsing XDC File [/home/malik/andromeda_ila/AXI-Dot-Product-Accelerator/Vivado/puzhi/puzhi.gen/sources_1/ip/floating_point_3/floating_point_3/floating_point_3_in_context.xdc] for cell 'inst/dot_product_inst/dpe_inst/GEN_CONVERT[69].convert/fp16_to_fp32_inst'
Parsing XDC File [/home/malik/andromeda_ila/AXI-Dot-Product-Accelerator/Vivado/puzhi/puzhi.gen/sources_1/ip/floating_point_3/floating_point_3/floating_point_3_in_context.xdc] for cell 'inst/dot_product_inst/dpe_inst/GEN_CONVERT[69].convert/bf16_to_fp32_inst'
Finished Parsing XDC File [/home/malik/andromeda_ila/AXI-Dot-Product-Accelerator/Vivado/puzhi/puzhi.gen/sources_1/ip/floating_point_3/floating_point_3/floating_point_3_in_context.xdc] for cell 'inst/dot_product_inst/dpe_inst/GEN_CONVERT[69].convert/bf16_to_fp32_inst'
Parsing XDC File [/home/malik/andromeda_ila/AXI-Dot-Product-Accelerator/Vivado/puzhi/puzhi.gen/sources_1/ip/floating_point_3/floating_point_3/floating_point_3_in_context.xdc] for cell 'inst/dot_product_inst/dpe_inst/GEN_CONVERT[70].convert/fp16_to_fp32_inst'
Finished Parsing XDC File [/home/malik/andromeda_ila/AXI-Dot-Product-Accelerator/Vivado/puzhi/puzhi.gen/sources_1/ip/floating_point_3/floating_point_3/floating_point_3_in_context.xdc] for cell 'inst/dot_product_inst/dpe_inst/GEN_CONVERT[70].convert/fp16_to_fp32_inst'
Parsing XDC File [/home/malik/andromeda_ila/AXI-Dot-Product-Accelerator/Vivado/puzhi/puzhi.gen/sources_1/ip/floating_point_3/floating_point_3/floating_point_3_in_context.xdc] for cell 'inst/dot_product_inst/dpe_inst/GEN_CONVERT[70].convert/bf16_to_fp32_inst'
Finished Parsing XDC File [/home/malik/andromeda_ila/AXI-Dot-Product-Accelerator/Vivado/puzhi/puzhi.gen/sources_1/ip/floating_point_3/floating_point_3/floating_point_3_in_context.xdc] for cell 'inst/dot_product_inst/dpe_inst/GEN_CONVERT[70].convert/bf16_to_fp32_inst'
Parsing XDC File [/home/malik/andromeda_ila/AXI-Dot-Product-Accelerator/Vivado/puzhi/puzhi.gen/sources_1/ip/floating_point_3/floating_point_3/floating_point_3_in_context.xdc] for cell 'inst/dot_product_inst/dpe_inst/GEN_CONVERT[71].convert/fp16_to_fp32_inst'
Finished Parsing XDC File [/home/malik/andromeda_ila/AXI-Dot-Product-Accelerator/Vivado/puzhi/puzhi.gen/sources_1/ip/floating_point_3/floating_point_3/floating_point_3_in_context.xdc] for cell 'inst/dot_product_inst/dpe_inst/GEN_CONVERT[71].convert/fp16_to_fp32_inst'
Parsing XDC File [/home/malik/andromeda_ila/AXI-Dot-Product-Accelerator/Vivado/puzhi/puzhi.gen/sources_1/ip/floating_point_3/floating_point_3/floating_point_3_in_context.xdc] for cell 'inst/dot_product_inst/dpe_inst/GEN_CONVERT[71].convert/bf16_to_fp32_inst'
Finished Parsing XDC File [/home/malik/andromeda_ila/AXI-Dot-Product-Accelerator/Vivado/puzhi/puzhi.gen/sources_1/ip/floating_point_3/floating_point_3/floating_point_3_in_context.xdc] for cell 'inst/dot_product_inst/dpe_inst/GEN_CONVERT[71].convert/bf16_to_fp32_inst'
Parsing XDC File [/home/malik/andromeda_ila/AXI-Dot-Product-Accelerator/Vivado/puzhi/puzhi.gen/sources_1/ip/floating_point_3/floating_point_3/floating_point_3_in_context.xdc] for cell 'inst/dot_product_inst/dpe_inst/GEN_CONVERT[72].convert/fp16_to_fp32_inst'
Finished Parsing XDC File [/home/malik/andromeda_ila/AXI-Dot-Product-Accelerator/Vivado/puzhi/puzhi.gen/sources_1/ip/floating_point_3/floating_point_3/floating_point_3_in_context.xdc] for cell 'inst/dot_product_inst/dpe_inst/GEN_CONVERT[72].convert/fp16_to_fp32_inst'
Parsing XDC File [/home/malik/andromeda_ila/AXI-Dot-Product-Accelerator/Vivado/puzhi/puzhi.gen/sources_1/ip/floating_point_3/floating_point_3/floating_point_3_in_context.xdc] for cell 'inst/dot_product_inst/dpe_inst/GEN_CONVERT[72].convert/bf16_to_fp32_inst'
Finished Parsing XDC File [/home/malik/andromeda_ila/AXI-Dot-Product-Accelerator/Vivado/puzhi/puzhi.gen/sources_1/ip/floating_point_3/floating_point_3/floating_point_3_in_context.xdc] for cell 'inst/dot_product_inst/dpe_inst/GEN_CONVERT[72].convert/bf16_to_fp32_inst'
Parsing XDC File [/home/malik/andromeda_ila/AXI-Dot-Product-Accelerator/Vivado/puzhi/puzhi.gen/sources_1/ip/floating_point_3/floating_point_3/floating_point_3_in_context.xdc] for cell 'inst/dot_product_inst/dpe_inst/GEN_CONVERT[73].convert/fp16_to_fp32_inst'
Finished Parsing XDC File [/home/malik/andromeda_ila/AXI-Dot-Product-Accelerator/Vivado/puzhi/puzhi.gen/sources_1/ip/floating_point_3/floating_point_3/floating_point_3_in_context.xdc] for cell 'inst/dot_product_inst/dpe_inst/GEN_CONVERT[73].convert/fp16_to_fp32_inst'
Parsing XDC File [/home/malik/andromeda_ila/AXI-Dot-Product-Accelerator/Vivado/puzhi/puzhi.gen/sources_1/ip/floating_point_3/floating_point_3/floating_point_3_in_context.xdc] for cell 'inst/dot_product_inst/dpe_inst/GEN_CONVERT[73].convert/bf16_to_fp32_inst'
Finished Parsing XDC File [/home/malik/andromeda_ila/AXI-Dot-Product-Accelerator/Vivado/puzhi/puzhi.gen/sources_1/ip/floating_point_3/floating_point_3/floating_point_3_in_context.xdc] for cell 'inst/dot_product_inst/dpe_inst/GEN_CONVERT[73].convert/bf16_to_fp32_inst'
Parsing XDC File [/home/malik/andromeda_ila/AXI-Dot-Product-Accelerator/Vivado/puzhi/puzhi.gen/sources_1/ip/floating_point_3/floating_point_3/floating_point_3_in_context.xdc] for cell 'inst/dot_product_inst/dpe_inst/GEN_CONVERT[74].convert/fp16_to_fp32_inst'
Finished Parsing XDC File [/home/malik/andromeda_ila/AXI-Dot-Product-Accelerator/Vivado/puzhi/puzhi.gen/sources_1/ip/floating_point_3/floating_point_3/floating_point_3_in_context.xdc] for cell 'inst/dot_product_inst/dpe_inst/GEN_CONVERT[74].convert/fp16_to_fp32_inst'
Parsing XDC File [/home/malik/andromeda_ila/AXI-Dot-Product-Accelerator/Vivado/puzhi/puzhi.gen/sources_1/ip/floating_point_3/floating_point_3/floating_point_3_in_context.xdc] for cell 'inst/dot_product_inst/dpe_inst/GEN_CONVERT[74].convert/bf16_to_fp32_inst'
Finished Parsing XDC File [/home/malik/andromeda_ila/AXI-Dot-Product-Accelerator/Vivado/puzhi/puzhi.gen/sources_1/ip/floating_point_3/floating_point_3/floating_point_3_in_context.xdc] for cell 'inst/dot_product_inst/dpe_inst/GEN_CONVERT[74].convert/bf16_to_fp32_inst'
Parsing XDC File [/home/malik/andromeda_ila/AXI-Dot-Product-Accelerator/Vivado/puzhi/puzhi.gen/sources_1/ip/floating_point_3/floating_point_3/floating_point_3_in_context.xdc] for cell 'inst/dot_product_inst/dpe_inst/GEN_CONVERT[75].convert/fp16_to_fp32_inst'
Finished Parsing XDC File [/home/malik/andromeda_ila/AXI-Dot-Product-Accelerator/Vivado/puzhi/puzhi.gen/sources_1/ip/floating_point_3/floating_point_3/floating_point_3_in_context.xdc] for cell 'inst/dot_product_inst/dpe_inst/GEN_CONVERT[75].convert/fp16_to_fp32_inst'
Parsing XDC File [/home/malik/andromeda_ila/AXI-Dot-Product-Accelerator/Vivado/puzhi/puzhi.gen/sources_1/ip/floating_point_3/floating_point_3/floating_point_3_in_context.xdc] for cell 'inst/dot_product_inst/dpe_inst/GEN_CONVERT[75].convert/bf16_to_fp32_inst'
Finished Parsing XDC File [/home/malik/andromeda_ila/AXI-Dot-Product-Accelerator/Vivado/puzhi/puzhi.gen/sources_1/ip/floating_point_3/floating_point_3/floating_point_3_in_context.xdc] for cell 'inst/dot_product_inst/dpe_inst/GEN_CONVERT[75].convert/bf16_to_fp32_inst'
Parsing XDC File [/home/malik/andromeda_ila/AXI-Dot-Product-Accelerator/Vivado/puzhi/puzhi.gen/sources_1/ip/floating_point_3/floating_point_3/floating_point_3_in_context.xdc] for cell 'inst/dot_product_inst/dpe_inst/GEN_CONVERT[76].convert/fp16_to_fp32_inst'
Finished Parsing XDC File [/home/malik/andromeda_ila/AXI-Dot-Product-Accelerator/Vivado/puzhi/puzhi.gen/sources_1/ip/floating_point_3/floating_point_3/floating_point_3_in_context.xdc] for cell 'inst/dot_product_inst/dpe_inst/GEN_CONVERT[76].convert/fp16_to_fp32_inst'
Parsing XDC File [/home/malik/andromeda_ila/AXI-Dot-Product-Accelerator/Vivado/puzhi/puzhi.gen/sources_1/ip/floating_point_3/floating_point_3/floating_point_3_in_context.xdc] for cell 'inst/dot_product_inst/dpe_inst/GEN_CONVERT[76].convert/bf16_to_fp32_inst'
Finished Parsing XDC File [/home/malik/andromeda_ila/AXI-Dot-Product-Accelerator/Vivado/puzhi/puzhi.gen/sources_1/ip/floating_point_3/floating_point_3/floating_point_3_in_context.xdc] for cell 'inst/dot_product_inst/dpe_inst/GEN_CONVERT[76].convert/bf16_to_fp32_inst'
Parsing XDC File [/home/malik/andromeda_ila/AXI-Dot-Product-Accelerator/Vivado/puzhi/puzhi.gen/sources_1/ip/floating_point_3/floating_point_3/floating_point_3_in_context.xdc] for cell 'inst/dot_product_inst/dpe_inst/GEN_CONVERT[77].convert/fp16_to_fp32_inst'
Finished Parsing XDC File [/home/malik/andromeda_ila/AXI-Dot-Product-Accelerator/Vivado/puzhi/puzhi.gen/sources_1/ip/floating_point_3/floating_point_3/floating_point_3_in_context.xdc] for cell 'inst/dot_product_inst/dpe_inst/GEN_CONVERT[77].convert/fp16_to_fp32_inst'
Parsing XDC File [/home/malik/andromeda_ila/AXI-Dot-Product-Accelerator/Vivado/puzhi/puzhi.gen/sources_1/ip/floating_point_3/floating_point_3/floating_point_3_in_context.xdc] for cell 'inst/dot_product_inst/dpe_inst/GEN_CONVERT[77].convert/bf16_to_fp32_inst'
Finished Parsing XDC File [/home/malik/andromeda_ila/AXI-Dot-Product-Accelerator/Vivado/puzhi/puzhi.gen/sources_1/ip/floating_point_3/floating_point_3/floating_point_3_in_context.xdc] for cell 'inst/dot_product_inst/dpe_inst/GEN_CONVERT[77].convert/bf16_to_fp32_inst'
Parsing XDC File [/home/malik/andromeda_ila/AXI-Dot-Product-Accelerator/Vivado/puzhi/puzhi.gen/sources_1/ip/floating_point_3/floating_point_3/floating_point_3_in_context.xdc] for cell 'inst/dot_product_inst/dpe_inst/GEN_CONVERT[78].convert/fp16_to_fp32_inst'
Finished Parsing XDC File [/home/malik/andromeda_ila/AXI-Dot-Product-Accelerator/Vivado/puzhi/puzhi.gen/sources_1/ip/floating_point_3/floating_point_3/floating_point_3_in_context.xdc] for cell 'inst/dot_product_inst/dpe_inst/GEN_CONVERT[78].convert/fp16_to_fp32_inst'
Parsing XDC File [/home/malik/andromeda_ila/AXI-Dot-Product-Accelerator/Vivado/puzhi/puzhi.gen/sources_1/ip/floating_point_3/floating_point_3/floating_point_3_in_context.xdc] for cell 'inst/dot_product_inst/dpe_inst/GEN_CONVERT[78].convert/bf16_to_fp32_inst'
Finished Parsing XDC File [/home/malik/andromeda_ila/AXI-Dot-Product-Accelerator/Vivado/puzhi/puzhi.gen/sources_1/ip/floating_point_3/floating_point_3/floating_point_3_in_context.xdc] for cell 'inst/dot_product_inst/dpe_inst/GEN_CONVERT[78].convert/bf16_to_fp32_inst'
Parsing XDC File [/home/malik/andromeda_ila/AXI-Dot-Product-Accelerator/Vivado/puzhi/puzhi.gen/sources_1/ip/floating_point_3/floating_point_3/floating_point_3_in_context.xdc] for cell 'inst/dot_product_inst/dpe_inst/GEN_CONVERT[79].convert/fp16_to_fp32_inst'
Finished Parsing XDC File [/home/malik/andromeda_ila/AXI-Dot-Product-Accelerator/Vivado/puzhi/puzhi.gen/sources_1/ip/floating_point_3/floating_point_3/floating_point_3_in_context.xdc] for cell 'inst/dot_product_inst/dpe_inst/GEN_CONVERT[79].convert/fp16_to_fp32_inst'
Parsing XDC File [/home/malik/andromeda_ila/AXI-Dot-Product-Accelerator/Vivado/puzhi/puzhi.gen/sources_1/ip/floating_point_3/floating_point_3/floating_point_3_in_context.xdc] for cell 'inst/dot_product_inst/dpe_inst/GEN_CONVERT[79].convert/bf16_to_fp32_inst'
Finished Parsing XDC File [/home/malik/andromeda_ila/AXI-Dot-Product-Accelerator/Vivado/puzhi/puzhi.gen/sources_1/ip/floating_point_3/floating_point_3/floating_point_3_in_context.xdc] for cell 'inst/dot_product_inst/dpe_inst/GEN_CONVERT[79].convert/bf16_to_fp32_inst'
Parsing XDC File [/home/malik/andromeda_ila/AXI-Dot-Product-Accelerator/Vivado/puzhi/puzhi.gen/sources_1/ip/floating_point_3/floating_point_3/floating_point_3_in_context.xdc] for cell 'inst/dot_product_inst/dpe_inst/GEN_CONVERT[80].convert/fp16_to_fp32_inst'
Finished Parsing XDC File [/home/malik/andromeda_ila/AXI-Dot-Product-Accelerator/Vivado/puzhi/puzhi.gen/sources_1/ip/floating_point_3/floating_point_3/floating_point_3_in_context.xdc] for cell 'inst/dot_product_inst/dpe_inst/GEN_CONVERT[80].convert/fp16_to_fp32_inst'
Parsing XDC File [/home/malik/andromeda_ila/AXI-Dot-Product-Accelerator/Vivado/puzhi/puzhi.gen/sources_1/ip/floating_point_3/floating_point_3/floating_point_3_in_context.xdc] for cell 'inst/dot_product_inst/dpe_inst/GEN_CONVERT[80].convert/bf16_to_fp32_inst'
Finished Parsing XDC File [/home/malik/andromeda_ila/AXI-Dot-Product-Accelerator/Vivado/puzhi/puzhi.gen/sources_1/ip/floating_point_3/floating_point_3/floating_point_3_in_context.xdc] for cell 'inst/dot_product_inst/dpe_inst/GEN_CONVERT[80].convert/bf16_to_fp32_inst'
Parsing XDC File [/home/malik/andromeda_ila/AXI-Dot-Product-Accelerator/Vivado/puzhi/puzhi.gen/sources_1/ip/floating_point_3/floating_point_3/floating_point_3_in_context.xdc] for cell 'inst/dot_product_inst/dpe_inst/GEN_CONVERT[81].convert/fp16_to_fp32_inst'
Finished Parsing XDC File [/home/malik/andromeda_ila/AXI-Dot-Product-Accelerator/Vivado/puzhi/puzhi.gen/sources_1/ip/floating_point_3/floating_point_3/floating_point_3_in_context.xdc] for cell 'inst/dot_product_inst/dpe_inst/GEN_CONVERT[81].convert/fp16_to_fp32_inst'
Parsing XDC File [/home/malik/andromeda_ila/AXI-Dot-Product-Accelerator/Vivado/puzhi/puzhi.gen/sources_1/ip/floating_point_3/floating_point_3/floating_point_3_in_context.xdc] for cell 'inst/dot_product_inst/dpe_inst/GEN_CONVERT[81].convert/bf16_to_fp32_inst'
Finished Parsing XDC File [/home/malik/andromeda_ila/AXI-Dot-Product-Accelerator/Vivado/puzhi/puzhi.gen/sources_1/ip/floating_point_3/floating_point_3/floating_point_3_in_context.xdc] for cell 'inst/dot_product_inst/dpe_inst/GEN_CONVERT[81].convert/bf16_to_fp32_inst'
Parsing XDC File [/home/malik/andromeda_ila/AXI-Dot-Product-Accelerator/Vivado/puzhi/puzhi.gen/sources_1/ip/floating_point_3/floating_point_3/floating_point_3_in_context.xdc] for cell 'inst/dot_product_inst/dpe_inst/GEN_CONVERT[82].convert/fp16_to_fp32_inst'
Finished Parsing XDC File [/home/malik/andromeda_ila/AXI-Dot-Product-Accelerator/Vivado/puzhi/puzhi.gen/sources_1/ip/floating_point_3/floating_point_3/floating_point_3_in_context.xdc] for cell 'inst/dot_product_inst/dpe_inst/GEN_CONVERT[82].convert/fp16_to_fp32_inst'
Parsing XDC File [/home/malik/andromeda_ila/AXI-Dot-Product-Accelerator/Vivado/puzhi/puzhi.gen/sources_1/ip/floating_point_3/floating_point_3/floating_point_3_in_context.xdc] for cell 'inst/dot_product_inst/dpe_inst/GEN_CONVERT[82].convert/bf16_to_fp32_inst'
Finished Parsing XDC File [/home/malik/andromeda_ila/AXI-Dot-Product-Accelerator/Vivado/puzhi/puzhi.gen/sources_1/ip/floating_point_3/floating_point_3/floating_point_3_in_context.xdc] for cell 'inst/dot_product_inst/dpe_inst/GEN_CONVERT[82].convert/bf16_to_fp32_inst'
Parsing XDC File [/home/malik/andromeda_ila/AXI-Dot-Product-Accelerator/Vivado/puzhi/puzhi.gen/sources_1/ip/floating_point_3/floating_point_3/floating_point_3_in_context.xdc] for cell 'inst/dot_product_inst/dpe_inst/GEN_CONVERT[83].convert/fp16_to_fp32_inst'
Finished Parsing XDC File [/home/malik/andromeda_ila/AXI-Dot-Product-Accelerator/Vivado/puzhi/puzhi.gen/sources_1/ip/floating_point_3/floating_point_3/floating_point_3_in_context.xdc] for cell 'inst/dot_product_inst/dpe_inst/GEN_CONVERT[83].convert/fp16_to_fp32_inst'
Parsing XDC File [/home/malik/andromeda_ila/AXI-Dot-Product-Accelerator/Vivado/puzhi/puzhi.gen/sources_1/ip/floating_point_3/floating_point_3/floating_point_3_in_context.xdc] for cell 'inst/dot_product_inst/dpe_inst/GEN_CONVERT[83].convert/bf16_to_fp32_inst'
Finished Parsing XDC File [/home/malik/andromeda_ila/AXI-Dot-Product-Accelerator/Vivado/puzhi/puzhi.gen/sources_1/ip/floating_point_3/floating_point_3/floating_point_3_in_context.xdc] for cell 'inst/dot_product_inst/dpe_inst/GEN_CONVERT[83].convert/bf16_to_fp32_inst'
Parsing XDC File [/home/malik/andromeda_ila/AXI-Dot-Product-Accelerator/Vivado/puzhi/puzhi.gen/sources_1/ip/floating_point_3/floating_point_3/floating_point_3_in_context.xdc] for cell 'inst/dot_product_inst/dpe_inst/GEN_CONVERT[84].convert/fp16_to_fp32_inst'
Finished Parsing XDC File [/home/malik/andromeda_ila/AXI-Dot-Product-Accelerator/Vivado/puzhi/puzhi.gen/sources_1/ip/floating_point_3/floating_point_3/floating_point_3_in_context.xdc] for cell 'inst/dot_product_inst/dpe_inst/GEN_CONVERT[84].convert/fp16_to_fp32_inst'
Parsing XDC File [/home/malik/andromeda_ila/AXI-Dot-Product-Accelerator/Vivado/puzhi/puzhi.gen/sources_1/ip/floating_point_3/floating_point_3/floating_point_3_in_context.xdc] for cell 'inst/dot_product_inst/dpe_inst/GEN_CONVERT[84].convert/bf16_to_fp32_inst'
Finished Parsing XDC File [/home/malik/andromeda_ila/AXI-Dot-Product-Accelerator/Vivado/puzhi/puzhi.gen/sources_1/ip/floating_point_3/floating_point_3/floating_point_3_in_context.xdc] for cell 'inst/dot_product_inst/dpe_inst/GEN_CONVERT[84].convert/bf16_to_fp32_inst'
Parsing XDC File [/home/malik/andromeda_ila/AXI-Dot-Product-Accelerator/Vivado/puzhi/puzhi.gen/sources_1/ip/floating_point_3/floating_point_3/floating_point_3_in_context.xdc] for cell 'inst/dot_product_inst/dpe_inst/GEN_CONVERT[85].convert/fp16_to_fp32_inst'
Finished Parsing XDC File [/home/malik/andromeda_ila/AXI-Dot-Product-Accelerator/Vivado/puzhi/puzhi.gen/sources_1/ip/floating_point_3/floating_point_3/floating_point_3_in_context.xdc] for cell 'inst/dot_product_inst/dpe_inst/GEN_CONVERT[85].convert/fp16_to_fp32_inst'
Parsing XDC File [/home/malik/andromeda_ila/AXI-Dot-Product-Accelerator/Vivado/puzhi/puzhi.gen/sources_1/ip/floating_point_3/floating_point_3/floating_point_3_in_context.xdc] for cell 'inst/dot_product_inst/dpe_inst/GEN_CONVERT[85].convert/bf16_to_fp32_inst'
Finished Parsing XDC File [/home/malik/andromeda_ila/AXI-Dot-Product-Accelerator/Vivado/puzhi/puzhi.gen/sources_1/ip/floating_point_3/floating_point_3/floating_point_3_in_context.xdc] for cell 'inst/dot_product_inst/dpe_inst/GEN_CONVERT[85].convert/bf16_to_fp32_inst'
Parsing XDC File [/home/malik/andromeda_ila/AXI-Dot-Product-Accelerator/Vivado/puzhi/puzhi.gen/sources_1/ip/floating_point_3/floating_point_3/floating_point_3_in_context.xdc] for cell 'inst/dot_product_inst/dpe_inst/GEN_CONVERT[86].convert/fp16_to_fp32_inst'
Finished Parsing XDC File [/home/malik/andromeda_ila/AXI-Dot-Product-Accelerator/Vivado/puzhi/puzhi.gen/sources_1/ip/floating_point_3/floating_point_3/floating_point_3_in_context.xdc] for cell 'inst/dot_product_inst/dpe_inst/GEN_CONVERT[86].convert/fp16_to_fp32_inst'
Parsing XDC File [/home/malik/andromeda_ila/AXI-Dot-Product-Accelerator/Vivado/puzhi/puzhi.gen/sources_1/ip/floating_point_3/floating_point_3/floating_point_3_in_context.xdc] for cell 'inst/dot_product_inst/dpe_inst/GEN_CONVERT[86].convert/bf16_to_fp32_inst'
Finished Parsing XDC File [/home/malik/andromeda_ila/AXI-Dot-Product-Accelerator/Vivado/puzhi/puzhi.gen/sources_1/ip/floating_point_3/floating_point_3/floating_point_3_in_context.xdc] for cell 'inst/dot_product_inst/dpe_inst/GEN_CONVERT[86].convert/bf16_to_fp32_inst'
Parsing XDC File [/home/malik/andromeda_ila/AXI-Dot-Product-Accelerator/Vivado/puzhi/puzhi.gen/sources_1/ip/floating_point_3/floating_point_3/floating_point_3_in_context.xdc] for cell 'inst/dot_product_inst/dpe_inst/GEN_CONVERT[87].convert/fp16_to_fp32_inst'
Finished Parsing XDC File [/home/malik/andromeda_ila/AXI-Dot-Product-Accelerator/Vivado/puzhi/puzhi.gen/sources_1/ip/floating_point_3/floating_point_3/floating_point_3_in_context.xdc] for cell 'inst/dot_product_inst/dpe_inst/GEN_CONVERT[87].convert/fp16_to_fp32_inst'
Parsing XDC File [/home/malik/andromeda_ila/AXI-Dot-Product-Accelerator/Vivado/puzhi/puzhi.gen/sources_1/ip/floating_point_3/floating_point_3/floating_point_3_in_context.xdc] for cell 'inst/dot_product_inst/dpe_inst/GEN_CONVERT[87].convert/bf16_to_fp32_inst'
Finished Parsing XDC File [/home/malik/andromeda_ila/AXI-Dot-Product-Accelerator/Vivado/puzhi/puzhi.gen/sources_1/ip/floating_point_3/floating_point_3/floating_point_3_in_context.xdc] for cell 'inst/dot_product_inst/dpe_inst/GEN_CONVERT[87].convert/bf16_to_fp32_inst'
Parsing XDC File [/home/malik/andromeda_ila/AXI-Dot-Product-Accelerator/Vivado/puzhi/puzhi.gen/sources_1/ip/floating_point_3/floating_point_3/floating_point_3_in_context.xdc] for cell 'inst/dot_product_inst/dpe_inst/GEN_CONVERT[88].convert/fp16_to_fp32_inst'
Finished Parsing XDC File [/home/malik/andromeda_ila/AXI-Dot-Product-Accelerator/Vivado/puzhi/puzhi.gen/sources_1/ip/floating_point_3/floating_point_3/floating_point_3_in_context.xdc] for cell 'inst/dot_product_inst/dpe_inst/GEN_CONVERT[88].convert/fp16_to_fp32_inst'
Parsing XDC File [/home/malik/andromeda_ila/AXI-Dot-Product-Accelerator/Vivado/puzhi/puzhi.gen/sources_1/ip/floating_point_3/floating_point_3/floating_point_3_in_context.xdc] for cell 'inst/dot_product_inst/dpe_inst/GEN_CONVERT[88].convert/bf16_to_fp32_inst'
Finished Parsing XDC File [/home/malik/andromeda_ila/AXI-Dot-Product-Accelerator/Vivado/puzhi/puzhi.gen/sources_1/ip/floating_point_3/floating_point_3/floating_point_3_in_context.xdc] for cell 'inst/dot_product_inst/dpe_inst/GEN_CONVERT[88].convert/bf16_to_fp32_inst'
Parsing XDC File [/home/malik/andromeda_ila/AXI-Dot-Product-Accelerator/Vivado/puzhi/puzhi.gen/sources_1/ip/floating_point_3/floating_point_3/floating_point_3_in_context.xdc] for cell 'inst/dot_product_inst/dpe_inst/GEN_CONVERT[89].convert/fp16_to_fp32_inst'
Finished Parsing XDC File [/home/malik/andromeda_ila/AXI-Dot-Product-Accelerator/Vivado/puzhi/puzhi.gen/sources_1/ip/floating_point_3/floating_point_3/floating_point_3_in_context.xdc] for cell 'inst/dot_product_inst/dpe_inst/GEN_CONVERT[89].convert/fp16_to_fp32_inst'
Parsing XDC File [/home/malik/andromeda_ila/AXI-Dot-Product-Accelerator/Vivado/puzhi/puzhi.gen/sources_1/ip/floating_point_3/floating_point_3/floating_point_3_in_context.xdc] for cell 'inst/dot_product_inst/dpe_inst/GEN_CONVERT[89].convert/bf16_to_fp32_inst'
Finished Parsing XDC File [/home/malik/andromeda_ila/AXI-Dot-Product-Accelerator/Vivado/puzhi/puzhi.gen/sources_1/ip/floating_point_3/floating_point_3/floating_point_3_in_context.xdc] for cell 'inst/dot_product_inst/dpe_inst/GEN_CONVERT[89].convert/bf16_to_fp32_inst'
Parsing XDC File [/home/malik/andromeda_ila/AXI-Dot-Product-Accelerator/Vivado/puzhi/puzhi.gen/sources_1/ip/floating_point_3/floating_point_3/floating_point_3_in_context.xdc] for cell 'inst/dot_product_inst/dpe_inst/GEN_CONVERT[90].convert/fp16_to_fp32_inst'
Finished Parsing XDC File [/home/malik/andromeda_ila/AXI-Dot-Product-Accelerator/Vivado/puzhi/puzhi.gen/sources_1/ip/floating_point_3/floating_point_3/floating_point_3_in_context.xdc] for cell 'inst/dot_product_inst/dpe_inst/GEN_CONVERT[90].convert/fp16_to_fp32_inst'
Parsing XDC File [/home/malik/andromeda_ila/AXI-Dot-Product-Accelerator/Vivado/puzhi/puzhi.gen/sources_1/ip/floating_point_3/floating_point_3/floating_point_3_in_context.xdc] for cell 'inst/dot_product_inst/dpe_inst/GEN_CONVERT[90].convert/bf16_to_fp32_inst'
Finished Parsing XDC File [/home/malik/andromeda_ila/AXI-Dot-Product-Accelerator/Vivado/puzhi/puzhi.gen/sources_1/ip/floating_point_3/floating_point_3/floating_point_3_in_context.xdc] for cell 'inst/dot_product_inst/dpe_inst/GEN_CONVERT[90].convert/bf16_to_fp32_inst'
Parsing XDC File [/home/malik/andromeda_ila/AXI-Dot-Product-Accelerator/Vivado/puzhi/puzhi.gen/sources_1/ip/floating_point_3/floating_point_3/floating_point_3_in_context.xdc] for cell 'inst/dot_product_inst/dpe_inst/GEN_CONVERT[91].convert/fp16_to_fp32_inst'
Finished Parsing XDC File [/home/malik/andromeda_ila/AXI-Dot-Product-Accelerator/Vivado/puzhi/puzhi.gen/sources_1/ip/floating_point_3/floating_point_3/floating_point_3_in_context.xdc] for cell 'inst/dot_product_inst/dpe_inst/GEN_CONVERT[91].convert/fp16_to_fp32_inst'
Parsing XDC File [/home/malik/andromeda_ila/AXI-Dot-Product-Accelerator/Vivado/puzhi/puzhi.gen/sources_1/ip/floating_point_3/floating_point_3/floating_point_3_in_context.xdc] for cell 'inst/dot_product_inst/dpe_inst/GEN_CONVERT[91].convert/bf16_to_fp32_inst'
Finished Parsing XDC File [/home/malik/andromeda_ila/AXI-Dot-Product-Accelerator/Vivado/puzhi/puzhi.gen/sources_1/ip/floating_point_3/floating_point_3/floating_point_3_in_context.xdc] for cell 'inst/dot_product_inst/dpe_inst/GEN_CONVERT[91].convert/bf16_to_fp32_inst'
Parsing XDC File [/home/malik/andromeda_ila/AXI-Dot-Product-Accelerator/Vivado/puzhi/puzhi.gen/sources_1/ip/floating_point_3/floating_point_3/floating_point_3_in_context.xdc] for cell 'inst/dot_product_inst/dpe_inst/GEN_CONVERT[92].convert/fp16_to_fp32_inst'
Finished Parsing XDC File [/home/malik/andromeda_ila/AXI-Dot-Product-Accelerator/Vivado/puzhi/puzhi.gen/sources_1/ip/floating_point_3/floating_point_3/floating_point_3_in_context.xdc] for cell 'inst/dot_product_inst/dpe_inst/GEN_CONVERT[92].convert/fp16_to_fp32_inst'
Parsing XDC File [/home/malik/andromeda_ila/AXI-Dot-Product-Accelerator/Vivado/puzhi/puzhi.gen/sources_1/ip/floating_point_3/floating_point_3/floating_point_3_in_context.xdc] for cell 'inst/dot_product_inst/dpe_inst/GEN_CONVERT[92].convert/bf16_to_fp32_inst'
Finished Parsing XDC File [/home/malik/andromeda_ila/AXI-Dot-Product-Accelerator/Vivado/puzhi/puzhi.gen/sources_1/ip/floating_point_3/floating_point_3/floating_point_3_in_context.xdc] for cell 'inst/dot_product_inst/dpe_inst/GEN_CONVERT[92].convert/bf16_to_fp32_inst'
Parsing XDC File [/home/malik/andromeda_ila/AXI-Dot-Product-Accelerator/Vivado/puzhi/puzhi.gen/sources_1/ip/floating_point_3/floating_point_3/floating_point_3_in_context.xdc] for cell 'inst/dot_product_inst/dpe_inst/GEN_CONVERT[93].convert/fp16_to_fp32_inst'
Finished Parsing XDC File [/home/malik/andromeda_ila/AXI-Dot-Product-Accelerator/Vivado/puzhi/puzhi.gen/sources_1/ip/floating_point_3/floating_point_3/floating_point_3_in_context.xdc] for cell 'inst/dot_product_inst/dpe_inst/GEN_CONVERT[93].convert/fp16_to_fp32_inst'
Parsing XDC File [/home/malik/andromeda_ila/AXI-Dot-Product-Accelerator/Vivado/puzhi/puzhi.gen/sources_1/ip/floating_point_3/floating_point_3/floating_point_3_in_context.xdc] for cell 'inst/dot_product_inst/dpe_inst/GEN_CONVERT[93].convert/bf16_to_fp32_inst'
Finished Parsing XDC File [/home/malik/andromeda_ila/AXI-Dot-Product-Accelerator/Vivado/puzhi/puzhi.gen/sources_1/ip/floating_point_3/floating_point_3/floating_point_3_in_context.xdc] for cell 'inst/dot_product_inst/dpe_inst/GEN_CONVERT[93].convert/bf16_to_fp32_inst'
Parsing XDC File [/home/malik/andromeda_ila/AXI-Dot-Product-Accelerator/Vivado/puzhi/puzhi.gen/sources_1/ip/floating_point_3/floating_point_3/floating_point_3_in_context.xdc] for cell 'inst/dot_product_inst/dpe_inst/GEN_CONVERT[94].convert/fp16_to_fp32_inst'
Finished Parsing XDC File [/home/malik/andromeda_ila/AXI-Dot-Product-Accelerator/Vivado/puzhi/puzhi.gen/sources_1/ip/floating_point_3/floating_point_3/floating_point_3_in_context.xdc] for cell 'inst/dot_product_inst/dpe_inst/GEN_CONVERT[94].convert/fp16_to_fp32_inst'
Parsing XDC File [/home/malik/andromeda_ila/AXI-Dot-Product-Accelerator/Vivado/puzhi/puzhi.gen/sources_1/ip/floating_point_3/floating_point_3/floating_point_3_in_context.xdc] for cell 'inst/dot_product_inst/dpe_inst/GEN_CONVERT[94].convert/bf16_to_fp32_inst'
Finished Parsing XDC File [/home/malik/andromeda_ila/AXI-Dot-Product-Accelerator/Vivado/puzhi/puzhi.gen/sources_1/ip/floating_point_3/floating_point_3/floating_point_3_in_context.xdc] for cell 'inst/dot_product_inst/dpe_inst/GEN_CONVERT[94].convert/bf16_to_fp32_inst'
Parsing XDC File [/home/malik/andromeda_ila/AXI-Dot-Product-Accelerator/Vivado/puzhi/puzhi.gen/sources_1/ip/floating_point_3/floating_point_3/floating_point_3_in_context.xdc] for cell 'inst/dot_product_inst/dpe_inst/GEN_CONVERT[95].convert/fp16_to_fp32_inst'
Finished Parsing XDC File [/home/malik/andromeda_ila/AXI-Dot-Product-Accelerator/Vivado/puzhi/puzhi.gen/sources_1/ip/floating_point_3/floating_point_3/floating_point_3_in_context.xdc] for cell 'inst/dot_product_inst/dpe_inst/GEN_CONVERT[95].convert/fp16_to_fp32_inst'
Parsing XDC File [/home/malik/andromeda_ila/AXI-Dot-Product-Accelerator/Vivado/puzhi/puzhi.gen/sources_1/ip/floating_point_3/floating_point_3/floating_point_3_in_context.xdc] for cell 'inst/dot_product_inst/dpe_inst/GEN_CONVERT[95].convert/bf16_to_fp32_inst'
Finished Parsing XDC File [/home/malik/andromeda_ila/AXI-Dot-Product-Accelerator/Vivado/puzhi/puzhi.gen/sources_1/ip/floating_point_3/floating_point_3/floating_point_3_in_context.xdc] for cell 'inst/dot_product_inst/dpe_inst/GEN_CONVERT[95].convert/bf16_to_fp32_inst'
Parsing XDC File [/home/malik/andromeda_ila/AXI-Dot-Product-Accelerator/Vivado/puzhi/puzhi.gen/sources_1/ip/floating_point_3/floating_point_3/floating_point_3_in_context.xdc] for cell 'inst/dot_product_inst/dpe_inst/GEN_CONVERT[96].convert/fp16_to_fp32_inst'
Finished Parsing XDC File [/home/malik/andromeda_ila/AXI-Dot-Product-Accelerator/Vivado/puzhi/puzhi.gen/sources_1/ip/floating_point_3/floating_point_3/floating_point_3_in_context.xdc] for cell 'inst/dot_product_inst/dpe_inst/GEN_CONVERT[96].convert/fp16_to_fp32_inst'
Parsing XDC File [/home/malik/andromeda_ila/AXI-Dot-Product-Accelerator/Vivado/puzhi/puzhi.gen/sources_1/ip/floating_point_3/floating_point_3/floating_point_3_in_context.xdc] for cell 'inst/dot_product_inst/dpe_inst/GEN_CONVERT[96].convert/bf16_to_fp32_inst'
Finished Parsing XDC File [/home/malik/andromeda_ila/AXI-Dot-Product-Accelerator/Vivado/puzhi/puzhi.gen/sources_1/ip/floating_point_3/floating_point_3/floating_point_3_in_context.xdc] for cell 'inst/dot_product_inst/dpe_inst/GEN_CONVERT[96].convert/bf16_to_fp32_inst'
Parsing XDC File [/home/malik/andromeda_ila/AXI-Dot-Product-Accelerator/Vivado/puzhi/puzhi.gen/sources_1/ip/floating_point_3/floating_point_3/floating_point_3_in_context.xdc] for cell 'inst/dot_product_inst/dpe_inst/GEN_CONVERT[97].convert/fp16_to_fp32_inst'
Finished Parsing XDC File [/home/malik/andromeda_ila/AXI-Dot-Product-Accelerator/Vivado/puzhi/puzhi.gen/sources_1/ip/floating_point_3/floating_point_3/floating_point_3_in_context.xdc] for cell 'inst/dot_product_inst/dpe_inst/GEN_CONVERT[97].convert/fp16_to_fp32_inst'
Parsing XDC File [/home/malik/andromeda_ila/AXI-Dot-Product-Accelerator/Vivado/puzhi/puzhi.gen/sources_1/ip/floating_point_3/floating_point_3/floating_point_3_in_context.xdc] for cell 'inst/dot_product_inst/dpe_inst/GEN_CONVERT[97].convert/bf16_to_fp32_inst'
Finished Parsing XDC File [/home/malik/andromeda_ila/AXI-Dot-Product-Accelerator/Vivado/puzhi/puzhi.gen/sources_1/ip/floating_point_3/floating_point_3/floating_point_3_in_context.xdc] for cell 'inst/dot_product_inst/dpe_inst/GEN_CONVERT[97].convert/bf16_to_fp32_inst'
Parsing XDC File [/home/malik/andromeda_ila/AXI-Dot-Product-Accelerator/Vivado/puzhi/puzhi.gen/sources_1/ip/floating_point_3/floating_point_3/floating_point_3_in_context.xdc] for cell 'inst/dot_product_inst/dpe_inst/GEN_CONVERT[98].convert/fp16_to_fp32_inst'
Finished Parsing XDC File [/home/malik/andromeda_ila/AXI-Dot-Product-Accelerator/Vivado/puzhi/puzhi.gen/sources_1/ip/floating_point_3/floating_point_3/floating_point_3_in_context.xdc] for cell 'inst/dot_product_inst/dpe_inst/GEN_CONVERT[98].convert/fp16_to_fp32_inst'
Parsing XDC File [/home/malik/andromeda_ila/AXI-Dot-Product-Accelerator/Vivado/puzhi/puzhi.gen/sources_1/ip/floating_point_3/floating_point_3/floating_point_3_in_context.xdc] for cell 'inst/dot_product_inst/dpe_inst/GEN_CONVERT[98].convert/bf16_to_fp32_inst'
Finished Parsing XDC File [/home/malik/andromeda_ila/AXI-Dot-Product-Accelerator/Vivado/puzhi/puzhi.gen/sources_1/ip/floating_point_3/floating_point_3/floating_point_3_in_context.xdc] for cell 'inst/dot_product_inst/dpe_inst/GEN_CONVERT[98].convert/bf16_to_fp32_inst'
Parsing XDC File [/home/malik/andromeda_ila/AXI-Dot-Product-Accelerator/Vivado/puzhi/puzhi.gen/sources_1/ip/floating_point_3/floating_point_3/floating_point_3_in_context.xdc] for cell 'inst/dot_product_inst/dpe_inst/GEN_CONVERT[99].convert/fp16_to_fp32_inst'
Finished Parsing XDC File [/home/malik/andromeda_ila/AXI-Dot-Product-Accelerator/Vivado/puzhi/puzhi.gen/sources_1/ip/floating_point_3/floating_point_3/floating_point_3_in_context.xdc] for cell 'inst/dot_product_inst/dpe_inst/GEN_CONVERT[99].convert/fp16_to_fp32_inst'
Parsing XDC File [/home/malik/andromeda_ila/AXI-Dot-Product-Accelerator/Vivado/puzhi/puzhi.gen/sources_1/ip/floating_point_3/floating_point_3/floating_point_3_in_context.xdc] for cell 'inst/dot_product_inst/dpe_inst/GEN_CONVERT[99].convert/bf16_to_fp32_inst'
Finished Parsing XDC File [/home/malik/andromeda_ila/AXI-Dot-Product-Accelerator/Vivado/puzhi/puzhi.gen/sources_1/ip/floating_point_3/floating_point_3/floating_point_3_in_context.xdc] for cell 'inst/dot_product_inst/dpe_inst/GEN_CONVERT[99].convert/bf16_to_fp32_inst'
Parsing XDC File [/home/malik/andromeda_ila/AXI-Dot-Product-Accelerator/Vivado/puzhi/puzhi.gen/sources_1/ip/floating_point_3/floating_point_3/floating_point_3_in_context.xdc] for cell 'inst/dot_product_inst/dpe_inst/GEN_CONVERT[100].convert/fp16_to_fp32_inst'
Finished Parsing XDC File [/home/malik/andromeda_ila/AXI-Dot-Product-Accelerator/Vivado/puzhi/puzhi.gen/sources_1/ip/floating_point_3/floating_point_3/floating_point_3_in_context.xdc] for cell 'inst/dot_product_inst/dpe_inst/GEN_CONVERT[100].convert/fp16_to_fp32_inst'
Parsing XDC File [/home/malik/andromeda_ila/AXI-Dot-Product-Accelerator/Vivado/puzhi/puzhi.gen/sources_1/ip/floating_point_3/floating_point_3/floating_point_3_in_context.xdc] for cell 'inst/dot_product_inst/dpe_inst/GEN_CONVERT[100].convert/bf16_to_fp32_inst'
Finished Parsing XDC File [/home/malik/andromeda_ila/AXI-Dot-Product-Accelerator/Vivado/puzhi/puzhi.gen/sources_1/ip/floating_point_3/floating_point_3/floating_point_3_in_context.xdc] for cell 'inst/dot_product_inst/dpe_inst/GEN_CONVERT[100].convert/bf16_to_fp32_inst'
Parsing XDC File [/home/malik/andromeda_ila/AXI-Dot-Product-Accelerator/Vivado/puzhi/puzhi.gen/sources_1/ip/floating_point_3/floating_point_3/floating_point_3_in_context.xdc] for cell 'inst/dot_product_inst/dpe_inst/GEN_CONVERT[101].convert/fp16_to_fp32_inst'
Finished Parsing XDC File [/home/malik/andromeda_ila/AXI-Dot-Product-Accelerator/Vivado/puzhi/puzhi.gen/sources_1/ip/floating_point_3/floating_point_3/floating_point_3_in_context.xdc] for cell 'inst/dot_product_inst/dpe_inst/GEN_CONVERT[101].convert/fp16_to_fp32_inst'
Parsing XDC File [/home/malik/andromeda_ila/AXI-Dot-Product-Accelerator/Vivado/puzhi/puzhi.gen/sources_1/ip/floating_point_3/floating_point_3/floating_point_3_in_context.xdc] for cell 'inst/dot_product_inst/dpe_inst/GEN_CONVERT[101].convert/bf16_to_fp32_inst'
Finished Parsing XDC File [/home/malik/andromeda_ila/AXI-Dot-Product-Accelerator/Vivado/puzhi/puzhi.gen/sources_1/ip/floating_point_3/floating_point_3/floating_point_3_in_context.xdc] for cell 'inst/dot_product_inst/dpe_inst/GEN_CONVERT[101].convert/bf16_to_fp32_inst'
Parsing XDC File [/home/malik/andromeda_ila/AXI-Dot-Product-Accelerator/Vivado/puzhi/puzhi.gen/sources_1/ip/floating_point_3/floating_point_3/floating_point_3_in_context.xdc] for cell 'inst/dot_product_inst/dpe_inst/GEN_CONVERT[102].convert/fp16_to_fp32_inst'
Finished Parsing XDC File [/home/malik/andromeda_ila/AXI-Dot-Product-Accelerator/Vivado/puzhi/puzhi.gen/sources_1/ip/floating_point_3/floating_point_3/floating_point_3_in_context.xdc] for cell 'inst/dot_product_inst/dpe_inst/GEN_CONVERT[102].convert/fp16_to_fp32_inst'
Parsing XDC File [/home/malik/andromeda_ila/AXI-Dot-Product-Accelerator/Vivado/puzhi/puzhi.gen/sources_1/ip/floating_point_3/floating_point_3/floating_point_3_in_context.xdc] for cell 'inst/dot_product_inst/dpe_inst/GEN_CONVERT[102].convert/bf16_to_fp32_inst'
Finished Parsing XDC File [/home/malik/andromeda_ila/AXI-Dot-Product-Accelerator/Vivado/puzhi/puzhi.gen/sources_1/ip/floating_point_3/floating_point_3/floating_point_3_in_context.xdc] for cell 'inst/dot_product_inst/dpe_inst/GEN_CONVERT[102].convert/bf16_to_fp32_inst'
Parsing XDC File [/home/malik/andromeda_ila/AXI-Dot-Product-Accelerator/Vivado/puzhi/puzhi.gen/sources_1/ip/floating_point_3/floating_point_3/floating_point_3_in_context.xdc] for cell 'inst/dot_product_inst/dpe_inst/GEN_CONVERT[103].convert/fp16_to_fp32_inst'
Finished Parsing XDC File [/home/malik/andromeda_ila/AXI-Dot-Product-Accelerator/Vivado/puzhi/puzhi.gen/sources_1/ip/floating_point_3/floating_point_3/floating_point_3_in_context.xdc] for cell 'inst/dot_product_inst/dpe_inst/GEN_CONVERT[103].convert/fp16_to_fp32_inst'
Parsing XDC File [/home/malik/andromeda_ila/AXI-Dot-Product-Accelerator/Vivado/puzhi/puzhi.gen/sources_1/ip/floating_point_3/floating_point_3/floating_point_3_in_context.xdc] for cell 'inst/dot_product_inst/dpe_inst/GEN_CONVERT[103].convert/bf16_to_fp32_inst'
Finished Parsing XDC File [/home/malik/andromeda_ila/AXI-Dot-Product-Accelerator/Vivado/puzhi/puzhi.gen/sources_1/ip/floating_point_3/floating_point_3/floating_point_3_in_context.xdc] for cell 'inst/dot_product_inst/dpe_inst/GEN_CONVERT[103].convert/bf16_to_fp32_inst'
Parsing XDC File [/home/malik/andromeda_ila/AXI-Dot-Product-Accelerator/Vivado/puzhi/puzhi.gen/sources_1/ip/floating_point_3/floating_point_3/floating_point_3_in_context.xdc] for cell 'inst/dot_product_inst/dpe_inst/GEN_CONVERT[104].convert/fp16_to_fp32_inst'
Finished Parsing XDC File [/home/malik/andromeda_ila/AXI-Dot-Product-Accelerator/Vivado/puzhi/puzhi.gen/sources_1/ip/floating_point_3/floating_point_3/floating_point_3_in_context.xdc] for cell 'inst/dot_product_inst/dpe_inst/GEN_CONVERT[104].convert/fp16_to_fp32_inst'
Parsing XDC File [/home/malik/andromeda_ila/AXI-Dot-Product-Accelerator/Vivado/puzhi/puzhi.gen/sources_1/ip/floating_point_3/floating_point_3/floating_point_3_in_context.xdc] for cell 'inst/dot_product_inst/dpe_inst/GEN_CONVERT[104].convert/bf16_to_fp32_inst'
Finished Parsing XDC File [/home/malik/andromeda_ila/AXI-Dot-Product-Accelerator/Vivado/puzhi/puzhi.gen/sources_1/ip/floating_point_3/floating_point_3/floating_point_3_in_context.xdc] for cell 'inst/dot_product_inst/dpe_inst/GEN_CONVERT[104].convert/bf16_to_fp32_inst'
Parsing XDC File [/home/malik/andromeda_ila/AXI-Dot-Product-Accelerator/Vivado/puzhi/puzhi.gen/sources_1/ip/floating_point_3/floating_point_3/floating_point_3_in_context.xdc] for cell 'inst/dot_product_inst/dpe_inst/GEN_CONVERT[105].convert/fp16_to_fp32_inst'
Finished Parsing XDC File [/home/malik/andromeda_ila/AXI-Dot-Product-Accelerator/Vivado/puzhi/puzhi.gen/sources_1/ip/floating_point_3/floating_point_3/floating_point_3_in_context.xdc] for cell 'inst/dot_product_inst/dpe_inst/GEN_CONVERT[105].convert/fp16_to_fp32_inst'
Parsing XDC File [/home/malik/andromeda_ila/AXI-Dot-Product-Accelerator/Vivado/puzhi/puzhi.gen/sources_1/ip/floating_point_3/floating_point_3/floating_point_3_in_context.xdc] for cell 'inst/dot_product_inst/dpe_inst/GEN_CONVERT[105].convert/bf16_to_fp32_inst'
Finished Parsing XDC File [/home/malik/andromeda_ila/AXI-Dot-Product-Accelerator/Vivado/puzhi/puzhi.gen/sources_1/ip/floating_point_3/floating_point_3/floating_point_3_in_context.xdc] for cell 'inst/dot_product_inst/dpe_inst/GEN_CONVERT[105].convert/bf16_to_fp32_inst'
Parsing XDC File [/home/malik/andromeda_ila/AXI-Dot-Product-Accelerator/Vivado/puzhi/puzhi.gen/sources_1/ip/floating_point_3/floating_point_3/floating_point_3_in_context.xdc] for cell 'inst/dot_product_inst/dpe_inst/GEN_CONVERT[106].convert/fp16_to_fp32_inst'
Finished Parsing XDC File [/home/malik/andromeda_ila/AXI-Dot-Product-Accelerator/Vivado/puzhi/puzhi.gen/sources_1/ip/floating_point_3/floating_point_3/floating_point_3_in_context.xdc] for cell 'inst/dot_product_inst/dpe_inst/GEN_CONVERT[106].convert/fp16_to_fp32_inst'
Parsing XDC File [/home/malik/andromeda_ila/AXI-Dot-Product-Accelerator/Vivado/puzhi/puzhi.gen/sources_1/ip/floating_point_3/floating_point_3/floating_point_3_in_context.xdc] for cell 'inst/dot_product_inst/dpe_inst/GEN_CONVERT[106].convert/bf16_to_fp32_inst'
Finished Parsing XDC File [/home/malik/andromeda_ila/AXI-Dot-Product-Accelerator/Vivado/puzhi/puzhi.gen/sources_1/ip/floating_point_3/floating_point_3/floating_point_3_in_context.xdc] for cell 'inst/dot_product_inst/dpe_inst/GEN_CONVERT[106].convert/bf16_to_fp32_inst'
Parsing XDC File [/home/malik/andromeda_ila/AXI-Dot-Product-Accelerator/Vivado/puzhi/puzhi.gen/sources_1/ip/floating_point_3/floating_point_3/floating_point_3_in_context.xdc] for cell 'inst/dot_product_inst/dpe_inst/GEN_CONVERT[107].convert/fp16_to_fp32_inst'
Finished Parsing XDC File [/home/malik/andromeda_ila/AXI-Dot-Product-Accelerator/Vivado/puzhi/puzhi.gen/sources_1/ip/floating_point_3/floating_point_3/floating_point_3_in_context.xdc] for cell 'inst/dot_product_inst/dpe_inst/GEN_CONVERT[107].convert/fp16_to_fp32_inst'
Parsing XDC File [/home/malik/andromeda_ila/AXI-Dot-Product-Accelerator/Vivado/puzhi/puzhi.gen/sources_1/ip/floating_point_3/floating_point_3/floating_point_3_in_context.xdc] for cell 'inst/dot_product_inst/dpe_inst/GEN_CONVERT[107].convert/bf16_to_fp32_inst'
Finished Parsing XDC File [/home/malik/andromeda_ila/AXI-Dot-Product-Accelerator/Vivado/puzhi/puzhi.gen/sources_1/ip/floating_point_3/floating_point_3/floating_point_3_in_context.xdc] for cell 'inst/dot_product_inst/dpe_inst/GEN_CONVERT[107].convert/bf16_to_fp32_inst'
Parsing XDC File [/home/malik/andromeda_ila/AXI-Dot-Product-Accelerator/Vivado/puzhi/puzhi.gen/sources_1/ip/floating_point_3/floating_point_3/floating_point_3_in_context.xdc] for cell 'inst/dot_product_inst/dpe_inst/GEN_CONVERT[108].convert/fp16_to_fp32_inst'
Finished Parsing XDC File [/home/malik/andromeda_ila/AXI-Dot-Product-Accelerator/Vivado/puzhi/puzhi.gen/sources_1/ip/floating_point_3/floating_point_3/floating_point_3_in_context.xdc] for cell 'inst/dot_product_inst/dpe_inst/GEN_CONVERT[108].convert/fp16_to_fp32_inst'
Parsing XDC File [/home/malik/andromeda_ila/AXI-Dot-Product-Accelerator/Vivado/puzhi/puzhi.gen/sources_1/ip/floating_point_3/floating_point_3/floating_point_3_in_context.xdc] for cell 'inst/dot_product_inst/dpe_inst/GEN_CONVERT[108].convert/bf16_to_fp32_inst'
Finished Parsing XDC File [/home/malik/andromeda_ila/AXI-Dot-Product-Accelerator/Vivado/puzhi/puzhi.gen/sources_1/ip/floating_point_3/floating_point_3/floating_point_3_in_context.xdc] for cell 'inst/dot_product_inst/dpe_inst/GEN_CONVERT[108].convert/bf16_to_fp32_inst'
Parsing XDC File [/home/malik/andromeda_ila/AXI-Dot-Product-Accelerator/Vivado/puzhi/puzhi.gen/sources_1/ip/floating_point_3/floating_point_3/floating_point_3_in_context.xdc] for cell 'inst/dot_product_inst/dpe_inst/GEN_CONVERT[109].convert/fp16_to_fp32_inst'
Finished Parsing XDC File [/home/malik/andromeda_ila/AXI-Dot-Product-Accelerator/Vivado/puzhi/puzhi.gen/sources_1/ip/floating_point_3/floating_point_3/floating_point_3_in_context.xdc] for cell 'inst/dot_product_inst/dpe_inst/GEN_CONVERT[109].convert/fp16_to_fp32_inst'
Parsing XDC File [/home/malik/andromeda_ila/AXI-Dot-Product-Accelerator/Vivado/puzhi/puzhi.gen/sources_1/ip/floating_point_3/floating_point_3/floating_point_3_in_context.xdc] for cell 'inst/dot_product_inst/dpe_inst/GEN_CONVERT[109].convert/bf16_to_fp32_inst'
Finished Parsing XDC File [/home/malik/andromeda_ila/AXI-Dot-Product-Accelerator/Vivado/puzhi/puzhi.gen/sources_1/ip/floating_point_3/floating_point_3/floating_point_3_in_context.xdc] for cell 'inst/dot_product_inst/dpe_inst/GEN_CONVERT[109].convert/bf16_to_fp32_inst'
Parsing XDC File [/home/malik/andromeda_ila/AXI-Dot-Product-Accelerator/Vivado/puzhi/puzhi.gen/sources_1/ip/floating_point_3/floating_point_3/floating_point_3_in_context.xdc] for cell 'inst/dot_product_inst/dpe_inst/GEN_CONVERT[110].convert/fp16_to_fp32_inst'
Finished Parsing XDC File [/home/malik/andromeda_ila/AXI-Dot-Product-Accelerator/Vivado/puzhi/puzhi.gen/sources_1/ip/floating_point_3/floating_point_3/floating_point_3_in_context.xdc] for cell 'inst/dot_product_inst/dpe_inst/GEN_CONVERT[110].convert/fp16_to_fp32_inst'
Parsing XDC File [/home/malik/andromeda_ila/AXI-Dot-Product-Accelerator/Vivado/puzhi/puzhi.gen/sources_1/ip/floating_point_3/floating_point_3/floating_point_3_in_context.xdc] for cell 'inst/dot_product_inst/dpe_inst/GEN_CONVERT[110].convert/bf16_to_fp32_inst'
Finished Parsing XDC File [/home/malik/andromeda_ila/AXI-Dot-Product-Accelerator/Vivado/puzhi/puzhi.gen/sources_1/ip/floating_point_3/floating_point_3/floating_point_3_in_context.xdc] for cell 'inst/dot_product_inst/dpe_inst/GEN_CONVERT[110].convert/bf16_to_fp32_inst'
Parsing XDC File [/home/malik/andromeda_ila/AXI-Dot-Product-Accelerator/Vivado/puzhi/puzhi.gen/sources_1/ip/floating_point_3/floating_point_3/floating_point_3_in_context.xdc] for cell 'inst/dot_product_inst/dpe_inst/GEN_CONVERT[111].convert/fp16_to_fp32_inst'
Finished Parsing XDC File [/home/malik/andromeda_ila/AXI-Dot-Product-Accelerator/Vivado/puzhi/puzhi.gen/sources_1/ip/floating_point_3/floating_point_3/floating_point_3_in_context.xdc] for cell 'inst/dot_product_inst/dpe_inst/GEN_CONVERT[111].convert/fp16_to_fp32_inst'
Parsing XDC File [/home/malik/andromeda_ila/AXI-Dot-Product-Accelerator/Vivado/puzhi/puzhi.gen/sources_1/ip/floating_point_3/floating_point_3/floating_point_3_in_context.xdc] for cell 'inst/dot_product_inst/dpe_inst/GEN_CONVERT[111].convert/bf16_to_fp32_inst'
Finished Parsing XDC File [/home/malik/andromeda_ila/AXI-Dot-Product-Accelerator/Vivado/puzhi/puzhi.gen/sources_1/ip/floating_point_3/floating_point_3/floating_point_3_in_context.xdc] for cell 'inst/dot_product_inst/dpe_inst/GEN_CONVERT[111].convert/bf16_to_fp32_inst'
Parsing XDC File [/home/malik/andromeda_ila/AXI-Dot-Product-Accelerator/Vivado/puzhi/puzhi.gen/sources_1/ip/floating_point_3/floating_point_3/floating_point_3_in_context.xdc] for cell 'inst/dot_product_inst/dpe_inst/GEN_CONVERT[112].convert/fp16_to_fp32_inst'
Finished Parsing XDC File [/home/malik/andromeda_ila/AXI-Dot-Product-Accelerator/Vivado/puzhi/puzhi.gen/sources_1/ip/floating_point_3/floating_point_3/floating_point_3_in_context.xdc] for cell 'inst/dot_product_inst/dpe_inst/GEN_CONVERT[112].convert/fp16_to_fp32_inst'
Parsing XDC File [/home/malik/andromeda_ila/AXI-Dot-Product-Accelerator/Vivado/puzhi/puzhi.gen/sources_1/ip/floating_point_3/floating_point_3/floating_point_3_in_context.xdc] for cell 'inst/dot_product_inst/dpe_inst/GEN_CONVERT[112].convert/bf16_to_fp32_inst'
Finished Parsing XDC File [/home/malik/andromeda_ila/AXI-Dot-Product-Accelerator/Vivado/puzhi/puzhi.gen/sources_1/ip/floating_point_3/floating_point_3/floating_point_3_in_context.xdc] for cell 'inst/dot_product_inst/dpe_inst/GEN_CONVERT[112].convert/bf16_to_fp32_inst'
Parsing XDC File [/home/malik/andromeda_ila/AXI-Dot-Product-Accelerator/Vivado/puzhi/puzhi.gen/sources_1/ip/floating_point_3/floating_point_3/floating_point_3_in_context.xdc] for cell 'inst/dot_product_inst/dpe_inst/GEN_CONVERT[113].convert/fp16_to_fp32_inst'
Finished Parsing XDC File [/home/malik/andromeda_ila/AXI-Dot-Product-Accelerator/Vivado/puzhi/puzhi.gen/sources_1/ip/floating_point_3/floating_point_3/floating_point_3_in_context.xdc] for cell 'inst/dot_product_inst/dpe_inst/GEN_CONVERT[113].convert/fp16_to_fp32_inst'
Parsing XDC File [/home/malik/andromeda_ila/AXI-Dot-Product-Accelerator/Vivado/puzhi/puzhi.gen/sources_1/ip/floating_point_3/floating_point_3/floating_point_3_in_context.xdc] for cell 'inst/dot_product_inst/dpe_inst/GEN_CONVERT[113].convert/bf16_to_fp32_inst'
Finished Parsing XDC File [/home/malik/andromeda_ila/AXI-Dot-Product-Accelerator/Vivado/puzhi/puzhi.gen/sources_1/ip/floating_point_3/floating_point_3/floating_point_3_in_context.xdc] for cell 'inst/dot_product_inst/dpe_inst/GEN_CONVERT[113].convert/bf16_to_fp32_inst'
Parsing XDC File [/home/malik/andromeda_ila/AXI-Dot-Product-Accelerator/Vivado/puzhi/puzhi.gen/sources_1/ip/floating_point_3/floating_point_3/floating_point_3_in_context.xdc] for cell 'inst/dot_product_inst/dpe_inst/GEN_CONVERT[114].convert/fp16_to_fp32_inst'
Finished Parsing XDC File [/home/malik/andromeda_ila/AXI-Dot-Product-Accelerator/Vivado/puzhi/puzhi.gen/sources_1/ip/floating_point_3/floating_point_3/floating_point_3_in_context.xdc] for cell 'inst/dot_product_inst/dpe_inst/GEN_CONVERT[114].convert/fp16_to_fp32_inst'
Parsing XDC File [/home/malik/andromeda_ila/AXI-Dot-Product-Accelerator/Vivado/puzhi/puzhi.gen/sources_1/ip/floating_point_3/floating_point_3/floating_point_3_in_context.xdc] for cell 'inst/dot_product_inst/dpe_inst/GEN_CONVERT[114].convert/bf16_to_fp32_inst'
Finished Parsing XDC File [/home/malik/andromeda_ila/AXI-Dot-Product-Accelerator/Vivado/puzhi/puzhi.gen/sources_1/ip/floating_point_3/floating_point_3/floating_point_3_in_context.xdc] for cell 'inst/dot_product_inst/dpe_inst/GEN_CONVERT[114].convert/bf16_to_fp32_inst'
Parsing XDC File [/home/malik/andromeda_ila/AXI-Dot-Product-Accelerator/Vivado/puzhi/puzhi.gen/sources_1/ip/floating_point_3/floating_point_3/floating_point_3_in_context.xdc] for cell 'inst/dot_product_inst/dpe_inst/GEN_CONVERT[115].convert/fp16_to_fp32_inst'
Finished Parsing XDC File [/home/malik/andromeda_ila/AXI-Dot-Product-Accelerator/Vivado/puzhi/puzhi.gen/sources_1/ip/floating_point_3/floating_point_3/floating_point_3_in_context.xdc] for cell 'inst/dot_product_inst/dpe_inst/GEN_CONVERT[115].convert/fp16_to_fp32_inst'
Parsing XDC File [/home/malik/andromeda_ila/AXI-Dot-Product-Accelerator/Vivado/puzhi/puzhi.gen/sources_1/ip/floating_point_3/floating_point_3/floating_point_3_in_context.xdc] for cell 'inst/dot_product_inst/dpe_inst/GEN_CONVERT[115].convert/bf16_to_fp32_inst'
Finished Parsing XDC File [/home/malik/andromeda_ila/AXI-Dot-Product-Accelerator/Vivado/puzhi/puzhi.gen/sources_1/ip/floating_point_3/floating_point_3/floating_point_3_in_context.xdc] for cell 'inst/dot_product_inst/dpe_inst/GEN_CONVERT[115].convert/bf16_to_fp32_inst'
Parsing XDC File [/home/malik/andromeda_ila/AXI-Dot-Product-Accelerator/Vivado/puzhi/puzhi.gen/sources_1/ip/floating_point_3/floating_point_3/floating_point_3_in_context.xdc] for cell 'inst/dot_product_inst/dpe_inst/GEN_CONVERT[116].convert/fp16_to_fp32_inst'
Finished Parsing XDC File [/home/malik/andromeda_ila/AXI-Dot-Product-Accelerator/Vivado/puzhi/puzhi.gen/sources_1/ip/floating_point_3/floating_point_3/floating_point_3_in_context.xdc] for cell 'inst/dot_product_inst/dpe_inst/GEN_CONVERT[116].convert/fp16_to_fp32_inst'
Parsing XDC File [/home/malik/andromeda_ila/AXI-Dot-Product-Accelerator/Vivado/puzhi/puzhi.gen/sources_1/ip/floating_point_3/floating_point_3/floating_point_3_in_context.xdc] for cell 'inst/dot_product_inst/dpe_inst/GEN_CONVERT[116].convert/bf16_to_fp32_inst'
Finished Parsing XDC File [/home/malik/andromeda_ila/AXI-Dot-Product-Accelerator/Vivado/puzhi/puzhi.gen/sources_1/ip/floating_point_3/floating_point_3/floating_point_3_in_context.xdc] for cell 'inst/dot_product_inst/dpe_inst/GEN_CONVERT[116].convert/bf16_to_fp32_inst'
Parsing XDC File [/home/malik/andromeda_ila/AXI-Dot-Product-Accelerator/Vivado/puzhi/puzhi.gen/sources_1/ip/floating_point_3/floating_point_3/floating_point_3_in_context.xdc] for cell 'inst/dot_product_inst/dpe_inst/GEN_CONVERT[117].convert/fp16_to_fp32_inst'
Finished Parsing XDC File [/home/malik/andromeda_ila/AXI-Dot-Product-Accelerator/Vivado/puzhi/puzhi.gen/sources_1/ip/floating_point_3/floating_point_3/floating_point_3_in_context.xdc] for cell 'inst/dot_product_inst/dpe_inst/GEN_CONVERT[117].convert/fp16_to_fp32_inst'
Parsing XDC File [/home/malik/andromeda_ila/AXI-Dot-Product-Accelerator/Vivado/puzhi/puzhi.gen/sources_1/ip/floating_point_3/floating_point_3/floating_point_3_in_context.xdc] for cell 'inst/dot_product_inst/dpe_inst/GEN_CONVERT[117].convert/bf16_to_fp32_inst'
Finished Parsing XDC File [/home/malik/andromeda_ila/AXI-Dot-Product-Accelerator/Vivado/puzhi/puzhi.gen/sources_1/ip/floating_point_3/floating_point_3/floating_point_3_in_context.xdc] for cell 'inst/dot_product_inst/dpe_inst/GEN_CONVERT[117].convert/bf16_to_fp32_inst'
Parsing XDC File [/home/malik/andromeda_ila/AXI-Dot-Product-Accelerator/Vivado/puzhi/puzhi.gen/sources_1/ip/floating_point_3/floating_point_3/floating_point_3_in_context.xdc] for cell 'inst/dot_product_inst/dpe_inst/GEN_CONVERT[118].convert/fp16_to_fp32_inst'
Finished Parsing XDC File [/home/malik/andromeda_ila/AXI-Dot-Product-Accelerator/Vivado/puzhi/puzhi.gen/sources_1/ip/floating_point_3/floating_point_3/floating_point_3_in_context.xdc] for cell 'inst/dot_product_inst/dpe_inst/GEN_CONVERT[118].convert/fp16_to_fp32_inst'
Parsing XDC File [/home/malik/andromeda_ila/AXI-Dot-Product-Accelerator/Vivado/puzhi/puzhi.gen/sources_1/ip/floating_point_3/floating_point_3/floating_point_3_in_context.xdc] for cell 'inst/dot_product_inst/dpe_inst/GEN_CONVERT[118].convert/bf16_to_fp32_inst'
Finished Parsing XDC File [/home/malik/andromeda_ila/AXI-Dot-Product-Accelerator/Vivado/puzhi/puzhi.gen/sources_1/ip/floating_point_3/floating_point_3/floating_point_3_in_context.xdc] for cell 'inst/dot_product_inst/dpe_inst/GEN_CONVERT[118].convert/bf16_to_fp32_inst'
Parsing XDC File [/home/malik/andromeda_ila/AXI-Dot-Product-Accelerator/Vivado/puzhi/puzhi.gen/sources_1/ip/floating_point_3/floating_point_3/floating_point_3_in_context.xdc] for cell 'inst/dot_product_inst/dpe_inst/GEN_CONVERT[119].convert/fp16_to_fp32_inst'
Finished Parsing XDC File [/home/malik/andromeda_ila/AXI-Dot-Product-Accelerator/Vivado/puzhi/puzhi.gen/sources_1/ip/floating_point_3/floating_point_3/floating_point_3_in_context.xdc] for cell 'inst/dot_product_inst/dpe_inst/GEN_CONVERT[119].convert/fp16_to_fp32_inst'
Parsing XDC File [/home/malik/andromeda_ila/AXI-Dot-Product-Accelerator/Vivado/puzhi/puzhi.gen/sources_1/ip/floating_point_3/floating_point_3/floating_point_3_in_context.xdc] for cell 'inst/dot_product_inst/dpe_inst/GEN_CONVERT[119].convert/bf16_to_fp32_inst'
Finished Parsing XDC File [/home/malik/andromeda_ila/AXI-Dot-Product-Accelerator/Vivado/puzhi/puzhi.gen/sources_1/ip/floating_point_3/floating_point_3/floating_point_3_in_context.xdc] for cell 'inst/dot_product_inst/dpe_inst/GEN_CONVERT[119].convert/bf16_to_fp32_inst'
Parsing XDC File [/home/malik/andromeda_ila/AXI-Dot-Product-Accelerator/Vivado/puzhi/puzhi.gen/sources_1/ip/floating_point_3/floating_point_3/floating_point_3_in_context.xdc] for cell 'inst/dot_product_inst/dpe_inst/GEN_CONVERT[120].convert/fp16_to_fp32_inst'
Finished Parsing XDC File [/home/malik/andromeda_ila/AXI-Dot-Product-Accelerator/Vivado/puzhi/puzhi.gen/sources_1/ip/floating_point_3/floating_point_3/floating_point_3_in_context.xdc] for cell 'inst/dot_product_inst/dpe_inst/GEN_CONVERT[120].convert/fp16_to_fp32_inst'
Parsing XDC File [/home/malik/andromeda_ila/AXI-Dot-Product-Accelerator/Vivado/puzhi/puzhi.gen/sources_1/ip/floating_point_3/floating_point_3/floating_point_3_in_context.xdc] for cell 'inst/dot_product_inst/dpe_inst/GEN_CONVERT[120].convert/bf16_to_fp32_inst'
Finished Parsing XDC File [/home/malik/andromeda_ila/AXI-Dot-Product-Accelerator/Vivado/puzhi/puzhi.gen/sources_1/ip/floating_point_3/floating_point_3/floating_point_3_in_context.xdc] for cell 'inst/dot_product_inst/dpe_inst/GEN_CONVERT[120].convert/bf16_to_fp32_inst'
Parsing XDC File [/home/malik/andromeda_ila/AXI-Dot-Product-Accelerator/Vivado/puzhi/puzhi.gen/sources_1/ip/floating_point_3/floating_point_3/floating_point_3_in_context.xdc] for cell 'inst/dot_product_inst/dpe_inst/GEN_CONVERT[121].convert/fp16_to_fp32_inst'
Finished Parsing XDC File [/home/malik/andromeda_ila/AXI-Dot-Product-Accelerator/Vivado/puzhi/puzhi.gen/sources_1/ip/floating_point_3/floating_point_3/floating_point_3_in_context.xdc] for cell 'inst/dot_product_inst/dpe_inst/GEN_CONVERT[121].convert/fp16_to_fp32_inst'
Parsing XDC File [/home/malik/andromeda_ila/AXI-Dot-Product-Accelerator/Vivado/puzhi/puzhi.gen/sources_1/ip/floating_point_3/floating_point_3/floating_point_3_in_context.xdc] for cell 'inst/dot_product_inst/dpe_inst/GEN_CONVERT[121].convert/bf16_to_fp32_inst'
Finished Parsing XDC File [/home/malik/andromeda_ila/AXI-Dot-Product-Accelerator/Vivado/puzhi/puzhi.gen/sources_1/ip/floating_point_3/floating_point_3/floating_point_3_in_context.xdc] for cell 'inst/dot_product_inst/dpe_inst/GEN_CONVERT[121].convert/bf16_to_fp32_inst'
Parsing XDC File [/home/malik/andromeda_ila/AXI-Dot-Product-Accelerator/Vivado/puzhi/puzhi.gen/sources_1/ip/floating_point_3/floating_point_3/floating_point_3_in_context.xdc] for cell 'inst/dot_product_inst/dpe_inst/GEN_CONVERT[122].convert/fp16_to_fp32_inst'
Finished Parsing XDC File [/home/malik/andromeda_ila/AXI-Dot-Product-Accelerator/Vivado/puzhi/puzhi.gen/sources_1/ip/floating_point_3/floating_point_3/floating_point_3_in_context.xdc] for cell 'inst/dot_product_inst/dpe_inst/GEN_CONVERT[122].convert/fp16_to_fp32_inst'
Parsing XDC File [/home/malik/andromeda_ila/AXI-Dot-Product-Accelerator/Vivado/puzhi/puzhi.gen/sources_1/ip/floating_point_3/floating_point_3/floating_point_3_in_context.xdc] for cell 'inst/dot_product_inst/dpe_inst/GEN_CONVERT[122].convert/bf16_to_fp32_inst'
Finished Parsing XDC File [/home/malik/andromeda_ila/AXI-Dot-Product-Accelerator/Vivado/puzhi/puzhi.gen/sources_1/ip/floating_point_3/floating_point_3/floating_point_3_in_context.xdc] for cell 'inst/dot_product_inst/dpe_inst/GEN_CONVERT[122].convert/bf16_to_fp32_inst'
Parsing XDC File [/home/malik/andromeda_ila/AXI-Dot-Product-Accelerator/Vivado/puzhi/puzhi.gen/sources_1/ip/floating_point_3/floating_point_3/floating_point_3_in_context.xdc] for cell 'inst/dot_product_inst/dpe_inst/GEN_CONVERT[123].convert/fp16_to_fp32_inst'
Finished Parsing XDC File [/home/malik/andromeda_ila/AXI-Dot-Product-Accelerator/Vivado/puzhi/puzhi.gen/sources_1/ip/floating_point_3/floating_point_3/floating_point_3_in_context.xdc] for cell 'inst/dot_product_inst/dpe_inst/GEN_CONVERT[123].convert/fp16_to_fp32_inst'
Parsing XDC File [/home/malik/andromeda_ila/AXI-Dot-Product-Accelerator/Vivado/puzhi/puzhi.gen/sources_1/ip/floating_point_3/floating_point_3/floating_point_3_in_context.xdc] for cell 'inst/dot_product_inst/dpe_inst/GEN_CONVERT[123].convert/bf16_to_fp32_inst'
Finished Parsing XDC File [/home/malik/andromeda_ila/AXI-Dot-Product-Accelerator/Vivado/puzhi/puzhi.gen/sources_1/ip/floating_point_3/floating_point_3/floating_point_3_in_context.xdc] for cell 'inst/dot_product_inst/dpe_inst/GEN_CONVERT[123].convert/bf16_to_fp32_inst'
Parsing XDC File [/home/malik/andromeda_ila/AXI-Dot-Product-Accelerator/Vivado/puzhi/puzhi.gen/sources_1/ip/floating_point_3/floating_point_3/floating_point_3_in_context.xdc] for cell 'inst/dot_product_inst/dpe_inst/GEN_CONVERT[124].convert/fp16_to_fp32_inst'
Finished Parsing XDC File [/home/malik/andromeda_ila/AXI-Dot-Product-Accelerator/Vivado/puzhi/puzhi.gen/sources_1/ip/floating_point_3/floating_point_3/floating_point_3_in_context.xdc] for cell 'inst/dot_product_inst/dpe_inst/GEN_CONVERT[124].convert/fp16_to_fp32_inst'
Parsing XDC File [/home/malik/andromeda_ila/AXI-Dot-Product-Accelerator/Vivado/puzhi/puzhi.gen/sources_1/ip/floating_point_3/floating_point_3/floating_point_3_in_context.xdc] for cell 'inst/dot_product_inst/dpe_inst/GEN_CONVERT[124].convert/bf16_to_fp32_inst'
Finished Parsing XDC File [/home/malik/andromeda_ila/AXI-Dot-Product-Accelerator/Vivado/puzhi/puzhi.gen/sources_1/ip/floating_point_3/floating_point_3/floating_point_3_in_context.xdc] for cell 'inst/dot_product_inst/dpe_inst/GEN_CONVERT[124].convert/bf16_to_fp32_inst'
Parsing XDC File [/home/malik/andromeda_ila/AXI-Dot-Product-Accelerator/Vivado/puzhi/puzhi.gen/sources_1/ip/floating_point_3/floating_point_3/floating_point_3_in_context.xdc] for cell 'inst/dot_product_inst/dpe_inst/GEN_CONVERT[125].convert/fp16_to_fp32_inst'
Finished Parsing XDC File [/home/malik/andromeda_ila/AXI-Dot-Product-Accelerator/Vivado/puzhi/puzhi.gen/sources_1/ip/floating_point_3/floating_point_3/floating_point_3_in_context.xdc] for cell 'inst/dot_product_inst/dpe_inst/GEN_CONVERT[125].convert/fp16_to_fp32_inst'
Parsing XDC File [/home/malik/andromeda_ila/AXI-Dot-Product-Accelerator/Vivado/puzhi/puzhi.gen/sources_1/ip/floating_point_3/floating_point_3/floating_point_3_in_context.xdc] for cell 'inst/dot_product_inst/dpe_inst/GEN_CONVERT[125].convert/bf16_to_fp32_inst'
Finished Parsing XDC File [/home/malik/andromeda_ila/AXI-Dot-Product-Accelerator/Vivado/puzhi/puzhi.gen/sources_1/ip/floating_point_3/floating_point_3/floating_point_3_in_context.xdc] for cell 'inst/dot_product_inst/dpe_inst/GEN_CONVERT[125].convert/bf16_to_fp32_inst'
Parsing XDC File [/home/malik/andromeda_ila/AXI-Dot-Product-Accelerator/Vivado/puzhi/puzhi.gen/sources_1/ip/floating_point_3/floating_point_3/floating_point_3_in_context.xdc] for cell 'inst/dot_product_inst/dpe_inst/GEN_CONVERT[126].convert/fp16_to_fp32_inst'
Finished Parsing XDC File [/home/malik/andromeda_ila/AXI-Dot-Product-Accelerator/Vivado/puzhi/puzhi.gen/sources_1/ip/floating_point_3/floating_point_3/floating_point_3_in_context.xdc] for cell 'inst/dot_product_inst/dpe_inst/GEN_CONVERT[126].convert/fp16_to_fp32_inst'
Parsing XDC File [/home/malik/andromeda_ila/AXI-Dot-Product-Accelerator/Vivado/puzhi/puzhi.gen/sources_1/ip/floating_point_3/floating_point_3/floating_point_3_in_context.xdc] for cell 'inst/dot_product_inst/dpe_inst/GEN_CONVERT[126].convert/bf16_to_fp32_inst'
Finished Parsing XDC File [/home/malik/andromeda_ila/AXI-Dot-Product-Accelerator/Vivado/puzhi/puzhi.gen/sources_1/ip/floating_point_3/floating_point_3/floating_point_3_in_context.xdc] for cell 'inst/dot_product_inst/dpe_inst/GEN_CONVERT[126].convert/bf16_to_fp32_inst'
Parsing XDC File [/home/malik/andromeda_ila/AXI-Dot-Product-Accelerator/Vivado/puzhi/puzhi.gen/sources_1/ip/floating_point_3/floating_point_3/floating_point_3_in_context.xdc] for cell 'inst/dot_product_inst/dpe_inst/GEN_CONVERT[127].convert/fp16_to_fp32_inst'
Finished Parsing XDC File [/home/malik/andromeda_ila/AXI-Dot-Product-Accelerator/Vivado/puzhi/puzhi.gen/sources_1/ip/floating_point_3/floating_point_3/floating_point_3_in_context.xdc] for cell 'inst/dot_product_inst/dpe_inst/GEN_CONVERT[127].convert/fp16_to_fp32_inst'
Parsing XDC File [/home/malik/andromeda_ila/AXI-Dot-Product-Accelerator/Vivado/puzhi/puzhi.gen/sources_1/ip/floating_point_3/floating_point_3/floating_point_3_in_context.xdc] for cell 'inst/dot_product_inst/dpe_inst/GEN_CONVERT[127].convert/bf16_to_fp32_inst'
Finished Parsing XDC File [/home/malik/andromeda_ila/AXI-Dot-Product-Accelerator/Vivado/puzhi/puzhi.gen/sources_1/ip/floating_point_3/floating_point_3/floating_point_3_in_context.xdc] for cell 'inst/dot_product_inst/dpe_inst/GEN_CONVERT[127].convert/bf16_to_fp32_inst'
Parsing XDC File [/home/malik/andromeda_ila/AXI-Dot-Product-Accelerator/Vivado/puzhi/puzhi.gen/sources_1/ip/floating_point_0/floating_point_0/floating_point_0_in_context.xdc] for cell 'inst/dot_product_inst/dpe_inst/GEN_CONVERT[0].convert/fixed2float_inst'
Finished Parsing XDC File [/home/malik/andromeda_ila/AXI-Dot-Product-Accelerator/Vivado/puzhi/puzhi.gen/sources_1/ip/floating_point_0/floating_point_0/floating_point_0_in_context.xdc] for cell 'inst/dot_product_inst/dpe_inst/GEN_CONVERT[0].convert/fixed2float_inst'
Parsing XDC File [/home/malik/andromeda_ila/AXI-Dot-Product-Accelerator/Vivado/puzhi/puzhi.gen/sources_1/ip/floating_point_0/floating_point_0/floating_point_0_in_context.xdc] for cell 'inst/dot_product_inst/dpe_inst/GEN_CONVERT[1].convert/fixed2float_inst'
Finished Parsing XDC File [/home/malik/andromeda_ila/AXI-Dot-Product-Accelerator/Vivado/puzhi/puzhi.gen/sources_1/ip/floating_point_0/floating_point_0/floating_point_0_in_context.xdc] for cell 'inst/dot_product_inst/dpe_inst/GEN_CONVERT[1].convert/fixed2float_inst'
Parsing XDC File [/home/malik/andromeda_ila/AXI-Dot-Product-Accelerator/Vivado/puzhi/puzhi.gen/sources_1/ip/floating_point_0/floating_point_0/floating_point_0_in_context.xdc] for cell 'inst/dot_product_inst/dpe_inst/GEN_CONVERT[2].convert/fixed2float_inst'
Finished Parsing XDC File [/home/malik/andromeda_ila/AXI-Dot-Product-Accelerator/Vivado/puzhi/puzhi.gen/sources_1/ip/floating_point_0/floating_point_0/floating_point_0_in_context.xdc] for cell 'inst/dot_product_inst/dpe_inst/GEN_CONVERT[2].convert/fixed2float_inst'
Parsing XDC File [/home/malik/andromeda_ila/AXI-Dot-Product-Accelerator/Vivado/puzhi/puzhi.gen/sources_1/ip/floating_point_0/floating_point_0/floating_point_0_in_context.xdc] for cell 'inst/dot_product_inst/dpe_inst/GEN_CONVERT[3].convert/fixed2float_inst'
Finished Parsing XDC File [/home/malik/andromeda_ila/AXI-Dot-Product-Accelerator/Vivado/puzhi/puzhi.gen/sources_1/ip/floating_point_0/floating_point_0/floating_point_0_in_context.xdc] for cell 'inst/dot_product_inst/dpe_inst/GEN_CONVERT[3].convert/fixed2float_inst'
Parsing XDC File [/home/malik/andromeda_ila/AXI-Dot-Product-Accelerator/Vivado/puzhi/puzhi.gen/sources_1/ip/floating_point_0/floating_point_0/floating_point_0_in_context.xdc] for cell 'inst/dot_product_inst/dpe_inst/GEN_CONVERT[4].convert/fixed2float_inst'
Finished Parsing XDC File [/home/malik/andromeda_ila/AXI-Dot-Product-Accelerator/Vivado/puzhi/puzhi.gen/sources_1/ip/floating_point_0/floating_point_0/floating_point_0_in_context.xdc] for cell 'inst/dot_product_inst/dpe_inst/GEN_CONVERT[4].convert/fixed2float_inst'
Parsing XDC File [/home/malik/andromeda_ila/AXI-Dot-Product-Accelerator/Vivado/puzhi/puzhi.gen/sources_1/ip/floating_point_0/floating_point_0/floating_point_0_in_context.xdc] for cell 'inst/dot_product_inst/dpe_inst/GEN_CONVERT[5].convert/fixed2float_inst'
Finished Parsing XDC File [/home/malik/andromeda_ila/AXI-Dot-Product-Accelerator/Vivado/puzhi/puzhi.gen/sources_1/ip/floating_point_0/floating_point_0/floating_point_0_in_context.xdc] for cell 'inst/dot_product_inst/dpe_inst/GEN_CONVERT[5].convert/fixed2float_inst'
Parsing XDC File [/home/malik/andromeda_ila/AXI-Dot-Product-Accelerator/Vivado/puzhi/puzhi.gen/sources_1/ip/floating_point_0/floating_point_0/floating_point_0_in_context.xdc] for cell 'inst/dot_product_inst/dpe_inst/GEN_CONVERT[6].convert/fixed2float_inst'
Finished Parsing XDC File [/home/malik/andromeda_ila/AXI-Dot-Product-Accelerator/Vivado/puzhi/puzhi.gen/sources_1/ip/floating_point_0/floating_point_0/floating_point_0_in_context.xdc] for cell 'inst/dot_product_inst/dpe_inst/GEN_CONVERT[6].convert/fixed2float_inst'
Parsing XDC File [/home/malik/andromeda_ila/AXI-Dot-Product-Accelerator/Vivado/puzhi/puzhi.gen/sources_1/ip/floating_point_0/floating_point_0/floating_point_0_in_context.xdc] for cell 'inst/dot_product_inst/dpe_inst/GEN_CONVERT[7].convert/fixed2float_inst'
Finished Parsing XDC File [/home/malik/andromeda_ila/AXI-Dot-Product-Accelerator/Vivado/puzhi/puzhi.gen/sources_1/ip/floating_point_0/floating_point_0/floating_point_0_in_context.xdc] for cell 'inst/dot_product_inst/dpe_inst/GEN_CONVERT[7].convert/fixed2float_inst'
Parsing XDC File [/home/malik/andromeda_ila/AXI-Dot-Product-Accelerator/Vivado/puzhi/puzhi.gen/sources_1/ip/floating_point_0/floating_point_0/floating_point_0_in_context.xdc] for cell 'inst/dot_product_inst/dpe_inst/GEN_CONVERT[8].convert/fixed2float_inst'
Finished Parsing XDC File [/home/malik/andromeda_ila/AXI-Dot-Product-Accelerator/Vivado/puzhi/puzhi.gen/sources_1/ip/floating_point_0/floating_point_0/floating_point_0_in_context.xdc] for cell 'inst/dot_product_inst/dpe_inst/GEN_CONVERT[8].convert/fixed2float_inst'
Parsing XDC File [/home/malik/andromeda_ila/AXI-Dot-Product-Accelerator/Vivado/puzhi/puzhi.gen/sources_1/ip/floating_point_0/floating_point_0/floating_point_0_in_context.xdc] for cell 'inst/dot_product_inst/dpe_inst/GEN_CONVERT[9].convert/fixed2float_inst'
Finished Parsing XDC File [/home/malik/andromeda_ila/AXI-Dot-Product-Accelerator/Vivado/puzhi/puzhi.gen/sources_1/ip/floating_point_0/floating_point_0/floating_point_0_in_context.xdc] for cell 'inst/dot_product_inst/dpe_inst/GEN_CONVERT[9].convert/fixed2float_inst'
Parsing XDC File [/home/malik/andromeda_ila/AXI-Dot-Product-Accelerator/Vivado/puzhi/puzhi.gen/sources_1/ip/floating_point_0/floating_point_0/floating_point_0_in_context.xdc] for cell 'inst/dot_product_inst/dpe_inst/GEN_CONVERT[10].convert/fixed2float_inst'
Finished Parsing XDC File [/home/malik/andromeda_ila/AXI-Dot-Product-Accelerator/Vivado/puzhi/puzhi.gen/sources_1/ip/floating_point_0/floating_point_0/floating_point_0_in_context.xdc] for cell 'inst/dot_product_inst/dpe_inst/GEN_CONVERT[10].convert/fixed2float_inst'
Parsing XDC File [/home/malik/andromeda_ila/AXI-Dot-Product-Accelerator/Vivado/puzhi/puzhi.gen/sources_1/ip/floating_point_0/floating_point_0/floating_point_0_in_context.xdc] for cell 'inst/dot_product_inst/dpe_inst/GEN_CONVERT[11].convert/fixed2float_inst'
Finished Parsing XDC File [/home/malik/andromeda_ila/AXI-Dot-Product-Accelerator/Vivado/puzhi/puzhi.gen/sources_1/ip/floating_point_0/floating_point_0/floating_point_0_in_context.xdc] for cell 'inst/dot_product_inst/dpe_inst/GEN_CONVERT[11].convert/fixed2float_inst'
Parsing XDC File [/home/malik/andromeda_ila/AXI-Dot-Product-Accelerator/Vivado/puzhi/puzhi.gen/sources_1/ip/floating_point_0/floating_point_0/floating_point_0_in_context.xdc] for cell 'inst/dot_product_inst/dpe_inst/GEN_CONVERT[12].convert/fixed2float_inst'
Finished Parsing XDC File [/home/malik/andromeda_ila/AXI-Dot-Product-Accelerator/Vivado/puzhi/puzhi.gen/sources_1/ip/floating_point_0/floating_point_0/floating_point_0_in_context.xdc] for cell 'inst/dot_product_inst/dpe_inst/GEN_CONVERT[12].convert/fixed2float_inst'
Parsing XDC File [/home/malik/andromeda_ila/AXI-Dot-Product-Accelerator/Vivado/puzhi/puzhi.gen/sources_1/ip/floating_point_0/floating_point_0/floating_point_0_in_context.xdc] for cell 'inst/dot_product_inst/dpe_inst/GEN_CONVERT[13].convert/fixed2float_inst'
Finished Parsing XDC File [/home/malik/andromeda_ila/AXI-Dot-Product-Accelerator/Vivado/puzhi/puzhi.gen/sources_1/ip/floating_point_0/floating_point_0/floating_point_0_in_context.xdc] for cell 'inst/dot_product_inst/dpe_inst/GEN_CONVERT[13].convert/fixed2float_inst'
Parsing XDC File [/home/malik/andromeda_ila/AXI-Dot-Product-Accelerator/Vivado/puzhi/puzhi.gen/sources_1/ip/floating_point_0/floating_point_0/floating_point_0_in_context.xdc] for cell 'inst/dot_product_inst/dpe_inst/GEN_CONVERT[14].convert/fixed2float_inst'
Finished Parsing XDC File [/home/malik/andromeda_ila/AXI-Dot-Product-Accelerator/Vivado/puzhi/puzhi.gen/sources_1/ip/floating_point_0/floating_point_0/floating_point_0_in_context.xdc] for cell 'inst/dot_product_inst/dpe_inst/GEN_CONVERT[14].convert/fixed2float_inst'
Parsing XDC File [/home/malik/andromeda_ila/AXI-Dot-Product-Accelerator/Vivado/puzhi/puzhi.gen/sources_1/ip/floating_point_0/floating_point_0/floating_point_0_in_context.xdc] for cell 'inst/dot_product_inst/dpe_inst/GEN_CONVERT[15].convert/fixed2float_inst'
Finished Parsing XDC File [/home/malik/andromeda_ila/AXI-Dot-Product-Accelerator/Vivado/puzhi/puzhi.gen/sources_1/ip/floating_point_0/floating_point_0/floating_point_0_in_context.xdc] for cell 'inst/dot_product_inst/dpe_inst/GEN_CONVERT[15].convert/fixed2float_inst'
Parsing XDC File [/home/malik/andromeda_ila/AXI-Dot-Product-Accelerator/Vivado/puzhi/puzhi.gen/sources_1/ip/floating_point_0/floating_point_0/floating_point_0_in_context.xdc] for cell 'inst/dot_product_inst/dpe_inst/GEN_CONVERT[16].convert/fixed2float_inst'
Finished Parsing XDC File [/home/malik/andromeda_ila/AXI-Dot-Product-Accelerator/Vivado/puzhi/puzhi.gen/sources_1/ip/floating_point_0/floating_point_0/floating_point_0_in_context.xdc] for cell 'inst/dot_product_inst/dpe_inst/GEN_CONVERT[16].convert/fixed2float_inst'
Parsing XDC File [/home/malik/andromeda_ila/AXI-Dot-Product-Accelerator/Vivado/puzhi/puzhi.gen/sources_1/ip/floating_point_0/floating_point_0/floating_point_0_in_context.xdc] for cell 'inst/dot_product_inst/dpe_inst/GEN_CONVERT[17].convert/fixed2float_inst'
Finished Parsing XDC File [/home/malik/andromeda_ila/AXI-Dot-Product-Accelerator/Vivado/puzhi/puzhi.gen/sources_1/ip/floating_point_0/floating_point_0/floating_point_0_in_context.xdc] for cell 'inst/dot_product_inst/dpe_inst/GEN_CONVERT[17].convert/fixed2float_inst'
Parsing XDC File [/home/malik/andromeda_ila/AXI-Dot-Product-Accelerator/Vivado/puzhi/puzhi.gen/sources_1/ip/floating_point_0/floating_point_0/floating_point_0_in_context.xdc] for cell 'inst/dot_product_inst/dpe_inst/GEN_CONVERT[18].convert/fixed2float_inst'
Finished Parsing XDC File [/home/malik/andromeda_ila/AXI-Dot-Product-Accelerator/Vivado/puzhi/puzhi.gen/sources_1/ip/floating_point_0/floating_point_0/floating_point_0_in_context.xdc] for cell 'inst/dot_product_inst/dpe_inst/GEN_CONVERT[18].convert/fixed2float_inst'
Parsing XDC File [/home/malik/andromeda_ila/AXI-Dot-Product-Accelerator/Vivado/puzhi/puzhi.gen/sources_1/ip/floating_point_0/floating_point_0/floating_point_0_in_context.xdc] for cell 'inst/dot_product_inst/dpe_inst/GEN_CONVERT[19].convert/fixed2float_inst'
Finished Parsing XDC File [/home/malik/andromeda_ila/AXI-Dot-Product-Accelerator/Vivado/puzhi/puzhi.gen/sources_1/ip/floating_point_0/floating_point_0/floating_point_0_in_context.xdc] for cell 'inst/dot_product_inst/dpe_inst/GEN_CONVERT[19].convert/fixed2float_inst'
Parsing XDC File [/home/malik/andromeda_ila/AXI-Dot-Product-Accelerator/Vivado/puzhi/puzhi.gen/sources_1/ip/floating_point_0/floating_point_0/floating_point_0_in_context.xdc] for cell 'inst/dot_product_inst/dpe_inst/GEN_CONVERT[20].convert/fixed2float_inst'
Finished Parsing XDC File [/home/malik/andromeda_ila/AXI-Dot-Product-Accelerator/Vivado/puzhi/puzhi.gen/sources_1/ip/floating_point_0/floating_point_0/floating_point_0_in_context.xdc] for cell 'inst/dot_product_inst/dpe_inst/GEN_CONVERT[20].convert/fixed2float_inst'
Parsing XDC File [/home/malik/andromeda_ila/AXI-Dot-Product-Accelerator/Vivado/puzhi/puzhi.gen/sources_1/ip/floating_point_0/floating_point_0/floating_point_0_in_context.xdc] for cell 'inst/dot_product_inst/dpe_inst/GEN_CONVERT[21].convert/fixed2float_inst'
Finished Parsing XDC File [/home/malik/andromeda_ila/AXI-Dot-Product-Accelerator/Vivado/puzhi/puzhi.gen/sources_1/ip/floating_point_0/floating_point_0/floating_point_0_in_context.xdc] for cell 'inst/dot_product_inst/dpe_inst/GEN_CONVERT[21].convert/fixed2float_inst'
Parsing XDC File [/home/malik/andromeda_ila/AXI-Dot-Product-Accelerator/Vivado/puzhi/puzhi.gen/sources_1/ip/floating_point_0/floating_point_0/floating_point_0_in_context.xdc] for cell 'inst/dot_product_inst/dpe_inst/GEN_CONVERT[22].convert/fixed2float_inst'
Finished Parsing XDC File [/home/malik/andromeda_ila/AXI-Dot-Product-Accelerator/Vivado/puzhi/puzhi.gen/sources_1/ip/floating_point_0/floating_point_0/floating_point_0_in_context.xdc] for cell 'inst/dot_product_inst/dpe_inst/GEN_CONVERT[22].convert/fixed2float_inst'
Parsing XDC File [/home/malik/andromeda_ila/AXI-Dot-Product-Accelerator/Vivado/puzhi/puzhi.gen/sources_1/ip/floating_point_0/floating_point_0/floating_point_0_in_context.xdc] for cell 'inst/dot_product_inst/dpe_inst/GEN_CONVERT[23].convert/fixed2float_inst'
Finished Parsing XDC File [/home/malik/andromeda_ila/AXI-Dot-Product-Accelerator/Vivado/puzhi/puzhi.gen/sources_1/ip/floating_point_0/floating_point_0/floating_point_0_in_context.xdc] for cell 'inst/dot_product_inst/dpe_inst/GEN_CONVERT[23].convert/fixed2float_inst'
Parsing XDC File [/home/malik/andromeda_ila/AXI-Dot-Product-Accelerator/Vivado/puzhi/puzhi.gen/sources_1/ip/floating_point_0/floating_point_0/floating_point_0_in_context.xdc] for cell 'inst/dot_product_inst/dpe_inst/GEN_CONVERT[24].convert/fixed2float_inst'
Finished Parsing XDC File [/home/malik/andromeda_ila/AXI-Dot-Product-Accelerator/Vivado/puzhi/puzhi.gen/sources_1/ip/floating_point_0/floating_point_0/floating_point_0_in_context.xdc] for cell 'inst/dot_product_inst/dpe_inst/GEN_CONVERT[24].convert/fixed2float_inst'
Parsing XDC File [/home/malik/andromeda_ila/AXI-Dot-Product-Accelerator/Vivado/puzhi/puzhi.gen/sources_1/ip/floating_point_0/floating_point_0/floating_point_0_in_context.xdc] for cell 'inst/dot_product_inst/dpe_inst/GEN_CONVERT[25].convert/fixed2float_inst'
Finished Parsing XDC File [/home/malik/andromeda_ila/AXI-Dot-Product-Accelerator/Vivado/puzhi/puzhi.gen/sources_1/ip/floating_point_0/floating_point_0/floating_point_0_in_context.xdc] for cell 'inst/dot_product_inst/dpe_inst/GEN_CONVERT[25].convert/fixed2float_inst'
Parsing XDC File [/home/malik/andromeda_ila/AXI-Dot-Product-Accelerator/Vivado/puzhi/puzhi.gen/sources_1/ip/floating_point_0/floating_point_0/floating_point_0_in_context.xdc] for cell 'inst/dot_product_inst/dpe_inst/GEN_CONVERT[26].convert/fixed2float_inst'
Finished Parsing XDC File [/home/malik/andromeda_ila/AXI-Dot-Product-Accelerator/Vivado/puzhi/puzhi.gen/sources_1/ip/floating_point_0/floating_point_0/floating_point_0_in_context.xdc] for cell 'inst/dot_product_inst/dpe_inst/GEN_CONVERT[26].convert/fixed2float_inst'
Parsing XDC File [/home/malik/andromeda_ila/AXI-Dot-Product-Accelerator/Vivado/puzhi/puzhi.gen/sources_1/ip/floating_point_0/floating_point_0/floating_point_0_in_context.xdc] for cell 'inst/dot_product_inst/dpe_inst/GEN_CONVERT[27].convert/fixed2float_inst'
Finished Parsing XDC File [/home/malik/andromeda_ila/AXI-Dot-Product-Accelerator/Vivado/puzhi/puzhi.gen/sources_1/ip/floating_point_0/floating_point_0/floating_point_0_in_context.xdc] for cell 'inst/dot_product_inst/dpe_inst/GEN_CONVERT[27].convert/fixed2float_inst'
Parsing XDC File [/home/malik/andromeda_ila/AXI-Dot-Product-Accelerator/Vivado/puzhi/puzhi.gen/sources_1/ip/floating_point_0/floating_point_0/floating_point_0_in_context.xdc] for cell 'inst/dot_product_inst/dpe_inst/GEN_CONVERT[28].convert/fixed2float_inst'
Finished Parsing XDC File [/home/malik/andromeda_ila/AXI-Dot-Product-Accelerator/Vivado/puzhi/puzhi.gen/sources_1/ip/floating_point_0/floating_point_0/floating_point_0_in_context.xdc] for cell 'inst/dot_product_inst/dpe_inst/GEN_CONVERT[28].convert/fixed2float_inst'
Parsing XDC File [/home/malik/andromeda_ila/AXI-Dot-Product-Accelerator/Vivado/puzhi/puzhi.gen/sources_1/ip/floating_point_0/floating_point_0/floating_point_0_in_context.xdc] for cell 'inst/dot_product_inst/dpe_inst/GEN_CONVERT[29].convert/fixed2float_inst'
Finished Parsing XDC File [/home/malik/andromeda_ila/AXI-Dot-Product-Accelerator/Vivado/puzhi/puzhi.gen/sources_1/ip/floating_point_0/floating_point_0/floating_point_0_in_context.xdc] for cell 'inst/dot_product_inst/dpe_inst/GEN_CONVERT[29].convert/fixed2float_inst'
Parsing XDC File [/home/malik/andromeda_ila/AXI-Dot-Product-Accelerator/Vivado/puzhi/puzhi.gen/sources_1/ip/floating_point_0/floating_point_0/floating_point_0_in_context.xdc] for cell 'inst/dot_product_inst/dpe_inst/GEN_CONVERT[30].convert/fixed2float_inst'
Finished Parsing XDC File [/home/malik/andromeda_ila/AXI-Dot-Product-Accelerator/Vivado/puzhi/puzhi.gen/sources_1/ip/floating_point_0/floating_point_0/floating_point_0_in_context.xdc] for cell 'inst/dot_product_inst/dpe_inst/GEN_CONVERT[30].convert/fixed2float_inst'
Parsing XDC File [/home/malik/andromeda_ila/AXI-Dot-Product-Accelerator/Vivado/puzhi/puzhi.gen/sources_1/ip/floating_point_0/floating_point_0/floating_point_0_in_context.xdc] for cell 'inst/dot_product_inst/dpe_inst/GEN_CONVERT[31].convert/fixed2float_inst'
Finished Parsing XDC File [/home/malik/andromeda_ila/AXI-Dot-Product-Accelerator/Vivado/puzhi/puzhi.gen/sources_1/ip/floating_point_0/floating_point_0/floating_point_0_in_context.xdc] for cell 'inst/dot_product_inst/dpe_inst/GEN_CONVERT[31].convert/fixed2float_inst'
Parsing XDC File [/home/malik/andromeda_ila/AXI-Dot-Product-Accelerator/Vivado/puzhi/puzhi.gen/sources_1/ip/floating_point_0/floating_point_0/floating_point_0_in_context.xdc] for cell 'inst/dot_product_inst/dpe_inst/GEN_CONVERT[32].convert/fixed2float_inst'
Finished Parsing XDC File [/home/malik/andromeda_ila/AXI-Dot-Product-Accelerator/Vivado/puzhi/puzhi.gen/sources_1/ip/floating_point_0/floating_point_0/floating_point_0_in_context.xdc] for cell 'inst/dot_product_inst/dpe_inst/GEN_CONVERT[32].convert/fixed2float_inst'
Parsing XDC File [/home/malik/andromeda_ila/AXI-Dot-Product-Accelerator/Vivado/puzhi/puzhi.gen/sources_1/ip/floating_point_0/floating_point_0/floating_point_0_in_context.xdc] for cell 'inst/dot_product_inst/dpe_inst/GEN_CONVERT[33].convert/fixed2float_inst'
Finished Parsing XDC File [/home/malik/andromeda_ila/AXI-Dot-Product-Accelerator/Vivado/puzhi/puzhi.gen/sources_1/ip/floating_point_0/floating_point_0/floating_point_0_in_context.xdc] for cell 'inst/dot_product_inst/dpe_inst/GEN_CONVERT[33].convert/fixed2float_inst'
Parsing XDC File [/home/malik/andromeda_ila/AXI-Dot-Product-Accelerator/Vivado/puzhi/puzhi.gen/sources_1/ip/floating_point_0/floating_point_0/floating_point_0_in_context.xdc] for cell 'inst/dot_product_inst/dpe_inst/GEN_CONVERT[34].convert/fixed2float_inst'
Finished Parsing XDC File [/home/malik/andromeda_ila/AXI-Dot-Product-Accelerator/Vivado/puzhi/puzhi.gen/sources_1/ip/floating_point_0/floating_point_0/floating_point_0_in_context.xdc] for cell 'inst/dot_product_inst/dpe_inst/GEN_CONVERT[34].convert/fixed2float_inst'
Parsing XDC File [/home/malik/andromeda_ila/AXI-Dot-Product-Accelerator/Vivado/puzhi/puzhi.gen/sources_1/ip/floating_point_0/floating_point_0/floating_point_0_in_context.xdc] for cell 'inst/dot_product_inst/dpe_inst/GEN_CONVERT[35].convert/fixed2float_inst'
Finished Parsing XDC File [/home/malik/andromeda_ila/AXI-Dot-Product-Accelerator/Vivado/puzhi/puzhi.gen/sources_1/ip/floating_point_0/floating_point_0/floating_point_0_in_context.xdc] for cell 'inst/dot_product_inst/dpe_inst/GEN_CONVERT[35].convert/fixed2float_inst'
Parsing XDC File [/home/malik/andromeda_ila/AXI-Dot-Product-Accelerator/Vivado/puzhi/puzhi.gen/sources_1/ip/floating_point_0/floating_point_0/floating_point_0_in_context.xdc] for cell 'inst/dot_product_inst/dpe_inst/GEN_CONVERT[36].convert/fixed2float_inst'
Finished Parsing XDC File [/home/malik/andromeda_ila/AXI-Dot-Product-Accelerator/Vivado/puzhi/puzhi.gen/sources_1/ip/floating_point_0/floating_point_0/floating_point_0_in_context.xdc] for cell 'inst/dot_product_inst/dpe_inst/GEN_CONVERT[36].convert/fixed2float_inst'
Parsing XDC File [/home/malik/andromeda_ila/AXI-Dot-Product-Accelerator/Vivado/puzhi/puzhi.gen/sources_1/ip/floating_point_0/floating_point_0/floating_point_0_in_context.xdc] for cell 'inst/dot_product_inst/dpe_inst/GEN_CONVERT[37].convert/fixed2float_inst'
Finished Parsing XDC File [/home/malik/andromeda_ila/AXI-Dot-Product-Accelerator/Vivado/puzhi/puzhi.gen/sources_1/ip/floating_point_0/floating_point_0/floating_point_0_in_context.xdc] for cell 'inst/dot_product_inst/dpe_inst/GEN_CONVERT[37].convert/fixed2float_inst'
Parsing XDC File [/home/malik/andromeda_ila/AXI-Dot-Product-Accelerator/Vivado/puzhi/puzhi.gen/sources_1/ip/floating_point_0/floating_point_0/floating_point_0_in_context.xdc] for cell 'inst/dot_product_inst/dpe_inst/GEN_CONVERT[38].convert/fixed2float_inst'
Finished Parsing XDC File [/home/malik/andromeda_ila/AXI-Dot-Product-Accelerator/Vivado/puzhi/puzhi.gen/sources_1/ip/floating_point_0/floating_point_0/floating_point_0_in_context.xdc] for cell 'inst/dot_product_inst/dpe_inst/GEN_CONVERT[38].convert/fixed2float_inst'
Parsing XDC File [/home/malik/andromeda_ila/AXI-Dot-Product-Accelerator/Vivado/puzhi/puzhi.gen/sources_1/ip/floating_point_0/floating_point_0/floating_point_0_in_context.xdc] for cell 'inst/dot_product_inst/dpe_inst/GEN_CONVERT[39].convert/fixed2float_inst'
Finished Parsing XDC File [/home/malik/andromeda_ila/AXI-Dot-Product-Accelerator/Vivado/puzhi/puzhi.gen/sources_1/ip/floating_point_0/floating_point_0/floating_point_0_in_context.xdc] for cell 'inst/dot_product_inst/dpe_inst/GEN_CONVERT[39].convert/fixed2float_inst'
Parsing XDC File [/home/malik/andromeda_ila/AXI-Dot-Product-Accelerator/Vivado/puzhi/puzhi.gen/sources_1/ip/floating_point_0/floating_point_0/floating_point_0_in_context.xdc] for cell 'inst/dot_product_inst/dpe_inst/GEN_CONVERT[40].convert/fixed2float_inst'
Finished Parsing XDC File [/home/malik/andromeda_ila/AXI-Dot-Product-Accelerator/Vivado/puzhi/puzhi.gen/sources_1/ip/floating_point_0/floating_point_0/floating_point_0_in_context.xdc] for cell 'inst/dot_product_inst/dpe_inst/GEN_CONVERT[40].convert/fixed2float_inst'
Parsing XDC File [/home/malik/andromeda_ila/AXI-Dot-Product-Accelerator/Vivado/puzhi/puzhi.gen/sources_1/ip/floating_point_0/floating_point_0/floating_point_0_in_context.xdc] for cell 'inst/dot_product_inst/dpe_inst/GEN_CONVERT[41].convert/fixed2float_inst'
Finished Parsing XDC File [/home/malik/andromeda_ila/AXI-Dot-Product-Accelerator/Vivado/puzhi/puzhi.gen/sources_1/ip/floating_point_0/floating_point_0/floating_point_0_in_context.xdc] for cell 'inst/dot_product_inst/dpe_inst/GEN_CONVERT[41].convert/fixed2float_inst'
Parsing XDC File [/home/malik/andromeda_ila/AXI-Dot-Product-Accelerator/Vivado/puzhi/puzhi.gen/sources_1/ip/floating_point_0/floating_point_0/floating_point_0_in_context.xdc] for cell 'inst/dot_product_inst/dpe_inst/GEN_CONVERT[42].convert/fixed2float_inst'
Finished Parsing XDC File [/home/malik/andromeda_ila/AXI-Dot-Product-Accelerator/Vivado/puzhi/puzhi.gen/sources_1/ip/floating_point_0/floating_point_0/floating_point_0_in_context.xdc] for cell 'inst/dot_product_inst/dpe_inst/GEN_CONVERT[42].convert/fixed2float_inst'
Parsing XDC File [/home/malik/andromeda_ila/AXI-Dot-Product-Accelerator/Vivado/puzhi/puzhi.gen/sources_1/ip/floating_point_0/floating_point_0/floating_point_0_in_context.xdc] for cell 'inst/dot_product_inst/dpe_inst/GEN_CONVERT[43].convert/fixed2float_inst'
Finished Parsing XDC File [/home/malik/andromeda_ila/AXI-Dot-Product-Accelerator/Vivado/puzhi/puzhi.gen/sources_1/ip/floating_point_0/floating_point_0/floating_point_0_in_context.xdc] for cell 'inst/dot_product_inst/dpe_inst/GEN_CONVERT[43].convert/fixed2float_inst'
Parsing XDC File [/home/malik/andromeda_ila/AXI-Dot-Product-Accelerator/Vivado/puzhi/puzhi.gen/sources_1/ip/floating_point_0/floating_point_0/floating_point_0_in_context.xdc] for cell 'inst/dot_product_inst/dpe_inst/GEN_CONVERT[44].convert/fixed2float_inst'
Finished Parsing XDC File [/home/malik/andromeda_ila/AXI-Dot-Product-Accelerator/Vivado/puzhi/puzhi.gen/sources_1/ip/floating_point_0/floating_point_0/floating_point_0_in_context.xdc] for cell 'inst/dot_product_inst/dpe_inst/GEN_CONVERT[44].convert/fixed2float_inst'
Parsing XDC File [/home/malik/andromeda_ila/AXI-Dot-Product-Accelerator/Vivado/puzhi/puzhi.gen/sources_1/ip/floating_point_0/floating_point_0/floating_point_0_in_context.xdc] for cell 'inst/dot_product_inst/dpe_inst/GEN_CONVERT[45].convert/fixed2float_inst'
Finished Parsing XDC File [/home/malik/andromeda_ila/AXI-Dot-Product-Accelerator/Vivado/puzhi/puzhi.gen/sources_1/ip/floating_point_0/floating_point_0/floating_point_0_in_context.xdc] for cell 'inst/dot_product_inst/dpe_inst/GEN_CONVERT[45].convert/fixed2float_inst'
Parsing XDC File [/home/malik/andromeda_ila/AXI-Dot-Product-Accelerator/Vivado/puzhi/puzhi.gen/sources_1/ip/floating_point_0/floating_point_0/floating_point_0_in_context.xdc] for cell 'inst/dot_product_inst/dpe_inst/GEN_CONVERT[46].convert/fixed2float_inst'
Finished Parsing XDC File [/home/malik/andromeda_ila/AXI-Dot-Product-Accelerator/Vivado/puzhi/puzhi.gen/sources_1/ip/floating_point_0/floating_point_0/floating_point_0_in_context.xdc] for cell 'inst/dot_product_inst/dpe_inst/GEN_CONVERT[46].convert/fixed2float_inst'
Parsing XDC File [/home/malik/andromeda_ila/AXI-Dot-Product-Accelerator/Vivado/puzhi/puzhi.gen/sources_1/ip/floating_point_0/floating_point_0/floating_point_0_in_context.xdc] for cell 'inst/dot_product_inst/dpe_inst/GEN_CONVERT[47].convert/fixed2float_inst'
Finished Parsing XDC File [/home/malik/andromeda_ila/AXI-Dot-Product-Accelerator/Vivado/puzhi/puzhi.gen/sources_1/ip/floating_point_0/floating_point_0/floating_point_0_in_context.xdc] for cell 'inst/dot_product_inst/dpe_inst/GEN_CONVERT[47].convert/fixed2float_inst'
Parsing XDC File [/home/malik/andromeda_ila/AXI-Dot-Product-Accelerator/Vivado/puzhi/puzhi.gen/sources_1/ip/floating_point_0/floating_point_0/floating_point_0_in_context.xdc] for cell 'inst/dot_product_inst/dpe_inst/GEN_CONVERT[48].convert/fixed2float_inst'
Finished Parsing XDC File [/home/malik/andromeda_ila/AXI-Dot-Product-Accelerator/Vivado/puzhi/puzhi.gen/sources_1/ip/floating_point_0/floating_point_0/floating_point_0_in_context.xdc] for cell 'inst/dot_product_inst/dpe_inst/GEN_CONVERT[48].convert/fixed2float_inst'
Parsing XDC File [/home/malik/andromeda_ila/AXI-Dot-Product-Accelerator/Vivado/puzhi/puzhi.gen/sources_1/ip/floating_point_0/floating_point_0/floating_point_0_in_context.xdc] for cell 'inst/dot_product_inst/dpe_inst/GEN_CONVERT[49].convert/fixed2float_inst'
Finished Parsing XDC File [/home/malik/andromeda_ila/AXI-Dot-Product-Accelerator/Vivado/puzhi/puzhi.gen/sources_1/ip/floating_point_0/floating_point_0/floating_point_0_in_context.xdc] for cell 'inst/dot_product_inst/dpe_inst/GEN_CONVERT[49].convert/fixed2float_inst'
Parsing XDC File [/home/malik/andromeda_ila/AXI-Dot-Product-Accelerator/Vivado/puzhi/puzhi.gen/sources_1/ip/floating_point_0/floating_point_0/floating_point_0_in_context.xdc] for cell 'inst/dot_product_inst/dpe_inst/GEN_CONVERT[50].convert/fixed2float_inst'
Finished Parsing XDC File [/home/malik/andromeda_ila/AXI-Dot-Product-Accelerator/Vivado/puzhi/puzhi.gen/sources_1/ip/floating_point_0/floating_point_0/floating_point_0_in_context.xdc] for cell 'inst/dot_product_inst/dpe_inst/GEN_CONVERT[50].convert/fixed2float_inst'
Parsing XDC File [/home/malik/andromeda_ila/AXI-Dot-Product-Accelerator/Vivado/puzhi/puzhi.gen/sources_1/ip/floating_point_0/floating_point_0/floating_point_0_in_context.xdc] for cell 'inst/dot_product_inst/dpe_inst/GEN_CONVERT[51].convert/fixed2float_inst'
Finished Parsing XDC File [/home/malik/andromeda_ila/AXI-Dot-Product-Accelerator/Vivado/puzhi/puzhi.gen/sources_1/ip/floating_point_0/floating_point_0/floating_point_0_in_context.xdc] for cell 'inst/dot_product_inst/dpe_inst/GEN_CONVERT[51].convert/fixed2float_inst'
Parsing XDC File [/home/malik/andromeda_ila/AXI-Dot-Product-Accelerator/Vivado/puzhi/puzhi.gen/sources_1/ip/floating_point_0/floating_point_0/floating_point_0_in_context.xdc] for cell 'inst/dot_product_inst/dpe_inst/GEN_CONVERT[52].convert/fixed2float_inst'
Finished Parsing XDC File [/home/malik/andromeda_ila/AXI-Dot-Product-Accelerator/Vivado/puzhi/puzhi.gen/sources_1/ip/floating_point_0/floating_point_0/floating_point_0_in_context.xdc] for cell 'inst/dot_product_inst/dpe_inst/GEN_CONVERT[52].convert/fixed2float_inst'
Parsing XDC File [/home/malik/andromeda_ila/AXI-Dot-Product-Accelerator/Vivado/puzhi/puzhi.gen/sources_1/ip/floating_point_0/floating_point_0/floating_point_0_in_context.xdc] for cell 'inst/dot_product_inst/dpe_inst/GEN_CONVERT[53].convert/fixed2float_inst'
Finished Parsing XDC File [/home/malik/andromeda_ila/AXI-Dot-Product-Accelerator/Vivado/puzhi/puzhi.gen/sources_1/ip/floating_point_0/floating_point_0/floating_point_0_in_context.xdc] for cell 'inst/dot_product_inst/dpe_inst/GEN_CONVERT[53].convert/fixed2float_inst'
Parsing XDC File [/home/malik/andromeda_ila/AXI-Dot-Product-Accelerator/Vivado/puzhi/puzhi.gen/sources_1/ip/floating_point_0/floating_point_0/floating_point_0_in_context.xdc] for cell 'inst/dot_product_inst/dpe_inst/GEN_CONVERT[54].convert/fixed2float_inst'
Finished Parsing XDC File [/home/malik/andromeda_ila/AXI-Dot-Product-Accelerator/Vivado/puzhi/puzhi.gen/sources_1/ip/floating_point_0/floating_point_0/floating_point_0_in_context.xdc] for cell 'inst/dot_product_inst/dpe_inst/GEN_CONVERT[54].convert/fixed2float_inst'
Parsing XDC File [/home/malik/andromeda_ila/AXI-Dot-Product-Accelerator/Vivado/puzhi/puzhi.gen/sources_1/ip/floating_point_0/floating_point_0/floating_point_0_in_context.xdc] for cell 'inst/dot_product_inst/dpe_inst/GEN_CONVERT[55].convert/fixed2float_inst'
Finished Parsing XDC File [/home/malik/andromeda_ila/AXI-Dot-Product-Accelerator/Vivado/puzhi/puzhi.gen/sources_1/ip/floating_point_0/floating_point_0/floating_point_0_in_context.xdc] for cell 'inst/dot_product_inst/dpe_inst/GEN_CONVERT[55].convert/fixed2float_inst'
Parsing XDC File [/home/malik/andromeda_ila/AXI-Dot-Product-Accelerator/Vivado/puzhi/puzhi.gen/sources_1/ip/floating_point_0/floating_point_0/floating_point_0_in_context.xdc] for cell 'inst/dot_product_inst/dpe_inst/GEN_CONVERT[56].convert/fixed2float_inst'
Finished Parsing XDC File [/home/malik/andromeda_ila/AXI-Dot-Product-Accelerator/Vivado/puzhi/puzhi.gen/sources_1/ip/floating_point_0/floating_point_0/floating_point_0_in_context.xdc] for cell 'inst/dot_product_inst/dpe_inst/GEN_CONVERT[56].convert/fixed2float_inst'
Parsing XDC File [/home/malik/andromeda_ila/AXI-Dot-Product-Accelerator/Vivado/puzhi/puzhi.gen/sources_1/ip/floating_point_0/floating_point_0/floating_point_0_in_context.xdc] for cell 'inst/dot_product_inst/dpe_inst/GEN_CONVERT[57].convert/fixed2float_inst'
Finished Parsing XDC File [/home/malik/andromeda_ila/AXI-Dot-Product-Accelerator/Vivado/puzhi/puzhi.gen/sources_1/ip/floating_point_0/floating_point_0/floating_point_0_in_context.xdc] for cell 'inst/dot_product_inst/dpe_inst/GEN_CONVERT[57].convert/fixed2float_inst'
Parsing XDC File [/home/malik/andromeda_ila/AXI-Dot-Product-Accelerator/Vivado/puzhi/puzhi.gen/sources_1/ip/floating_point_0/floating_point_0/floating_point_0_in_context.xdc] for cell 'inst/dot_product_inst/dpe_inst/GEN_CONVERT[58].convert/fixed2float_inst'
Finished Parsing XDC File [/home/malik/andromeda_ila/AXI-Dot-Product-Accelerator/Vivado/puzhi/puzhi.gen/sources_1/ip/floating_point_0/floating_point_0/floating_point_0_in_context.xdc] for cell 'inst/dot_product_inst/dpe_inst/GEN_CONVERT[58].convert/fixed2float_inst'
Parsing XDC File [/home/malik/andromeda_ila/AXI-Dot-Product-Accelerator/Vivado/puzhi/puzhi.gen/sources_1/ip/floating_point_0/floating_point_0/floating_point_0_in_context.xdc] for cell 'inst/dot_product_inst/dpe_inst/GEN_CONVERT[59].convert/fixed2float_inst'
Finished Parsing XDC File [/home/malik/andromeda_ila/AXI-Dot-Product-Accelerator/Vivado/puzhi/puzhi.gen/sources_1/ip/floating_point_0/floating_point_0/floating_point_0_in_context.xdc] for cell 'inst/dot_product_inst/dpe_inst/GEN_CONVERT[59].convert/fixed2float_inst'
Parsing XDC File [/home/malik/andromeda_ila/AXI-Dot-Product-Accelerator/Vivado/puzhi/puzhi.gen/sources_1/ip/floating_point_0/floating_point_0/floating_point_0_in_context.xdc] for cell 'inst/dot_product_inst/dpe_inst/GEN_CONVERT[60].convert/fixed2float_inst'
Finished Parsing XDC File [/home/malik/andromeda_ila/AXI-Dot-Product-Accelerator/Vivado/puzhi/puzhi.gen/sources_1/ip/floating_point_0/floating_point_0/floating_point_0_in_context.xdc] for cell 'inst/dot_product_inst/dpe_inst/GEN_CONVERT[60].convert/fixed2float_inst'
Parsing XDC File [/home/malik/andromeda_ila/AXI-Dot-Product-Accelerator/Vivado/puzhi/puzhi.gen/sources_1/ip/floating_point_0/floating_point_0/floating_point_0_in_context.xdc] for cell 'inst/dot_product_inst/dpe_inst/GEN_CONVERT[61].convert/fixed2float_inst'
Finished Parsing XDC File [/home/malik/andromeda_ila/AXI-Dot-Product-Accelerator/Vivado/puzhi/puzhi.gen/sources_1/ip/floating_point_0/floating_point_0/floating_point_0_in_context.xdc] for cell 'inst/dot_product_inst/dpe_inst/GEN_CONVERT[61].convert/fixed2float_inst'
Parsing XDC File [/home/malik/andromeda_ila/AXI-Dot-Product-Accelerator/Vivado/puzhi/puzhi.gen/sources_1/ip/floating_point_0/floating_point_0/floating_point_0_in_context.xdc] for cell 'inst/dot_product_inst/dpe_inst/GEN_CONVERT[62].convert/fixed2float_inst'
Finished Parsing XDC File [/home/malik/andromeda_ila/AXI-Dot-Product-Accelerator/Vivado/puzhi/puzhi.gen/sources_1/ip/floating_point_0/floating_point_0/floating_point_0_in_context.xdc] for cell 'inst/dot_product_inst/dpe_inst/GEN_CONVERT[62].convert/fixed2float_inst'
Parsing XDC File [/home/malik/andromeda_ila/AXI-Dot-Product-Accelerator/Vivado/puzhi/puzhi.gen/sources_1/ip/floating_point_0/floating_point_0/floating_point_0_in_context.xdc] for cell 'inst/dot_product_inst/dpe_inst/GEN_CONVERT[63].convert/fixed2float_inst'
Finished Parsing XDC File [/home/malik/andromeda_ila/AXI-Dot-Product-Accelerator/Vivado/puzhi/puzhi.gen/sources_1/ip/floating_point_0/floating_point_0/floating_point_0_in_context.xdc] for cell 'inst/dot_product_inst/dpe_inst/GEN_CONVERT[63].convert/fixed2float_inst'
Parsing XDC File [/home/malik/andromeda_ila/AXI-Dot-Product-Accelerator/Vivado/puzhi/puzhi.gen/sources_1/ip/floating_point_0/floating_point_0/floating_point_0_in_context.xdc] for cell 'inst/dot_product_inst/dpe_inst/GEN_CONVERT[64].convert/fixed2float_inst'
Finished Parsing XDC File [/home/malik/andromeda_ila/AXI-Dot-Product-Accelerator/Vivado/puzhi/puzhi.gen/sources_1/ip/floating_point_0/floating_point_0/floating_point_0_in_context.xdc] for cell 'inst/dot_product_inst/dpe_inst/GEN_CONVERT[64].convert/fixed2float_inst'
Parsing XDC File [/home/malik/andromeda_ila/AXI-Dot-Product-Accelerator/Vivado/puzhi/puzhi.gen/sources_1/ip/floating_point_0/floating_point_0/floating_point_0_in_context.xdc] for cell 'inst/dot_product_inst/dpe_inst/GEN_CONVERT[65].convert/fixed2float_inst'
Finished Parsing XDC File [/home/malik/andromeda_ila/AXI-Dot-Product-Accelerator/Vivado/puzhi/puzhi.gen/sources_1/ip/floating_point_0/floating_point_0/floating_point_0_in_context.xdc] for cell 'inst/dot_product_inst/dpe_inst/GEN_CONVERT[65].convert/fixed2float_inst'
Parsing XDC File [/home/malik/andromeda_ila/AXI-Dot-Product-Accelerator/Vivado/puzhi/puzhi.gen/sources_1/ip/floating_point_0/floating_point_0/floating_point_0_in_context.xdc] for cell 'inst/dot_product_inst/dpe_inst/GEN_CONVERT[66].convert/fixed2float_inst'
Finished Parsing XDC File [/home/malik/andromeda_ila/AXI-Dot-Product-Accelerator/Vivado/puzhi/puzhi.gen/sources_1/ip/floating_point_0/floating_point_0/floating_point_0_in_context.xdc] for cell 'inst/dot_product_inst/dpe_inst/GEN_CONVERT[66].convert/fixed2float_inst'
Parsing XDC File [/home/malik/andromeda_ila/AXI-Dot-Product-Accelerator/Vivado/puzhi/puzhi.gen/sources_1/ip/floating_point_0/floating_point_0/floating_point_0_in_context.xdc] for cell 'inst/dot_product_inst/dpe_inst/GEN_CONVERT[67].convert/fixed2float_inst'
Finished Parsing XDC File [/home/malik/andromeda_ila/AXI-Dot-Product-Accelerator/Vivado/puzhi/puzhi.gen/sources_1/ip/floating_point_0/floating_point_0/floating_point_0_in_context.xdc] for cell 'inst/dot_product_inst/dpe_inst/GEN_CONVERT[67].convert/fixed2float_inst'
Parsing XDC File [/home/malik/andromeda_ila/AXI-Dot-Product-Accelerator/Vivado/puzhi/puzhi.gen/sources_1/ip/floating_point_0/floating_point_0/floating_point_0_in_context.xdc] for cell 'inst/dot_product_inst/dpe_inst/GEN_CONVERT[68].convert/fixed2float_inst'
Finished Parsing XDC File [/home/malik/andromeda_ila/AXI-Dot-Product-Accelerator/Vivado/puzhi/puzhi.gen/sources_1/ip/floating_point_0/floating_point_0/floating_point_0_in_context.xdc] for cell 'inst/dot_product_inst/dpe_inst/GEN_CONVERT[68].convert/fixed2float_inst'
Parsing XDC File [/home/malik/andromeda_ila/AXI-Dot-Product-Accelerator/Vivado/puzhi/puzhi.gen/sources_1/ip/floating_point_0/floating_point_0/floating_point_0_in_context.xdc] for cell 'inst/dot_product_inst/dpe_inst/GEN_CONVERT[69].convert/fixed2float_inst'
Finished Parsing XDC File [/home/malik/andromeda_ila/AXI-Dot-Product-Accelerator/Vivado/puzhi/puzhi.gen/sources_1/ip/floating_point_0/floating_point_0/floating_point_0_in_context.xdc] for cell 'inst/dot_product_inst/dpe_inst/GEN_CONVERT[69].convert/fixed2float_inst'
Parsing XDC File [/home/malik/andromeda_ila/AXI-Dot-Product-Accelerator/Vivado/puzhi/puzhi.gen/sources_1/ip/floating_point_0/floating_point_0/floating_point_0_in_context.xdc] for cell 'inst/dot_product_inst/dpe_inst/GEN_CONVERT[70].convert/fixed2float_inst'
Finished Parsing XDC File [/home/malik/andromeda_ila/AXI-Dot-Product-Accelerator/Vivado/puzhi/puzhi.gen/sources_1/ip/floating_point_0/floating_point_0/floating_point_0_in_context.xdc] for cell 'inst/dot_product_inst/dpe_inst/GEN_CONVERT[70].convert/fixed2float_inst'
Parsing XDC File [/home/malik/andromeda_ila/AXI-Dot-Product-Accelerator/Vivado/puzhi/puzhi.gen/sources_1/ip/floating_point_0/floating_point_0/floating_point_0_in_context.xdc] for cell 'inst/dot_product_inst/dpe_inst/GEN_CONVERT[71].convert/fixed2float_inst'
Finished Parsing XDC File [/home/malik/andromeda_ila/AXI-Dot-Product-Accelerator/Vivado/puzhi/puzhi.gen/sources_1/ip/floating_point_0/floating_point_0/floating_point_0_in_context.xdc] for cell 'inst/dot_product_inst/dpe_inst/GEN_CONVERT[71].convert/fixed2float_inst'
Parsing XDC File [/home/malik/andromeda_ila/AXI-Dot-Product-Accelerator/Vivado/puzhi/puzhi.gen/sources_1/ip/floating_point_0/floating_point_0/floating_point_0_in_context.xdc] for cell 'inst/dot_product_inst/dpe_inst/GEN_CONVERT[72].convert/fixed2float_inst'
Finished Parsing XDC File [/home/malik/andromeda_ila/AXI-Dot-Product-Accelerator/Vivado/puzhi/puzhi.gen/sources_1/ip/floating_point_0/floating_point_0/floating_point_0_in_context.xdc] for cell 'inst/dot_product_inst/dpe_inst/GEN_CONVERT[72].convert/fixed2float_inst'
Parsing XDC File [/home/malik/andromeda_ila/AXI-Dot-Product-Accelerator/Vivado/puzhi/puzhi.gen/sources_1/ip/floating_point_0/floating_point_0/floating_point_0_in_context.xdc] for cell 'inst/dot_product_inst/dpe_inst/GEN_CONVERT[73].convert/fixed2float_inst'
Finished Parsing XDC File [/home/malik/andromeda_ila/AXI-Dot-Product-Accelerator/Vivado/puzhi/puzhi.gen/sources_1/ip/floating_point_0/floating_point_0/floating_point_0_in_context.xdc] for cell 'inst/dot_product_inst/dpe_inst/GEN_CONVERT[73].convert/fixed2float_inst'
Parsing XDC File [/home/malik/andromeda_ila/AXI-Dot-Product-Accelerator/Vivado/puzhi/puzhi.gen/sources_1/ip/floating_point_0/floating_point_0/floating_point_0_in_context.xdc] for cell 'inst/dot_product_inst/dpe_inst/GEN_CONVERT[74].convert/fixed2float_inst'
Finished Parsing XDC File [/home/malik/andromeda_ila/AXI-Dot-Product-Accelerator/Vivado/puzhi/puzhi.gen/sources_1/ip/floating_point_0/floating_point_0/floating_point_0_in_context.xdc] for cell 'inst/dot_product_inst/dpe_inst/GEN_CONVERT[74].convert/fixed2float_inst'
Parsing XDC File [/home/malik/andromeda_ila/AXI-Dot-Product-Accelerator/Vivado/puzhi/puzhi.gen/sources_1/ip/floating_point_0/floating_point_0/floating_point_0_in_context.xdc] for cell 'inst/dot_product_inst/dpe_inst/GEN_CONVERT[75].convert/fixed2float_inst'
Finished Parsing XDC File [/home/malik/andromeda_ila/AXI-Dot-Product-Accelerator/Vivado/puzhi/puzhi.gen/sources_1/ip/floating_point_0/floating_point_0/floating_point_0_in_context.xdc] for cell 'inst/dot_product_inst/dpe_inst/GEN_CONVERT[75].convert/fixed2float_inst'
Parsing XDC File [/home/malik/andromeda_ila/AXI-Dot-Product-Accelerator/Vivado/puzhi/puzhi.gen/sources_1/ip/floating_point_0/floating_point_0/floating_point_0_in_context.xdc] for cell 'inst/dot_product_inst/dpe_inst/GEN_CONVERT[76].convert/fixed2float_inst'
Finished Parsing XDC File [/home/malik/andromeda_ila/AXI-Dot-Product-Accelerator/Vivado/puzhi/puzhi.gen/sources_1/ip/floating_point_0/floating_point_0/floating_point_0_in_context.xdc] for cell 'inst/dot_product_inst/dpe_inst/GEN_CONVERT[76].convert/fixed2float_inst'
Parsing XDC File [/home/malik/andromeda_ila/AXI-Dot-Product-Accelerator/Vivado/puzhi/puzhi.gen/sources_1/ip/floating_point_0/floating_point_0/floating_point_0_in_context.xdc] for cell 'inst/dot_product_inst/dpe_inst/GEN_CONVERT[77].convert/fixed2float_inst'
Finished Parsing XDC File [/home/malik/andromeda_ila/AXI-Dot-Product-Accelerator/Vivado/puzhi/puzhi.gen/sources_1/ip/floating_point_0/floating_point_0/floating_point_0_in_context.xdc] for cell 'inst/dot_product_inst/dpe_inst/GEN_CONVERT[77].convert/fixed2float_inst'
Parsing XDC File [/home/malik/andromeda_ila/AXI-Dot-Product-Accelerator/Vivado/puzhi/puzhi.gen/sources_1/ip/floating_point_0/floating_point_0/floating_point_0_in_context.xdc] for cell 'inst/dot_product_inst/dpe_inst/GEN_CONVERT[78].convert/fixed2float_inst'
Finished Parsing XDC File [/home/malik/andromeda_ila/AXI-Dot-Product-Accelerator/Vivado/puzhi/puzhi.gen/sources_1/ip/floating_point_0/floating_point_0/floating_point_0_in_context.xdc] for cell 'inst/dot_product_inst/dpe_inst/GEN_CONVERT[78].convert/fixed2float_inst'
Parsing XDC File [/home/malik/andromeda_ila/AXI-Dot-Product-Accelerator/Vivado/puzhi/puzhi.gen/sources_1/ip/floating_point_0/floating_point_0/floating_point_0_in_context.xdc] for cell 'inst/dot_product_inst/dpe_inst/GEN_CONVERT[79].convert/fixed2float_inst'
Finished Parsing XDC File [/home/malik/andromeda_ila/AXI-Dot-Product-Accelerator/Vivado/puzhi/puzhi.gen/sources_1/ip/floating_point_0/floating_point_0/floating_point_0_in_context.xdc] for cell 'inst/dot_product_inst/dpe_inst/GEN_CONVERT[79].convert/fixed2float_inst'
Parsing XDC File [/home/malik/andromeda_ila/AXI-Dot-Product-Accelerator/Vivado/puzhi/puzhi.gen/sources_1/ip/floating_point_0/floating_point_0/floating_point_0_in_context.xdc] for cell 'inst/dot_product_inst/dpe_inst/GEN_CONVERT[80].convert/fixed2float_inst'
Finished Parsing XDC File [/home/malik/andromeda_ila/AXI-Dot-Product-Accelerator/Vivado/puzhi/puzhi.gen/sources_1/ip/floating_point_0/floating_point_0/floating_point_0_in_context.xdc] for cell 'inst/dot_product_inst/dpe_inst/GEN_CONVERT[80].convert/fixed2float_inst'
Parsing XDC File [/home/malik/andromeda_ila/AXI-Dot-Product-Accelerator/Vivado/puzhi/puzhi.gen/sources_1/ip/floating_point_0/floating_point_0/floating_point_0_in_context.xdc] for cell 'inst/dot_product_inst/dpe_inst/GEN_CONVERT[81].convert/fixed2float_inst'
Finished Parsing XDC File [/home/malik/andromeda_ila/AXI-Dot-Product-Accelerator/Vivado/puzhi/puzhi.gen/sources_1/ip/floating_point_0/floating_point_0/floating_point_0_in_context.xdc] for cell 'inst/dot_product_inst/dpe_inst/GEN_CONVERT[81].convert/fixed2float_inst'
Parsing XDC File [/home/malik/andromeda_ila/AXI-Dot-Product-Accelerator/Vivado/puzhi/puzhi.gen/sources_1/ip/floating_point_0/floating_point_0/floating_point_0_in_context.xdc] for cell 'inst/dot_product_inst/dpe_inst/GEN_CONVERT[82].convert/fixed2float_inst'
Finished Parsing XDC File [/home/malik/andromeda_ila/AXI-Dot-Product-Accelerator/Vivado/puzhi/puzhi.gen/sources_1/ip/floating_point_0/floating_point_0/floating_point_0_in_context.xdc] for cell 'inst/dot_product_inst/dpe_inst/GEN_CONVERT[82].convert/fixed2float_inst'
Parsing XDC File [/home/malik/andromeda_ila/AXI-Dot-Product-Accelerator/Vivado/puzhi/puzhi.gen/sources_1/ip/floating_point_0/floating_point_0/floating_point_0_in_context.xdc] for cell 'inst/dot_product_inst/dpe_inst/GEN_CONVERT[83].convert/fixed2float_inst'
Finished Parsing XDC File [/home/malik/andromeda_ila/AXI-Dot-Product-Accelerator/Vivado/puzhi/puzhi.gen/sources_1/ip/floating_point_0/floating_point_0/floating_point_0_in_context.xdc] for cell 'inst/dot_product_inst/dpe_inst/GEN_CONVERT[83].convert/fixed2float_inst'
Parsing XDC File [/home/malik/andromeda_ila/AXI-Dot-Product-Accelerator/Vivado/puzhi/puzhi.gen/sources_1/ip/floating_point_0/floating_point_0/floating_point_0_in_context.xdc] for cell 'inst/dot_product_inst/dpe_inst/GEN_CONVERT[84].convert/fixed2float_inst'
Finished Parsing XDC File [/home/malik/andromeda_ila/AXI-Dot-Product-Accelerator/Vivado/puzhi/puzhi.gen/sources_1/ip/floating_point_0/floating_point_0/floating_point_0_in_context.xdc] for cell 'inst/dot_product_inst/dpe_inst/GEN_CONVERT[84].convert/fixed2float_inst'
Parsing XDC File [/home/malik/andromeda_ila/AXI-Dot-Product-Accelerator/Vivado/puzhi/puzhi.gen/sources_1/ip/floating_point_0/floating_point_0/floating_point_0_in_context.xdc] for cell 'inst/dot_product_inst/dpe_inst/GEN_CONVERT[85].convert/fixed2float_inst'
Finished Parsing XDC File [/home/malik/andromeda_ila/AXI-Dot-Product-Accelerator/Vivado/puzhi/puzhi.gen/sources_1/ip/floating_point_0/floating_point_0/floating_point_0_in_context.xdc] for cell 'inst/dot_product_inst/dpe_inst/GEN_CONVERT[85].convert/fixed2float_inst'
Parsing XDC File [/home/malik/andromeda_ila/AXI-Dot-Product-Accelerator/Vivado/puzhi/puzhi.gen/sources_1/ip/floating_point_0/floating_point_0/floating_point_0_in_context.xdc] for cell 'inst/dot_product_inst/dpe_inst/GEN_CONVERT[86].convert/fixed2float_inst'
Finished Parsing XDC File [/home/malik/andromeda_ila/AXI-Dot-Product-Accelerator/Vivado/puzhi/puzhi.gen/sources_1/ip/floating_point_0/floating_point_0/floating_point_0_in_context.xdc] for cell 'inst/dot_product_inst/dpe_inst/GEN_CONVERT[86].convert/fixed2float_inst'
Parsing XDC File [/home/malik/andromeda_ila/AXI-Dot-Product-Accelerator/Vivado/puzhi/puzhi.gen/sources_1/ip/floating_point_0/floating_point_0/floating_point_0_in_context.xdc] for cell 'inst/dot_product_inst/dpe_inst/GEN_CONVERT[87].convert/fixed2float_inst'
Finished Parsing XDC File [/home/malik/andromeda_ila/AXI-Dot-Product-Accelerator/Vivado/puzhi/puzhi.gen/sources_1/ip/floating_point_0/floating_point_0/floating_point_0_in_context.xdc] for cell 'inst/dot_product_inst/dpe_inst/GEN_CONVERT[87].convert/fixed2float_inst'
Parsing XDC File [/home/malik/andromeda_ila/AXI-Dot-Product-Accelerator/Vivado/puzhi/puzhi.gen/sources_1/ip/floating_point_0/floating_point_0/floating_point_0_in_context.xdc] for cell 'inst/dot_product_inst/dpe_inst/GEN_CONVERT[88].convert/fixed2float_inst'
Finished Parsing XDC File [/home/malik/andromeda_ila/AXI-Dot-Product-Accelerator/Vivado/puzhi/puzhi.gen/sources_1/ip/floating_point_0/floating_point_0/floating_point_0_in_context.xdc] for cell 'inst/dot_product_inst/dpe_inst/GEN_CONVERT[88].convert/fixed2float_inst'
Parsing XDC File [/home/malik/andromeda_ila/AXI-Dot-Product-Accelerator/Vivado/puzhi/puzhi.gen/sources_1/ip/floating_point_0/floating_point_0/floating_point_0_in_context.xdc] for cell 'inst/dot_product_inst/dpe_inst/GEN_CONVERT[89].convert/fixed2float_inst'
Finished Parsing XDC File [/home/malik/andromeda_ila/AXI-Dot-Product-Accelerator/Vivado/puzhi/puzhi.gen/sources_1/ip/floating_point_0/floating_point_0/floating_point_0_in_context.xdc] for cell 'inst/dot_product_inst/dpe_inst/GEN_CONVERT[89].convert/fixed2float_inst'
Parsing XDC File [/home/malik/andromeda_ila/AXI-Dot-Product-Accelerator/Vivado/puzhi/puzhi.gen/sources_1/ip/floating_point_0/floating_point_0/floating_point_0_in_context.xdc] for cell 'inst/dot_product_inst/dpe_inst/GEN_CONVERT[90].convert/fixed2float_inst'
Finished Parsing XDC File [/home/malik/andromeda_ila/AXI-Dot-Product-Accelerator/Vivado/puzhi/puzhi.gen/sources_1/ip/floating_point_0/floating_point_0/floating_point_0_in_context.xdc] for cell 'inst/dot_product_inst/dpe_inst/GEN_CONVERT[90].convert/fixed2float_inst'
Parsing XDC File [/home/malik/andromeda_ila/AXI-Dot-Product-Accelerator/Vivado/puzhi/puzhi.gen/sources_1/ip/floating_point_0/floating_point_0/floating_point_0_in_context.xdc] for cell 'inst/dot_product_inst/dpe_inst/GEN_CONVERT[91].convert/fixed2float_inst'
Finished Parsing XDC File [/home/malik/andromeda_ila/AXI-Dot-Product-Accelerator/Vivado/puzhi/puzhi.gen/sources_1/ip/floating_point_0/floating_point_0/floating_point_0_in_context.xdc] for cell 'inst/dot_product_inst/dpe_inst/GEN_CONVERT[91].convert/fixed2float_inst'
Parsing XDC File [/home/malik/andromeda_ila/AXI-Dot-Product-Accelerator/Vivado/puzhi/puzhi.gen/sources_1/ip/floating_point_0/floating_point_0/floating_point_0_in_context.xdc] for cell 'inst/dot_product_inst/dpe_inst/GEN_CONVERT[92].convert/fixed2float_inst'
Finished Parsing XDC File [/home/malik/andromeda_ila/AXI-Dot-Product-Accelerator/Vivado/puzhi/puzhi.gen/sources_1/ip/floating_point_0/floating_point_0/floating_point_0_in_context.xdc] for cell 'inst/dot_product_inst/dpe_inst/GEN_CONVERT[92].convert/fixed2float_inst'
Parsing XDC File [/home/malik/andromeda_ila/AXI-Dot-Product-Accelerator/Vivado/puzhi/puzhi.gen/sources_1/ip/floating_point_0/floating_point_0/floating_point_0_in_context.xdc] for cell 'inst/dot_product_inst/dpe_inst/GEN_CONVERT[93].convert/fixed2float_inst'
Finished Parsing XDC File [/home/malik/andromeda_ila/AXI-Dot-Product-Accelerator/Vivado/puzhi/puzhi.gen/sources_1/ip/floating_point_0/floating_point_0/floating_point_0_in_context.xdc] for cell 'inst/dot_product_inst/dpe_inst/GEN_CONVERT[93].convert/fixed2float_inst'
Parsing XDC File [/home/malik/andromeda_ila/AXI-Dot-Product-Accelerator/Vivado/puzhi/puzhi.gen/sources_1/ip/floating_point_0/floating_point_0/floating_point_0_in_context.xdc] for cell 'inst/dot_product_inst/dpe_inst/GEN_CONVERT[94].convert/fixed2float_inst'
Finished Parsing XDC File [/home/malik/andromeda_ila/AXI-Dot-Product-Accelerator/Vivado/puzhi/puzhi.gen/sources_1/ip/floating_point_0/floating_point_0/floating_point_0_in_context.xdc] for cell 'inst/dot_product_inst/dpe_inst/GEN_CONVERT[94].convert/fixed2float_inst'
Parsing XDC File [/home/malik/andromeda_ila/AXI-Dot-Product-Accelerator/Vivado/puzhi/puzhi.gen/sources_1/ip/floating_point_0/floating_point_0/floating_point_0_in_context.xdc] for cell 'inst/dot_product_inst/dpe_inst/GEN_CONVERT[95].convert/fixed2float_inst'
Finished Parsing XDC File [/home/malik/andromeda_ila/AXI-Dot-Product-Accelerator/Vivado/puzhi/puzhi.gen/sources_1/ip/floating_point_0/floating_point_0/floating_point_0_in_context.xdc] for cell 'inst/dot_product_inst/dpe_inst/GEN_CONVERT[95].convert/fixed2float_inst'
Parsing XDC File [/home/malik/andromeda_ila/AXI-Dot-Product-Accelerator/Vivado/puzhi/puzhi.gen/sources_1/ip/floating_point_0/floating_point_0/floating_point_0_in_context.xdc] for cell 'inst/dot_product_inst/dpe_inst/GEN_CONVERT[96].convert/fixed2float_inst'
Finished Parsing XDC File [/home/malik/andromeda_ila/AXI-Dot-Product-Accelerator/Vivado/puzhi/puzhi.gen/sources_1/ip/floating_point_0/floating_point_0/floating_point_0_in_context.xdc] for cell 'inst/dot_product_inst/dpe_inst/GEN_CONVERT[96].convert/fixed2float_inst'
Parsing XDC File [/home/malik/andromeda_ila/AXI-Dot-Product-Accelerator/Vivado/puzhi/puzhi.gen/sources_1/ip/floating_point_0/floating_point_0/floating_point_0_in_context.xdc] for cell 'inst/dot_product_inst/dpe_inst/GEN_CONVERT[97].convert/fixed2float_inst'
Finished Parsing XDC File [/home/malik/andromeda_ila/AXI-Dot-Product-Accelerator/Vivado/puzhi/puzhi.gen/sources_1/ip/floating_point_0/floating_point_0/floating_point_0_in_context.xdc] for cell 'inst/dot_product_inst/dpe_inst/GEN_CONVERT[97].convert/fixed2float_inst'
Parsing XDC File [/home/malik/andromeda_ila/AXI-Dot-Product-Accelerator/Vivado/puzhi/puzhi.gen/sources_1/ip/floating_point_0/floating_point_0/floating_point_0_in_context.xdc] for cell 'inst/dot_product_inst/dpe_inst/GEN_CONVERT[98].convert/fixed2float_inst'
Finished Parsing XDC File [/home/malik/andromeda_ila/AXI-Dot-Product-Accelerator/Vivado/puzhi/puzhi.gen/sources_1/ip/floating_point_0/floating_point_0/floating_point_0_in_context.xdc] for cell 'inst/dot_product_inst/dpe_inst/GEN_CONVERT[98].convert/fixed2float_inst'
Parsing XDC File [/home/malik/andromeda_ila/AXI-Dot-Product-Accelerator/Vivado/puzhi/puzhi.gen/sources_1/ip/floating_point_0/floating_point_0/floating_point_0_in_context.xdc] for cell 'inst/dot_product_inst/dpe_inst/GEN_CONVERT[99].convert/fixed2float_inst'
Finished Parsing XDC File [/home/malik/andromeda_ila/AXI-Dot-Product-Accelerator/Vivado/puzhi/puzhi.gen/sources_1/ip/floating_point_0/floating_point_0/floating_point_0_in_context.xdc] for cell 'inst/dot_product_inst/dpe_inst/GEN_CONVERT[99].convert/fixed2float_inst'
Parsing XDC File [/home/malik/andromeda_ila/AXI-Dot-Product-Accelerator/Vivado/puzhi/puzhi.gen/sources_1/ip/floating_point_0/floating_point_0/floating_point_0_in_context.xdc] for cell 'inst/dot_product_inst/dpe_inst/GEN_CONVERT[100].convert/fixed2float_inst'
Finished Parsing XDC File [/home/malik/andromeda_ila/AXI-Dot-Product-Accelerator/Vivado/puzhi/puzhi.gen/sources_1/ip/floating_point_0/floating_point_0/floating_point_0_in_context.xdc] for cell 'inst/dot_product_inst/dpe_inst/GEN_CONVERT[100].convert/fixed2float_inst'
Parsing XDC File [/home/malik/andromeda_ila/AXI-Dot-Product-Accelerator/Vivado/puzhi/puzhi.gen/sources_1/ip/floating_point_0/floating_point_0/floating_point_0_in_context.xdc] for cell 'inst/dot_product_inst/dpe_inst/GEN_CONVERT[101].convert/fixed2float_inst'
Finished Parsing XDC File [/home/malik/andromeda_ila/AXI-Dot-Product-Accelerator/Vivado/puzhi/puzhi.gen/sources_1/ip/floating_point_0/floating_point_0/floating_point_0_in_context.xdc] for cell 'inst/dot_product_inst/dpe_inst/GEN_CONVERT[101].convert/fixed2float_inst'
Parsing XDC File [/home/malik/andromeda_ila/AXI-Dot-Product-Accelerator/Vivado/puzhi/puzhi.gen/sources_1/ip/floating_point_0/floating_point_0/floating_point_0_in_context.xdc] for cell 'inst/dot_product_inst/dpe_inst/GEN_CONVERT[102].convert/fixed2float_inst'
Finished Parsing XDC File [/home/malik/andromeda_ila/AXI-Dot-Product-Accelerator/Vivado/puzhi/puzhi.gen/sources_1/ip/floating_point_0/floating_point_0/floating_point_0_in_context.xdc] for cell 'inst/dot_product_inst/dpe_inst/GEN_CONVERT[102].convert/fixed2float_inst'
Parsing XDC File [/home/malik/andromeda_ila/AXI-Dot-Product-Accelerator/Vivado/puzhi/puzhi.gen/sources_1/ip/floating_point_0/floating_point_0/floating_point_0_in_context.xdc] for cell 'inst/dot_product_inst/dpe_inst/GEN_CONVERT[103].convert/fixed2float_inst'
Finished Parsing XDC File [/home/malik/andromeda_ila/AXI-Dot-Product-Accelerator/Vivado/puzhi/puzhi.gen/sources_1/ip/floating_point_0/floating_point_0/floating_point_0_in_context.xdc] for cell 'inst/dot_product_inst/dpe_inst/GEN_CONVERT[103].convert/fixed2float_inst'
Parsing XDC File [/home/malik/andromeda_ila/AXI-Dot-Product-Accelerator/Vivado/puzhi/puzhi.gen/sources_1/ip/floating_point_0/floating_point_0/floating_point_0_in_context.xdc] for cell 'inst/dot_product_inst/dpe_inst/GEN_CONVERT[104].convert/fixed2float_inst'
Finished Parsing XDC File [/home/malik/andromeda_ila/AXI-Dot-Product-Accelerator/Vivado/puzhi/puzhi.gen/sources_1/ip/floating_point_0/floating_point_0/floating_point_0_in_context.xdc] for cell 'inst/dot_product_inst/dpe_inst/GEN_CONVERT[104].convert/fixed2float_inst'
Parsing XDC File [/home/malik/andromeda_ila/AXI-Dot-Product-Accelerator/Vivado/puzhi/puzhi.gen/sources_1/ip/floating_point_0/floating_point_0/floating_point_0_in_context.xdc] for cell 'inst/dot_product_inst/dpe_inst/GEN_CONVERT[105].convert/fixed2float_inst'
Finished Parsing XDC File [/home/malik/andromeda_ila/AXI-Dot-Product-Accelerator/Vivado/puzhi/puzhi.gen/sources_1/ip/floating_point_0/floating_point_0/floating_point_0_in_context.xdc] for cell 'inst/dot_product_inst/dpe_inst/GEN_CONVERT[105].convert/fixed2float_inst'
Parsing XDC File [/home/malik/andromeda_ila/AXI-Dot-Product-Accelerator/Vivado/puzhi/puzhi.gen/sources_1/ip/floating_point_0/floating_point_0/floating_point_0_in_context.xdc] for cell 'inst/dot_product_inst/dpe_inst/GEN_CONVERT[106].convert/fixed2float_inst'
Finished Parsing XDC File [/home/malik/andromeda_ila/AXI-Dot-Product-Accelerator/Vivado/puzhi/puzhi.gen/sources_1/ip/floating_point_0/floating_point_0/floating_point_0_in_context.xdc] for cell 'inst/dot_product_inst/dpe_inst/GEN_CONVERT[106].convert/fixed2float_inst'
Parsing XDC File [/home/malik/andromeda_ila/AXI-Dot-Product-Accelerator/Vivado/puzhi/puzhi.gen/sources_1/ip/floating_point_0/floating_point_0/floating_point_0_in_context.xdc] for cell 'inst/dot_product_inst/dpe_inst/GEN_CONVERT[107].convert/fixed2float_inst'
Finished Parsing XDC File [/home/malik/andromeda_ila/AXI-Dot-Product-Accelerator/Vivado/puzhi/puzhi.gen/sources_1/ip/floating_point_0/floating_point_0/floating_point_0_in_context.xdc] for cell 'inst/dot_product_inst/dpe_inst/GEN_CONVERT[107].convert/fixed2float_inst'
Parsing XDC File [/home/malik/andromeda_ila/AXI-Dot-Product-Accelerator/Vivado/puzhi/puzhi.gen/sources_1/ip/floating_point_0/floating_point_0/floating_point_0_in_context.xdc] for cell 'inst/dot_product_inst/dpe_inst/GEN_CONVERT[108].convert/fixed2float_inst'
Finished Parsing XDC File [/home/malik/andromeda_ila/AXI-Dot-Product-Accelerator/Vivado/puzhi/puzhi.gen/sources_1/ip/floating_point_0/floating_point_0/floating_point_0_in_context.xdc] for cell 'inst/dot_product_inst/dpe_inst/GEN_CONVERT[108].convert/fixed2float_inst'
Parsing XDC File [/home/malik/andromeda_ila/AXI-Dot-Product-Accelerator/Vivado/puzhi/puzhi.gen/sources_1/ip/floating_point_0/floating_point_0/floating_point_0_in_context.xdc] for cell 'inst/dot_product_inst/dpe_inst/GEN_CONVERT[109].convert/fixed2float_inst'
Finished Parsing XDC File [/home/malik/andromeda_ila/AXI-Dot-Product-Accelerator/Vivado/puzhi/puzhi.gen/sources_1/ip/floating_point_0/floating_point_0/floating_point_0_in_context.xdc] for cell 'inst/dot_product_inst/dpe_inst/GEN_CONVERT[109].convert/fixed2float_inst'
Parsing XDC File [/home/malik/andromeda_ila/AXI-Dot-Product-Accelerator/Vivado/puzhi/puzhi.gen/sources_1/ip/floating_point_0/floating_point_0/floating_point_0_in_context.xdc] for cell 'inst/dot_product_inst/dpe_inst/GEN_CONVERT[110].convert/fixed2float_inst'
Finished Parsing XDC File [/home/malik/andromeda_ila/AXI-Dot-Product-Accelerator/Vivado/puzhi/puzhi.gen/sources_1/ip/floating_point_0/floating_point_0/floating_point_0_in_context.xdc] for cell 'inst/dot_product_inst/dpe_inst/GEN_CONVERT[110].convert/fixed2float_inst'
Parsing XDC File [/home/malik/andromeda_ila/AXI-Dot-Product-Accelerator/Vivado/puzhi/puzhi.gen/sources_1/ip/floating_point_0/floating_point_0/floating_point_0_in_context.xdc] for cell 'inst/dot_product_inst/dpe_inst/GEN_CONVERT[111].convert/fixed2float_inst'
Finished Parsing XDC File [/home/malik/andromeda_ila/AXI-Dot-Product-Accelerator/Vivado/puzhi/puzhi.gen/sources_1/ip/floating_point_0/floating_point_0/floating_point_0_in_context.xdc] for cell 'inst/dot_product_inst/dpe_inst/GEN_CONVERT[111].convert/fixed2float_inst'
Parsing XDC File [/home/malik/andromeda_ila/AXI-Dot-Product-Accelerator/Vivado/puzhi/puzhi.gen/sources_1/ip/floating_point_0/floating_point_0/floating_point_0_in_context.xdc] for cell 'inst/dot_product_inst/dpe_inst/GEN_CONVERT[112].convert/fixed2float_inst'
Finished Parsing XDC File [/home/malik/andromeda_ila/AXI-Dot-Product-Accelerator/Vivado/puzhi/puzhi.gen/sources_1/ip/floating_point_0/floating_point_0/floating_point_0_in_context.xdc] for cell 'inst/dot_product_inst/dpe_inst/GEN_CONVERT[112].convert/fixed2float_inst'
Parsing XDC File [/home/malik/andromeda_ila/AXI-Dot-Product-Accelerator/Vivado/puzhi/puzhi.gen/sources_1/ip/floating_point_0/floating_point_0/floating_point_0_in_context.xdc] for cell 'inst/dot_product_inst/dpe_inst/GEN_CONVERT[113].convert/fixed2float_inst'
Finished Parsing XDC File [/home/malik/andromeda_ila/AXI-Dot-Product-Accelerator/Vivado/puzhi/puzhi.gen/sources_1/ip/floating_point_0/floating_point_0/floating_point_0_in_context.xdc] for cell 'inst/dot_product_inst/dpe_inst/GEN_CONVERT[113].convert/fixed2float_inst'
Parsing XDC File [/home/malik/andromeda_ila/AXI-Dot-Product-Accelerator/Vivado/puzhi/puzhi.gen/sources_1/ip/floating_point_0/floating_point_0/floating_point_0_in_context.xdc] for cell 'inst/dot_product_inst/dpe_inst/GEN_CONVERT[114].convert/fixed2float_inst'
Finished Parsing XDC File [/home/malik/andromeda_ila/AXI-Dot-Product-Accelerator/Vivado/puzhi/puzhi.gen/sources_1/ip/floating_point_0/floating_point_0/floating_point_0_in_context.xdc] for cell 'inst/dot_product_inst/dpe_inst/GEN_CONVERT[114].convert/fixed2float_inst'
Parsing XDC File [/home/malik/andromeda_ila/AXI-Dot-Product-Accelerator/Vivado/puzhi/puzhi.gen/sources_1/ip/floating_point_0/floating_point_0/floating_point_0_in_context.xdc] for cell 'inst/dot_product_inst/dpe_inst/GEN_CONVERT[115].convert/fixed2float_inst'
Finished Parsing XDC File [/home/malik/andromeda_ila/AXI-Dot-Product-Accelerator/Vivado/puzhi/puzhi.gen/sources_1/ip/floating_point_0/floating_point_0/floating_point_0_in_context.xdc] for cell 'inst/dot_product_inst/dpe_inst/GEN_CONVERT[115].convert/fixed2float_inst'
Parsing XDC File [/home/malik/andromeda_ila/AXI-Dot-Product-Accelerator/Vivado/puzhi/puzhi.gen/sources_1/ip/floating_point_0/floating_point_0/floating_point_0_in_context.xdc] for cell 'inst/dot_product_inst/dpe_inst/GEN_CONVERT[116].convert/fixed2float_inst'
Finished Parsing XDC File [/home/malik/andromeda_ila/AXI-Dot-Product-Accelerator/Vivado/puzhi/puzhi.gen/sources_1/ip/floating_point_0/floating_point_0/floating_point_0_in_context.xdc] for cell 'inst/dot_product_inst/dpe_inst/GEN_CONVERT[116].convert/fixed2float_inst'
Parsing XDC File [/home/malik/andromeda_ila/AXI-Dot-Product-Accelerator/Vivado/puzhi/puzhi.gen/sources_1/ip/floating_point_0/floating_point_0/floating_point_0_in_context.xdc] for cell 'inst/dot_product_inst/dpe_inst/GEN_CONVERT[117].convert/fixed2float_inst'
Finished Parsing XDC File [/home/malik/andromeda_ila/AXI-Dot-Product-Accelerator/Vivado/puzhi/puzhi.gen/sources_1/ip/floating_point_0/floating_point_0/floating_point_0_in_context.xdc] for cell 'inst/dot_product_inst/dpe_inst/GEN_CONVERT[117].convert/fixed2float_inst'
Parsing XDC File [/home/malik/andromeda_ila/AXI-Dot-Product-Accelerator/Vivado/puzhi/puzhi.gen/sources_1/ip/floating_point_0/floating_point_0/floating_point_0_in_context.xdc] for cell 'inst/dot_product_inst/dpe_inst/GEN_CONVERT[118].convert/fixed2float_inst'
Finished Parsing XDC File [/home/malik/andromeda_ila/AXI-Dot-Product-Accelerator/Vivado/puzhi/puzhi.gen/sources_1/ip/floating_point_0/floating_point_0/floating_point_0_in_context.xdc] for cell 'inst/dot_product_inst/dpe_inst/GEN_CONVERT[118].convert/fixed2float_inst'
Parsing XDC File [/home/malik/andromeda_ila/AXI-Dot-Product-Accelerator/Vivado/puzhi/puzhi.gen/sources_1/ip/floating_point_0/floating_point_0/floating_point_0_in_context.xdc] for cell 'inst/dot_product_inst/dpe_inst/GEN_CONVERT[119].convert/fixed2float_inst'
Finished Parsing XDC File [/home/malik/andromeda_ila/AXI-Dot-Product-Accelerator/Vivado/puzhi/puzhi.gen/sources_1/ip/floating_point_0/floating_point_0/floating_point_0_in_context.xdc] for cell 'inst/dot_product_inst/dpe_inst/GEN_CONVERT[119].convert/fixed2float_inst'
Parsing XDC File [/home/malik/andromeda_ila/AXI-Dot-Product-Accelerator/Vivado/puzhi/puzhi.gen/sources_1/ip/floating_point_0/floating_point_0/floating_point_0_in_context.xdc] for cell 'inst/dot_product_inst/dpe_inst/GEN_CONVERT[120].convert/fixed2float_inst'
Finished Parsing XDC File [/home/malik/andromeda_ila/AXI-Dot-Product-Accelerator/Vivado/puzhi/puzhi.gen/sources_1/ip/floating_point_0/floating_point_0/floating_point_0_in_context.xdc] for cell 'inst/dot_product_inst/dpe_inst/GEN_CONVERT[120].convert/fixed2float_inst'
Parsing XDC File [/home/malik/andromeda_ila/AXI-Dot-Product-Accelerator/Vivado/puzhi/puzhi.gen/sources_1/ip/floating_point_0/floating_point_0/floating_point_0_in_context.xdc] for cell 'inst/dot_product_inst/dpe_inst/GEN_CONVERT[121].convert/fixed2float_inst'
Finished Parsing XDC File [/home/malik/andromeda_ila/AXI-Dot-Product-Accelerator/Vivado/puzhi/puzhi.gen/sources_1/ip/floating_point_0/floating_point_0/floating_point_0_in_context.xdc] for cell 'inst/dot_product_inst/dpe_inst/GEN_CONVERT[121].convert/fixed2float_inst'
Parsing XDC File [/home/malik/andromeda_ila/AXI-Dot-Product-Accelerator/Vivado/puzhi/puzhi.gen/sources_1/ip/floating_point_0/floating_point_0/floating_point_0_in_context.xdc] for cell 'inst/dot_product_inst/dpe_inst/GEN_CONVERT[122].convert/fixed2float_inst'
Finished Parsing XDC File [/home/malik/andromeda_ila/AXI-Dot-Product-Accelerator/Vivado/puzhi/puzhi.gen/sources_1/ip/floating_point_0/floating_point_0/floating_point_0_in_context.xdc] for cell 'inst/dot_product_inst/dpe_inst/GEN_CONVERT[122].convert/fixed2float_inst'
Parsing XDC File [/home/malik/andromeda_ila/AXI-Dot-Product-Accelerator/Vivado/puzhi/puzhi.gen/sources_1/ip/floating_point_0/floating_point_0/floating_point_0_in_context.xdc] for cell 'inst/dot_product_inst/dpe_inst/GEN_CONVERT[123].convert/fixed2float_inst'
Finished Parsing XDC File [/home/malik/andromeda_ila/AXI-Dot-Product-Accelerator/Vivado/puzhi/puzhi.gen/sources_1/ip/floating_point_0/floating_point_0/floating_point_0_in_context.xdc] for cell 'inst/dot_product_inst/dpe_inst/GEN_CONVERT[123].convert/fixed2float_inst'
Parsing XDC File [/home/malik/andromeda_ila/AXI-Dot-Product-Accelerator/Vivado/puzhi/puzhi.gen/sources_1/ip/floating_point_0/floating_point_0/floating_point_0_in_context.xdc] for cell 'inst/dot_product_inst/dpe_inst/GEN_CONVERT[124].convert/fixed2float_inst'
Finished Parsing XDC File [/home/malik/andromeda_ila/AXI-Dot-Product-Accelerator/Vivado/puzhi/puzhi.gen/sources_1/ip/floating_point_0/floating_point_0/floating_point_0_in_context.xdc] for cell 'inst/dot_product_inst/dpe_inst/GEN_CONVERT[124].convert/fixed2float_inst'
Parsing XDC File [/home/malik/andromeda_ila/AXI-Dot-Product-Accelerator/Vivado/puzhi/puzhi.gen/sources_1/ip/floating_point_0/floating_point_0/floating_point_0_in_context.xdc] for cell 'inst/dot_product_inst/dpe_inst/GEN_CONVERT[125].convert/fixed2float_inst'
Finished Parsing XDC File [/home/malik/andromeda_ila/AXI-Dot-Product-Accelerator/Vivado/puzhi/puzhi.gen/sources_1/ip/floating_point_0/floating_point_0/floating_point_0_in_context.xdc] for cell 'inst/dot_product_inst/dpe_inst/GEN_CONVERT[125].convert/fixed2float_inst'
Parsing XDC File [/home/malik/andromeda_ila/AXI-Dot-Product-Accelerator/Vivado/puzhi/puzhi.gen/sources_1/ip/floating_point_0/floating_point_0/floating_point_0_in_context.xdc] for cell 'inst/dot_product_inst/dpe_inst/GEN_CONVERT[126].convert/fixed2float_inst'
Finished Parsing XDC File [/home/malik/andromeda_ila/AXI-Dot-Product-Accelerator/Vivado/puzhi/puzhi.gen/sources_1/ip/floating_point_0/floating_point_0/floating_point_0_in_context.xdc] for cell 'inst/dot_product_inst/dpe_inst/GEN_CONVERT[126].convert/fixed2float_inst'
Parsing XDC File [/home/malik/andromeda_ila/AXI-Dot-Product-Accelerator/Vivado/puzhi/puzhi.gen/sources_1/ip/floating_point_0/floating_point_0/floating_point_0_in_context.xdc] for cell 'inst/dot_product_inst/dpe_inst/GEN_CONVERT[127].convert/fixed2float_inst'
Finished Parsing XDC File [/home/malik/andromeda_ila/AXI-Dot-Product-Accelerator/Vivado/puzhi/puzhi.gen/sources_1/ip/floating_point_0/floating_point_0/floating_point_0_in_context.xdc] for cell 'inst/dot_product_inst/dpe_inst/GEN_CONVERT[127].convert/fixed2float_inst'
Parsing XDC File [/home/malik/andromeda_ila/AXI-Dot-Product-Accelerator/Vivado/puzhi/puzhi.gen/sources_1/ip/sdp_w4096x2_r4096x2/sdp_w4096x2_r4096x2/sdp_w4096x2_r4096x2_in_context.xdc] for cell 'inst/bram_sdp_x_vector'
Finished Parsing XDC File [/home/malik/andromeda_ila/AXI-Dot-Product-Accelerator/Vivado/puzhi/puzhi.gen/sources_1/ip/sdp_w4096x2_r4096x2/sdp_w4096x2_r4096x2/sdp_w4096x2_r4096x2_in_context.xdc] for cell 'inst/bram_sdp_x_vector'
Parsing XDC File [/home/malik/andromeda_ila/AXI-Dot-Product-Accelerator/Vivado/puzhi/puzhi.gen/sources_1/bd/andromeda/ip/andromeda_axi_dpe_0_0/andromeda_axi_dpe_0_0_ooc.xdc] for cell 'inst'
Finished Parsing XDC File [/home/malik/andromeda_ila/AXI-Dot-Product-Accelerator/Vivado/puzhi/puzhi.gen/sources_1/bd/andromeda/ip/andromeda_axi_dpe_0_0/andromeda_axi_dpe_0_0_ooc.xdc] for cell 'inst'
Parsing XDC File [/home/malik/andromeda_ila/AXI-Dot-Product-Accelerator/Vivado/puzhi/puzhi.runs/andromeda_axi_dpe_0_0_synth_1/dont_touch.xdc]
Finished Parsing XDC File [/home/malik/andromeda_ila/AXI-Dot-Product-Accelerator/Vivado/puzhi/puzhi.runs/andromeda_axi_dpe_0_0_synth_1/dont_touch.xdc]
Completed Processing XDC Constraints

Netlist sorting complete. Time (s): cpu = 00:00:00 ; elapsed = 00:00:00.01 . Memory (MB): peak = 3016.496 ; gain = 0.000 ; free physical = 44666 ; free virtual = 56084
INFO: [Project 1-111] Unisim Transformation Summary:
No Unisim elements were transformed.

Constraint Validation Runtime : Time (s): cpu = 00:00:00.32 ; elapsed = 00:00:00.12 . Memory (MB): peak = 3024.434 ; gain = 7.938 ; free physical = 44626 ; free virtual = 56048
INFO: [Designutils 20-5008] Incremental synthesis strategy off
---------------------------------------------------------------------------------
Finished Constraint Validation : Time (s): cpu = 00:00:10 ; elapsed = 00:00:10 . Memory (MB): peak = 3024.434 ; gain = 435.582 ; free physical = 42434 ; free virtual = 53883
---------------------------------------------------------------------------------
---------------------------------------------------------------------------------
Start Loading Part and Timing Information
---------------------------------------------------------------------------------
Loading part: xcku5p-ffvb676-2-i
INFO: [Synth 8-6742] Reading net delay rules and data
---------------------------------------------------------------------------------
Finished Loading Part and Timing Information : Time (s): cpu = 00:00:10 ; elapsed = 00:00:10 . Memory (MB): peak = 3032.438 ; gain = 443.586 ; free physical = 42430 ; free virtual = 53879
---------------------------------------------------------------------------------
---------------------------------------------------------------------------------
Start Applying 'set_property' XDC Constraints
---------------------------------------------------------------------------------
Applied set_property KEEP_HIERARCHY = SOFT for inst. (constraint file  /home/malik/andromeda_ila/AXI-Dot-Product-Accelerator/Vivado/puzhi/puzhi.runs/andromeda_axi_dpe_0_0_synth_1/dont_touch.xdc, line 24).
Applied set_property KEEP_HIERARCHY = SOFT for inst/dot_product_inst/dpe_inst/add7. (constraint file  auto generated constraint).
Applied set_property KEEP_HIERARCHY = SOFT for inst/dot_product_inst/dpe_inst/\genblk4[0].add1 . (constraint file  auto generated constraint).
Applied set_property KEEP_HIERARCHY = SOFT for inst/dot_product_inst/dpe_inst/\genblk4[10].add1 . (constraint file  auto generated constraint).
Applied set_property KEEP_HIERARCHY = SOFT for inst/dot_product_inst/dpe_inst/\genblk4[11].add1 . (constraint file  auto generated constraint).
Applied set_property KEEP_HIERARCHY = SOFT for inst/dot_product_inst/dpe_inst/\genblk4[12].add1 . (constraint file  auto generated constraint).
Applied set_property KEEP_HIERARCHY = SOFT for inst/dot_product_inst/dpe_inst/\genblk4[13].add1 . (constraint file  auto generated constraint).
Applied set_property KEEP_HIERARCHY = SOFT for inst/dot_product_inst/dpe_inst/\genblk4[14].add1 . (constraint file  auto generated constraint).
Applied set_property KEEP_HIERARCHY = SOFT for inst/dot_product_inst/dpe_inst/\genblk4[15].add1 . (constraint file  auto generated constraint).
Applied set_property KEEP_HIERARCHY = SOFT for inst/dot_product_inst/dpe_inst/\genblk4[16].add1 . (constraint file  auto generated constraint).
Applied set_property KEEP_HIERARCHY = SOFT for inst/dot_product_inst/dpe_inst/\genblk4[17].add1 . (constraint file  auto generated constraint).
Applied set_property KEEP_HIERARCHY = SOFT for inst/dot_product_inst/dpe_inst/\genblk4[18].add1 . (constraint file  auto generated constraint).
Applied set_property KEEP_HIERARCHY = SOFT for inst/dot_product_inst/dpe_inst/\genblk4[19].add1 . (constraint file  auto generated constraint).
Applied set_property KEEP_HIERARCHY = SOFT for inst/dot_product_inst/dpe_inst/\genblk4[1].add1 . (constraint file  auto generated constraint).
Applied set_property KEEP_HIERARCHY = SOFT for inst/dot_product_inst/dpe_inst/\genblk4[20].add1 . (constraint file  auto generated constraint).
Applied set_property KEEP_HIERARCHY = SOFT for inst/dot_product_inst/dpe_inst/\genblk4[21].add1 . (constraint file  auto generated constraint).
Applied set_property KEEP_HIERARCHY = SOFT for inst/dot_product_inst/dpe_inst/\genblk4[22].add1 . (constraint file  auto generated constraint).
Applied set_property KEEP_HIERARCHY = SOFT for inst/dot_product_inst/dpe_inst/\genblk4[23].add1 . (constraint file  auto generated constraint).
Applied set_property KEEP_HIERARCHY = SOFT for inst/dot_product_inst/dpe_inst/\genblk4[24].add1 . (constraint file  auto generated constraint).
Applied set_property KEEP_HIERARCHY = SOFT for inst/dot_product_inst/dpe_inst/\genblk4[25].add1 . (constraint file  auto generated constraint).
Applied set_property KEEP_HIERARCHY = SOFT for inst/dot_product_inst/dpe_inst/\genblk4[26].add1 . (constraint file  auto generated constraint).
Applied set_property KEEP_HIERARCHY = SOFT for inst/dot_product_inst/dpe_inst/\genblk4[27].add1 . (constraint file  auto generated constraint).
Applied set_property KEEP_HIERARCHY = SOFT for inst/dot_product_inst/dpe_inst/\genblk4[28].add1 . (constraint file  auto generated constraint).
Applied set_property KEEP_HIERARCHY = SOFT for inst/dot_product_inst/dpe_inst/\genblk4[29].add1 . (constraint file  auto generated constraint).
Applied set_property KEEP_HIERARCHY = SOFT for inst/dot_product_inst/dpe_inst/\genblk4[2].add1 . (constraint file  auto generated constraint).
Applied set_property KEEP_HIERARCHY = SOFT for inst/dot_product_inst/dpe_inst/\genblk4[30].add1 . (constraint file  auto generated constraint).
Applied set_property KEEP_HIERARCHY = SOFT for inst/dot_product_inst/dpe_inst/\genblk4[31].add1 . (constraint file  auto generated constraint).
Applied set_property KEEP_HIERARCHY = SOFT for inst/dot_product_inst/dpe_inst/\genblk4[32].add1 . (constraint file  auto generated constraint).
Applied set_property KEEP_HIERARCHY = SOFT for inst/dot_product_inst/dpe_inst/\genblk4[33].add1 . (constraint file  auto generated constraint).
Applied set_property KEEP_HIERARCHY = SOFT for inst/dot_product_inst/dpe_inst/\genblk4[34].add1 . (constraint file  auto generated constraint).
Applied set_property KEEP_HIERARCHY = SOFT for inst/dot_product_inst/dpe_inst/\genblk4[35].add1 . (constraint file  auto generated constraint).
Applied set_property KEEP_HIERARCHY = SOFT for inst/dot_product_inst/dpe_inst/\genblk4[36].add1 . (constraint file  auto generated constraint).
Applied set_property KEEP_HIERARCHY = SOFT for inst/dot_product_inst/dpe_inst/\genblk4[37].add1 . (constraint file  auto generated constraint).
Applied set_property KEEP_HIERARCHY = SOFT for inst/dot_product_inst/dpe_inst/\genblk4[38].add1 . (constraint file  auto generated constraint).
Applied set_property KEEP_HIERARCHY = SOFT for inst/dot_product_inst/dpe_inst/\genblk4[39].add1 . (constraint file  auto generated constraint).
Applied set_property KEEP_HIERARCHY = SOFT for inst/dot_product_inst/dpe_inst/\genblk4[3].add1 . (constraint file  auto generated constraint).
Applied set_property KEEP_HIERARCHY = SOFT for inst/dot_product_inst/dpe_inst/\genblk4[40].add1 . (constraint file  auto generated constraint).
Applied set_property KEEP_HIERARCHY = SOFT for inst/dot_product_inst/dpe_inst/\genblk4[41].add1 . (constraint file  auto generated constraint).
Applied set_property KEEP_HIERARCHY = SOFT for inst/dot_product_inst/dpe_inst/\genblk4[42].add1 . (constraint file  auto generated constraint).
Applied set_property KEEP_HIERARCHY = SOFT for inst/dot_product_inst/dpe_inst/\genblk4[43].add1 . (constraint file  auto generated constraint).
Applied set_property KEEP_HIERARCHY = SOFT for inst/dot_product_inst/dpe_inst/\genblk4[44].add1 . (constraint file  auto generated constraint).
Applied set_property KEEP_HIERARCHY = SOFT for inst/dot_product_inst/dpe_inst/\genblk4[45].add1 . (constraint file  auto generated constraint).
Applied set_property KEEP_HIERARCHY = SOFT for inst/dot_product_inst/dpe_inst/\genblk4[46].add1 . (constraint file  auto generated constraint).
Applied set_property KEEP_HIERARCHY = SOFT for inst/dot_product_inst/dpe_inst/\genblk4[47].add1 . (constraint file  auto generated constraint).
Applied set_property KEEP_HIERARCHY = SOFT for inst/dot_product_inst/dpe_inst/\genblk4[48].add1 . (constraint file  auto generated constraint).
Applied set_property KEEP_HIERARCHY = SOFT for inst/dot_product_inst/dpe_inst/\genblk4[49].add1 . (constraint file  auto generated constraint).
Applied set_property KEEP_HIERARCHY = SOFT for inst/dot_product_inst/dpe_inst/\genblk4[4].add1 . (constraint file  auto generated constraint).
Applied set_property KEEP_HIERARCHY = SOFT for inst/dot_product_inst/dpe_inst/\genblk4[50].add1 . (constraint file  auto generated constraint).
Applied set_property KEEP_HIERARCHY = SOFT for inst/dot_product_inst/dpe_inst/\genblk4[51].add1 . (constraint file  auto generated constraint).
Applied set_property KEEP_HIERARCHY = SOFT for inst/dot_product_inst/dpe_inst/\genblk4[52].add1 . (constraint file  auto generated constraint).
Applied set_property KEEP_HIERARCHY = SOFT for inst/dot_product_inst/dpe_inst/\genblk4[53].add1 . (constraint file  auto generated constraint).
Applied set_property KEEP_HIERARCHY = SOFT for inst/dot_product_inst/dpe_inst/\genblk4[54].add1 . (constraint file  auto generated constraint).
Applied set_property KEEP_HIERARCHY = SOFT for inst/dot_product_inst/dpe_inst/\genblk4[55].add1 . (constraint file  auto generated constraint).
Applied set_property KEEP_HIERARCHY = SOFT for inst/dot_product_inst/dpe_inst/\genblk4[56].add1 . (constraint file  auto generated constraint).
Applied set_property KEEP_HIERARCHY = SOFT for inst/dot_product_inst/dpe_inst/\genblk4[57].add1 . (constraint file  auto generated constraint).
Applied set_property KEEP_HIERARCHY = SOFT for inst/dot_product_inst/dpe_inst/\genblk4[58].add1 . (constraint file  auto generated constraint).
Applied set_property KEEP_HIERARCHY = SOFT for inst/dot_product_inst/dpe_inst/\genblk4[59].add1 . (constraint file  auto generated constraint).
Applied set_property KEEP_HIERARCHY = SOFT for inst/dot_product_inst/dpe_inst/\genblk4[5].add1 . (constraint file  auto generated constraint).
Applied set_property KEEP_HIERARCHY = SOFT for inst/dot_product_inst/dpe_inst/\genblk4[60].add1 . (constraint file  auto generated constraint).
Applied set_property KEEP_HIERARCHY = SOFT for inst/dot_product_inst/dpe_inst/\genblk4[61].add1 . (constraint file  auto generated constraint).
Applied set_property KEEP_HIERARCHY = SOFT for inst/dot_product_inst/dpe_inst/\genblk4[62].add1 . (constraint file  auto generated constraint).
Applied set_property KEEP_HIERARCHY = SOFT for inst/dot_product_inst/dpe_inst/\genblk4[63].add1 . (constraint file  auto generated constraint).
Applied set_property KEEP_HIERARCHY = SOFT for inst/dot_product_inst/dpe_inst/\genblk4[6].add1 . (constraint file  auto generated constraint).
Applied set_property KEEP_HIERARCHY = SOFT for inst/dot_product_inst/dpe_inst/\genblk4[7].add1 . (constraint file  auto generated constraint).
Applied set_property KEEP_HIERARCHY = SOFT for inst/dot_product_inst/dpe_inst/\genblk4[8].add1 . (constraint file  auto generated constraint).
Applied set_property KEEP_HIERARCHY = SOFT for inst/dot_product_inst/dpe_inst/\genblk4[9].add1 . (constraint file  auto generated constraint).
Applied set_property KEEP_HIERARCHY = SOFT for inst/dot_product_inst/dpe_inst/\genblk5[0].add2 . (constraint file  auto generated constraint).
Applied set_property KEEP_HIERARCHY = SOFT for inst/dot_product_inst/dpe_inst/\genblk5[10].add2 . (constraint file  auto generated constraint).
Applied set_property KEEP_HIERARCHY = SOFT for inst/dot_product_inst/dpe_inst/\genblk5[11].add2 . (constraint file  auto generated constraint).
Applied set_property KEEP_HIERARCHY = SOFT for inst/dot_product_inst/dpe_inst/\genblk5[12].add2 . (constraint file  auto generated constraint).
Applied set_property KEEP_HIERARCHY = SOFT for inst/dot_product_inst/dpe_inst/\genblk5[13].add2 . (constraint file  auto generated constraint).
Applied set_property KEEP_HIERARCHY = SOFT for inst/dot_product_inst/dpe_inst/\genblk5[14].add2 . (constraint file  auto generated constraint).
Applied set_property KEEP_HIERARCHY = SOFT for inst/dot_product_inst/dpe_inst/\genblk5[15].add2 . (constraint file  auto generated constraint).
Applied set_property KEEP_HIERARCHY = SOFT for inst/dot_product_inst/dpe_inst/\genblk5[16].add2 . (constraint file  auto generated constraint).
Applied set_property KEEP_HIERARCHY = SOFT for inst/dot_product_inst/dpe_inst/\genblk5[17].add2 . (constraint file  auto generated constraint).
Applied set_property KEEP_HIERARCHY = SOFT for inst/dot_product_inst/dpe_inst/\genblk5[18].add2 . (constraint file  auto generated constraint).
Applied set_property KEEP_HIERARCHY = SOFT for inst/dot_product_inst/dpe_inst/\genblk5[19].add2 . (constraint file  auto generated constraint).
Applied set_property KEEP_HIERARCHY = SOFT for inst/dot_product_inst/dpe_inst/\genblk5[1].add2 . (constraint file  auto generated constraint).
Applied set_property KEEP_HIERARCHY = SOFT for inst/dot_product_inst/dpe_inst/\genblk5[20].add2 . (constraint file  auto generated constraint).
Applied set_property KEEP_HIERARCHY = SOFT for inst/dot_product_inst/dpe_inst/\genblk5[21].add2 . (constraint file  auto generated constraint).
Applied set_property KEEP_HIERARCHY = SOFT for inst/dot_product_inst/dpe_inst/\genblk5[22].add2 . (constraint file  auto generated constraint).
Applied set_property KEEP_HIERARCHY = SOFT for inst/dot_product_inst/dpe_inst/\genblk5[23].add2 . (constraint file  auto generated constraint).
Applied set_property KEEP_HIERARCHY = SOFT for inst/dot_product_inst/dpe_inst/\genblk5[24].add2 . (constraint file  auto generated constraint).
Applied set_property KEEP_HIERARCHY = SOFT for inst/dot_product_inst/dpe_inst/\genblk5[25].add2 . (constraint file  auto generated constraint).
Applied set_property KEEP_HIERARCHY = SOFT for inst/dot_product_inst/dpe_inst/\genblk5[26].add2 . (constraint file  auto generated constraint).
Applied set_property KEEP_HIERARCHY = SOFT for inst/dot_product_inst/dpe_inst/\genblk5[27].add2 . (constraint file  auto generated constraint).
Applied set_property KEEP_HIERARCHY = SOFT for inst/dot_product_inst/dpe_inst/\genblk5[28].add2 . (constraint file  auto generated constraint).
Applied set_property KEEP_HIERARCHY = SOFT for inst/dot_product_inst/dpe_inst/\genblk5[29].add2 . (constraint file  auto generated constraint).
Applied set_property KEEP_HIERARCHY = SOFT for inst/dot_product_inst/dpe_inst/\genblk5[2].add2 . (constraint file  auto generated constraint).
Applied set_property KEEP_HIERARCHY = SOFT for inst/dot_product_inst/dpe_inst/\genblk5[30].add2 . (constraint file  auto generated constraint).
Applied set_property KEEP_HIERARCHY = SOFT for inst/dot_product_inst/dpe_inst/\genblk5[31].add2 . (constraint file  auto generated constraint).
Applied set_property KEEP_HIERARCHY = SOFT for inst/dot_product_inst/dpe_inst/\genblk5[3].add2 . (constraint file  auto generated constraint).
Applied set_property KEEP_HIERARCHY = SOFT for inst/dot_product_inst/dpe_inst/\genblk5[4].add2 . (constraint file  auto generated constraint).
Applied set_property KEEP_HIERARCHY = SOFT for inst/dot_product_inst/dpe_inst/\genblk5[5].add2 . (constraint file  auto generated constraint).
Applied set_property KEEP_HIERARCHY = SOFT for inst/dot_product_inst/dpe_inst/\genblk5[6].add2 . (constraint file  auto generated constraint).
Applied set_property KEEP_HIERARCHY = SOFT for inst/dot_product_inst/dpe_inst/\genblk5[7].add2 . (constraint file  auto generated constraint).
Applied set_property KEEP_HIERARCHY = SOFT for inst/dot_product_inst/dpe_inst/\genblk5[8].add2 . (constraint file  auto generated constraint).
Applied set_property KEEP_HIERARCHY = SOFT for inst/dot_product_inst/dpe_inst/\genblk5[9].add2 . (constraint file  auto generated constraint).
Applied set_property KEEP_HIERARCHY = SOFT for inst/dot_product_inst/dpe_inst/\genblk6[0].add3 . (constraint file  auto generated constraint).
Applied set_property KEEP_HIERARCHY = SOFT for inst/dot_product_inst/dpe_inst/\genblk6[10].add3 . (constraint file  auto generated constraint).
Applied set_property KEEP_HIERARCHY = SOFT for inst/dot_product_inst/dpe_inst/\genblk6[11].add3 . (constraint file  auto generated constraint).
Applied set_property KEEP_HIERARCHY = SOFT for inst/dot_product_inst/dpe_inst/\genblk6[12].add3 . (constraint file  auto generated constraint).
Applied set_property KEEP_HIERARCHY = SOFT for inst/dot_product_inst/dpe_inst/\genblk6[13].add3 . (constraint file  auto generated constraint).
Applied set_property KEEP_HIERARCHY = SOFT for inst/dot_product_inst/dpe_inst/\genblk6[14].add3 . (constraint file  auto generated constraint).
Applied set_property KEEP_HIERARCHY = SOFT for inst/dot_product_inst/dpe_inst/\genblk6[15].add3 . (constraint file  auto generated constraint).
Applied set_property KEEP_HIERARCHY = SOFT for inst/dot_product_inst/dpe_inst/\genblk6[1].add3 . (constraint file  auto generated constraint).
Applied set_property KEEP_HIERARCHY = SOFT for inst/dot_product_inst/dpe_inst/\genblk6[2].add3 . (constraint file  auto generated constraint).
Applied set_property KEEP_HIERARCHY = SOFT for inst/dot_product_inst/dpe_inst/\genblk6[3].add3 . (constraint file  auto generated constraint).
Applied set_property KEEP_HIERARCHY = SOFT for inst/dot_product_inst/dpe_inst/\genblk6[4].add3 . (constraint file  auto generated constraint).
Applied set_property KEEP_HIERARCHY = SOFT for inst/dot_product_inst/dpe_inst/\genblk6[5].add3 . (constraint file  auto generated constraint).
Applied set_property KEEP_HIERARCHY = SOFT for inst/dot_product_inst/dpe_inst/\genblk6[6].add3 . (constraint file  auto generated constraint).
Applied set_property KEEP_HIERARCHY = SOFT for inst/dot_product_inst/dpe_inst/\genblk6[7].add3 . (constraint file  auto generated constraint).
Applied set_property KEEP_HIERARCHY = SOFT for inst/dot_product_inst/dpe_inst/\genblk6[8].add3 . (constraint file  auto generated constraint).
Applied set_property KEEP_HIERARCHY = SOFT for inst/dot_product_inst/dpe_inst/\genblk6[9].add3 . (constraint file  auto generated constraint).
Applied set_property KEEP_HIERARCHY = SOFT for inst/dot_product_inst/dpe_inst/\genblk7[0].add4 . (constraint file  auto generated constraint).
Applied set_property KEEP_HIERARCHY = SOFT for inst/dot_product_inst/dpe_inst/\genblk7[1].add4 . (constraint file  auto generated constraint).
Applied set_property KEEP_HIERARCHY = SOFT for inst/dot_product_inst/dpe_inst/\genblk7[2].add4 . (constraint file  auto generated constraint).
Applied set_property KEEP_HIERARCHY = SOFT for inst/dot_product_inst/dpe_inst/\genblk7[3].add4 . (constraint file  auto generated constraint).
Applied set_property KEEP_HIERARCHY = SOFT for inst/dot_product_inst/dpe_inst/\genblk7[4].add4 . (constraint file  auto generated constraint).
Applied set_property KEEP_HIERARCHY = SOFT for inst/dot_product_inst/dpe_inst/\genblk7[5].add4 . (constraint file  auto generated constraint).
Applied set_property KEEP_HIERARCHY = SOFT for inst/dot_product_inst/dpe_inst/\genblk7[6].add4 . (constraint file  auto generated constraint).
Applied set_property KEEP_HIERARCHY = SOFT for inst/dot_product_inst/dpe_inst/\genblk7[7].add4 . (constraint file  auto generated constraint).
Applied set_property KEEP_HIERARCHY = SOFT for inst/dot_product_inst/dpe_inst/\genblk8[0].add5 . (constraint file  auto generated constraint).
Applied set_property KEEP_HIERARCHY = SOFT for inst/dot_product_inst/dpe_inst/\genblk8[1].add5 . (constraint file  auto generated constraint).
Applied set_property KEEP_HIERARCHY = SOFT for inst/dot_product_inst/dpe_inst/\genblk8[2].add5 . (constraint file  auto generated constraint).
Applied set_property KEEP_HIERARCHY = SOFT for inst/dot_product_inst/dpe_inst/\genblk8[3].add5 . (constraint file  auto generated constraint).
Applied set_property KEEP_HIERARCHY = SOFT for inst/dot_product_inst/dpe_inst/\genblk9[0].add6 . (constraint file  auto generated constraint).
Applied set_property KEEP_HIERARCHY = SOFT for inst/dot_product_inst/dpe_inst/\genblk9[1].add6 . (constraint file  auto generated constraint).
Applied set_property KEEP_HIERARCHY = SOFT for inst/dot_product_inst/dpe_inst/\GEN_MUL[0].fp_mult . (constraint file  auto generated constraint).
Applied set_property KEEP_HIERARCHY = SOFT for inst/dot_product_inst/dpe_inst/\GEN_MUL[100].fp_mult . (constraint file  auto generated constraint).
Applied set_property KEEP_HIERARCHY = SOFT for inst/dot_product_inst/dpe_inst/\GEN_MUL[101].fp_mult . (constraint file  auto generated constraint).
Applied set_property KEEP_HIERARCHY = SOFT for inst/dot_product_inst/dpe_inst/\GEN_MUL[102].fp_mult . (constraint file  auto generated constraint).
Applied set_property KEEP_HIERARCHY = SOFT for inst/dot_product_inst/dpe_inst/\GEN_MUL[103].fp_mult . (constraint file  auto generated constraint).
Applied set_property KEEP_HIERARCHY = SOFT for inst/dot_product_inst/dpe_inst/\GEN_MUL[104].fp_mult . (constraint file  auto generated constraint).
Applied set_property KEEP_HIERARCHY = SOFT for inst/dot_product_inst/dpe_inst/\GEN_MUL[105].fp_mult . (constraint file  auto generated constraint).
Applied set_property KEEP_HIERARCHY = SOFT for inst/dot_product_inst/dpe_inst/\GEN_MUL[106].fp_mult . (constraint file  auto generated constraint).
Applied set_property KEEP_HIERARCHY = SOFT for inst/dot_product_inst/dpe_inst/\GEN_MUL[107].fp_mult . (constraint file  auto generated constraint).
Applied set_property KEEP_HIERARCHY = SOFT for inst/dot_product_inst/dpe_inst/\GEN_MUL[108].fp_mult . (constraint file  auto generated constraint).
Applied set_property KEEP_HIERARCHY = SOFT for inst/dot_product_inst/dpe_inst/\GEN_MUL[109].fp_mult . (constraint file  auto generated constraint).
Applied set_property KEEP_HIERARCHY = SOFT for inst/dot_product_inst/dpe_inst/\GEN_MUL[10].fp_mult . (constraint file  auto generated constraint).
Applied set_property KEEP_HIERARCHY = SOFT for inst/dot_product_inst/dpe_inst/\GEN_MUL[110].fp_mult . (constraint file  auto generated constraint).
Applied set_property KEEP_HIERARCHY = SOFT for inst/dot_product_inst/dpe_inst/\GEN_MUL[111].fp_mult . (constraint file  auto generated constraint).
Applied set_property KEEP_HIERARCHY = SOFT for inst/dot_product_inst/dpe_inst/\GEN_MUL[112].fp_mult . (constraint file  auto generated constraint).
Applied set_property KEEP_HIERARCHY = SOFT for inst/dot_product_inst/dpe_inst/\GEN_MUL[113].fp_mult . (constraint file  auto generated constraint).
Applied set_property KEEP_HIERARCHY = SOFT for inst/dot_product_inst/dpe_inst/\GEN_MUL[114].fp_mult . (constraint file  auto generated constraint).
Applied set_property KEEP_HIERARCHY = SOFT for inst/dot_product_inst/dpe_inst/\GEN_MUL[115].fp_mult . (constraint file  auto generated constraint).
Applied set_property KEEP_HIERARCHY = SOFT for inst/dot_product_inst/dpe_inst/\GEN_MUL[116].fp_mult . (constraint file  auto generated constraint).
Applied set_property KEEP_HIERARCHY = SOFT for inst/dot_product_inst/dpe_inst/\GEN_MUL[117].fp_mult . (constraint file  auto generated constraint).
Applied set_property KEEP_HIERARCHY = SOFT for inst/dot_product_inst/dpe_inst/\GEN_MUL[118].fp_mult . (constraint file  auto generated constraint).
Applied set_property KEEP_HIERARCHY = SOFT for inst/dot_product_inst/dpe_inst/\GEN_MUL[119].fp_mult . (constraint file  auto generated constraint).
Applied set_property KEEP_HIERARCHY = SOFT for inst/dot_product_inst/dpe_inst/\GEN_MUL[11].fp_mult . (constraint file  auto generated constraint).
Applied set_property KEEP_HIERARCHY = SOFT for inst/dot_product_inst/dpe_inst/\GEN_MUL[120].fp_mult . (constraint file  auto generated constraint).
Applied set_property KEEP_HIERARCHY = SOFT for inst/dot_product_inst/dpe_inst/\GEN_MUL[121].fp_mult . (constraint file  auto generated constraint).
Applied set_property KEEP_HIERARCHY = SOFT for inst/dot_product_inst/dpe_inst/\GEN_MUL[122].fp_mult . (constraint file  auto generated constraint).
Applied set_property KEEP_HIERARCHY = SOFT for inst/dot_product_inst/dpe_inst/\GEN_MUL[123].fp_mult . (constraint file  auto generated constraint).
Applied set_property KEEP_HIERARCHY = SOFT for inst/dot_product_inst/dpe_inst/\GEN_MUL[124].fp_mult . (constraint file  auto generated constraint).
Applied set_property KEEP_HIERARCHY = SOFT for inst/dot_product_inst/dpe_inst/\GEN_MUL[125].fp_mult . (constraint file  auto generated constraint).
Applied set_property KEEP_HIERARCHY = SOFT for inst/dot_product_inst/dpe_inst/\GEN_MUL[126].fp_mult . (constraint file  auto generated constraint).
Applied set_property KEEP_HIERARCHY = SOFT for inst/dot_product_inst/dpe_inst/\GEN_MUL[127].fp_mult . (constraint file  auto generated constraint).
Applied set_property KEEP_HIERARCHY = SOFT for inst/dot_product_inst/dpe_inst/\GEN_MUL[12].fp_mult . (constraint file  auto generated constraint).
Applied set_property KEEP_HIERARCHY = SOFT for inst/dot_product_inst/dpe_inst/\GEN_MUL[13].fp_mult . (constraint file  auto generated constraint).
Applied set_property KEEP_HIERARCHY = SOFT for inst/dot_product_inst/dpe_inst/\GEN_MUL[14].fp_mult . (constraint file  auto generated constraint).
Applied set_property KEEP_HIERARCHY = SOFT for inst/dot_product_inst/dpe_inst/\GEN_MUL[15].fp_mult . (constraint file  auto generated constraint).
Applied set_property KEEP_HIERARCHY = SOFT for inst/dot_product_inst/dpe_inst/\GEN_MUL[16].fp_mult . (constraint file  auto generated constraint).
Applied set_property KEEP_HIERARCHY = SOFT for inst/dot_product_inst/dpe_inst/\GEN_MUL[17].fp_mult . (constraint file  auto generated constraint).
Applied set_property KEEP_HIERARCHY = SOFT for inst/dot_product_inst/dpe_inst/\GEN_MUL[18].fp_mult . (constraint file  auto generated constraint).
Applied set_property KEEP_HIERARCHY = SOFT for inst/dot_product_inst/dpe_inst/\GEN_MUL[19].fp_mult . (constraint file  auto generated constraint).
Applied set_property KEEP_HIERARCHY = SOFT for inst/dot_product_inst/dpe_inst/\GEN_MUL[1].fp_mult . (constraint file  auto generated constraint).
Applied set_property KEEP_HIERARCHY = SOFT for inst/dot_product_inst/dpe_inst/\GEN_MUL[20].fp_mult . (constraint file  auto generated constraint).
Applied set_property KEEP_HIERARCHY = SOFT for inst/dot_product_inst/dpe_inst/\GEN_MUL[21].fp_mult . (constraint file  auto generated constraint).
Applied set_property KEEP_HIERARCHY = SOFT for inst/dot_product_inst/dpe_inst/\GEN_MUL[22].fp_mult . (constraint file  auto generated constraint).
Applied set_property KEEP_HIERARCHY = SOFT for inst/dot_product_inst/dpe_inst/\GEN_MUL[23].fp_mult . (constraint file  auto generated constraint).
Applied set_property KEEP_HIERARCHY = SOFT for inst/dot_product_inst/dpe_inst/\GEN_MUL[24].fp_mult . (constraint file  auto generated constraint).
Applied set_property KEEP_HIERARCHY = SOFT for inst/dot_product_inst/dpe_inst/\GEN_MUL[25].fp_mult . (constraint file  auto generated constraint).
Applied set_property KEEP_HIERARCHY = SOFT for inst/dot_product_inst/dpe_inst/\GEN_MUL[26].fp_mult . (constraint file  auto generated constraint).
Applied set_property KEEP_HIERARCHY = SOFT for inst/dot_product_inst/dpe_inst/\GEN_MUL[27].fp_mult . (constraint file  auto generated constraint).
Applied set_property KEEP_HIERARCHY = SOFT for inst/dot_product_inst/dpe_inst/\GEN_MUL[28].fp_mult . (constraint file  auto generated constraint).
Applied set_property KEEP_HIERARCHY = SOFT for inst/dot_product_inst/dpe_inst/\GEN_MUL[29].fp_mult . (constraint file  auto generated constraint).
Applied set_property KEEP_HIERARCHY = SOFT for inst/dot_product_inst/dpe_inst/\GEN_MUL[2].fp_mult . (constraint file  auto generated constraint).
Applied set_property KEEP_HIERARCHY = SOFT for inst/dot_product_inst/dpe_inst/\GEN_MUL[30].fp_mult . (constraint file  auto generated constraint).
Applied set_property KEEP_HIERARCHY = SOFT for inst/dot_product_inst/dpe_inst/\GEN_MUL[31].fp_mult . (constraint file  auto generated constraint).
Applied set_property KEEP_HIERARCHY = SOFT for inst/dot_product_inst/dpe_inst/\GEN_MUL[32].fp_mult . (constraint file  auto generated constraint).
Applied set_property KEEP_HIERARCHY = SOFT for inst/dot_product_inst/dpe_inst/\GEN_MUL[33].fp_mult . (constraint file  auto generated constraint).
Applied set_property KEEP_HIERARCHY = SOFT for inst/dot_product_inst/dpe_inst/\GEN_MUL[34].fp_mult . (constraint file  auto generated constraint).
Applied set_property KEEP_HIERARCHY = SOFT for inst/dot_product_inst/dpe_inst/\GEN_MUL[35].fp_mult . (constraint file  auto generated constraint).
Applied set_property KEEP_HIERARCHY = SOFT for inst/dot_product_inst/dpe_inst/\GEN_MUL[36].fp_mult . (constraint file  auto generated constraint).
Applied set_property KEEP_HIERARCHY = SOFT for inst/dot_product_inst/dpe_inst/\GEN_MUL[37].fp_mult . (constraint file  auto generated constraint).
Applied set_property KEEP_HIERARCHY = SOFT for inst/dot_product_inst/dpe_inst/\GEN_MUL[38].fp_mult . (constraint file  auto generated constraint).
Applied set_property KEEP_HIERARCHY = SOFT for inst/dot_product_inst/dpe_inst/\GEN_MUL[39].fp_mult . (constraint file  auto generated constraint).
Applied set_property KEEP_HIERARCHY = SOFT for inst/dot_product_inst/dpe_inst/\GEN_MUL[3].fp_mult . (constraint file  auto generated constraint).
Applied set_property KEEP_HIERARCHY = SOFT for inst/dot_product_inst/dpe_inst/\GEN_MUL[40].fp_mult . (constraint file  auto generated constraint).
Applied set_property KEEP_HIERARCHY = SOFT for inst/dot_product_inst/dpe_inst/\GEN_MUL[41].fp_mult . (constraint file  auto generated constraint).
Applied set_property KEEP_HIERARCHY = SOFT for inst/dot_product_inst/dpe_inst/\GEN_MUL[42].fp_mult . (constraint file  auto generated constraint).
Applied set_property KEEP_HIERARCHY = SOFT for inst/dot_product_inst/dpe_inst/\GEN_MUL[43].fp_mult . (constraint file  auto generated constraint).
Applied set_property KEEP_HIERARCHY = SOFT for inst/dot_product_inst/dpe_inst/\GEN_MUL[44].fp_mult . (constraint file  auto generated constraint).
Applied set_property KEEP_HIERARCHY = SOFT for inst/dot_product_inst/dpe_inst/\GEN_MUL[45].fp_mult . (constraint file  auto generated constraint).
Applied set_property KEEP_HIERARCHY = SOFT for inst/dot_product_inst/dpe_inst/\GEN_MUL[46].fp_mult . (constraint file  auto generated constraint).
Applied set_property KEEP_HIERARCHY = SOFT for inst/dot_product_inst/dpe_inst/\GEN_MUL[47].fp_mult . (constraint file  auto generated constraint).
Applied set_property KEEP_HIERARCHY = SOFT for inst/dot_product_inst/dpe_inst/\GEN_MUL[48].fp_mult . (constraint file  auto generated constraint).
Applied set_property KEEP_HIERARCHY = SOFT for inst/dot_product_inst/dpe_inst/\GEN_MUL[49].fp_mult . (constraint file  auto generated constraint).
Applied set_property KEEP_HIERARCHY = SOFT for inst/dot_product_inst/dpe_inst/\GEN_MUL[4].fp_mult . (constraint file  auto generated constraint).
Applied set_property KEEP_HIERARCHY = SOFT for inst/dot_product_inst/dpe_inst/\GEN_MUL[50].fp_mult . (constraint file  auto generated constraint).
Applied set_property KEEP_HIERARCHY = SOFT for inst/dot_product_inst/dpe_inst/\GEN_MUL[51].fp_mult . (constraint file  auto generated constraint).
Applied set_property KEEP_HIERARCHY = SOFT for inst/dot_product_inst/dpe_inst/\GEN_MUL[52].fp_mult . (constraint file  auto generated constraint).
Applied set_property KEEP_HIERARCHY = SOFT for inst/dot_product_inst/dpe_inst/\GEN_MUL[53].fp_mult . (constraint file  auto generated constraint).
Applied set_property KEEP_HIERARCHY = SOFT for inst/dot_product_inst/dpe_inst/\GEN_MUL[54].fp_mult . (constraint file  auto generated constraint).
Applied set_property KEEP_HIERARCHY = SOFT for inst/dot_product_inst/dpe_inst/\GEN_MUL[55].fp_mult . (constraint file  auto generated constraint).
Applied set_property KEEP_HIERARCHY = SOFT for inst/dot_product_inst/dpe_inst/\GEN_MUL[56].fp_mult . (constraint file  auto generated constraint).
Applied set_property KEEP_HIERARCHY = SOFT for inst/dot_product_inst/dpe_inst/\GEN_MUL[57].fp_mult . (constraint file  auto generated constraint).
Applied set_property KEEP_HIERARCHY = SOFT for inst/dot_product_inst/dpe_inst/\GEN_MUL[58].fp_mult . (constraint file  auto generated constraint).
Applied set_property KEEP_HIERARCHY = SOFT for inst/dot_product_inst/dpe_inst/\GEN_MUL[59].fp_mult . (constraint file  auto generated constraint).
Applied set_property KEEP_HIERARCHY = SOFT for inst/dot_product_inst/dpe_inst/\GEN_MUL[5].fp_mult . (constraint file  auto generated constraint).
Applied set_property KEEP_HIERARCHY = SOFT for inst/dot_product_inst/dpe_inst/\GEN_MUL[60].fp_mult . (constraint file  auto generated constraint).
Applied set_property KEEP_HIERARCHY = SOFT for inst/dot_product_inst/dpe_inst/\GEN_MUL[61].fp_mult . (constraint file  auto generated constraint).
Applied set_property KEEP_HIERARCHY = SOFT for inst/dot_product_inst/dpe_inst/\GEN_MUL[62].fp_mult . (constraint file  auto generated constraint).
Applied set_property KEEP_HIERARCHY = SOFT for inst/dot_product_inst/dpe_inst/\GEN_MUL[63].fp_mult . (constraint file  auto generated constraint).
Applied set_property KEEP_HIERARCHY = SOFT for inst/dot_product_inst/dpe_inst/\GEN_MUL[64].fp_mult . (constraint file  auto generated constraint).
Applied set_property KEEP_HIERARCHY = SOFT for inst/dot_product_inst/dpe_inst/\GEN_MUL[65].fp_mult . (constraint file  auto generated constraint).
Applied set_property KEEP_HIERARCHY = SOFT for inst/dot_product_inst/dpe_inst/\GEN_MUL[66].fp_mult . (constraint file  auto generated constraint).
Applied set_property KEEP_HIERARCHY = SOFT for inst/dot_product_inst/dpe_inst/\GEN_MUL[67].fp_mult . (constraint file  auto generated constraint).
Applied set_property KEEP_HIERARCHY = SOFT for inst/dot_product_inst/dpe_inst/\GEN_MUL[68].fp_mult . (constraint file  auto generated constraint).
Applied set_property KEEP_HIERARCHY = SOFT for inst/dot_product_inst/dpe_inst/\GEN_MUL[69].fp_mult . (constraint file  auto generated constraint).
Applied set_property KEEP_HIERARCHY = SOFT for inst/dot_product_inst/dpe_inst/\GEN_MUL[6].fp_mult . (constraint file  auto generated constraint).
Applied set_property KEEP_HIERARCHY = SOFT for inst/dot_product_inst/dpe_inst/\GEN_MUL[70].fp_mult . (constraint file  auto generated constraint).
Applied set_property KEEP_HIERARCHY = SOFT for inst/dot_product_inst/dpe_inst/\GEN_MUL[71].fp_mult . (constraint file  auto generated constraint).
Applied set_property KEEP_HIERARCHY = SOFT for inst/dot_product_inst/dpe_inst/\GEN_MUL[72].fp_mult . (constraint file  auto generated constraint).
Applied set_property KEEP_HIERARCHY = SOFT for inst/dot_product_inst/dpe_inst/\GEN_MUL[73].fp_mult . (constraint file  auto generated constraint).
Applied set_property KEEP_HIERARCHY = SOFT for inst/dot_product_inst/dpe_inst/\GEN_MUL[74].fp_mult . (constraint file  auto generated constraint).
Applied set_property KEEP_HIERARCHY = SOFT for inst/dot_product_inst/dpe_inst/\GEN_MUL[75].fp_mult . (constraint file  auto generated constraint).
Applied set_property KEEP_HIERARCHY = SOFT for inst/dot_product_inst/dpe_inst/\GEN_MUL[76].fp_mult . (constraint file  auto generated constraint).
Applied set_property KEEP_HIERARCHY = SOFT for inst/dot_product_inst/dpe_inst/\GEN_MUL[77].fp_mult . (constraint file  auto generated constraint).
Applied set_property KEEP_HIERARCHY = SOFT for inst/dot_product_inst/dpe_inst/\GEN_MUL[78].fp_mult . (constraint file  auto generated constraint).
Applied set_property KEEP_HIERARCHY = SOFT for inst/dot_product_inst/dpe_inst/\GEN_MUL[79].fp_mult . (constraint file  auto generated constraint).
Applied set_property KEEP_HIERARCHY = SOFT for inst/dot_product_inst/dpe_inst/\GEN_MUL[7].fp_mult . (constraint file  auto generated constraint).
Applied set_property KEEP_HIERARCHY = SOFT for inst/dot_product_inst/dpe_inst/\GEN_MUL[80].fp_mult . (constraint file  auto generated constraint).
Applied set_property KEEP_HIERARCHY = SOFT for inst/dot_product_inst/dpe_inst/\GEN_MUL[81].fp_mult . (constraint file  auto generated constraint).
Applied set_property KEEP_HIERARCHY = SOFT for inst/dot_product_inst/dpe_inst/\GEN_MUL[82].fp_mult . (constraint file  auto generated constraint).
Applied set_property KEEP_HIERARCHY = SOFT for inst/dot_product_inst/dpe_inst/\GEN_MUL[83].fp_mult . (constraint file  auto generated constraint).
Applied set_property KEEP_HIERARCHY = SOFT for inst/dot_product_inst/dpe_inst/\GEN_MUL[84].fp_mult . (constraint file  auto generated constraint).
Applied set_property KEEP_HIERARCHY = SOFT for inst/dot_product_inst/dpe_inst/\GEN_MUL[85].fp_mult . (constraint file  auto generated constraint).
Applied set_property KEEP_HIERARCHY = SOFT for inst/dot_product_inst/dpe_inst/\GEN_MUL[86].fp_mult . (constraint file  auto generated constraint).
Applied set_property KEEP_HIERARCHY = SOFT for inst/dot_product_inst/dpe_inst/\GEN_MUL[87].fp_mult . (constraint file  auto generated constraint).
Applied set_property KEEP_HIERARCHY = SOFT for inst/dot_product_inst/dpe_inst/\GEN_MUL[88].fp_mult . (constraint file  auto generated constraint).
Applied set_property KEEP_HIERARCHY = SOFT for inst/dot_product_inst/dpe_inst/\GEN_MUL[89].fp_mult . (constraint file  auto generated constraint).
Applied set_property KEEP_HIERARCHY = SOFT for inst/dot_product_inst/dpe_inst/\GEN_MUL[8].fp_mult . (constraint file  auto generated constraint).
Applied set_property KEEP_HIERARCHY = SOFT for inst/dot_product_inst/dpe_inst/\GEN_MUL[90].fp_mult . (constraint file  auto generated constraint).
Applied set_property KEEP_HIERARCHY = SOFT for inst/dot_product_inst/dpe_inst/\GEN_MUL[91].fp_mult . (constraint file  auto generated constraint).
Applied set_property KEEP_HIERARCHY = SOFT for inst/dot_product_inst/dpe_inst/\GEN_MUL[92].fp_mult . (constraint file  auto generated constraint).
Applied set_property KEEP_HIERARCHY = SOFT for inst/dot_product_inst/dpe_inst/\GEN_MUL[93].fp_mult . (constraint file  auto generated constraint).
Applied set_property KEEP_HIERARCHY = SOFT for inst/dot_product_inst/dpe_inst/\GEN_MUL[94].fp_mult . (constraint file  auto generated constraint).
Applied set_property KEEP_HIERARCHY = SOFT for inst/dot_product_inst/dpe_inst/\GEN_MUL[95].fp_mult . (constraint file  auto generated constraint).
Applied set_property KEEP_HIERARCHY = SOFT for inst/dot_product_inst/dpe_inst/\GEN_MUL[96].fp_mult . (constraint file  auto generated constraint).
Applied set_property KEEP_HIERARCHY = SOFT for inst/dot_product_inst/dpe_inst/\GEN_MUL[97].fp_mult . (constraint file  auto generated constraint).
Applied set_property KEEP_HIERARCHY = SOFT for inst/dot_product_inst/dpe_inst/\GEN_MUL[98].fp_mult . (constraint file  auto generated constraint).
Applied set_property KEEP_HIERARCHY = SOFT for inst/dot_product_inst/dpe_inst/\GEN_MUL[99].fp_mult . (constraint file  auto generated constraint).
Applied set_property KEEP_HIERARCHY = SOFT for inst/dot_product_inst/dpe_inst/\GEN_MUL[9].fp_mult . (constraint file  auto generated constraint).
Applied set_property KEEP_HIERARCHY = SOFT for inst/dot_product_inst/dpe_inst/\GEN_CONVERT[0].convert /bf16_to_fp32_inst. (constraint file  auto generated constraint).
Applied set_property KEEP_HIERARCHY = SOFT for inst/dot_product_inst/dpe_inst/\GEN_CONVERT[1].convert /bf16_to_fp32_inst. (constraint file  auto generated constraint).
Applied set_property KEEP_HIERARCHY = SOFT for inst/dot_product_inst/dpe_inst/\GEN_CONVERT[2].convert /bf16_to_fp32_inst. (constraint file  auto generated constraint).
Applied set_property KEEP_HIERARCHY = SOFT for inst/dot_product_inst/dpe_inst/\GEN_CONVERT[3].convert /bf16_to_fp32_inst. (constraint file  auto generated constraint).
Applied set_property KEEP_HIERARCHY = SOFT for inst/dot_product_inst/dpe_inst/\GEN_CONVERT[4].convert /bf16_to_fp32_inst. (constraint file  auto generated constraint).
Applied set_property KEEP_HIERARCHY = SOFT for inst/dot_product_inst/dpe_inst/\GEN_CONVERT[5].convert /bf16_to_fp32_inst. (constraint file  auto generated constraint).
Applied set_property KEEP_HIERARCHY = SOFT for inst/dot_product_inst/dpe_inst/\GEN_CONVERT[6].convert /bf16_to_fp32_inst. (constraint file  auto generated constraint).
Applied set_property KEEP_HIERARCHY = SOFT for inst/dot_product_inst/dpe_inst/\GEN_CONVERT[7].convert /bf16_to_fp32_inst. (constraint file  auto generated constraint).
Applied set_property KEEP_HIERARCHY = SOFT for inst/dot_product_inst/dpe_inst/\GEN_CONVERT[8].convert /bf16_to_fp32_inst. (constraint file  auto generated constraint).
Applied set_property KEEP_HIERARCHY = SOFT for inst/dot_product_inst/dpe_inst/\GEN_CONVERT[9].convert /bf16_to_fp32_inst. (constraint file  auto generated constraint).
Applied set_property KEEP_HIERARCHY = SOFT for inst/dot_product_inst/dpe_inst/\GEN_CONVERT[10].convert /bf16_to_fp32_inst. (constraint file  auto generated constraint).
Applied set_property KEEP_HIERARCHY = SOFT for inst/dot_product_inst/dpe_inst/\GEN_CONVERT[11].convert /bf16_to_fp32_inst. (constraint file  auto generated constraint).
Applied set_property KEEP_HIERARCHY = SOFT for inst/dot_product_inst/dpe_inst/\GEN_CONVERT[12].convert /bf16_to_fp32_inst. (constraint file  auto generated constraint).
Applied set_property KEEP_HIERARCHY = SOFT for inst/dot_product_inst/dpe_inst/\GEN_CONVERT[13].convert /bf16_to_fp32_inst. (constraint file  auto generated constraint).
Applied set_property KEEP_HIERARCHY = SOFT for inst/dot_product_inst/dpe_inst/\GEN_CONVERT[14].convert /bf16_to_fp32_inst. (constraint file  auto generated constraint).
Applied set_property KEEP_HIERARCHY = SOFT for inst/dot_product_inst/dpe_inst/\GEN_CONVERT[15].convert /bf16_to_fp32_inst. (constraint file  auto generated constraint).
Applied set_property KEEP_HIERARCHY = SOFT for inst/dot_product_inst/dpe_inst/\GEN_CONVERT[16].convert /bf16_to_fp32_inst. (constraint file  auto generated constraint).
Applied set_property KEEP_HIERARCHY = SOFT for inst/dot_product_inst/dpe_inst/\GEN_CONVERT[17].convert /bf16_to_fp32_inst. (constraint file  auto generated constraint).
Applied set_property KEEP_HIERARCHY = SOFT for inst/dot_product_inst/dpe_inst/\GEN_CONVERT[18].convert /bf16_to_fp32_inst. (constraint file  auto generated constraint).
Applied set_property KEEP_HIERARCHY = SOFT for inst/dot_product_inst/dpe_inst/\GEN_CONVERT[19].convert /bf16_to_fp32_inst. (constraint file  auto generated constraint).
Applied set_property KEEP_HIERARCHY = SOFT for inst/dot_product_inst/dpe_inst/\GEN_CONVERT[20].convert /bf16_to_fp32_inst. (constraint file  auto generated constraint).
Applied set_property KEEP_HIERARCHY = SOFT for inst/dot_product_inst/dpe_inst/\GEN_CONVERT[21].convert /bf16_to_fp32_inst. (constraint file  auto generated constraint).
Applied set_property KEEP_HIERARCHY = SOFT for inst/dot_product_inst/dpe_inst/\GEN_CONVERT[22].convert /bf16_to_fp32_inst. (constraint file  auto generated constraint).
Applied set_property KEEP_HIERARCHY = SOFT for inst/dot_product_inst/dpe_inst/\GEN_CONVERT[23].convert /bf16_to_fp32_inst. (constraint file  auto generated constraint).
Applied set_property KEEP_HIERARCHY = SOFT for inst/dot_product_inst/dpe_inst/\GEN_CONVERT[24].convert /bf16_to_fp32_inst. (constraint file  auto generated constraint).
Applied set_property KEEP_HIERARCHY = SOFT for inst/dot_product_inst/dpe_inst/\GEN_CONVERT[25].convert /bf16_to_fp32_inst. (constraint file  auto generated constraint).
Applied set_property KEEP_HIERARCHY = SOFT for inst/dot_product_inst/dpe_inst/\GEN_CONVERT[26].convert /bf16_to_fp32_inst. (constraint file  auto generated constraint).
Applied set_property KEEP_HIERARCHY = SOFT for inst/dot_product_inst/dpe_inst/\GEN_CONVERT[27].convert /bf16_to_fp32_inst. (constraint file  auto generated constraint).
Applied set_property KEEP_HIERARCHY = SOFT for inst/dot_product_inst/dpe_inst/\GEN_CONVERT[28].convert /bf16_to_fp32_inst. (constraint file  auto generated constraint).
Applied set_property KEEP_HIERARCHY = SOFT for inst/dot_product_inst/dpe_inst/\GEN_CONVERT[29].convert /bf16_to_fp32_inst. (constraint file  auto generated constraint).
Applied set_property KEEP_HIERARCHY = SOFT for inst/dot_product_inst/dpe_inst/\GEN_CONVERT[30].convert /bf16_to_fp32_inst. (constraint file  auto generated constraint).
Applied set_property KEEP_HIERARCHY = SOFT for inst/dot_product_inst/dpe_inst/\GEN_CONVERT[31].convert /bf16_to_fp32_inst. (constraint file  auto generated constraint).
Applied set_property KEEP_HIERARCHY = SOFT for inst/dot_product_inst/dpe_inst/\GEN_CONVERT[32].convert /bf16_to_fp32_inst. (constraint file  auto generated constraint).
Applied set_property KEEP_HIERARCHY = SOFT for inst/dot_product_inst/dpe_inst/\GEN_CONVERT[33].convert /bf16_to_fp32_inst. (constraint file  auto generated constraint).
Applied set_property KEEP_HIERARCHY = SOFT for inst/dot_product_inst/dpe_inst/\GEN_CONVERT[34].convert /bf16_to_fp32_inst. (constraint file  auto generated constraint).
Applied set_property KEEP_HIERARCHY = SOFT for inst/dot_product_inst/dpe_inst/\GEN_CONVERT[35].convert /bf16_to_fp32_inst. (constraint file  auto generated constraint).
Applied set_property KEEP_HIERARCHY = SOFT for inst/dot_product_inst/dpe_inst/\GEN_CONVERT[36].convert /bf16_to_fp32_inst. (constraint file  auto generated constraint).
Applied set_property KEEP_HIERARCHY = SOFT for inst/dot_product_inst/dpe_inst/\GEN_CONVERT[37].convert /bf16_to_fp32_inst. (constraint file  auto generated constraint).
Applied set_property KEEP_HIERARCHY = SOFT for inst/dot_product_inst/dpe_inst/\GEN_CONVERT[38].convert /bf16_to_fp32_inst. (constraint file  auto generated constraint).
Applied set_property KEEP_HIERARCHY = SOFT for inst/dot_product_inst/dpe_inst/\GEN_CONVERT[39].convert /bf16_to_fp32_inst. (constraint file  auto generated constraint).
Applied set_property KEEP_HIERARCHY = SOFT for inst/dot_product_inst/dpe_inst/\GEN_CONVERT[40].convert /bf16_to_fp32_inst. (constraint file  auto generated constraint).
Applied set_property KEEP_HIERARCHY = SOFT for inst/dot_product_inst/dpe_inst/\GEN_CONVERT[41].convert /bf16_to_fp32_inst. (constraint file  auto generated constraint).
Applied set_property KEEP_HIERARCHY = SOFT for inst/dot_product_inst/dpe_inst/\GEN_CONVERT[42].convert /bf16_to_fp32_inst. (constraint file  auto generated constraint).
Applied set_property KEEP_HIERARCHY = SOFT for inst/dot_product_inst/dpe_inst/\GEN_CONVERT[43].convert /bf16_to_fp32_inst. (constraint file  auto generated constraint).
Applied set_property KEEP_HIERARCHY = SOFT for inst/dot_product_inst/dpe_inst/\GEN_CONVERT[44].convert /bf16_to_fp32_inst. (constraint file  auto generated constraint).
Applied set_property KEEP_HIERARCHY = SOFT for inst/dot_product_inst/dpe_inst/\GEN_CONVERT[45].convert /bf16_to_fp32_inst. (constraint file  auto generated constraint).
Applied set_property KEEP_HIERARCHY = SOFT for inst/dot_product_inst/dpe_inst/\GEN_CONVERT[46].convert /bf16_to_fp32_inst. (constraint file  auto generated constraint).
Applied set_property KEEP_HIERARCHY = SOFT for inst/dot_product_inst/dpe_inst/\GEN_CONVERT[47].convert /bf16_to_fp32_inst. (constraint file  auto generated constraint).
Applied set_property KEEP_HIERARCHY = SOFT for inst/dot_product_inst/dpe_inst/\GEN_CONVERT[48].convert /bf16_to_fp32_inst. (constraint file  auto generated constraint).
Applied set_property KEEP_HIERARCHY = SOFT for inst/dot_product_inst/dpe_inst/\GEN_CONVERT[49].convert /bf16_to_fp32_inst. (constraint file  auto generated constraint).
Applied set_property KEEP_HIERARCHY = SOFT for inst/dot_product_inst/dpe_inst/\GEN_CONVERT[50].convert /bf16_to_fp32_inst. (constraint file  auto generated constraint).
Applied set_property KEEP_HIERARCHY = SOFT for inst/dot_product_inst/dpe_inst/\GEN_CONVERT[51].convert /bf16_to_fp32_inst. (constraint file  auto generated constraint).
Applied set_property KEEP_HIERARCHY = SOFT for inst/dot_product_inst/dpe_inst/\GEN_CONVERT[52].convert /bf16_to_fp32_inst. (constraint file  auto generated constraint).
Applied set_property KEEP_HIERARCHY = SOFT for inst/dot_product_inst/dpe_inst/\GEN_CONVERT[53].convert /bf16_to_fp32_inst. (constraint file  auto generated constraint).
Applied set_property KEEP_HIERARCHY = SOFT for inst/dot_product_inst/dpe_inst/\GEN_CONVERT[54].convert /bf16_to_fp32_inst. (constraint file  auto generated constraint).
Applied set_property KEEP_HIERARCHY = SOFT for inst/dot_product_inst/dpe_inst/\GEN_CONVERT[55].convert /bf16_to_fp32_inst. (constraint file  auto generated constraint).
Applied set_property KEEP_HIERARCHY = SOFT for inst/dot_product_inst/dpe_inst/\GEN_CONVERT[56].convert /bf16_to_fp32_inst. (constraint file  auto generated constraint).
Applied set_property KEEP_HIERARCHY = SOFT for inst/dot_product_inst/dpe_inst/\GEN_CONVERT[57].convert /bf16_to_fp32_inst. (constraint file  auto generated constraint).
Applied set_property KEEP_HIERARCHY = SOFT for inst/dot_product_inst/dpe_inst/\GEN_CONVERT[58].convert /bf16_to_fp32_inst. (constraint file  auto generated constraint).
Applied set_property KEEP_HIERARCHY = SOFT for inst/dot_product_inst/dpe_inst/\GEN_CONVERT[59].convert /bf16_to_fp32_inst. (constraint file  auto generated constraint).
Applied set_property KEEP_HIERARCHY = SOFT for inst/dot_product_inst/dpe_inst/\GEN_CONVERT[60].convert /bf16_to_fp32_inst. (constraint file  auto generated constraint).
Applied set_property KEEP_HIERARCHY = SOFT for inst/dot_product_inst/dpe_inst/\GEN_CONVERT[61].convert /bf16_to_fp32_inst. (constraint file  auto generated constraint).
Applied set_property KEEP_HIERARCHY = SOFT for inst/dot_product_inst/dpe_inst/\GEN_CONVERT[62].convert /bf16_to_fp32_inst. (constraint file  auto generated constraint).
Applied set_property KEEP_HIERARCHY = SOFT for inst/dot_product_inst/dpe_inst/\GEN_CONVERT[63].convert /bf16_to_fp32_inst. (constraint file  auto generated constraint).
Applied set_property KEEP_HIERARCHY = SOFT for inst/dot_product_inst/dpe_inst/\GEN_CONVERT[64].convert /bf16_to_fp32_inst. (constraint file  auto generated constraint).
Applied set_property KEEP_HIERARCHY = SOFT for inst/dot_product_inst/dpe_inst/\GEN_CONVERT[65].convert /bf16_to_fp32_inst. (constraint file  auto generated constraint).
Applied set_property KEEP_HIERARCHY = SOFT for inst/dot_product_inst/dpe_inst/\GEN_CONVERT[66].convert /bf16_to_fp32_inst. (constraint file  auto generated constraint).
Applied set_property KEEP_HIERARCHY = SOFT for inst/dot_product_inst/dpe_inst/\GEN_CONVERT[67].convert /bf16_to_fp32_inst. (constraint file  auto generated constraint).
Applied set_property KEEP_HIERARCHY = SOFT for inst/dot_product_inst/dpe_inst/\GEN_CONVERT[68].convert /bf16_to_fp32_inst. (constraint file  auto generated constraint).
Applied set_property KEEP_HIERARCHY = SOFT for inst/dot_product_inst/dpe_inst/\GEN_CONVERT[69].convert /bf16_to_fp32_inst. (constraint file  auto generated constraint).
Applied set_property KEEP_HIERARCHY = SOFT for inst/dot_product_inst/dpe_inst/\GEN_CONVERT[70].convert /bf16_to_fp32_inst. (constraint file  auto generated constraint).
Applied set_property KEEP_HIERARCHY = SOFT for inst/dot_product_inst/dpe_inst/\GEN_CONVERT[71].convert /bf16_to_fp32_inst. (constraint file  auto generated constraint).
Applied set_property KEEP_HIERARCHY = SOFT for inst/dot_product_inst/dpe_inst/\GEN_CONVERT[72].convert /bf16_to_fp32_inst. (constraint file  auto generated constraint).
Applied set_property KEEP_HIERARCHY = SOFT for inst/dot_product_inst/dpe_inst/\GEN_CONVERT[73].convert /bf16_to_fp32_inst. (constraint file  auto generated constraint).
Applied set_property KEEP_HIERARCHY = SOFT for inst/dot_product_inst/dpe_inst/\GEN_CONVERT[74].convert /bf16_to_fp32_inst. (constraint file  auto generated constraint).
Applied set_property KEEP_HIERARCHY = SOFT for inst/dot_product_inst/dpe_inst/\GEN_CONVERT[75].convert /bf16_to_fp32_inst. (constraint file  auto generated constraint).
Applied set_property KEEP_HIERARCHY = SOFT for inst/dot_product_inst/dpe_inst/\GEN_CONVERT[76].convert /bf16_to_fp32_inst. (constraint file  auto generated constraint).
Applied set_property KEEP_HIERARCHY = SOFT for inst/dot_product_inst/dpe_inst/\GEN_CONVERT[77].convert /bf16_to_fp32_inst. (constraint file  auto generated constraint).
Applied set_property KEEP_HIERARCHY = SOFT for inst/dot_product_inst/dpe_inst/\GEN_CONVERT[78].convert /bf16_to_fp32_inst. (constraint file  auto generated constraint).
Applied set_property KEEP_HIERARCHY = SOFT for inst/dot_product_inst/dpe_inst/\GEN_CONVERT[79].convert /bf16_to_fp32_inst. (constraint file  auto generated constraint).
Applied set_property KEEP_HIERARCHY = SOFT for inst/dot_product_inst/dpe_inst/\GEN_CONVERT[80].convert /bf16_to_fp32_inst. (constraint file  auto generated constraint).
Applied set_property KEEP_HIERARCHY = SOFT for inst/dot_product_inst/dpe_inst/\GEN_CONVERT[81].convert /bf16_to_fp32_inst. (constraint file  auto generated constraint).
Applied set_property KEEP_HIERARCHY = SOFT for inst/dot_product_inst/dpe_inst/\GEN_CONVERT[82].convert /bf16_to_fp32_inst. (constraint file  auto generated constraint).
Applied set_property KEEP_HIERARCHY = SOFT for inst/dot_product_inst/dpe_inst/\GEN_CONVERT[83].convert /bf16_to_fp32_inst. (constraint file  auto generated constraint).
Applied set_property KEEP_HIERARCHY = SOFT for inst/dot_product_inst/dpe_inst/\GEN_CONVERT[84].convert /bf16_to_fp32_inst. (constraint file  auto generated constraint).
Applied set_property KEEP_HIERARCHY = SOFT for inst/dot_product_inst/dpe_inst/\GEN_CONVERT[85].convert /bf16_to_fp32_inst. (constraint file  auto generated constraint).
Applied set_property KEEP_HIERARCHY = SOFT for inst/dot_product_inst/dpe_inst/\GEN_CONVERT[86].convert /bf16_to_fp32_inst. (constraint file  auto generated constraint).
Applied set_property KEEP_HIERARCHY = SOFT for inst/dot_product_inst/dpe_inst/\GEN_CONVERT[87].convert /bf16_to_fp32_inst. (constraint file  auto generated constraint).
Applied set_property KEEP_HIERARCHY = SOFT for inst/dot_product_inst/dpe_inst/\GEN_CONVERT[88].convert /bf16_to_fp32_inst. (constraint file  auto generated constraint).
Applied set_property KEEP_HIERARCHY = SOFT for inst/dot_product_inst/dpe_inst/\GEN_CONVERT[89].convert /bf16_to_fp32_inst. (constraint file  auto generated constraint).
Applied set_property KEEP_HIERARCHY = SOFT for inst/dot_product_inst/dpe_inst/\GEN_CONVERT[90].convert /bf16_to_fp32_inst. (constraint file  auto generated constraint).
Applied set_property KEEP_HIERARCHY = SOFT for inst/dot_product_inst/dpe_inst/\GEN_CONVERT[91].convert /bf16_to_fp32_inst. (constraint file  auto generated constraint).
Applied set_property KEEP_HIERARCHY = SOFT for inst/dot_product_inst/dpe_inst/\GEN_CONVERT[92].convert /bf16_to_fp32_inst. (constraint file  auto generated constraint).
Applied set_property KEEP_HIERARCHY = SOFT for inst/dot_product_inst/dpe_inst/\GEN_CONVERT[93].convert /bf16_to_fp32_inst. (constraint file  auto generated constraint).
Applied set_property KEEP_HIERARCHY = SOFT for inst/dot_product_inst/dpe_inst/\GEN_CONVERT[94].convert /bf16_to_fp32_inst. (constraint file  auto generated constraint).
Applied set_property KEEP_HIERARCHY = SOFT for inst/dot_product_inst/dpe_inst/\GEN_CONVERT[95].convert /bf16_to_fp32_inst. (constraint file  auto generated constraint).
Applied set_property KEEP_HIERARCHY = SOFT for inst/dot_product_inst/dpe_inst/\GEN_CONVERT[96].convert /bf16_to_fp32_inst. (constraint file  auto generated constraint).
Applied set_property KEEP_HIERARCHY = SOFT for inst/dot_product_inst/dpe_inst/\GEN_CONVERT[97].convert /bf16_to_fp32_inst. (constraint file  auto generated constraint).
Applied set_property KEEP_HIERARCHY = SOFT for inst/dot_product_inst/dpe_inst/\GEN_CONVERT[98].convert /bf16_to_fp32_inst. (constraint file  auto generated constraint).
Applied set_property KEEP_HIERARCHY = SOFT for inst/dot_product_inst/dpe_inst/\GEN_CONVERT[99].convert /bf16_to_fp32_inst. (constraint file  auto generated constraint).
Applied set_property KEEP_HIERARCHY = SOFT for inst/dot_product_inst/dpe_inst/\GEN_CONVERT[100].convert /bf16_to_fp32_inst. (constraint file  auto generated constraint).
Applied set_property KEEP_HIERARCHY = SOFT for inst/dot_product_inst/dpe_inst/\GEN_CONVERT[101].convert /bf16_to_fp32_inst. (constraint file  auto generated constraint).
Applied set_property KEEP_HIERARCHY = SOFT for inst/dot_product_inst/dpe_inst/\GEN_CONVERT[102].convert /bf16_to_fp32_inst. (constraint file  auto generated constraint).
Applied set_property KEEP_HIERARCHY = SOFT for inst/dot_product_inst/dpe_inst/\GEN_CONVERT[103].convert /bf16_to_fp32_inst. (constraint file  auto generated constraint).
Applied set_property KEEP_HIERARCHY = SOFT for inst/dot_product_inst/dpe_inst/\GEN_CONVERT[104].convert /bf16_to_fp32_inst. (constraint file  auto generated constraint).
Applied set_property KEEP_HIERARCHY = SOFT for inst/dot_product_inst/dpe_inst/\GEN_CONVERT[105].convert /bf16_to_fp32_inst. (constraint file  auto generated constraint).
Applied set_property KEEP_HIERARCHY = SOFT for inst/dot_product_inst/dpe_inst/\GEN_CONVERT[106].convert /bf16_to_fp32_inst. (constraint file  auto generated constraint).
Applied set_property KEEP_HIERARCHY = SOFT for inst/dot_product_inst/dpe_inst/\GEN_CONVERT[107].convert /bf16_to_fp32_inst. (constraint file  auto generated constraint).
Applied set_property KEEP_HIERARCHY = SOFT for inst/dot_product_inst/dpe_inst/\GEN_CONVERT[108].convert /bf16_to_fp32_inst. (constraint file  auto generated constraint).
Applied set_property KEEP_HIERARCHY = SOFT for inst/dot_product_inst/dpe_inst/\GEN_CONVERT[109].convert /bf16_to_fp32_inst. (constraint file  auto generated constraint).
Applied set_property KEEP_HIERARCHY = SOFT for inst/dot_product_inst/dpe_inst/\GEN_CONVERT[110].convert /bf16_to_fp32_inst. (constraint file  auto generated constraint).
Applied set_property KEEP_HIERARCHY = SOFT for inst/dot_product_inst/dpe_inst/\GEN_CONVERT[111].convert /bf16_to_fp32_inst. (constraint file  auto generated constraint).
Applied set_property KEEP_HIERARCHY = SOFT for inst/dot_product_inst/dpe_inst/\GEN_CONVERT[112].convert /bf16_to_fp32_inst. (constraint file  auto generated constraint).
Applied set_property KEEP_HIERARCHY = SOFT for inst/dot_product_inst/dpe_inst/\GEN_CONVERT[113].convert /bf16_to_fp32_inst. (constraint file  auto generated constraint).
Applied set_property KEEP_HIERARCHY = SOFT for inst/dot_product_inst/dpe_inst/\GEN_CONVERT[114].convert /bf16_to_fp32_inst. (constraint file  auto generated constraint).
Applied set_property KEEP_HIERARCHY = SOFT for inst/dot_product_inst/dpe_inst/\GEN_CONVERT[115].convert /bf16_to_fp32_inst. (constraint file  auto generated constraint).
Applied set_property KEEP_HIERARCHY = SOFT for inst/dot_product_inst/dpe_inst/\GEN_CONVERT[116].convert /bf16_to_fp32_inst. (constraint file  auto generated constraint).
Applied set_property KEEP_HIERARCHY = SOFT for inst/dot_product_inst/dpe_inst/\GEN_CONVERT[117].convert /bf16_to_fp32_inst. (constraint file  auto generated constraint).
Applied set_property KEEP_HIERARCHY = SOFT for inst/dot_product_inst/dpe_inst/\GEN_CONVERT[118].convert /bf16_to_fp32_inst. (constraint file  auto generated constraint).
Applied set_property KEEP_HIERARCHY = SOFT for inst/dot_product_inst/dpe_inst/\GEN_CONVERT[119].convert /bf16_to_fp32_inst. (constraint file  auto generated constraint).
Applied set_property KEEP_HIERARCHY = SOFT for inst/dot_product_inst/dpe_inst/\GEN_CONVERT[120].convert /bf16_to_fp32_inst. (constraint file  auto generated constraint).
Applied set_property KEEP_HIERARCHY = SOFT for inst/dot_product_inst/dpe_inst/\GEN_CONVERT[121].convert /bf16_to_fp32_inst. (constraint file  auto generated constraint).
Applied set_property KEEP_HIERARCHY = SOFT for inst/dot_product_inst/dpe_inst/\GEN_CONVERT[122].convert /bf16_to_fp32_inst. (constraint file  auto generated constraint).
Applied set_property KEEP_HIERARCHY = SOFT for inst/dot_product_inst/dpe_inst/\GEN_CONVERT[123].convert /bf16_to_fp32_inst. (constraint file  auto generated constraint).
Applied set_property KEEP_HIERARCHY = SOFT for inst/dot_product_inst/dpe_inst/\GEN_CONVERT[124].convert /bf16_to_fp32_inst. (constraint file  auto generated constraint).
Applied set_property KEEP_HIERARCHY = SOFT for inst/dot_product_inst/dpe_inst/\GEN_CONVERT[125].convert /bf16_to_fp32_inst. (constraint file  auto generated constraint).
Applied set_property KEEP_HIERARCHY = SOFT for inst/dot_product_inst/dpe_inst/\GEN_CONVERT[126].convert /bf16_to_fp32_inst. (constraint file  auto generated constraint).
Applied set_property KEEP_HIERARCHY = SOFT for inst/dot_product_inst/dpe_inst/\GEN_CONVERT[127].convert /bf16_to_fp32_inst. (constraint file  auto generated constraint).
Applied set_property KEEP_HIERARCHY = SOFT for inst/dot_product_inst/dpe_inst/\GEN_CONVERT[0].convert /fp16_to_fp32_inst. (constraint file  auto generated constraint).
Applied set_property KEEP_HIERARCHY = SOFT for inst/dot_product_inst/dpe_inst/\GEN_CONVERT[1].convert /fp16_to_fp32_inst. (constraint file  auto generated constraint).
Applied set_property KEEP_HIERARCHY = SOFT for inst/dot_product_inst/dpe_inst/\GEN_CONVERT[2].convert /fp16_to_fp32_inst. (constraint file  auto generated constraint).
Applied set_property KEEP_HIERARCHY = SOFT for inst/dot_product_inst/dpe_inst/\GEN_CONVERT[3].convert /fp16_to_fp32_inst. (constraint file  auto generated constraint).
Applied set_property KEEP_HIERARCHY = SOFT for inst/dot_product_inst/dpe_inst/\GEN_CONVERT[4].convert /fp16_to_fp32_inst. (constraint file  auto generated constraint).
Applied set_property KEEP_HIERARCHY = SOFT for inst/dot_product_inst/dpe_inst/\GEN_CONVERT[5].convert /fp16_to_fp32_inst. (constraint file  auto generated constraint).
Applied set_property KEEP_HIERARCHY = SOFT for inst/dot_product_inst/dpe_inst/\GEN_CONVERT[6].convert /fp16_to_fp32_inst. (constraint file  auto generated constraint).
Applied set_property KEEP_HIERARCHY = SOFT for inst/dot_product_inst/dpe_inst/\GEN_CONVERT[7].convert /fp16_to_fp32_inst. (constraint file  auto generated constraint).
Applied set_property KEEP_HIERARCHY = SOFT for inst/dot_product_inst/dpe_inst/\GEN_CONVERT[8].convert /fp16_to_fp32_inst. (constraint file  auto generated constraint).
Applied set_property KEEP_HIERARCHY = SOFT for inst/dot_product_inst/dpe_inst/\GEN_CONVERT[9].convert /fp16_to_fp32_inst. (constraint file  auto generated constraint).
Applied set_property KEEP_HIERARCHY = SOFT for inst/dot_product_inst/dpe_inst/\GEN_CONVERT[10].convert /fp16_to_fp32_inst. (constraint file  auto generated constraint).
Applied set_property KEEP_HIERARCHY = SOFT for inst/dot_product_inst/dpe_inst/\GEN_CONVERT[11].convert /fp16_to_fp32_inst. (constraint file  auto generated constraint).
Applied set_property KEEP_HIERARCHY = SOFT for inst/dot_product_inst/dpe_inst/\GEN_CONVERT[12].convert /fp16_to_fp32_inst. (constraint file  auto generated constraint).
Applied set_property KEEP_HIERARCHY = SOFT for inst/dot_product_inst/dpe_inst/\GEN_CONVERT[13].convert /fp16_to_fp32_inst. (constraint file  auto generated constraint).
Applied set_property KEEP_HIERARCHY = SOFT for inst/dot_product_inst/dpe_inst/\GEN_CONVERT[14].convert /fp16_to_fp32_inst. (constraint file  auto generated constraint).
Applied set_property KEEP_HIERARCHY = SOFT for inst/dot_product_inst/dpe_inst/\GEN_CONVERT[15].convert /fp16_to_fp32_inst. (constraint file  auto generated constraint).
Applied set_property KEEP_HIERARCHY = SOFT for inst/dot_product_inst/dpe_inst/\GEN_CONVERT[16].convert /fp16_to_fp32_inst. (constraint file  auto generated constraint).
Applied set_property KEEP_HIERARCHY = SOFT for inst/dot_product_inst/dpe_inst/\GEN_CONVERT[17].convert /fp16_to_fp32_inst. (constraint file  auto generated constraint).
Applied set_property KEEP_HIERARCHY = SOFT for inst/dot_product_inst/dpe_inst/\GEN_CONVERT[18].convert /fp16_to_fp32_inst. (constraint file  auto generated constraint).
Applied set_property KEEP_HIERARCHY = SOFT for inst/dot_product_inst/dpe_inst/\GEN_CONVERT[19].convert /fp16_to_fp32_inst. (constraint file  auto generated constraint).
Applied set_property KEEP_HIERARCHY = SOFT for inst/dot_product_inst/dpe_inst/\GEN_CONVERT[20].convert /fp16_to_fp32_inst. (constraint file  auto generated constraint).
Applied set_property KEEP_HIERARCHY = SOFT for inst/dot_product_inst/dpe_inst/\GEN_CONVERT[21].convert /fp16_to_fp32_inst. (constraint file  auto generated constraint).
Applied set_property KEEP_HIERARCHY = SOFT for inst/dot_product_inst/dpe_inst/\GEN_CONVERT[22].convert /fp16_to_fp32_inst. (constraint file  auto generated constraint).
Applied set_property KEEP_HIERARCHY = SOFT for inst/dot_product_inst/dpe_inst/\GEN_CONVERT[23].convert /fp16_to_fp32_inst. (constraint file  auto generated constraint).
Applied set_property KEEP_HIERARCHY = SOFT for inst/dot_product_inst/dpe_inst/\GEN_CONVERT[24].convert /fp16_to_fp32_inst. (constraint file  auto generated constraint).
Applied set_property KEEP_HIERARCHY = SOFT for inst/dot_product_inst/dpe_inst/\GEN_CONVERT[25].convert /fp16_to_fp32_inst. (constraint file  auto generated constraint).
Applied set_property KEEP_HIERARCHY = SOFT for inst/dot_product_inst/dpe_inst/\GEN_CONVERT[26].convert /fp16_to_fp32_inst. (constraint file  auto generated constraint).
Applied set_property KEEP_HIERARCHY = SOFT for inst/dot_product_inst/dpe_inst/\GEN_CONVERT[27].convert /fp16_to_fp32_inst. (constraint file  auto generated constraint).
Applied set_property KEEP_HIERARCHY = SOFT for inst/dot_product_inst/dpe_inst/\GEN_CONVERT[28].convert /fp16_to_fp32_inst. (constraint file  auto generated constraint).
Applied set_property KEEP_HIERARCHY = SOFT for inst/dot_product_inst/dpe_inst/\GEN_CONVERT[29].convert /fp16_to_fp32_inst. (constraint file  auto generated constraint).
Applied set_property KEEP_HIERARCHY = SOFT for inst/dot_product_inst/dpe_inst/\GEN_CONVERT[30].convert /fp16_to_fp32_inst. (constraint file  auto generated constraint).
Applied set_property KEEP_HIERARCHY = SOFT for inst/dot_product_inst/dpe_inst/\GEN_CONVERT[31].convert /fp16_to_fp32_inst. (constraint file  auto generated constraint).
Applied set_property KEEP_HIERARCHY = SOFT for inst/dot_product_inst/dpe_inst/\GEN_CONVERT[32].convert /fp16_to_fp32_inst. (constraint file  auto generated constraint).
Applied set_property KEEP_HIERARCHY = SOFT for inst/dot_product_inst/dpe_inst/\GEN_CONVERT[33].convert /fp16_to_fp32_inst. (constraint file  auto generated constraint).
Applied set_property KEEP_HIERARCHY = SOFT for inst/dot_product_inst/dpe_inst/\GEN_CONVERT[34].convert /fp16_to_fp32_inst. (constraint file  auto generated constraint).
Applied set_property KEEP_HIERARCHY = SOFT for inst/dot_product_inst/dpe_inst/\GEN_CONVERT[35].convert /fp16_to_fp32_inst. (constraint file  auto generated constraint).
Applied set_property KEEP_HIERARCHY = SOFT for inst/dot_product_inst/dpe_inst/\GEN_CONVERT[36].convert /fp16_to_fp32_inst. (constraint file  auto generated constraint).
Applied set_property KEEP_HIERARCHY = SOFT for inst/dot_product_inst/dpe_inst/\GEN_CONVERT[37].convert /fp16_to_fp32_inst. (constraint file  auto generated constraint).
Applied set_property KEEP_HIERARCHY = SOFT for inst/dot_product_inst/dpe_inst/\GEN_CONVERT[38].convert /fp16_to_fp32_inst. (constraint file  auto generated constraint).
Applied set_property KEEP_HIERARCHY = SOFT for inst/dot_product_inst/dpe_inst/\GEN_CONVERT[39].convert /fp16_to_fp32_inst. (constraint file  auto generated constraint).
Applied set_property KEEP_HIERARCHY = SOFT for inst/dot_product_inst/dpe_inst/\GEN_CONVERT[40].convert /fp16_to_fp32_inst. (constraint file  auto generated constraint).
Applied set_property KEEP_HIERARCHY = SOFT for inst/dot_product_inst/dpe_inst/\GEN_CONVERT[41].convert /fp16_to_fp32_inst. (constraint file  auto generated constraint).
Applied set_property KEEP_HIERARCHY = SOFT for inst/dot_product_inst/dpe_inst/\GEN_CONVERT[42].convert /fp16_to_fp32_inst. (constraint file  auto generated constraint).
Applied set_property KEEP_HIERARCHY = SOFT for inst/dot_product_inst/dpe_inst/\GEN_CONVERT[43].convert /fp16_to_fp32_inst. (constraint file  auto generated constraint).
Applied set_property KEEP_HIERARCHY = SOFT for inst/dot_product_inst/dpe_inst/\GEN_CONVERT[44].convert /fp16_to_fp32_inst. (constraint file  auto generated constraint).
Applied set_property KEEP_HIERARCHY = SOFT for inst/dot_product_inst/dpe_inst/\GEN_CONVERT[45].convert /fp16_to_fp32_inst. (constraint file  auto generated constraint).
Applied set_property KEEP_HIERARCHY = SOFT for inst/dot_product_inst/dpe_inst/\GEN_CONVERT[46].convert /fp16_to_fp32_inst. (constraint file  auto generated constraint).
Applied set_property KEEP_HIERARCHY = SOFT for inst/dot_product_inst/dpe_inst/\GEN_CONVERT[47].convert /fp16_to_fp32_inst. (constraint file  auto generated constraint).
Applied set_property KEEP_HIERARCHY = SOFT for inst/dot_product_inst/dpe_inst/\GEN_CONVERT[48].convert /fp16_to_fp32_inst. (constraint file  auto generated constraint).
Applied set_property KEEP_HIERARCHY = SOFT for inst/dot_product_inst/dpe_inst/\GEN_CONVERT[49].convert /fp16_to_fp32_inst. (constraint file  auto generated constraint).
Applied set_property KEEP_HIERARCHY = SOFT for inst/dot_product_inst/dpe_inst/\GEN_CONVERT[50].convert /fp16_to_fp32_inst. (constraint file  auto generated constraint).
Applied set_property KEEP_HIERARCHY = SOFT for inst/dot_product_inst/dpe_inst/\GEN_CONVERT[51].convert /fp16_to_fp32_inst. (constraint file  auto generated constraint).
Applied set_property KEEP_HIERARCHY = SOFT for inst/dot_product_inst/dpe_inst/\GEN_CONVERT[52].convert /fp16_to_fp32_inst. (constraint file  auto generated constraint).
Applied set_property KEEP_HIERARCHY = SOFT for inst/dot_product_inst/dpe_inst/\GEN_CONVERT[53].convert /fp16_to_fp32_inst. (constraint file  auto generated constraint).
Applied set_property KEEP_HIERARCHY = SOFT for inst/dot_product_inst/dpe_inst/\GEN_CONVERT[54].convert /fp16_to_fp32_inst. (constraint file  auto generated constraint).
Applied set_property KEEP_HIERARCHY = SOFT for inst/dot_product_inst/dpe_inst/\GEN_CONVERT[55].convert /fp16_to_fp32_inst. (constraint file  auto generated constraint).
Applied set_property KEEP_HIERARCHY = SOFT for inst/dot_product_inst/dpe_inst/\GEN_CONVERT[56].convert /fp16_to_fp32_inst. (constraint file  auto generated constraint).
Applied set_property KEEP_HIERARCHY = SOFT for inst/dot_product_inst/dpe_inst/\GEN_CONVERT[57].convert /fp16_to_fp32_inst. (constraint file  auto generated constraint).
Applied set_property KEEP_HIERARCHY = SOFT for inst/dot_product_inst/dpe_inst/\GEN_CONVERT[58].convert /fp16_to_fp32_inst. (constraint file  auto generated constraint).
Applied set_property KEEP_HIERARCHY = SOFT for inst/dot_product_inst/dpe_inst/\GEN_CONVERT[59].convert /fp16_to_fp32_inst. (constraint file  auto generated constraint).
Applied set_property KEEP_HIERARCHY = SOFT for inst/dot_product_inst/dpe_inst/\GEN_CONVERT[60].convert /fp16_to_fp32_inst. (constraint file  auto generated constraint).
Applied set_property KEEP_HIERARCHY = SOFT for inst/dot_product_inst/dpe_inst/\GEN_CONVERT[61].convert /fp16_to_fp32_inst. (constraint file  auto generated constraint).
Applied set_property KEEP_HIERARCHY = SOFT for inst/dot_product_inst/dpe_inst/\GEN_CONVERT[62].convert /fp16_to_fp32_inst. (constraint file  auto generated constraint).
Applied set_property KEEP_HIERARCHY = SOFT for inst/dot_product_inst/dpe_inst/\GEN_CONVERT[63].convert /fp16_to_fp32_inst. (constraint file  auto generated constraint).
Applied set_property KEEP_HIERARCHY = SOFT for inst/dot_product_inst/dpe_inst/\GEN_CONVERT[64].convert /fp16_to_fp32_inst. (constraint file  auto generated constraint).
Applied set_property KEEP_HIERARCHY = SOFT for inst/dot_product_inst/dpe_inst/\GEN_CONVERT[65].convert /fp16_to_fp32_inst. (constraint file  auto generated constraint).
Applied set_property KEEP_HIERARCHY = SOFT for inst/dot_product_inst/dpe_inst/\GEN_CONVERT[66].convert /fp16_to_fp32_inst. (constraint file  auto generated constraint).
Applied set_property KEEP_HIERARCHY = SOFT for inst/dot_product_inst/dpe_inst/\GEN_CONVERT[67].convert /fp16_to_fp32_inst. (constraint file  auto generated constraint).
Applied set_property KEEP_HIERARCHY = SOFT for inst/dot_product_inst/dpe_inst/\GEN_CONVERT[68].convert /fp16_to_fp32_inst. (constraint file  auto generated constraint).
Applied set_property KEEP_HIERARCHY = SOFT for inst/dot_product_inst/dpe_inst/\GEN_CONVERT[69].convert /fp16_to_fp32_inst. (constraint file  auto generated constraint).
Applied set_property KEEP_HIERARCHY = SOFT for inst/dot_product_inst/dpe_inst/\GEN_CONVERT[70].convert /fp16_to_fp32_inst. (constraint file  auto generated constraint).
Applied set_property KEEP_HIERARCHY = SOFT for inst/dot_product_inst/dpe_inst/\GEN_CONVERT[71].convert /fp16_to_fp32_inst. (constraint file  auto generated constraint).
Applied set_property KEEP_HIERARCHY = SOFT for inst/dot_product_inst/dpe_inst/\GEN_CONVERT[72].convert /fp16_to_fp32_inst. (constraint file  auto generated constraint).
Applied set_property KEEP_HIERARCHY = SOFT for inst/dot_product_inst/dpe_inst/\GEN_CONVERT[73].convert /fp16_to_fp32_inst. (constraint file  auto generated constraint).
Applied set_property KEEP_HIERARCHY = SOFT for inst/dot_product_inst/dpe_inst/\GEN_CONVERT[74].convert /fp16_to_fp32_inst. (constraint file  auto generated constraint).
Applied set_property KEEP_HIERARCHY = SOFT for inst/dot_product_inst/dpe_inst/\GEN_CONVERT[75].convert /fp16_to_fp32_inst. (constraint file  auto generated constraint).
Applied set_property KEEP_HIERARCHY = SOFT for inst/dot_product_inst/dpe_inst/\GEN_CONVERT[76].convert /fp16_to_fp32_inst. (constraint file  auto generated constraint).
Applied set_property KEEP_HIERARCHY = SOFT for inst/dot_product_inst/dpe_inst/\GEN_CONVERT[77].convert /fp16_to_fp32_inst. (constraint file  auto generated constraint).
Applied set_property KEEP_HIERARCHY = SOFT for inst/dot_product_inst/dpe_inst/\GEN_CONVERT[78].convert /fp16_to_fp32_inst. (constraint file  auto generated constraint).
Applied set_property KEEP_HIERARCHY = SOFT for inst/dot_product_inst/dpe_inst/\GEN_CONVERT[79].convert /fp16_to_fp32_inst. (constraint file  auto generated constraint).
Applied set_property KEEP_HIERARCHY = SOFT for inst/dot_product_inst/dpe_inst/\GEN_CONVERT[80].convert /fp16_to_fp32_inst. (constraint file  auto generated constraint).
Applied set_property KEEP_HIERARCHY = SOFT for inst/dot_product_inst/dpe_inst/\GEN_CONVERT[81].convert /fp16_to_fp32_inst. (constraint file  auto generated constraint).
Applied set_property KEEP_HIERARCHY = SOFT for inst/dot_product_inst/dpe_inst/\GEN_CONVERT[82].convert /fp16_to_fp32_inst. (constraint file  auto generated constraint).
Applied set_property KEEP_HIERARCHY = SOFT for inst/dot_product_inst/dpe_inst/\GEN_CONVERT[83].convert /fp16_to_fp32_inst. (constraint file  auto generated constraint).
Applied set_property KEEP_HIERARCHY = SOFT for inst/dot_product_inst/dpe_inst/\GEN_CONVERT[84].convert /fp16_to_fp32_inst. (constraint file  auto generated constraint).
Applied set_property KEEP_HIERARCHY = SOFT for inst/dot_product_inst/dpe_inst/\GEN_CONVERT[85].convert /fp16_to_fp32_inst. (constraint file  auto generated constraint).
Applied set_property KEEP_HIERARCHY = SOFT for inst/dot_product_inst/dpe_inst/\GEN_CONVERT[86].convert /fp16_to_fp32_inst. (constraint file  auto generated constraint).
Applied set_property KEEP_HIERARCHY = SOFT for inst/dot_product_inst/dpe_inst/\GEN_CONVERT[87].convert /fp16_to_fp32_inst. (constraint file  auto generated constraint).
Applied set_property KEEP_HIERARCHY = SOFT for inst/dot_product_inst/dpe_inst/\GEN_CONVERT[88].convert /fp16_to_fp32_inst. (constraint file  auto generated constraint).
Applied set_property KEEP_HIERARCHY = SOFT for inst/dot_product_inst/dpe_inst/\GEN_CONVERT[89].convert /fp16_to_fp32_inst. (constraint file  auto generated constraint).
Applied set_property KEEP_HIERARCHY = SOFT for inst/dot_product_inst/dpe_inst/\GEN_CONVERT[90].convert /fp16_to_fp32_inst. (constraint file  auto generated constraint).
Applied set_property KEEP_HIERARCHY = SOFT for inst/dot_product_inst/dpe_inst/\GEN_CONVERT[91].convert /fp16_to_fp32_inst. (constraint file  auto generated constraint).
Applied set_property KEEP_HIERARCHY = SOFT for inst/dot_product_inst/dpe_inst/\GEN_CONVERT[92].convert /fp16_to_fp32_inst. (constraint file  auto generated constraint).
Applied set_property KEEP_HIERARCHY = SOFT for inst/dot_product_inst/dpe_inst/\GEN_CONVERT[93].convert /fp16_to_fp32_inst. (constraint file  auto generated constraint).
Applied set_property KEEP_HIERARCHY = SOFT for inst/dot_product_inst/dpe_inst/\GEN_CONVERT[94].convert /fp16_to_fp32_inst. (constraint file  auto generated constraint).
Applied set_property KEEP_HIERARCHY = SOFT for inst/dot_product_inst/dpe_inst/\GEN_CONVERT[95].convert /fp16_to_fp32_inst. (constraint file  auto generated constraint).
Applied set_property KEEP_HIERARCHY = SOFT for inst/dot_product_inst/dpe_inst/\GEN_CONVERT[96].convert /fp16_to_fp32_inst. (constraint file  auto generated constraint).
Applied set_property KEEP_HIERARCHY = SOFT for inst/dot_product_inst/dpe_inst/\GEN_CONVERT[97].convert /fp16_to_fp32_inst. (constraint file  auto generated constraint).
Applied set_property KEEP_HIERARCHY = SOFT for inst/dot_product_inst/dpe_inst/\GEN_CONVERT[98].convert /fp16_to_fp32_inst. (constraint file  auto generated constraint).
Applied set_property KEEP_HIERARCHY = SOFT for inst/dot_product_inst/dpe_inst/\GEN_CONVERT[99].convert /fp16_to_fp32_inst. (constraint file  auto generated constraint).
Applied set_property KEEP_HIERARCHY = SOFT for inst/dot_product_inst/dpe_inst/\GEN_CONVERT[100].convert /fp16_to_fp32_inst. (constraint file  auto generated constraint).
Applied set_property KEEP_HIERARCHY = SOFT for inst/dot_product_inst/dpe_inst/\GEN_CONVERT[101].convert /fp16_to_fp32_inst. (constraint file  auto generated constraint).
Applied set_property KEEP_HIERARCHY = SOFT for inst/dot_product_inst/dpe_inst/\GEN_CONVERT[102].convert /fp16_to_fp32_inst. (constraint file  auto generated constraint).
Applied set_property KEEP_HIERARCHY = SOFT for inst/dot_product_inst/dpe_inst/\GEN_CONVERT[103].convert /fp16_to_fp32_inst. (constraint file  auto generated constraint).
Applied set_property KEEP_HIERARCHY = SOFT for inst/dot_product_inst/dpe_inst/\GEN_CONVERT[104].convert /fp16_to_fp32_inst. (constraint file  auto generated constraint).
Applied set_property KEEP_HIERARCHY = SOFT for inst/dot_product_inst/dpe_inst/\GEN_CONVERT[105].convert /fp16_to_fp32_inst. (constraint file  auto generated constraint).
Applied set_property KEEP_HIERARCHY = SOFT for inst/dot_product_inst/dpe_inst/\GEN_CONVERT[106].convert /fp16_to_fp32_inst. (constraint file  auto generated constraint).
Applied set_property KEEP_HIERARCHY = SOFT for inst/dot_product_inst/dpe_inst/\GEN_CONVERT[107].convert /fp16_to_fp32_inst. (constraint file  auto generated constraint).
Applied set_property KEEP_HIERARCHY = SOFT for inst/dot_product_inst/dpe_inst/\GEN_CONVERT[108].convert /fp16_to_fp32_inst. (constraint file  auto generated constraint).
Applied set_property KEEP_HIERARCHY = SOFT for inst/dot_product_inst/dpe_inst/\GEN_CONVERT[109].convert /fp16_to_fp32_inst. (constraint file  auto generated constraint).
Applied set_property KEEP_HIERARCHY = SOFT for inst/dot_product_inst/dpe_inst/\GEN_CONVERT[110].convert /fp16_to_fp32_inst. (constraint file  auto generated constraint).
Applied set_property KEEP_HIERARCHY = SOFT for inst/dot_product_inst/dpe_inst/\GEN_CONVERT[111].convert /fp16_to_fp32_inst. (constraint file  auto generated constraint).
Applied set_property KEEP_HIERARCHY = SOFT for inst/dot_product_inst/dpe_inst/\GEN_CONVERT[112].convert /fp16_to_fp32_inst. (constraint file  auto generated constraint).
Applied set_property KEEP_HIERARCHY = SOFT for inst/dot_product_inst/dpe_inst/\GEN_CONVERT[113].convert /fp16_to_fp32_inst. (constraint file  auto generated constraint).
Applied set_property KEEP_HIERARCHY = SOFT for inst/dot_product_inst/dpe_inst/\GEN_CONVERT[114].convert /fp16_to_fp32_inst. (constraint file  auto generated constraint).
Applied set_property KEEP_HIERARCHY = SOFT for inst/dot_product_inst/dpe_inst/\GEN_CONVERT[115].convert /fp16_to_fp32_inst. (constraint file  auto generated constraint).
Applied set_property KEEP_HIERARCHY = SOFT for inst/dot_product_inst/dpe_inst/\GEN_CONVERT[116].convert /fp16_to_fp32_inst. (constraint file  auto generated constraint).
Applied set_property KEEP_HIERARCHY = SOFT for inst/dot_product_inst/dpe_inst/\GEN_CONVERT[117].convert /fp16_to_fp32_inst. (constraint file  auto generated constraint).
Applied set_property KEEP_HIERARCHY = SOFT for inst/dot_product_inst/dpe_inst/\GEN_CONVERT[118].convert /fp16_to_fp32_inst. (constraint file  auto generated constraint).
Applied set_property KEEP_HIERARCHY = SOFT for inst/dot_product_inst/dpe_inst/\GEN_CONVERT[119].convert /fp16_to_fp32_inst. (constraint file  auto generated constraint).
Applied set_property KEEP_HIERARCHY = SOFT for inst/dot_product_inst/dpe_inst/\GEN_CONVERT[120].convert /fp16_to_fp32_inst. (constraint file  auto generated constraint).
Applied set_property KEEP_HIERARCHY = SOFT for inst/dot_product_inst/dpe_inst/\GEN_CONVERT[121].convert /fp16_to_fp32_inst. (constraint file  auto generated constraint).
Applied set_property KEEP_HIERARCHY = SOFT for inst/dot_product_inst/dpe_inst/\GEN_CONVERT[122].convert /fp16_to_fp32_inst. (constraint file  auto generated constraint).
Applied set_property KEEP_HIERARCHY = SOFT for inst/dot_product_inst/dpe_inst/\GEN_CONVERT[123].convert /fp16_to_fp32_inst. (constraint file  auto generated constraint).
Applied set_property KEEP_HIERARCHY = SOFT for inst/dot_product_inst/dpe_inst/\GEN_CONVERT[124].convert /fp16_to_fp32_inst. (constraint file  auto generated constraint).
Applied set_property KEEP_HIERARCHY = SOFT for inst/dot_product_inst/dpe_inst/\GEN_CONVERT[125].convert /fp16_to_fp32_inst. (constraint file  auto generated constraint).
Applied set_property KEEP_HIERARCHY = SOFT for inst/dot_product_inst/dpe_inst/\GEN_CONVERT[126].convert /fp16_to_fp32_inst. (constraint file  auto generated constraint).
Applied set_property KEEP_HIERARCHY = SOFT for inst/dot_product_inst/dpe_inst/\GEN_CONVERT[127].convert /fp16_to_fp32_inst. (constraint file  auto generated constraint).
Applied set_property KEEP_HIERARCHY = SOFT for inst/dot_product_inst/dpe_inst/\GEN_CONVERT[0].convert /fixed2float_inst. (constraint file  auto generated constraint).
Applied set_property KEEP_HIERARCHY = SOFT for inst/dot_product_inst/dpe_inst/\GEN_CONVERT[1].convert /fixed2float_inst. (constraint file  auto generated constraint).
Applied set_property KEEP_HIERARCHY = SOFT for inst/dot_product_inst/dpe_inst/\GEN_CONVERT[2].convert /fixed2float_inst. (constraint file  auto generated constraint).
Applied set_property KEEP_HIERARCHY = SOFT for inst/dot_product_inst/dpe_inst/\GEN_CONVERT[3].convert /fixed2float_inst. (constraint file  auto generated constraint).
Applied set_property KEEP_HIERARCHY = SOFT for inst/dot_product_inst/dpe_inst/\GEN_CONVERT[4].convert /fixed2float_inst. (constraint file  auto generated constraint).
Applied set_property KEEP_HIERARCHY = SOFT for inst/dot_product_inst/dpe_inst/\GEN_CONVERT[5].convert /fixed2float_inst. (constraint file  auto generated constraint).
Applied set_property KEEP_HIERARCHY = SOFT for inst/dot_product_inst/dpe_inst/\GEN_CONVERT[6].convert /fixed2float_inst. (constraint file  auto generated constraint).
Applied set_property KEEP_HIERARCHY = SOFT for inst/dot_product_inst/dpe_inst/\GEN_CONVERT[7].convert /fixed2float_inst. (constraint file  auto generated constraint).
Applied set_property KEEP_HIERARCHY = SOFT for inst/dot_product_inst/dpe_inst/\GEN_CONVERT[8].convert /fixed2float_inst. (constraint file  auto generated constraint).
Applied set_property KEEP_HIERARCHY = SOFT for inst/dot_product_inst/dpe_inst/\GEN_CONVERT[9].convert /fixed2float_inst. (constraint file  auto generated constraint).
Applied set_property KEEP_HIERARCHY = SOFT for inst/dot_product_inst/dpe_inst/\GEN_CONVERT[10].convert /fixed2float_inst. (constraint file  auto generated constraint).
Applied set_property KEEP_HIERARCHY = SOFT for inst/dot_product_inst/dpe_inst/\GEN_CONVERT[11].convert /fixed2float_inst. (constraint file  auto generated constraint).
Applied set_property KEEP_HIERARCHY = SOFT for inst/dot_product_inst/dpe_inst/\GEN_CONVERT[12].convert /fixed2float_inst. (constraint file  auto generated constraint).
Applied set_property KEEP_HIERARCHY = SOFT for inst/dot_product_inst/dpe_inst/\GEN_CONVERT[13].convert /fixed2float_inst. (constraint file  auto generated constraint).
Applied set_property KEEP_HIERARCHY = SOFT for inst/dot_product_inst/dpe_inst/\GEN_CONVERT[14].convert /fixed2float_inst. (constraint file  auto generated constraint).
Applied set_property KEEP_HIERARCHY = SOFT for inst/dot_product_inst/dpe_inst/\GEN_CONVERT[15].convert /fixed2float_inst. (constraint file  auto generated constraint).
Applied set_property KEEP_HIERARCHY = SOFT for inst/dot_product_inst/dpe_inst/\GEN_CONVERT[16].convert /fixed2float_inst. (constraint file  auto generated constraint).
Applied set_property KEEP_HIERARCHY = SOFT for inst/dot_product_inst/dpe_inst/\GEN_CONVERT[17].convert /fixed2float_inst. (constraint file  auto generated constraint).
Applied set_property KEEP_HIERARCHY = SOFT for inst/dot_product_inst/dpe_inst/\GEN_CONVERT[18].convert /fixed2float_inst. (constraint file  auto generated constraint).
Applied set_property KEEP_HIERARCHY = SOFT for inst/dot_product_inst/dpe_inst/\GEN_CONVERT[19].convert /fixed2float_inst. (constraint file  auto generated constraint).
Applied set_property KEEP_HIERARCHY = SOFT for inst/dot_product_inst/dpe_inst/\GEN_CONVERT[20].convert /fixed2float_inst. (constraint file  auto generated constraint).
Applied set_property KEEP_HIERARCHY = SOFT for inst/dot_product_inst/dpe_inst/\GEN_CONVERT[21].convert /fixed2float_inst. (constraint file  auto generated constraint).
Applied set_property KEEP_HIERARCHY = SOFT for inst/dot_product_inst/dpe_inst/\GEN_CONVERT[22].convert /fixed2float_inst. (constraint file  auto generated constraint).
Applied set_property KEEP_HIERARCHY = SOFT for inst/dot_product_inst/dpe_inst/\GEN_CONVERT[23].convert /fixed2float_inst. (constraint file  auto generated constraint).
Applied set_property KEEP_HIERARCHY = SOFT for inst/dot_product_inst/dpe_inst/\GEN_CONVERT[24].convert /fixed2float_inst. (constraint file  auto generated constraint).
Applied set_property KEEP_HIERARCHY = SOFT for inst/dot_product_inst/dpe_inst/\GEN_CONVERT[25].convert /fixed2float_inst. (constraint file  auto generated constraint).
Applied set_property KEEP_HIERARCHY = SOFT for inst/dot_product_inst/dpe_inst/\GEN_CONVERT[26].convert /fixed2float_inst. (constraint file  auto generated constraint).
Applied set_property KEEP_HIERARCHY = SOFT for inst/dot_product_inst/dpe_inst/\GEN_CONVERT[27].convert /fixed2float_inst. (constraint file  auto generated constraint).
Applied set_property KEEP_HIERARCHY = SOFT for inst/dot_product_inst/dpe_inst/\GEN_CONVERT[28].convert /fixed2float_inst. (constraint file  auto generated constraint).
Applied set_property KEEP_HIERARCHY = SOFT for inst/dot_product_inst/dpe_inst/\GEN_CONVERT[29].convert /fixed2float_inst. (constraint file  auto generated constraint).
Applied set_property KEEP_HIERARCHY = SOFT for inst/dot_product_inst/dpe_inst/\GEN_CONVERT[30].convert /fixed2float_inst. (constraint file  auto generated constraint).
Applied set_property KEEP_HIERARCHY = SOFT for inst/dot_product_inst/dpe_inst/\GEN_CONVERT[31].convert /fixed2float_inst. (constraint file  auto generated constraint).
Applied set_property KEEP_HIERARCHY = SOFT for inst/dot_product_inst/dpe_inst/\GEN_CONVERT[32].convert /fixed2float_inst. (constraint file  auto generated constraint).
Applied set_property KEEP_HIERARCHY = SOFT for inst/dot_product_inst/dpe_inst/\GEN_CONVERT[33].convert /fixed2float_inst. (constraint file  auto generated constraint).
Applied set_property KEEP_HIERARCHY = SOFT for inst/dot_product_inst/dpe_inst/\GEN_CONVERT[34].convert /fixed2float_inst. (constraint file  auto generated constraint).
Applied set_property KEEP_HIERARCHY = SOFT for inst/dot_product_inst/dpe_inst/\GEN_CONVERT[35].convert /fixed2float_inst. (constraint file  auto generated constraint).
Applied set_property KEEP_HIERARCHY = SOFT for inst/dot_product_inst/dpe_inst/\GEN_CONVERT[36].convert /fixed2float_inst. (constraint file  auto generated constraint).
Applied set_property KEEP_HIERARCHY = SOFT for inst/dot_product_inst/dpe_inst/\GEN_CONVERT[37].convert /fixed2float_inst. (constraint file  auto generated constraint).
Applied set_property KEEP_HIERARCHY = SOFT for inst/dot_product_inst/dpe_inst/\GEN_CONVERT[38].convert /fixed2float_inst. (constraint file  auto generated constraint).
Applied set_property KEEP_HIERARCHY = SOFT for inst/dot_product_inst/dpe_inst/\GEN_CONVERT[39].convert /fixed2float_inst. (constraint file  auto generated constraint).
Applied set_property KEEP_HIERARCHY = SOFT for inst/dot_product_inst/dpe_inst/\GEN_CONVERT[40].convert /fixed2float_inst. (constraint file  auto generated constraint).
Applied set_property KEEP_HIERARCHY = SOFT for inst/dot_product_inst/dpe_inst/\GEN_CONVERT[41].convert /fixed2float_inst. (constraint file  auto generated constraint).
Applied set_property KEEP_HIERARCHY = SOFT for inst/dot_product_inst/dpe_inst/\GEN_CONVERT[42].convert /fixed2float_inst. (constraint file  auto generated constraint).
Applied set_property KEEP_HIERARCHY = SOFT for inst/dot_product_inst/dpe_inst/\GEN_CONVERT[43].convert /fixed2float_inst. (constraint file  auto generated constraint).
Applied set_property KEEP_HIERARCHY = SOFT for inst/dot_product_inst/dpe_inst/\GEN_CONVERT[44].convert /fixed2float_inst. (constraint file  auto generated constraint).
Applied set_property KEEP_HIERARCHY = SOFT for inst/dot_product_inst/dpe_inst/\GEN_CONVERT[45].convert /fixed2float_inst. (constraint file  auto generated constraint).
Applied set_property KEEP_HIERARCHY = SOFT for inst/dot_product_inst/dpe_inst/\GEN_CONVERT[46].convert /fixed2float_inst. (constraint file  auto generated constraint).
Applied set_property KEEP_HIERARCHY = SOFT for inst/dot_product_inst/dpe_inst/\GEN_CONVERT[47].convert /fixed2float_inst. (constraint file  auto generated constraint).
Applied set_property KEEP_HIERARCHY = SOFT for inst/dot_product_inst/dpe_inst/\GEN_CONVERT[48].convert /fixed2float_inst. (constraint file  auto generated constraint).
Applied set_property KEEP_HIERARCHY = SOFT for inst/dot_product_inst/dpe_inst/\GEN_CONVERT[49].convert /fixed2float_inst. (constraint file  auto generated constraint).
Applied set_property KEEP_HIERARCHY = SOFT for inst/dot_product_inst/dpe_inst/\GEN_CONVERT[50].convert /fixed2float_inst. (constraint file  auto generated constraint).
Applied set_property KEEP_HIERARCHY = SOFT for inst/dot_product_inst/dpe_inst/\GEN_CONVERT[51].convert /fixed2float_inst. (constraint file  auto generated constraint).
Applied set_property KEEP_HIERARCHY = SOFT for inst/dot_product_inst/dpe_inst/\GEN_CONVERT[52].convert /fixed2float_inst. (constraint file  auto generated constraint).
Applied set_property KEEP_HIERARCHY = SOFT for inst/dot_product_inst/dpe_inst/\GEN_CONVERT[53].convert /fixed2float_inst. (constraint file  auto generated constraint).
Applied set_property KEEP_HIERARCHY = SOFT for inst/dot_product_inst/dpe_inst/\GEN_CONVERT[54].convert /fixed2float_inst. (constraint file  auto generated constraint).
Applied set_property KEEP_HIERARCHY = SOFT for inst/dot_product_inst/dpe_inst/\GEN_CONVERT[55].convert /fixed2float_inst. (constraint file  auto generated constraint).
Applied set_property KEEP_HIERARCHY = SOFT for inst/dot_product_inst/dpe_inst/\GEN_CONVERT[56].convert /fixed2float_inst. (constraint file  auto generated constraint).
Applied set_property KEEP_HIERARCHY = SOFT for inst/dot_product_inst/dpe_inst/\GEN_CONVERT[57].convert /fixed2float_inst. (constraint file  auto generated constraint).
Applied set_property KEEP_HIERARCHY = SOFT for inst/dot_product_inst/dpe_inst/\GEN_CONVERT[58].convert /fixed2float_inst. (constraint file  auto generated constraint).
Applied set_property KEEP_HIERARCHY = SOFT for inst/dot_product_inst/dpe_inst/\GEN_CONVERT[59].convert /fixed2float_inst. (constraint file  auto generated constraint).
Applied set_property KEEP_HIERARCHY = SOFT for inst/dot_product_inst/dpe_inst/\GEN_CONVERT[60].convert /fixed2float_inst. (constraint file  auto generated constraint).
Applied set_property KEEP_HIERARCHY = SOFT for inst/dot_product_inst/dpe_inst/\GEN_CONVERT[61].convert /fixed2float_inst. (constraint file  auto generated constraint).
Applied set_property KEEP_HIERARCHY = SOFT for inst/dot_product_inst/dpe_inst/\GEN_CONVERT[62].convert /fixed2float_inst. (constraint file  auto generated constraint).
Applied set_property KEEP_HIERARCHY = SOFT for inst/dot_product_inst/dpe_inst/\GEN_CONVERT[63].convert /fixed2float_inst. (constraint file  auto generated constraint).
Applied set_property KEEP_HIERARCHY = SOFT for inst/dot_product_inst/dpe_inst/\GEN_CONVERT[64].convert /fixed2float_inst. (constraint file  auto generated constraint).
Applied set_property KEEP_HIERARCHY = SOFT for inst/dot_product_inst/dpe_inst/\GEN_CONVERT[65].convert /fixed2float_inst. (constraint file  auto generated constraint).
Applied set_property KEEP_HIERARCHY = SOFT for inst/dot_product_inst/dpe_inst/\GEN_CONVERT[66].convert /fixed2float_inst. (constraint file  auto generated constraint).
Applied set_property KEEP_HIERARCHY = SOFT for inst/dot_product_inst/dpe_inst/\GEN_CONVERT[67].convert /fixed2float_inst. (constraint file  auto generated constraint).
Applied set_property KEEP_HIERARCHY = SOFT for inst/dot_product_inst/dpe_inst/\GEN_CONVERT[68].convert /fixed2float_inst. (constraint file  auto generated constraint).
Applied set_property KEEP_HIERARCHY = SOFT for inst/dot_product_inst/dpe_inst/\GEN_CONVERT[69].convert /fixed2float_inst. (constraint file  auto generated constraint).
Applied set_property KEEP_HIERARCHY = SOFT for inst/dot_product_inst/dpe_inst/\GEN_CONVERT[70].convert /fixed2float_inst. (constraint file  auto generated constraint).
Applied set_property KEEP_HIERARCHY = SOFT for inst/dot_product_inst/dpe_inst/\GEN_CONVERT[71].convert /fixed2float_inst. (constraint file  auto generated constraint).
Applied set_property KEEP_HIERARCHY = SOFT for inst/dot_product_inst/dpe_inst/\GEN_CONVERT[72].convert /fixed2float_inst. (constraint file  auto generated constraint).
Applied set_property KEEP_HIERARCHY = SOFT for inst/dot_product_inst/dpe_inst/\GEN_CONVERT[73].convert /fixed2float_inst. (constraint file  auto generated constraint).
Applied set_property KEEP_HIERARCHY = SOFT for inst/dot_product_inst/dpe_inst/\GEN_CONVERT[74].convert /fixed2float_inst. (constraint file  auto generated constraint).
Applied set_property KEEP_HIERARCHY = SOFT for inst/dot_product_inst/dpe_inst/\GEN_CONVERT[75].convert /fixed2float_inst. (constraint file  auto generated constraint).
Applied set_property KEEP_HIERARCHY = SOFT for inst/dot_product_inst/dpe_inst/\GEN_CONVERT[76].convert /fixed2float_inst. (constraint file  auto generated constraint).
Applied set_property KEEP_HIERARCHY = SOFT for inst/dot_product_inst/dpe_inst/\GEN_CONVERT[77].convert /fixed2float_inst. (constraint file  auto generated constraint).
Applied set_property KEEP_HIERARCHY = SOFT for inst/dot_product_inst/dpe_inst/\GEN_CONVERT[78].convert /fixed2float_inst. (constraint file  auto generated constraint).
Applied set_property KEEP_HIERARCHY = SOFT for inst/dot_product_inst/dpe_inst/\GEN_CONVERT[79].convert /fixed2float_inst. (constraint file  auto generated constraint).
Applied set_property KEEP_HIERARCHY = SOFT for inst/dot_product_inst/dpe_inst/\GEN_CONVERT[80].convert /fixed2float_inst. (constraint file  auto generated constraint).
Applied set_property KEEP_HIERARCHY = SOFT for inst/dot_product_inst/dpe_inst/\GEN_CONVERT[81].convert /fixed2float_inst. (constraint file  auto generated constraint).
Applied set_property KEEP_HIERARCHY = SOFT for inst/dot_product_inst/dpe_inst/\GEN_CONVERT[82].convert /fixed2float_inst. (constraint file  auto generated constraint).
Applied set_property KEEP_HIERARCHY = SOFT for inst/dot_product_inst/dpe_inst/\GEN_CONVERT[83].convert /fixed2float_inst. (constraint file  auto generated constraint).
Applied set_property KEEP_HIERARCHY = SOFT for inst/dot_product_inst/dpe_inst/\GEN_CONVERT[84].convert /fixed2float_inst. (constraint file  auto generated constraint).
Applied set_property KEEP_HIERARCHY = SOFT for inst/dot_product_inst/dpe_inst/\GEN_CONVERT[85].convert /fixed2float_inst. (constraint file  auto generated constraint).
Applied set_property KEEP_HIERARCHY = SOFT for inst/dot_product_inst/dpe_inst/\GEN_CONVERT[86].convert /fixed2float_inst. (constraint file  auto generated constraint).
Applied set_property KEEP_HIERARCHY = SOFT for inst/dot_product_inst/dpe_inst/\GEN_CONVERT[87].convert /fixed2float_inst. (constraint file  auto generated constraint).
Applied set_property KEEP_HIERARCHY = SOFT for inst/dot_product_inst/dpe_inst/\GEN_CONVERT[88].convert /fixed2float_inst. (constraint file  auto generated constraint).
Applied set_property KEEP_HIERARCHY = SOFT for inst/dot_product_inst/dpe_inst/\GEN_CONVERT[89].convert /fixed2float_inst. (constraint file  auto generated constraint).
Applied set_property KEEP_HIERARCHY = SOFT for inst/dot_product_inst/dpe_inst/\GEN_CONVERT[90].convert /fixed2float_inst. (constraint file  auto generated constraint).
Applied set_property KEEP_HIERARCHY = SOFT for inst/dot_product_inst/dpe_inst/\GEN_CONVERT[91].convert /fixed2float_inst. (constraint file  auto generated constraint).
Applied set_property KEEP_HIERARCHY = SOFT for inst/dot_product_inst/dpe_inst/\GEN_CONVERT[92].convert /fixed2float_inst. (constraint file  auto generated constraint).
Applied set_property KEEP_HIERARCHY = SOFT for inst/dot_product_inst/dpe_inst/\GEN_CONVERT[93].convert /fixed2float_inst. (constraint file  auto generated constraint).
Applied set_property KEEP_HIERARCHY = SOFT for inst/dot_product_inst/dpe_inst/\GEN_CONVERT[94].convert /fixed2float_inst. (constraint file  auto generated constraint).
Applied set_property KEEP_HIERARCHY = SOFT for inst/dot_product_inst/dpe_inst/\GEN_CONVERT[95].convert /fixed2float_inst. (constraint file  auto generated constraint).
Applied set_property KEEP_HIERARCHY = SOFT for inst/dot_product_inst/dpe_inst/\GEN_CONVERT[96].convert /fixed2float_inst. (constraint file  auto generated constraint).
Applied set_property KEEP_HIERARCHY = SOFT for inst/dot_product_inst/dpe_inst/\GEN_CONVERT[97].convert /fixed2float_inst. (constraint file  auto generated constraint).
Applied set_property KEEP_HIERARCHY = SOFT for inst/dot_product_inst/dpe_inst/\GEN_CONVERT[98].convert /fixed2float_inst. (constraint file  auto generated constraint).
Applied set_property KEEP_HIERARCHY = SOFT for inst/dot_product_inst/dpe_inst/\GEN_CONVERT[99].convert /fixed2float_inst. (constraint file  auto generated constraint).
Applied set_property KEEP_HIERARCHY = SOFT for inst/dot_product_inst/dpe_inst/\GEN_CONVERT[100].convert /fixed2float_inst. (constraint file  auto generated constraint).
Applied set_property KEEP_HIERARCHY = SOFT for inst/dot_product_inst/dpe_inst/\GEN_CONVERT[101].convert /fixed2float_inst. (constraint file  auto generated constraint).
Applied set_property KEEP_HIERARCHY = SOFT for inst/dot_product_inst/dpe_inst/\GEN_CONVERT[102].convert /fixed2float_inst. (constraint file  auto generated constraint).
Applied set_property KEEP_HIERARCHY = SOFT for inst/dot_product_inst/dpe_inst/\GEN_CONVERT[103].convert /fixed2float_inst. (constraint file  auto generated constraint).
Applied set_property KEEP_HIERARCHY = SOFT for inst/dot_product_inst/dpe_inst/\GEN_CONVERT[104].convert /fixed2float_inst. (constraint file  auto generated constraint).
Applied set_property KEEP_HIERARCHY = SOFT for inst/dot_product_inst/dpe_inst/\GEN_CONVERT[105].convert /fixed2float_inst. (constraint file  auto generated constraint).
Applied set_property KEEP_HIERARCHY = SOFT for inst/dot_product_inst/dpe_inst/\GEN_CONVERT[106].convert /fixed2float_inst. (constraint file  auto generated constraint).
Applied set_property KEEP_HIERARCHY = SOFT for inst/dot_product_inst/dpe_inst/\GEN_CONVERT[107].convert /fixed2float_inst. (constraint file  auto generated constraint).
Applied set_property KEEP_HIERARCHY = SOFT for inst/dot_product_inst/dpe_inst/\GEN_CONVERT[108].convert /fixed2float_inst. (constraint file  auto generated constraint).
Applied set_property KEEP_HIERARCHY = SOFT for inst/dot_product_inst/dpe_inst/\GEN_CONVERT[109].convert /fixed2float_inst. (constraint file  auto generated constraint).
Applied set_property KEEP_HIERARCHY = SOFT for inst/dot_product_inst/dpe_inst/\GEN_CONVERT[110].convert /fixed2float_inst. (constraint file  auto generated constraint).
Applied set_property KEEP_HIERARCHY = SOFT for inst/dot_product_inst/dpe_inst/\GEN_CONVERT[111].convert /fixed2float_inst. (constraint file  auto generated constraint).
Applied set_property KEEP_HIERARCHY = SOFT for inst/dot_product_inst/dpe_inst/\GEN_CONVERT[112].convert /fixed2float_inst. (constraint file  auto generated constraint).
Applied set_property KEEP_HIERARCHY = SOFT for inst/dot_product_inst/dpe_inst/\GEN_CONVERT[113].convert /fixed2float_inst. (constraint file  auto generated constraint).
Applied set_property KEEP_HIERARCHY = SOFT for inst/dot_product_inst/dpe_inst/\GEN_CONVERT[114].convert /fixed2float_inst. (constraint file  auto generated constraint).
Applied set_property KEEP_HIERARCHY = SOFT for inst/dot_product_inst/dpe_inst/\GEN_CONVERT[115].convert /fixed2float_inst. (constraint file  auto generated constraint).
Applied set_property KEEP_HIERARCHY = SOFT for inst/dot_product_inst/dpe_inst/\GEN_CONVERT[116].convert /fixed2float_inst. (constraint file  auto generated constraint).
Applied set_property KEEP_HIERARCHY = SOFT for inst/dot_product_inst/dpe_inst/\GEN_CONVERT[117].convert /fixed2float_inst. (constraint file  auto generated constraint).
Applied set_property KEEP_HIERARCHY = SOFT for inst/dot_product_inst/dpe_inst/\GEN_CONVERT[118].convert /fixed2float_inst. (constraint file  auto generated constraint).
Applied set_property KEEP_HIERARCHY = SOFT for inst/dot_product_inst/dpe_inst/\GEN_CONVERT[119].convert /fixed2float_inst. (constraint file  auto generated constraint).
Applied set_property KEEP_HIERARCHY = SOFT for inst/dot_product_inst/dpe_inst/\GEN_CONVERT[120].convert /fixed2float_inst. (constraint file  auto generated constraint).
Applied set_property KEEP_HIERARCHY = SOFT for inst/dot_product_inst/dpe_inst/\GEN_CONVERT[121].convert /fixed2float_inst. (constraint file  auto generated constraint).
Applied set_property KEEP_HIERARCHY = SOFT for inst/dot_product_inst/dpe_inst/\GEN_CONVERT[122].convert /fixed2float_inst. (constraint file  auto generated constraint).
Applied set_property KEEP_HIERARCHY = SOFT for inst/dot_product_inst/dpe_inst/\GEN_CONVERT[123].convert /fixed2float_inst. (constraint file  auto generated constraint).
Applied set_property KEEP_HIERARCHY = SOFT for inst/dot_product_inst/dpe_inst/\GEN_CONVERT[124].convert /fixed2float_inst. (constraint file  auto generated constraint).
Applied set_property KEEP_HIERARCHY = SOFT for inst/dot_product_inst/dpe_inst/\GEN_CONVERT[125].convert /fixed2float_inst. (constraint file  auto generated constraint).
Applied set_property KEEP_HIERARCHY = SOFT for inst/dot_product_inst/dpe_inst/\GEN_CONVERT[126].convert /fixed2float_inst. (constraint file  auto generated constraint).
Applied set_property KEEP_HIERARCHY = SOFT for inst/dot_product_inst/dpe_inst/\GEN_CONVERT[127].convert /fixed2float_inst. (constraint file  auto generated constraint).
Applied set_property KEEP_HIERARCHY = SOFT for inst/bram_sdp_x_vector. (constraint file  auto generated constraint).
---------------------------------------------------------------------------------
Finished applying 'set_property' XDC Constraints : Time (s): cpu = 00:00:11 ; elapsed = 00:00:11 . Memory (MB): peak = 3032.438 ; gain = 443.586 ; free physical = 40954 ; free virtual = 52393
---------------------------------------------------------------------------------
INFO: [Synth 8-802] inferred FSM for state register 'axil_write_state_reg' in module 'axi_dpe'
INFO: [Synth 8-802] inferred FSM for state register 'ctrl_state_reg' in module 'axi_dpe'
INFO: [Synth 8-802] inferred FSM for state register 'read_state_reg' in module 'axi_dpe'
INFO: [Synth 8-802] inferred FSM for state register 'dpe_state_reg' in module 'axi_dpe'
INFO: [Synth 8-802] inferred FSM for state register 'write_state_reg' in module 'axi_dpe'
INFO: [Synth 8-6904] The RAM "block_ram:/mem_reg" of size (depth=16 x width=32) is automatically implemented using LUTRAM. BRAM implementation would be inefficient 
---------------------------------------------------------------------------------------------------
                   State |                     New Encoding |                Previous Encoding 
---------------------------------------------------------------------------------------------------
         AXIL_WRITE_IDLE |                              001 |                               00
         AXIL_WRITE_DATA |                              010 |                               01
         AXIL_WRITE_RESP |                              100 |                               10
---------------------------------------------------------------------------------------------------
INFO: [Synth 8-3354] encoded FSM with state register 'axil_write_state_reg' using encoding 'one-hot' in module 'axi_dpe'
---------------------------------------------------------------------------------------------------
                   State |                     New Encoding |                Previous Encoding 
---------------------------------------------------------------------------------------------------
                DPE_IDLE |                              001 |                               00
              DPE_ACTIVE |                              010 |                               01
                DPE_DONE |                              100 |                               10
---------------------------------------------------------------------------------------------------
INFO: [Synth 8-3354] encoded FSM with state register 'dpe_state_reg' using encoding 'one-hot' in module 'axi_dpe'
---------------------------------------------------------------------------------------------------
                   State |                     New Encoding |                Previous Encoding 
---------------------------------------------------------------------------------------------------
              WRITE_IDLE |                           000001 |                              000
             WRITE_SETUP |                           000010 |                              001
                WRITE_AW |                           000100 |                              010
              WRITE_DATA |                           001000 |                              011
              WRITE_RESP |                           010000 |                              100
              WRITE_DONE |                           100000 |                              101
---------------------------------------------------------------------------------------------------
INFO: [Synth 8-3354] encoded FSM with state register 'write_state_reg' using encoding 'one-hot' in module 'axi_dpe'
---------------------------------------------------------------------------------------------------
                   State |                     New Encoding |                Previous Encoding 
---------------------------------------------------------------------------------------------------
               READ_IDLE |                            00001 |                              000
              READ_SETUP |                            00010 |                              001
                 READ_AR |                            00100 |                              010
               READ_DATA |                            01000 |                              011
               READ_DONE |                            10000 |                              100
---------------------------------------------------------------------------------------------------
INFO: [Synth 8-3354] encoded FSM with state register 'read_state_reg' using encoding 'one-hot' in module 'axi_dpe'
---------------------------------------------------------------------------------------------------
                   State |                     New Encoding |                Previous Encoding 
---------------------------------------------------------------------------------------------------
               CTRL_IDLE |                              001 |                               00
             CTRL_ACTIVE |                              010 |                               01
           CTRL_COMPLETE |                              100 |                               10
---------------------------------------------------------------------------------------------------
INFO: [Synth 8-3354] encoded FSM with state register 'ctrl_state_reg' using encoding 'one-hot' in module 'axi_dpe'
---------------------------------------------------------------------------------
Finished RTL Optimization Phase 2 : Time (s): cpu = 00:00:14 ; elapsed = 00:00:14 . Memory (MB): peak = 3032.438 ; gain = 443.586 ; free physical = 38205 ; free virtual = 49651
---------------------------------------------------------------------------------
---------------------------------------------------------------------------------
Start RTL Component Statistics 
---------------------------------------------------------------------------------
Detailed RTL Component Info : 
+---Adders : 
	   2 Input   32 Bit       Adders := 4     
	   3 Input   32 Bit       Adders := 2     
	   2 Input    9 Bit       Adders := 1     
	   2 Input    8 Bit       Adders := 3     
	   3 Input    8 Bit       Adders := 1     
	   2 Input    7 Bit       Adders := 1     
	   3 Input    6 Bit       Adders := 1     
	   2 Input    6 Bit       Adders := 1     
	   2 Input    3 Bit       Adders := 1     
+---Registers : 
	             4096 Bit    Registers := 2     
	              256 Bit    Registers := 5     
	               32 Bit    Registers := 139   
	                8 Bit    Registers := 3     
	                7 Bit    Registers := 1     
	                6 Bit    Registers := 1     
	                4 Bit    Registers := 1     
	                3 Bit    Registers := 4     
	                2 Bit    Registers := 4     
	                1 Bit    Registers := 26    
+---RAMs : 
	              32K Bit	(128 X 256 bit)          RAMs := 1     
	              512 Bit	(16 X 32 bit)          RAMs := 128   
+---Muxes : 
	   2 Input 4096 Bit        Muxes := 1     
	   2 Input  256 Bit        Muxes := 2     
	   6 Input  256 Bit        Muxes := 1     
	   4 Input   32 Bit        Muxes := 256   
	   2 Input   32 Bit        Muxes := 259   
	   6 Input   32 Bit        Muxes := 1     
	   7 Input   16 Bit        Muxes := 96    
	   2 Input    8 Bit        Muxes := 2     
	   6 Input    8 Bit        Muxes := 1     
	   5 Input    8 Bit        Muxes := 1     
	   2 Input    6 Bit        Muxes := 1     
	   5 Input    5 Bit        Muxes := 1     
	   2 Input    5 Bit        Muxes := 1     
	   2 Input    3 Bit        Muxes := 1     
	   3 Input    3 Bit        Muxes := 1     
	   6 Input    3 Bit        Muxes := 1     
	   5 Input    3 Bit        Muxes := 1     
	   2 Input    2 Bit        Muxes := 3     
	   3 Input    2 Bit        Muxes := 1     
	   4 Input    1 Bit        Muxes := 256   
	   2 Input    1 Bit        Muxes := 41    
	   6 Input    1 Bit        Muxes := 22    
	   3 Input    1 Bit        Muxes := 25    
	   5 Input    1 Bit        Muxes := 13    
---------------------------------------------------------------------------------
Finished RTL Component Statistics 
---------------------------------------------------------------------------------
---------------------------------------------------------------------------------
Start Part Resource Summary
---------------------------------------------------------------------------------
Part Resources:
DSPs: 1824 (col length:96)
BRAMs: 960 (col length: RAMB18 96 RAMB36 48)
---------------------------------------------------------------------------------
Finished Part Resource Summary
---------------------------------------------------------------------------------
---------------------------------------------------------------------------------
Start Cross Boundary and Area Optimization
---------------------------------------------------------------------------------
INFO: [Synth 8-6904] The RAM "inst/GEN_X_BRAMS[0].bram_inst/mem_reg" of size (depth=2 x width=32) is automatically implemented using LUTRAM. BRAM implementation would be inefficient 
INFO: [Synth 8-6904] The RAM "inst/GEN_X_BRAMS[1].bram_inst/mem_reg" of size (depth=2 x width=32) is automatically implemented using LUTRAM. BRAM implementation would be inefficient 
INFO: [Synth 8-6904] The RAM "inst/GEN_X_BRAMS[2].bram_inst/mem_reg" of size (depth=2 x width=32) is automatically implemented using LUTRAM. BRAM implementation would be inefficient 
INFO: [Synth 8-6904] The RAM "inst/GEN_X_BRAMS[3].bram_inst/mem_reg" of size (depth=2 x width=32) is automatically implemented using LUTRAM. BRAM implementation would be inefficient 
INFO: [Synth 8-6904] The RAM "inst/GEN_X_BRAMS[4].bram_inst/mem_reg" of size (depth=2 x width=32) is automatically implemented using LUTRAM. BRAM implementation would be inefficient 
INFO: [Synth 8-6904] The RAM "inst/GEN_X_BRAMS[5].bram_inst/mem_reg" of size (depth=2 x width=32) is automatically implemented using LUTRAM. BRAM implementation would be inefficient 
INFO: [Synth 8-6904] The RAM "inst/GEN_X_BRAMS[6].bram_inst/mem_reg" of size (depth=2 x width=32) is automatically implemented using LUTRAM. BRAM implementation would be inefficient 
INFO: [Synth 8-6904] The RAM "inst/GEN_X_BRAMS[7].bram_inst/mem_reg" of size (depth=2 x width=32) is automatically implemented using LUTRAM. BRAM implementation would be inefficient 
INFO: [Synth 8-6904] The RAM "inst/GEN_X_BRAMS[8].bram_inst/mem_reg" of size (depth=2 x width=32) is automatically implemented using LUTRAM. BRAM implementation would be inefficient 
INFO: [Synth 8-6904] The RAM "inst/GEN_X_BRAMS[9].bram_inst/mem_reg" of size (depth=2 x width=32) is automatically implemented using LUTRAM. BRAM implementation would be inefficient 
INFO: [Synth 8-6904] The RAM "inst/GEN_X_BRAMS[10].bram_inst/mem_reg" of size (depth=2 x width=32) is automatically implemented using LUTRAM. BRAM implementation would be inefficient 
INFO: [Synth 8-6904] The RAM "inst/GEN_X_BRAMS[11].bram_inst/mem_reg" of size (depth=2 x width=32) is automatically implemented using LUTRAM. BRAM implementation would be inefficient 
INFO: [Synth 8-6904] The RAM "inst/GEN_X_BRAMS[12].bram_inst/mem_reg" of size (depth=2 x width=32) is automatically implemented using LUTRAM. BRAM implementation would be inefficient 
INFO: [Synth 8-6904] The RAM "inst/GEN_X_BRAMS[13].bram_inst/mem_reg" of size (depth=2 x width=32) is automatically implemented using LUTRAM. BRAM implementation would be inefficient 
INFO: [Synth 8-6904] The RAM "inst/GEN_X_BRAMS[14].bram_inst/mem_reg" of size (depth=2 x width=32) is automatically implemented using LUTRAM. BRAM implementation would be inefficient 
INFO: [Synth 8-6904] The RAM "inst/GEN_X_BRAMS[15].bram_inst/mem_reg" of size (depth=2 x width=32) is automatically implemented using LUTRAM. BRAM implementation would be inefficient 
INFO: [Synth 8-6904] The RAM "inst/GEN_X_BRAMS[16].bram_inst/mem_reg" of size (depth=2 x width=32) is automatically implemented using LUTRAM. BRAM implementation would be inefficient 
INFO: [Synth 8-6904] The RAM "inst/GEN_X_BRAMS[17].bram_inst/mem_reg" of size (depth=2 x width=32) is automatically implemented using LUTRAM. BRAM implementation would be inefficient 
INFO: [Synth 8-6904] The RAM "inst/GEN_X_BRAMS[18].bram_inst/mem_reg" of size (depth=2 x width=32) is automatically implemented using LUTRAM. BRAM implementation would be inefficient 
INFO: [Synth 8-6904] The RAM "inst/GEN_X_BRAMS[19].bram_inst/mem_reg" of size (depth=2 x width=32) is automatically implemented using LUTRAM. BRAM implementation would be inefficient 
INFO: [Synth 8-6904] The RAM "inst/GEN_X_BRAMS[20].bram_inst/mem_reg" of size (depth=2 x width=32) is automatically implemented using LUTRAM. BRAM implementation would be inefficient 
INFO: [Synth 8-6904] The RAM "inst/GEN_X_BRAMS[21].bram_inst/mem_reg" of size (depth=2 x width=32) is automatically implemented using LUTRAM. BRAM implementation would be inefficient 
INFO: [Synth 8-6904] The RAM "inst/GEN_X_BRAMS[22].bram_inst/mem_reg" of size (depth=2 x width=32) is automatically implemented using LUTRAM. BRAM implementation would be inefficient 
INFO: [Synth 8-6904] The RAM "inst/GEN_X_BRAMS[23].bram_inst/mem_reg" of size (depth=2 x width=32) is automatically implemented using LUTRAM. BRAM implementation would be inefficient 
INFO: [Synth 8-6904] The RAM "inst/GEN_X_BRAMS[24].bram_inst/mem_reg" of size (depth=2 x width=32) is automatically implemented using LUTRAM. BRAM implementation would be inefficient 
INFO: [Synth 8-6904] The RAM "inst/GEN_X_BRAMS[25].bram_inst/mem_reg" of size (depth=2 x width=32) is automatically implemented using LUTRAM. BRAM implementation would be inefficient 
INFO: [Synth 8-6904] The RAM "inst/GEN_X_BRAMS[26].bram_inst/mem_reg" of size (depth=2 x width=32) is automatically implemented using LUTRAM. BRAM implementation would be inefficient 
INFO: [Synth 8-6904] The RAM "inst/GEN_X_BRAMS[27].bram_inst/mem_reg" of size (depth=2 x width=32) is automatically implemented using LUTRAM. BRAM implementation would be inefficient 
INFO: [Synth 8-6904] The RAM "inst/GEN_X_BRAMS[28].bram_inst/mem_reg" of size (depth=2 x width=32) is automatically implemented using LUTRAM. BRAM implementation would be inefficient 
INFO: [Synth 8-6904] The RAM "inst/GEN_X_BRAMS[29].bram_inst/mem_reg" of size (depth=2 x width=32) is automatically implemented using LUTRAM. BRAM implementation would be inefficient 
INFO: [Synth 8-6904] The RAM "inst/GEN_X_BRAMS[30].bram_inst/mem_reg" of size (depth=2 x width=32) is automatically implemented using LUTRAM. BRAM implementation would be inefficient 
INFO: [Synth 8-6904] The RAM "inst/GEN_X_BRAMS[31].bram_inst/mem_reg" of size (depth=2 x width=32) is automatically implemented using LUTRAM. BRAM implementation would be inefficient 
INFO: [Synth 8-6904] The RAM "inst/GEN_X_BRAMS[32].bram_inst/mem_reg" of size (depth=2 x width=32) is automatically implemented using LUTRAM. BRAM implementation would be inefficient 
INFO: [Synth 8-6904] The RAM "inst/GEN_X_BRAMS[33].bram_inst/mem_reg" of size (depth=2 x width=32) is automatically implemented using LUTRAM. BRAM implementation would be inefficient 
INFO: [Synth 8-6904] The RAM "inst/GEN_X_BRAMS[34].bram_inst/mem_reg" of size (depth=2 x width=32) is automatically implemented using LUTRAM. BRAM implementation would be inefficient 
INFO: [Synth 8-6904] The RAM "inst/GEN_X_BRAMS[35].bram_inst/mem_reg" of size (depth=2 x width=32) is automatically implemented using LUTRAM. BRAM implementation would be inefficient 
INFO: [Synth 8-6904] The RAM "inst/GEN_X_BRAMS[36].bram_inst/mem_reg" of size (depth=2 x width=32) is automatically implemented using LUTRAM. BRAM implementation would be inefficient 
INFO: [Synth 8-6904] The RAM "inst/GEN_X_BRAMS[37].bram_inst/mem_reg" of size (depth=2 x width=32) is automatically implemented using LUTRAM. BRAM implementation would be inefficient 
INFO: [Synth 8-6904] The RAM "inst/GEN_X_BRAMS[38].bram_inst/mem_reg" of size (depth=2 x width=32) is automatically implemented using LUTRAM. BRAM implementation would be inefficient 
INFO: [Synth 8-6904] The RAM "inst/GEN_X_BRAMS[39].bram_inst/mem_reg" of size (depth=2 x width=32) is automatically implemented using LUTRAM. BRAM implementation would be inefficient 
INFO: [Synth 8-6904] The RAM "inst/GEN_X_BRAMS[40].bram_inst/mem_reg" of size (depth=2 x width=32) is automatically implemented using LUTRAM. BRAM implementation would be inefficient 
INFO: [Synth 8-6904] The RAM "inst/GEN_X_BRAMS[41].bram_inst/mem_reg" of size (depth=2 x width=32) is automatically implemented using LUTRAM. BRAM implementation would be inefficient 
INFO: [Synth 8-6904] The RAM "inst/GEN_X_BRAMS[42].bram_inst/mem_reg" of size (depth=2 x width=32) is automatically implemented using LUTRAM. BRAM implementation would be inefficient 
INFO: [Synth 8-6904] The RAM "inst/GEN_X_BRAMS[43].bram_inst/mem_reg" of size (depth=2 x width=32) is automatically implemented using LUTRAM. BRAM implementation would be inefficient 
INFO: [Synth 8-6904] The RAM "inst/GEN_X_BRAMS[44].bram_inst/mem_reg" of size (depth=2 x width=32) is automatically implemented using LUTRAM. BRAM implementation would be inefficient 
INFO: [Synth 8-6904] The RAM "inst/GEN_X_BRAMS[45].bram_inst/mem_reg" of size (depth=2 x width=32) is automatically implemented using LUTRAM. BRAM implementation would be inefficient 
INFO: [Synth 8-6904] The RAM "inst/GEN_X_BRAMS[46].bram_inst/mem_reg" of size (depth=2 x width=32) is automatically implemented using LUTRAM. BRAM implementation would be inefficient 
INFO: [Synth 8-6904] The RAM "inst/GEN_X_BRAMS[47].bram_inst/mem_reg" of size (depth=2 x width=32) is automatically implemented using LUTRAM. BRAM implementation would be inefficient 
INFO: [Synth 8-6904] The RAM "inst/GEN_X_BRAMS[48].bram_inst/mem_reg" of size (depth=2 x width=32) is automatically implemented using LUTRAM. BRAM implementation would be inefficient 
INFO: [Synth 8-6904] The RAM "inst/GEN_X_BRAMS[49].bram_inst/mem_reg" of size (depth=2 x width=32) is automatically implemented using LUTRAM. BRAM implementation would be inefficient 
INFO: [Synth 8-6904] The RAM "inst/GEN_X_BRAMS[50].bram_inst/mem_reg" of size (depth=2 x width=32) is automatically implemented using LUTRAM. BRAM implementation would be inefficient 
INFO: [Synth 8-6904] The RAM "inst/GEN_X_BRAMS[51].bram_inst/mem_reg" of size (depth=2 x width=32) is automatically implemented using LUTRAM. BRAM implementation would be inefficient 
INFO: [Synth 8-6904] The RAM "inst/GEN_X_BRAMS[52].bram_inst/mem_reg" of size (depth=2 x width=32) is automatically implemented using LUTRAM. BRAM implementation would be inefficient 
INFO: [Synth 8-6904] The RAM "inst/GEN_X_BRAMS[53].bram_inst/mem_reg" of size (depth=2 x width=32) is automatically implemented using LUTRAM. BRAM implementation would be inefficient 
INFO: [Synth 8-6904] The RAM "inst/GEN_X_BRAMS[54].bram_inst/mem_reg" of size (depth=2 x width=32) is automatically implemented using LUTRAM. BRAM implementation would be inefficient 
INFO: [Synth 8-6904] The RAM "inst/GEN_X_BRAMS[55].bram_inst/mem_reg" of size (depth=2 x width=32) is automatically implemented using LUTRAM. BRAM implementation would be inefficient 
INFO: [Synth 8-6904] The RAM "inst/GEN_X_BRAMS[56].bram_inst/mem_reg" of size (depth=2 x width=32) is automatically implemented using LUTRAM. BRAM implementation would be inefficient 
INFO: [Synth 8-6904] The RAM "inst/GEN_X_BRAMS[57].bram_inst/mem_reg" of size (depth=2 x width=32) is automatically implemented using LUTRAM. BRAM implementation would be inefficient 
INFO: [Synth 8-6904] The RAM "inst/GEN_X_BRAMS[58].bram_inst/mem_reg" of size (depth=2 x width=32) is automatically implemented using LUTRAM. BRAM implementation would be inefficient 
INFO: [Synth 8-6904] The RAM "inst/GEN_X_BRAMS[59].bram_inst/mem_reg" of size (depth=2 x width=32) is automatically implemented using LUTRAM. BRAM implementation would be inefficient 
INFO: [Synth 8-6904] The RAM "inst/GEN_X_BRAMS[60].bram_inst/mem_reg" of size (depth=2 x width=32) is automatically implemented using LUTRAM. BRAM implementation would be inefficient 
INFO: [Synth 8-6904] The RAM "inst/GEN_X_BRAMS[61].bram_inst/mem_reg" of size (depth=2 x width=32) is automatically implemented using LUTRAM. BRAM implementation would be inefficient 
INFO: [Synth 8-6904] The RAM "inst/GEN_X_BRAMS[62].bram_inst/mem_reg" of size (depth=2 x width=32) is automatically implemented using LUTRAM. BRAM implementation would be inefficient 
INFO: [Synth 8-6904] The RAM "inst/GEN_X_BRAMS[63].bram_inst/mem_reg" of size (depth=2 x width=32) is automatically implemented using LUTRAM. BRAM implementation would be inefficient 
INFO: [Synth 8-6904] The RAM "inst/GEN_X_BRAMS[64].bram_inst/mem_reg" of size (depth=2 x width=32) is automatically implemented using LUTRAM. BRAM implementation would be inefficient 
INFO: [Synth 8-6904] The RAM "inst/GEN_X_BRAMS[65].bram_inst/mem_reg" of size (depth=2 x width=32) is automatically implemented using LUTRAM. BRAM implementation would be inefficient 
INFO: [Synth 8-6904] The RAM "inst/GEN_X_BRAMS[66].bram_inst/mem_reg" of size (depth=2 x width=32) is automatically implemented using LUTRAM. BRAM implementation would be inefficient 
INFO: [Synth 8-6904] The RAM "inst/GEN_X_BRAMS[67].bram_inst/mem_reg" of size (depth=2 x width=32) is automatically implemented using LUTRAM. BRAM implementation would be inefficient 
INFO: [Synth 8-6904] The RAM "inst/GEN_X_BRAMS[68].bram_inst/mem_reg" of size (depth=2 x width=32) is automatically implemented using LUTRAM. BRAM implementation would be inefficient 
INFO: [Synth 8-6904] The RAM "inst/GEN_X_BRAMS[69].bram_inst/mem_reg" of size (depth=2 x width=32) is automatically implemented using LUTRAM. BRAM implementation would be inefficient 
INFO: [Synth 8-6904] The RAM "inst/GEN_X_BRAMS[70].bram_inst/mem_reg" of size (depth=2 x width=32) is automatically implemented using LUTRAM. BRAM implementation would be inefficient 
INFO: [Synth 8-6904] The RAM "inst/GEN_X_BRAMS[71].bram_inst/mem_reg" of size (depth=2 x width=32) is automatically implemented using LUTRAM. BRAM implementation would be inefficient 
INFO: [Synth 8-6904] The RAM "inst/GEN_X_BRAMS[72].bram_inst/mem_reg" of size (depth=2 x width=32) is automatically implemented using LUTRAM. BRAM implementation would be inefficient 
INFO: [Synth 8-6904] The RAM "inst/GEN_X_BRAMS[73].bram_inst/mem_reg" of size (depth=2 x width=32) is automatically implemented using LUTRAM. BRAM implementation would be inefficient 
INFO: [Synth 8-6904] The RAM "inst/GEN_X_BRAMS[74].bram_inst/mem_reg" of size (depth=2 x width=32) is automatically implemented using LUTRAM. BRAM implementation would be inefficient 
INFO: [Synth 8-6904] The RAM "inst/GEN_X_BRAMS[75].bram_inst/mem_reg" of size (depth=2 x width=32) is automatically implemented using LUTRAM. BRAM implementation would be inefficient 
INFO: [Synth 8-6904] The RAM "inst/GEN_X_BRAMS[76].bram_inst/mem_reg" of size (depth=2 x width=32) is automatically implemented using LUTRAM. BRAM implementation would be inefficient 
INFO: [Synth 8-6904] The RAM "inst/GEN_X_BRAMS[77].bram_inst/mem_reg" of size (depth=2 x width=32) is automatically implemented using LUTRAM. BRAM implementation would be inefficient 
INFO: [Synth 8-6904] The RAM "inst/GEN_X_BRAMS[78].bram_inst/mem_reg" of size (depth=2 x width=32) is automatically implemented using LUTRAM. BRAM implementation would be inefficient 
INFO: [Synth 8-6904] The RAM "inst/GEN_X_BRAMS[79].bram_inst/mem_reg" of size (depth=2 x width=32) is automatically implemented using LUTRAM. BRAM implementation would be inefficient 
INFO: [Synth 8-6904] The RAM "inst/GEN_X_BRAMS[80].bram_inst/mem_reg" of size (depth=2 x width=32) is automatically implemented using LUTRAM. BRAM implementation would be inefficient 
INFO: [Synth 8-6904] The RAM "inst/GEN_X_BRAMS[81].bram_inst/mem_reg" of size (depth=2 x width=32) is automatically implemented using LUTRAM. BRAM implementation would be inefficient 
INFO: [Synth 8-6904] The RAM "inst/GEN_X_BRAMS[82].bram_inst/mem_reg" of size (depth=2 x width=32) is automatically implemented using LUTRAM. BRAM implementation would be inefficient 
INFO: [Synth 8-6904] The RAM "inst/GEN_X_BRAMS[83].bram_inst/mem_reg" of size (depth=2 x width=32) is automatically implemented using LUTRAM. BRAM implementation would be inefficient 
INFO: [Synth 8-6904] The RAM "inst/GEN_X_BRAMS[84].bram_inst/mem_reg" of size (depth=2 x width=32) is automatically implemented using LUTRAM. BRAM implementation would be inefficient 
INFO: [Synth 8-6904] The RAM "inst/GEN_X_BRAMS[85].bram_inst/mem_reg" of size (depth=2 x width=32) is automatically implemented using LUTRAM. BRAM implementation would be inefficient 
INFO: [Synth 8-6904] The RAM "inst/GEN_X_BRAMS[86].bram_inst/mem_reg" of size (depth=2 x width=32) is automatically implemented using LUTRAM. BRAM implementation would be inefficient 
INFO: [Synth 8-6904] The RAM "inst/GEN_X_BRAMS[87].bram_inst/mem_reg" of size (depth=2 x width=32) is automatically implemented using LUTRAM. BRAM implementation would be inefficient 
INFO: [Synth 8-6904] The RAM "inst/GEN_X_BRAMS[88].bram_inst/mem_reg" of size (depth=2 x width=32) is automatically implemented using LUTRAM. BRAM implementation would be inefficient 
INFO: [Synth 8-6904] The RAM "inst/GEN_X_BRAMS[89].bram_inst/mem_reg" of size (depth=2 x width=32) is automatically implemented using LUTRAM. BRAM implementation would be inefficient 
INFO: [Synth 8-6904] The RAM "inst/GEN_X_BRAMS[90].bram_inst/mem_reg" of size (depth=2 x width=32) is automatically implemented using LUTRAM. BRAM implementation would be inefficient 
INFO: [Synth 8-6904] The RAM "inst/GEN_X_BRAMS[91].bram_inst/mem_reg" of size (depth=2 x width=32) is automatically implemented using LUTRAM. BRAM implementation would be inefficient 
INFO: [Synth 8-6904] The RAM "inst/GEN_X_BRAMS[92].bram_inst/mem_reg" of size (depth=2 x width=32) is automatically implemented using LUTRAM. BRAM implementation would be inefficient 
INFO: [Synth 8-6904] The RAM "inst/GEN_X_BRAMS[93].bram_inst/mem_reg" of size (depth=2 x width=32) is automatically implemented using LUTRAM. BRAM implementation would be inefficient 
INFO: [Synth 8-6904] The RAM "inst/GEN_X_BRAMS[94].bram_inst/mem_reg" of size (depth=2 x width=32) is automatically implemented using LUTRAM. BRAM implementation would be inefficient 
INFO: [Synth 8-6904] The RAM "inst/GEN_X_BRAMS[95].bram_inst/mem_reg" of size (depth=2 x width=32) is automatically implemented using LUTRAM. BRAM implementation would be inefficient 
INFO: [Synth 8-6904] The RAM "inst/GEN_X_BRAMS[96].bram_inst/mem_reg" of size (depth=2 x width=32) is automatically implemented using LUTRAM. BRAM implementation would be inefficient 
INFO: [Synth 8-6904] The RAM "inst/GEN_X_BRAMS[97].bram_inst/mem_reg" of size (depth=2 x width=32) is automatically implemented using LUTRAM. BRAM implementation would be inefficient 
INFO: [Synth 8-6904] The RAM "inst/GEN_X_BRAMS[98].bram_inst/mem_reg" of size (depth=2 x width=32) is automatically implemented using LUTRAM. BRAM implementation would be inefficient 
INFO: [Common 17-14] Message 'Synth 8-6904' appears 100 times and further instances of the messages will be disabled. Use the Tcl command set_msg_config to change the current settings.
WARNING: [Synth 8-7129] Port s_axi_awprot[2] in module axi_dpe is either unconnected or has no load
WARNING: [Synth 8-7129] Port s_axi_awprot[1] in module axi_dpe is either unconnected or has no load
WARNING: [Synth 8-7129] Port s_axi_awprot[0] in module axi_dpe is either unconnected or has no load
WARNING: [Synth 8-7129] Port s_axi_wstrb[3] in module axi_dpe is either unconnected or has no load
WARNING: [Synth 8-7129] Port s_axi_wstrb[2] in module axi_dpe is either unconnected or has no load
WARNING: [Synth 8-7129] Port s_axi_wstrb[1] in module axi_dpe is either unconnected or has no load
WARNING: [Synth 8-7129] Port s_axi_wstrb[0] in module axi_dpe is either unconnected or has no load
WARNING: [Synth 8-7129] Port s_axi_arprot[2] in module axi_dpe is either unconnected or has no load
WARNING: [Synth 8-7129] Port s_axi_arprot[1] in module axi_dpe is either unconnected or has no load
WARNING: [Synth 8-7129] Port s_axi_arprot[0] in module axi_dpe is either unconnected or has no load
WARNING: [Synth 8-7129] Port m_axi_rresp[1] in module axi_dpe is either unconnected or has no load
WARNING: [Synth 8-7129] Port m_axi_rresp[0] in module axi_dpe is either unconnected or has no load
WARNING: [Synth 8-7129] Port m_axi_bresp[1] in module axi_dpe is either unconnected or has no load
WARNING: [Synth 8-7129] Port m_axi_bresp[0] in module axi_dpe is either unconnected or has no load
INFO: [Synth 8-3333] propagating constant 1 across sequential element (\m_axi_arburst_r_reg[0] )
INFO: [Synth 8-3333] propagating constant 0 across sequential element (\m_axi_arburst_r_reg[1] )
INFO: [Synth 8-3333] propagating constant 0 across sequential element (\m_axi_arprot_r_reg[0] )
INFO: [Synth 8-3333] propagating constant 0 across sequential element (\m_axi_arprot_r_reg[1] )
INFO: [Synth 8-3333] propagating constant 0 across sequential element (\m_axi_arprot_r_reg[2] )
INFO: [Synth 8-3333] propagating constant 1 across sequential element (\m_axi_arcache_r_reg[0] )
INFO: [Synth 8-3333] propagating constant 1 across sequential element (\m_axi_arcache_r_reg[1] )
INFO: [Synth 8-3333] propagating constant 0 across sequential element (\m_axi_arcache_r_reg[2] )
INFO: [Synth 8-3333] propagating constant 0 across sequential element (\m_axi_arcache_r_reg[3] )
---------------------------------------------------------------------------------
Finished Cross Boundary and Area Optimization : Time (s): cpu = 00:00:19 ; elapsed = 00:00:37 . Memory (MB): peak = 3060.371 ; gain = 471.520 ; free physical = 53758 ; free virtual = 65254
---------------------------------------------------------------------------------
---------------------------------------------------------------------------------
Start ROM, RAM, DSP, Shift Register and Retiming Reporting
---------------------------------------------------------------------------------

Distributed RAM: Preliminary Mapping Report (see note below)
+------------+------------------------------------+-----------+----------------------+-------------------------------+
|Module Name | RTL Object                         | Inference | Size (Depth x Width) | Primitives                    | 
+------------+------------------------------------+-----------+----------------------+-------------------------------+
|inst        | GEN_X_BRAMS[0].bram_inst/mem_reg   | Implied   | 2 x 32               | RAM16X1S x 32                 | 
|inst        | GEN_X_BRAMS[1].bram_inst/mem_reg   | Implied   | 2 x 32               | RAM16X1S x 32                 | 
|inst        | GEN_X_BRAMS[2].bram_inst/mem_reg   | Implied   | 2 x 32               | RAM16X1S x 32                 | 
|inst        | GEN_X_BRAMS[3].bram_inst/mem_reg   | Implied   | 2 x 32               | RAM16X1S x 32                 | 
|inst        | GEN_X_BRAMS[4].bram_inst/mem_reg   | Implied   | 2 x 32               | RAM16X1S x 32                 | 
|inst        | GEN_X_BRAMS[5].bram_inst/mem_reg   | Implied   | 2 x 32               | RAM16X1S x 32                 | 
|inst        | GEN_X_BRAMS[6].bram_inst/mem_reg   | Implied   | 2 x 32               | RAM16X1S x 32                 | 
|inst        | GEN_X_BRAMS[7].bram_inst/mem_reg   | Implied   | 2 x 32               | RAM16X1S x 32                 | 
|inst        | GEN_X_BRAMS[8].bram_inst/mem_reg   | Implied   | 2 x 32               | RAM16X1S x 32                 | 
|inst        | GEN_X_BRAMS[9].bram_inst/mem_reg   | Implied   | 2 x 32               | RAM16X1S x 32                 | 
|inst        | GEN_X_BRAMS[10].bram_inst/mem_reg  | Implied   | 2 x 32               | RAM16X1S x 32                 | 
|inst        | GEN_X_BRAMS[11].bram_inst/mem_reg  | Implied   | 2 x 32               | RAM16X1S x 32                 | 
|inst        | GEN_X_BRAMS[12].bram_inst/mem_reg  | Implied   | 2 x 32               | RAM16X1S x 32                 | 
|inst        | GEN_X_BRAMS[13].bram_inst/mem_reg  | Implied   | 2 x 32               | RAM16X1S x 32                 | 
|inst        | GEN_X_BRAMS[14].bram_inst/mem_reg  | Implied   | 2 x 32               | RAM16X1S x 32                 | 
|inst        | GEN_X_BRAMS[15].bram_inst/mem_reg  | Implied   | 2 x 32               | RAM16X1S x 32                 | 
|inst        | GEN_X_BRAMS[16].bram_inst/mem_reg  | Implied   | 2 x 32               | RAM16X1S x 32                 | 
|inst        | GEN_X_BRAMS[17].bram_inst/mem_reg  | Implied   | 2 x 32               | RAM16X1S x 32                 | 
|inst        | GEN_X_BRAMS[18].bram_inst/mem_reg  | Implied   | 2 x 32               | RAM16X1S x 32                 | 
|inst        | GEN_X_BRAMS[19].bram_inst/mem_reg  | Implied   | 2 x 32               | RAM16X1S x 32                 | 
|inst        | GEN_X_BRAMS[20].bram_inst/mem_reg  | Implied   | 2 x 32               | RAM16X1S x 32                 | 
|inst        | GEN_X_BRAMS[21].bram_inst/mem_reg  | Implied   | 2 x 32               | RAM16X1S x 32                 | 
|inst        | GEN_X_BRAMS[22].bram_inst/mem_reg  | Implied   | 2 x 32               | RAM16X1S x 32                 | 
|inst        | GEN_X_BRAMS[23].bram_inst/mem_reg  | Implied   | 2 x 32               | RAM16X1S x 32                 | 
|inst        | GEN_X_BRAMS[24].bram_inst/mem_reg  | Implied   | 2 x 32               | RAM16X1S x 32                 | 
|inst        | GEN_X_BRAMS[25].bram_inst/mem_reg  | Implied   | 2 x 32               | RAM16X1S x 32                 | 
|inst        | GEN_X_BRAMS[26].bram_inst/mem_reg  | Implied   | 2 x 32               | RAM16X1S x 32                 | 
|inst        | GEN_X_BRAMS[27].bram_inst/mem_reg  | Implied   | 2 x 32               | RAM16X1S x 32                 | 
|inst        | GEN_X_BRAMS[28].bram_inst/mem_reg  | Implied   | 2 x 32               | RAM16X1S x 32                 | 
|inst        | GEN_X_BRAMS[29].bram_inst/mem_reg  | Implied   | 2 x 32               | RAM16X1S x 32                 | 
|inst        | GEN_X_BRAMS[30].bram_inst/mem_reg  | Implied   | 2 x 32               | RAM16X1S x 32                 | 
|inst        | GEN_X_BRAMS[31].bram_inst/mem_reg  | Implied   | 2 x 32               | RAM16X1S x 32                 | 
|inst        | GEN_X_BRAMS[32].bram_inst/mem_reg  | Implied   | 2 x 32               | RAM16X1S x 32                 | 
|inst        | GEN_X_BRAMS[33].bram_inst/mem_reg  | Implied   | 2 x 32               | RAM16X1S x 32                 | 
|inst        | GEN_X_BRAMS[34].bram_inst/mem_reg  | Implied   | 2 x 32               | RAM16X1S x 32                 | 
|inst        | GEN_X_BRAMS[35].bram_inst/mem_reg  | Implied   | 2 x 32               | RAM16X1S x 32                 | 
|inst        | GEN_X_BRAMS[36].bram_inst/mem_reg  | Implied   | 2 x 32               | RAM16X1S x 32                 | 
|inst        | GEN_X_BRAMS[37].bram_inst/mem_reg  | Implied   | 2 x 32               | RAM16X1S x 32                 | 
|inst        | GEN_X_BRAMS[38].bram_inst/mem_reg  | Implied   | 2 x 32               | RAM16X1S x 32                 | 
|inst        | GEN_X_BRAMS[39].bram_inst/mem_reg  | Implied   | 2 x 32               | RAM16X1S x 32                 | 
|inst        | GEN_X_BRAMS[40].bram_inst/mem_reg  | Implied   | 2 x 32               | RAM16X1S x 32                 | 
|inst        | GEN_X_BRAMS[41].bram_inst/mem_reg  | Implied   | 2 x 32               | RAM16X1S x 32                 | 
|inst        | GEN_X_BRAMS[42].bram_inst/mem_reg  | Implied   | 2 x 32               | RAM16X1S x 32                 | 
|inst        | GEN_X_BRAMS[43].bram_inst/mem_reg  | Implied   | 2 x 32               | RAM16X1S x 32                 | 
|inst        | GEN_X_BRAMS[44].bram_inst/mem_reg  | Implied   | 2 x 32               | RAM16X1S x 32                 | 
|inst        | GEN_X_BRAMS[45].bram_inst/mem_reg  | Implied   | 2 x 32               | RAM16X1S x 32                 | 
|inst        | GEN_X_BRAMS[46].bram_inst/mem_reg  | Implied   | 2 x 32               | RAM16X1S x 32                 | 
|inst        | GEN_X_BRAMS[47].bram_inst/mem_reg  | Implied   | 2 x 32               | RAM16X1S x 32                 | 
|inst        | GEN_X_BRAMS[48].bram_inst/mem_reg  | Implied   | 2 x 32               | RAM16X1S x 32                 | 
|inst        | GEN_X_BRAMS[49].bram_inst/mem_reg  | Implied   | 2 x 32               | RAM16X1S x 32                 | 
|inst        | GEN_X_BRAMS[50].bram_inst/mem_reg  | Implied   | 2 x 32               | RAM16X1S x 32                 | 
|inst        | GEN_X_BRAMS[51].bram_inst/mem_reg  | Implied   | 2 x 32               | RAM16X1S x 32                 | 
|inst        | GEN_X_BRAMS[52].bram_inst/mem_reg  | Implied   | 2 x 32               | RAM16X1S x 32                 | 
|inst        | GEN_X_BRAMS[53].bram_inst/mem_reg  | Implied   | 2 x 32               | RAM16X1S x 32                 | 
|inst        | GEN_X_BRAMS[54].bram_inst/mem_reg  | Implied   | 2 x 32               | RAM16X1S x 32                 | 
|inst        | GEN_X_BRAMS[55].bram_inst/mem_reg  | Implied   | 2 x 32               | RAM16X1S x 32                 | 
|inst        | GEN_X_BRAMS[56].bram_inst/mem_reg  | Implied   | 2 x 32               | RAM16X1S x 32                 | 
|inst        | GEN_X_BRAMS[57].bram_inst/mem_reg  | Implied   | 2 x 32               | RAM16X1S x 32                 | 
|inst        | GEN_X_BRAMS[58].bram_inst/mem_reg  | Implied   | 2 x 32               | RAM16X1S x 32                 | 
|inst        | GEN_X_BRAMS[59].bram_inst/mem_reg  | Implied   | 2 x 32               | RAM16X1S x 32                 | 
|inst        | GEN_X_BRAMS[60].bram_inst/mem_reg  | Implied   | 2 x 32               | RAM16X1S x 32                 | 
|inst        | GEN_X_BRAMS[61].bram_inst/mem_reg  | Implied   | 2 x 32               | RAM16X1S x 32                 | 
|inst        | GEN_X_BRAMS[62].bram_inst/mem_reg  | Implied   | 2 x 32               | RAM16X1S x 32                 | 
|inst        | GEN_X_BRAMS[63].bram_inst/mem_reg  | Implied   | 2 x 32               | RAM16X1S x 32                 | 
|inst        | GEN_X_BRAMS[64].bram_inst/mem_reg  | Implied   | 2 x 32               | RAM16X1S x 32                 | 
|inst        | GEN_X_BRAMS[65].bram_inst/mem_reg  | Implied   | 2 x 32               | RAM16X1S x 32                 | 
|inst        | GEN_X_BRAMS[66].bram_inst/mem_reg  | Implied   | 2 x 32               | RAM16X1S x 32                 | 
|inst        | GEN_X_BRAMS[67].bram_inst/mem_reg  | Implied   | 2 x 32               | RAM16X1S x 32                 | 
|inst        | GEN_X_BRAMS[68].bram_inst/mem_reg  | Implied   | 2 x 32               | RAM16X1S x 32                 | 
|inst        | GEN_X_BRAMS[69].bram_inst/mem_reg  | Implied   | 2 x 32               | RAM16X1S x 32                 | 
|inst        | GEN_X_BRAMS[70].bram_inst/mem_reg  | Implied   | 2 x 32               | RAM16X1S x 32                 | 
|inst        | GEN_X_BRAMS[71].bram_inst/mem_reg  | Implied   | 2 x 32               | RAM16X1S x 32                 | 
|inst        | GEN_X_BRAMS[72].bram_inst/mem_reg  | Implied   | 2 x 32               | RAM16X1S x 32                 | 
|inst        | GEN_X_BRAMS[73].bram_inst/mem_reg  | Implied   | 2 x 32               | RAM16X1S x 32                 | 
|inst        | GEN_X_BRAMS[74].bram_inst/mem_reg  | Implied   | 2 x 32               | RAM16X1S x 32                 | 
|inst        | GEN_X_BRAMS[75].bram_inst/mem_reg  | Implied   | 2 x 32               | RAM16X1S x 32                 | 
|inst        | GEN_X_BRAMS[76].bram_inst/mem_reg  | Implied   | 2 x 32               | RAM16X1S x 32                 | 
|inst        | GEN_X_BRAMS[77].bram_inst/mem_reg  | Implied   | 2 x 32               | RAM16X1S x 32                 | 
|inst        | GEN_X_BRAMS[78].bram_inst/mem_reg  | Implied   | 2 x 32               | RAM16X1S x 32                 | 
|inst        | GEN_X_BRAMS[79].bram_inst/mem_reg  | Implied   | 2 x 32               | RAM16X1S x 32                 | 
|inst        | GEN_X_BRAMS[80].bram_inst/mem_reg  | Implied   | 2 x 32               | RAM16X1S x 32                 | 
|inst        | GEN_X_BRAMS[81].bram_inst/mem_reg  | Implied   | 2 x 32               | RAM16X1S x 32                 | 
|inst        | GEN_X_BRAMS[82].bram_inst/mem_reg  | Implied   | 2 x 32               | RAM16X1S x 32                 | 
|inst        | GEN_X_BRAMS[83].bram_inst/mem_reg  | Implied   | 2 x 32               | RAM16X1S x 32                 | 
|inst        | GEN_X_BRAMS[84].bram_inst/mem_reg  | Implied   | 2 x 32               | RAM16X1S x 32                 | 
|inst        | GEN_X_BRAMS[85].bram_inst/mem_reg  | Implied   | 2 x 32               | RAM16X1S x 32                 | 
|inst        | GEN_X_BRAMS[86].bram_inst/mem_reg  | Implied   | 2 x 32               | RAM16X1S x 32                 | 
|inst        | GEN_X_BRAMS[87].bram_inst/mem_reg  | Implied   | 2 x 32               | RAM16X1S x 32                 | 
|inst        | GEN_X_BRAMS[88].bram_inst/mem_reg  | Implied   | 2 x 32               | RAM16X1S x 32                 | 
|inst        | GEN_X_BRAMS[89].bram_inst/mem_reg  | Implied   | 2 x 32               | RAM16X1S x 32                 | 
|inst        | GEN_X_BRAMS[90].bram_inst/mem_reg  | Implied   | 2 x 32               | RAM16X1S x 32                 | 
|inst        | GEN_X_BRAMS[91].bram_inst/mem_reg  | Implied   | 2 x 32               | RAM16X1S x 32                 | 
|inst        | GEN_X_BRAMS[92].bram_inst/mem_reg  | Implied   | 2 x 32               | RAM16X1S x 32                 | 
|inst        | GEN_X_BRAMS[93].bram_inst/mem_reg  | Implied   | 2 x 32               | RAM16X1S x 32                 | 
|inst        | GEN_X_BRAMS[94].bram_inst/mem_reg  | Implied   | 2 x 32               | RAM16X1S x 32                 | 
|inst        | GEN_X_BRAMS[95].bram_inst/mem_reg  | Implied   | 2 x 32               | RAM16X1S x 32                 | 
|inst        | GEN_X_BRAMS[96].bram_inst/mem_reg  | Implied   | 2 x 32               | RAM16X1S x 32                 | 
|inst        | GEN_X_BRAMS[97].bram_inst/mem_reg  | Implied   | 2 x 32               | RAM16X1S x 32                 | 
|inst        | GEN_X_BRAMS[98].bram_inst/mem_reg  | Implied   | 2 x 32               | RAM16X1S x 32                 | 
|inst        | GEN_X_BRAMS[99].bram_inst/mem_reg  | Implied   | 2 x 32               | RAM16X1S x 32                 | 
|inst        | GEN_X_BRAMS[100].bram_inst/mem_reg | Implied   | 2 x 32               | RAM16X1S x 32                 | 
|inst        | GEN_X_BRAMS[101].bram_inst/mem_reg | Implied   | 2 x 32               | RAM16X1S x 32                 | 
|inst        | GEN_X_BRAMS[102].bram_inst/mem_reg | Implied   | 2 x 32               | RAM16X1S x 32                 | 
|inst        | GEN_X_BRAMS[103].bram_inst/mem_reg | Implied   | 2 x 32               | RAM16X1S x 32                 | 
|inst        | GEN_X_BRAMS[104].bram_inst/mem_reg | Implied   | 2 x 32               | RAM16X1S x 32                 | 
|inst        | GEN_X_BRAMS[105].bram_inst/mem_reg | Implied   | 2 x 32               | RAM16X1S x 32                 | 
|inst        | GEN_X_BRAMS[106].bram_inst/mem_reg | Implied   | 2 x 32               | RAM16X1S x 32                 | 
|inst        | GEN_X_BRAMS[107].bram_inst/mem_reg | Implied   | 2 x 32               | RAM16X1S x 32                 | 
|inst        | GEN_X_BRAMS[108].bram_inst/mem_reg | Implied   | 2 x 32               | RAM16X1S x 32                 | 
|inst        | GEN_X_BRAMS[109].bram_inst/mem_reg | Implied   | 2 x 32               | RAM16X1S x 32                 | 
|inst        | GEN_X_BRAMS[110].bram_inst/mem_reg | Implied   | 2 x 32               | RAM16X1S x 32                 | 
|inst        | GEN_X_BRAMS[111].bram_inst/mem_reg | Implied   | 2 x 32               | RAM16X1S x 32                 | 
|inst        | GEN_X_BRAMS[112].bram_inst/mem_reg | Implied   | 2 x 32               | RAM16X1S x 32                 | 
|inst        | GEN_X_BRAMS[113].bram_inst/mem_reg | Implied   | 2 x 32               | RAM16X1S x 32                 | 
|inst        | GEN_X_BRAMS[114].bram_inst/mem_reg | Implied   | 2 x 32               | RAM16X1S x 32                 | 
|inst        | GEN_X_BRAMS[115].bram_inst/mem_reg | Implied   | 2 x 32               | RAM16X1S x 32                 | 
|inst        | GEN_X_BRAMS[116].bram_inst/mem_reg | Implied   | 2 x 32               | RAM16X1S x 32                 | 
|inst        | GEN_X_BRAMS[117].bram_inst/mem_reg | Implied   | 2 x 32               | RAM16X1S x 32                 | 
|inst        | GEN_X_BRAMS[118].bram_inst/mem_reg | Implied   | 2 x 32               | RAM16X1S x 32                 | 
|inst        | GEN_X_BRAMS[119].bram_inst/mem_reg | Implied   | 2 x 32               | RAM16X1S x 32                 | 
|inst        | GEN_X_BRAMS[120].bram_inst/mem_reg | Implied   | 2 x 32               | RAM16X1S x 32                 | 
|inst        | GEN_X_BRAMS[121].bram_inst/mem_reg | Implied   | 2 x 32               | RAM16X1S x 32                 | 
|inst        | GEN_X_BRAMS[122].bram_inst/mem_reg | Implied   | 2 x 32               | RAM16X1S x 32                 | 
|inst        | GEN_X_BRAMS[123].bram_inst/mem_reg | Implied   | 2 x 32               | RAM16X1S x 32                 | 
|inst        | GEN_X_BRAMS[124].bram_inst/mem_reg | Implied   | 2 x 32               | RAM16X1S x 32                 | 
|inst        | GEN_X_BRAMS[125].bram_inst/mem_reg | Implied   | 2 x 32               | RAM16X1S x 32                 | 
|inst        | GEN_X_BRAMS[126].bram_inst/mem_reg | Implied   | 2 x 32               | RAM16X1S x 32                 | 
|inst        | GEN_X_BRAMS[127].bram_inst/mem_reg | Implied   | 2 x 32               | RAM16X1S x 32                 | 
|inst        | read_data_buffer_reg               | Implied   | 128 x 256            | RAM128X1D x 256 RAM64M8 x 74  | 
+------------+------------------------------------+-----------+----------------------+-------------------------------+

Note: The table above is a preliminary report that shows the Distributed RAMs at the current stage of the synthesis flow. Some Distributed RAMs may be reimplemented as non Distributed RAM primitives later in the synthesis flow. Multiple instantiated RAMs are reported only once.
---------------------------------------------------------------------------------
Finished ROM, RAM, DSP, Shift Register and Retiming Reporting
---------------------------------------------------------------------------------
---------------------------------------------------------------------------------
Start Applying XDC Timing Constraints
---------------------------------------------------------------------------------
---------------------------------------------------------------------------------
Finished Applying XDC Timing Constraints : Time (s): cpu = 00:00:44 ; elapsed = 00:00:43 . Memory (MB): peak = 3639.891 ; gain = 1051.039 ; free physical = 53647 ; free virtual = 65152
---------------------------------------------------------------------------------
---------------------------------------------------------------------------------
Start Timing Optimization
---------------------------------------------------------------------------------
info: optimization accepted worst group hill climbing move (-2128.0/oG. 852.0ps)
---------------------------------------------------------------------------------
Finished Timing Optimization : Time (s): cpu = 00:01:11 ; elapsed = 00:01:10 . Memory (MB): peak = 3929.781 ; gain = 1340.930 ; free physical = 46909 ; free virtual = 58433
---------------------------------------------------------------------------------
---------------------------------------------------------------------------------
Start ROM, RAM, DSP, Shift Register and Retiming Reporting
---------------------------------------------------------------------------------

Distributed RAM: Final Mapping Report
+------------+------------------------------------+-----------+----------------------+-------------------------------+
|Module Name | RTL Object                         | Inference | Size (Depth x Width) | Primitives                    | 
+------------+------------------------------------+-----------+----------------------+-------------------------------+
|inst        | GEN_X_BRAMS[0].bram_inst/mem_reg   | Implied   | 2 x 32               | RAM16X1S x 32                 | 
|inst        | GEN_X_BRAMS[1].bram_inst/mem_reg   | Implied   | 2 x 32               | RAM16X1S x 32                 | 
|inst        | GEN_X_BRAMS[2].bram_inst/mem_reg   | Implied   | 2 x 32               | RAM16X1S x 32                 | 
|inst        | GEN_X_BRAMS[3].bram_inst/mem_reg   | Implied   | 2 x 32               | RAM16X1S x 32                 | 
|inst        | GEN_X_BRAMS[4].bram_inst/mem_reg   | Implied   | 2 x 32               | RAM16X1S x 32                 | 
|inst        | GEN_X_BRAMS[5].bram_inst/mem_reg   | Implied   | 2 x 32               | RAM16X1S x 32                 | 
|inst        | GEN_X_BRAMS[6].bram_inst/mem_reg   | Implied   | 2 x 32               | RAM16X1S x 32                 | 
|inst        | GEN_X_BRAMS[7].bram_inst/mem_reg   | Implied   | 2 x 32               | RAM16X1S x 32                 | 
|inst        | GEN_X_BRAMS[8].bram_inst/mem_reg   | Implied   | 2 x 32               | RAM16X1S x 32                 | 
|inst        | GEN_X_BRAMS[9].bram_inst/mem_reg   | Implied   | 2 x 32               | RAM16X1S x 32                 | 
|inst        | GEN_X_BRAMS[10].bram_inst/mem_reg  | Implied   | 2 x 32               | RAM16X1S x 32                 | 
|inst        | GEN_X_BRAMS[11].bram_inst/mem_reg  | Implied   | 2 x 32               | RAM16X1S x 32                 | 
|inst        | GEN_X_BRAMS[12].bram_inst/mem_reg  | Implied   | 2 x 32               | RAM16X1S x 32                 | 
|inst        | GEN_X_BRAMS[13].bram_inst/mem_reg  | Implied   | 2 x 32               | RAM16X1S x 32                 | 
|inst        | GEN_X_BRAMS[14].bram_inst/mem_reg  | Implied   | 2 x 32               | RAM16X1S x 32                 | 
|inst        | GEN_X_BRAMS[15].bram_inst/mem_reg  | Implied   | 2 x 32               | RAM16X1S x 32                 | 
|inst        | GEN_X_BRAMS[16].bram_inst/mem_reg  | Implied   | 2 x 32               | RAM16X1S x 32                 | 
|inst        | GEN_X_BRAMS[17].bram_inst/mem_reg  | Implied   | 2 x 32               | RAM16X1S x 32                 | 
|inst        | GEN_X_BRAMS[18].bram_inst/mem_reg  | Implied   | 2 x 32               | RAM16X1S x 32                 | 
|inst        | GEN_X_BRAMS[19].bram_inst/mem_reg  | Implied   | 2 x 32               | RAM16X1S x 32                 | 
|inst        | GEN_X_BRAMS[20].bram_inst/mem_reg  | Implied   | 2 x 32               | RAM16X1S x 32                 | 
|inst        | GEN_X_BRAMS[21].bram_inst/mem_reg  | Implied   | 2 x 32               | RAM16X1S x 32                 | 
|inst        | GEN_X_BRAMS[22].bram_inst/mem_reg  | Implied   | 2 x 32               | RAM16X1S x 32                 | 
|inst        | GEN_X_BRAMS[23].bram_inst/mem_reg  | Implied   | 2 x 32               | RAM16X1S x 32                 | 
|inst        | GEN_X_BRAMS[24].bram_inst/mem_reg  | Implied   | 2 x 32               | RAM16X1S x 32                 | 
|inst        | GEN_X_BRAMS[25].bram_inst/mem_reg  | Implied   | 2 x 32               | RAM16X1S x 32                 | 
|inst        | GEN_X_BRAMS[26].bram_inst/mem_reg  | Implied   | 2 x 32               | RAM16X1S x 32                 | 
|inst        | GEN_X_BRAMS[27].bram_inst/mem_reg  | Implied   | 2 x 32               | RAM16X1S x 32                 | 
|inst        | GEN_X_BRAMS[28].bram_inst/mem_reg  | Implied   | 2 x 32               | RAM16X1S x 32                 | 
|inst        | GEN_X_BRAMS[29].bram_inst/mem_reg  | Implied   | 2 x 32               | RAM16X1S x 32                 | 
|inst        | GEN_X_BRAMS[30].bram_inst/mem_reg  | Implied   | 2 x 32               | RAM16X1S x 32                 | 
|inst        | GEN_X_BRAMS[31].bram_inst/mem_reg  | Implied   | 2 x 32               | RAM16X1S x 32                 | 
|inst        | GEN_X_BRAMS[32].bram_inst/mem_reg  | Implied   | 2 x 32               | RAM16X1S x 32                 | 
|inst        | GEN_X_BRAMS[33].bram_inst/mem_reg  | Implied   | 2 x 32               | RAM16X1S x 32                 | 
|inst        | GEN_X_BRAMS[34].bram_inst/mem_reg  | Implied   | 2 x 32               | RAM16X1S x 32                 | 
|inst        | GEN_X_BRAMS[35].bram_inst/mem_reg  | Implied   | 2 x 32               | RAM16X1S x 32                 | 
|inst        | GEN_X_BRAMS[36].bram_inst/mem_reg  | Implied   | 2 x 32               | RAM16X1S x 32                 | 
|inst        | GEN_X_BRAMS[37].bram_inst/mem_reg  | Implied   | 2 x 32               | RAM16X1S x 32                 | 
|inst        | GEN_X_BRAMS[38].bram_inst/mem_reg  | Implied   | 2 x 32               | RAM16X1S x 32                 | 
|inst        | GEN_X_BRAMS[39].bram_inst/mem_reg  | Implied   | 2 x 32               | RAM16X1S x 32                 | 
|inst        | GEN_X_BRAMS[40].bram_inst/mem_reg  | Implied   | 2 x 32               | RAM16X1S x 32                 | 
|inst        | GEN_X_BRAMS[41].bram_inst/mem_reg  | Implied   | 2 x 32               | RAM16X1S x 32                 | 
|inst        | GEN_X_BRAMS[42].bram_inst/mem_reg  | Implied   | 2 x 32               | RAM16X1S x 32                 | 
|inst        | GEN_X_BRAMS[43].bram_inst/mem_reg  | Implied   | 2 x 32               | RAM16X1S x 32                 | 
|inst        | GEN_X_BRAMS[44].bram_inst/mem_reg  | Implied   | 2 x 32               | RAM16X1S x 32                 | 
|inst        | GEN_X_BRAMS[45].bram_inst/mem_reg  | Implied   | 2 x 32               | RAM16X1S x 32                 | 
|inst        | GEN_X_BRAMS[46].bram_inst/mem_reg  | Implied   | 2 x 32               | RAM16X1S x 32                 | 
|inst        | GEN_X_BRAMS[47].bram_inst/mem_reg  | Implied   | 2 x 32               | RAM16X1S x 32                 | 
|inst        | GEN_X_BRAMS[48].bram_inst/mem_reg  | Implied   | 2 x 32               | RAM16X1S x 32                 | 
|inst        | GEN_X_BRAMS[49].bram_inst/mem_reg  | Implied   | 2 x 32               | RAM16X1S x 32                 | 
|inst        | GEN_X_BRAMS[50].bram_inst/mem_reg  | Implied   | 2 x 32               | RAM16X1S x 32                 | 
|inst        | GEN_X_BRAMS[51].bram_inst/mem_reg  | Implied   | 2 x 32               | RAM16X1S x 32                 | 
|inst        | GEN_X_BRAMS[52].bram_inst/mem_reg  | Implied   | 2 x 32               | RAM16X1S x 32                 | 
|inst        | GEN_X_BRAMS[53].bram_inst/mem_reg  | Implied   | 2 x 32               | RAM16X1S x 32                 | 
|inst        | GEN_X_BRAMS[54].bram_inst/mem_reg  | Implied   | 2 x 32               | RAM16X1S x 32                 | 
|inst        | GEN_X_BRAMS[55].bram_inst/mem_reg  | Implied   | 2 x 32               | RAM16X1S x 32                 | 
|inst        | GEN_X_BRAMS[56].bram_inst/mem_reg  | Implied   | 2 x 32               | RAM16X1S x 32                 | 
|inst        | GEN_X_BRAMS[57].bram_inst/mem_reg  | Implied   | 2 x 32               | RAM16X1S x 32                 | 
|inst        | GEN_X_BRAMS[58].bram_inst/mem_reg  | Implied   | 2 x 32               | RAM16X1S x 32                 | 
|inst        | GEN_X_BRAMS[59].bram_inst/mem_reg  | Implied   | 2 x 32               | RAM16X1S x 32                 | 
|inst        | GEN_X_BRAMS[60].bram_inst/mem_reg  | Implied   | 2 x 32               | RAM16X1S x 32                 | 
|inst        | GEN_X_BRAMS[61].bram_inst/mem_reg  | Implied   | 2 x 32               | RAM16X1S x 32                 | 
|inst        | GEN_X_BRAMS[62].bram_inst/mem_reg  | Implied   | 2 x 32               | RAM16X1S x 32                 | 
|inst        | GEN_X_BRAMS[63].bram_inst/mem_reg  | Implied   | 2 x 32               | RAM16X1S x 32                 | 
|inst        | GEN_X_BRAMS[64].bram_inst/mem_reg  | Implied   | 2 x 32               | RAM16X1S x 32                 | 
|inst        | GEN_X_BRAMS[65].bram_inst/mem_reg  | Implied   | 2 x 32               | RAM16X1S x 32                 | 
|inst        | GEN_X_BRAMS[66].bram_inst/mem_reg  | Implied   | 2 x 32               | RAM16X1S x 32                 | 
|inst        | GEN_X_BRAMS[67].bram_inst/mem_reg  | Implied   | 2 x 32               | RAM16X1S x 32                 | 
|inst        | GEN_X_BRAMS[68].bram_inst/mem_reg  | Implied   | 2 x 32               | RAM16X1S x 32                 | 
|inst        | GEN_X_BRAMS[69].bram_inst/mem_reg  | Implied   | 2 x 32               | RAM16X1S x 32                 | 
|inst        | GEN_X_BRAMS[70].bram_inst/mem_reg  | Implied   | 2 x 32               | RAM16X1S x 32                 | 
|inst        | GEN_X_BRAMS[71].bram_inst/mem_reg  | Implied   | 2 x 32               | RAM16X1S x 32                 | 
|inst        | GEN_X_BRAMS[72].bram_inst/mem_reg  | Implied   | 2 x 32               | RAM16X1S x 32                 | 
|inst        | GEN_X_BRAMS[73].bram_inst/mem_reg  | Implied   | 2 x 32               | RAM16X1S x 32                 | 
|inst        | GEN_X_BRAMS[74].bram_inst/mem_reg  | Implied   | 2 x 32               | RAM16X1S x 32                 | 
|inst        | GEN_X_BRAMS[75].bram_inst/mem_reg  | Implied   | 2 x 32               | RAM16X1S x 32                 | 
|inst        | GEN_X_BRAMS[76].bram_inst/mem_reg  | Implied   | 2 x 32               | RAM16X1S x 32                 | 
|inst        | GEN_X_BRAMS[77].bram_inst/mem_reg  | Implied   | 2 x 32               | RAM16X1S x 32                 | 
|inst        | GEN_X_BRAMS[78].bram_inst/mem_reg  | Implied   | 2 x 32               | RAM16X1S x 32                 | 
|inst        | GEN_X_BRAMS[79].bram_inst/mem_reg  | Implied   | 2 x 32               | RAM16X1S x 32                 | 
|inst        | GEN_X_BRAMS[80].bram_inst/mem_reg  | Implied   | 2 x 32               | RAM16X1S x 32                 | 
|inst        | GEN_X_BRAMS[81].bram_inst/mem_reg  | Implied   | 2 x 32               | RAM16X1S x 32                 | 
|inst        | GEN_X_BRAMS[82].bram_inst/mem_reg  | Implied   | 2 x 32               | RAM16X1S x 32                 | 
|inst        | GEN_X_BRAMS[83].bram_inst/mem_reg  | Implied   | 2 x 32               | RAM16X1S x 32                 | 
|inst        | GEN_X_BRAMS[84].bram_inst/mem_reg  | Implied   | 2 x 32               | RAM16X1S x 32                 | 
|inst        | GEN_X_BRAMS[85].bram_inst/mem_reg  | Implied   | 2 x 32               | RAM16X1S x 32                 | 
|inst        | GEN_X_BRAMS[86].bram_inst/mem_reg  | Implied   | 2 x 32               | RAM16X1S x 32                 | 
|inst        | GEN_X_BRAMS[87].bram_inst/mem_reg  | Implied   | 2 x 32               | RAM16X1S x 32                 | 
|inst        | GEN_X_BRAMS[88].bram_inst/mem_reg  | Implied   | 2 x 32               | RAM16X1S x 32                 | 
|inst        | GEN_X_BRAMS[89].bram_inst/mem_reg  | Implied   | 2 x 32               | RAM16X1S x 32                 | 
|inst        | GEN_X_BRAMS[90].bram_inst/mem_reg  | Implied   | 2 x 32               | RAM16X1S x 32                 | 
|inst        | GEN_X_BRAMS[91].bram_inst/mem_reg  | Implied   | 2 x 32               | RAM16X1S x 32                 | 
|inst        | GEN_X_BRAMS[92].bram_inst/mem_reg  | Implied   | 2 x 32               | RAM16X1S x 32                 | 
|inst        | GEN_X_BRAMS[93].bram_inst/mem_reg  | Implied   | 2 x 32               | RAM16X1S x 32                 | 
|inst        | GEN_X_BRAMS[94].bram_inst/mem_reg  | Implied   | 2 x 32               | RAM16X1S x 32                 | 
|inst        | GEN_X_BRAMS[95].bram_inst/mem_reg  | Implied   | 2 x 32               | RAM16X1S x 32                 | 
|inst        | GEN_X_BRAMS[96].bram_inst/mem_reg  | Implied   | 2 x 32               | RAM16X1S x 32                 | 
|inst        | GEN_X_BRAMS[97].bram_inst/mem_reg  | Implied   | 2 x 32               | RAM16X1S x 32                 | 
|inst        | GEN_X_BRAMS[98].bram_inst/mem_reg  | Implied   | 2 x 32               | RAM16X1S x 32                 | 
|inst        | GEN_X_BRAMS[99].bram_inst/mem_reg  | Implied   | 2 x 32               | RAM16X1S x 32                 | 
|inst        | GEN_X_BRAMS[100].bram_inst/mem_reg | Implied   | 2 x 32               | RAM16X1S x 32                 | 
|inst        | GEN_X_BRAMS[101].bram_inst/mem_reg | Implied   | 2 x 32               | RAM16X1S x 32                 | 
|inst        | GEN_X_BRAMS[102].bram_inst/mem_reg | Implied   | 2 x 32               | RAM16X1S x 32                 | 
|inst        | GEN_X_BRAMS[103].bram_inst/mem_reg | Implied   | 2 x 32               | RAM16X1S x 32                 | 
|inst        | GEN_X_BRAMS[104].bram_inst/mem_reg | Implied   | 2 x 32               | RAM16X1S x 32                 | 
|inst        | GEN_X_BRAMS[105].bram_inst/mem_reg | Implied   | 2 x 32               | RAM16X1S x 32                 | 
|inst        | GEN_X_BRAMS[106].bram_inst/mem_reg | Implied   | 2 x 32               | RAM16X1S x 32                 | 
|inst        | GEN_X_BRAMS[107].bram_inst/mem_reg | Implied   | 2 x 32               | RAM16X1S x 32                 | 
|inst        | GEN_X_BRAMS[108].bram_inst/mem_reg | Implied   | 2 x 32               | RAM16X1S x 32                 | 
|inst        | GEN_X_BRAMS[109].bram_inst/mem_reg | Implied   | 2 x 32               | RAM16X1S x 32                 | 
|inst        | GEN_X_BRAMS[110].bram_inst/mem_reg | Implied   | 2 x 32               | RAM16X1S x 32                 | 
|inst        | GEN_X_BRAMS[111].bram_inst/mem_reg | Implied   | 2 x 32               | RAM16X1S x 32                 | 
|inst        | GEN_X_BRAMS[112].bram_inst/mem_reg | Implied   | 2 x 32               | RAM16X1S x 32                 | 
|inst        | GEN_X_BRAMS[113].bram_inst/mem_reg | Implied   | 2 x 32               | RAM16X1S x 32                 | 
|inst        | GEN_X_BRAMS[114].bram_inst/mem_reg | Implied   | 2 x 32               | RAM16X1S x 32                 | 
|inst        | GEN_X_BRAMS[115].bram_inst/mem_reg | Implied   | 2 x 32               | RAM16X1S x 32                 | 
|inst        | GEN_X_BRAMS[116].bram_inst/mem_reg | Implied   | 2 x 32               | RAM16X1S x 32                 | 
|inst        | GEN_X_BRAMS[117].bram_inst/mem_reg | Implied   | 2 x 32               | RAM16X1S x 32                 | 
|inst        | GEN_X_BRAMS[118].bram_inst/mem_reg | Implied   | 2 x 32               | RAM16X1S x 32                 | 
|inst        | GEN_X_BRAMS[119].bram_inst/mem_reg | Implied   | 2 x 32               | RAM16X1S x 32                 | 
|inst        | GEN_X_BRAMS[120].bram_inst/mem_reg | Implied   | 2 x 32               | RAM16X1S x 32                 | 
|inst        | GEN_X_BRAMS[121].bram_inst/mem_reg | Implied   | 2 x 32               | RAM16X1S x 32                 | 
|inst        | GEN_X_BRAMS[122].bram_inst/mem_reg | Implied   | 2 x 32               | RAM16X1S x 32                 | 
|inst        | GEN_X_BRAMS[123].bram_inst/mem_reg | Implied   | 2 x 32               | RAM16X1S x 32                 | 
|inst        | GEN_X_BRAMS[124].bram_inst/mem_reg | Implied   | 2 x 32               | RAM16X1S x 32                 | 
|inst        | GEN_X_BRAMS[125].bram_inst/mem_reg | Implied   | 2 x 32               | RAM16X1S x 32                 | 
|inst        | GEN_X_BRAMS[126].bram_inst/mem_reg | Implied   | 2 x 32               | RAM16X1S x 32                 | 
|inst        | GEN_X_BRAMS[127].bram_inst/mem_reg | Implied   | 2 x 32               | RAM16X1S x 32                 | 
|inst        | read_data_buffer_reg               | Implied   | 128 x 256            | RAM128X1D x 256 RAM64M8 x 74  | 
+------------+------------------------------------+-----------+----------------------+-------------------------------+

---------------------------------------------------------------------------------
Finished ROM, RAM, DSP, Shift Register and Retiming Reporting
---------------------------------------------------------------------------------
---------------------------------------------------------------------------------
Start Technology Mapping
---------------------------------------------------------------------------------
---------------------------------------------------------------------------------
Finished Technology Mapping : Time (s): cpu = 00:01:14 ; elapsed = 00:01:17 . Memory (MB): peak = 3941.707 ; gain = 1352.855 ; free physical = 43986 ; free virtual = 55722
---------------------------------------------------------------------------------
---------------------------------------------------------------------------------
Start IO Insertion
---------------------------------------------------------------------------------
---------------------------------------------------------------------------------
Start Flattening Before IO Insertion
---------------------------------------------------------------------------------
---------------------------------------------------------------------------------
Finished Flattening Before IO Insertion
---------------------------------------------------------------------------------
---------------------------------------------------------------------------------
Start Final Netlist Cleanup
---------------------------------------------------------------------------------
---------------------------------------------------------------------------------
Finished Final Netlist Cleanup
---------------------------------------------------------------------------------
---------------------------------------------------------------------------------
Finished IO Insertion : Time (s): cpu = 00:01:17 ; elapsed = 00:01:20 . Memory (MB): peak = 3941.707 ; gain = 1352.855 ; free physical = 42799 ; free virtual = 54464
---------------------------------------------------------------------------------
---------------------------------------------------------------------------------
Start Renaming Generated Instances
---------------------------------------------------------------------------------
---------------------------------------------------------------------------------
Finished Renaming Generated Instances : Time (s): cpu = 00:01:17 ; elapsed = 00:01:20 . Memory (MB): peak = 3941.707 ; gain = 1352.855 ; free physical = 42792 ; free virtual = 54456
---------------------------------------------------------------------------------
---------------------------------------------------------------------------------
Start Rebuilding User Hierarchy
---------------------------------------------------------------------------------
---------------------------------------------------------------------------------
Finished Rebuilding User Hierarchy : Time (s): cpu = 00:01:19 ; elapsed = 00:01:21 . Memory (MB): peak = 3941.707 ; gain = 1352.855 ; free physical = 42473 ; free virtual = 54138
---------------------------------------------------------------------------------
---------------------------------------------------------------------------------
Start Renaming Generated Ports
---------------------------------------------------------------------------------
---------------------------------------------------------------------------------
Finished Renaming Generated Ports : Time (s): cpu = 00:01:19 ; elapsed = 00:01:21 . Memory (MB): peak = 3941.707 ; gain = 1352.855 ; free physical = 42465 ; free virtual = 54130
---------------------------------------------------------------------------------
---------------------------------------------------------------------------------
Start Handling Custom Attributes
---------------------------------------------------------------------------------
---------------------------------------------------------------------------------
Finished Handling Custom Attributes : Time (s): cpu = 00:01:19 ; elapsed = 00:01:21 . Memory (MB): peak = 3941.707 ; gain = 1352.855 ; free physical = 42395 ; free virtual = 54060
---------------------------------------------------------------------------------
---------------------------------------------------------------------------------
Start Renaming Generated Nets
---------------------------------------------------------------------------------
---------------------------------------------------------------------------------
Finished Renaming Generated Nets : Time (s): cpu = 00:01:19 ; elapsed = 00:01:21 . Memory (MB): peak = 3941.707 ; gain = 1352.855 ; free physical = 42387 ; free virtual = 54045
---------------------------------------------------------------------------------
---------------------------------------------------------------------------------
Start Writing Synthesis Report
---------------------------------------------------------------------------------

Report BlackBoxes: 
+------+--------------------+----------+
|      |BlackBox name       |Instances |
+------+--------------------+----------+
|1     |sdp_w4096x2_r4096x2 |         1|
|2     |floating_point_1    |       128|
|3     |floating_point_2    |       127|
|4     |floating_point_0    |       128|
|5     |floating_point_3    |       256|
+------+--------------------+----------+

Report Cell Usage: 
+------+--------------------+------+
|      |Cell                |Count |
+------+--------------------+------+
|1     |floating_point      |     1|
|2     |floating_point_0    |   127|
|129   |floating_point      |     1|
|130   |floating_point_1    |   127|
|257   |floating_point      |     1|
|258   |floating_point_2    |   126|
|384   |floating_point      |     1|
|385   |floating_point_3    |   255|
|640   |sdp_w4096x2_r4096x2 |     1|
|641   |CARRY8              |    40|
|642   |LUT1                |     6|
|643   |LUT2                |  4633|
|644   |LUT3                |   336|
|645   |LUT4                |   430|
|646   |LUT5                |  4231|
|647   |LUT6                | 10056|
|648   |MUXF7               |   184|
|649   |MUXF8               |    12|
|650   |RAM128X1D           |   256|
|651   |RAM16X1S            |  4096|
|652   |RAM64M8             |    74|
|653   |FDRE                | 14028|
|654   |FDSE                |    37|
+------+--------------------+------+
---------------------------------------------------------------------------------
Finished Writing Synthesis Report : Time (s): cpu = 00:01:19 ; elapsed = 00:01:21 . Memory (MB): peak = 3941.707 ; gain = 1352.855 ; free physical = 42379 ; free virtual = 54037
---------------------------------------------------------------------------------
Synthesis finished with 0 errors, 0 critical warnings and 14 warnings.
Synthesis Optimization Runtime : Time (s): cpu = 00:01:15 ; elapsed = 00:01:19 . Memory (MB): peak = 3941.707 ; gain = 1204.305 ; free physical = 52004 ; free virtual = 63667
Synthesis Optimization Complete : Time (s): cpu = 00:01:19 ; elapsed = 00:01:23 . Memory (MB): peak = 3941.707 ; gain = 1352.855 ; free physical = 52020 ; free virtual = 63672
INFO: [Project 1-571] Translating synthesized netlist
Netlist sorting complete. Time (s): cpu = 00:00:00.14 ; elapsed = 00:00:00.13 . Memory (MB): peak = 3941.707 ; gain = 0.000 ; free physical = 52053 ; free virtual = 63699
INFO: [Netlist 29-17] Analyzing 4662 Unisim elements for replacement
INFO: [Netlist 29-28] Unisim Transformation completed in 0 CPU seconds
INFO: [Project 1-570] Preparing netlist for logic optimization
INFO: [Opt 31-138] Pushed 0 inverter(s) to 0 load pin(s).
Netlist sorting complete. Time (s): cpu = 00:00:00 ; elapsed = 00:00:00 . Memory (MB): peak = 3941.707 ; gain = 0.000 ; free physical = 61734 ; free virtual = 73380
INFO: [Project 1-111] Unisim Transformation Summary:
  A total of 4426 instances were transformed.
  RAM128X1D => RAM128X1D (MUXF7(x2), RAMD64E(x4)): 256 instances
  RAM16X1S => RAM32X1S (RAMS32): 4096 instances
  RAM64M8 => RAM64M8 (RAMD64E(x8)): 74 instances

Synth Design complete | Checksum: ba2a9c37
INFO: [Common 17-83] Releasing license: Synthesis
275 Infos, 334 Warnings, 0 Critical Warnings and 0 Errors encountered.
synth_design completed successfully
synth_design: Time (s): cpu = 00:01:26 ; elapsed = 00:01:30 . Memory (MB): peak = 3941.707 ; gain = 2410.605 ; free physical = 61734 ; free virtual = 73380
INFO: [Common 17-2834] synth_design peak Physical Memory [PSS] (MB): overall = 7594.076; main = 2832.068; forked = 5628.561
INFO: [Common 17-2834] synth_design peak Virtual Memory [VSS] (MB): overall = 16241.617; main = 3937.789; forked = 13201.172
INFO: [Coretcl 2-1174] Renamed 266 cell refs.
Write ShapeDB Complete: Time (s): cpu = 00:00:00.06 ; elapsed = 00:00:00.03 . Memory (MB): peak = 3941.707 ; gain = 0.000 ; free physical = 61732 ; free virtual = 73380
INFO: [Common 17-1381] The checkpoint '/home/malik/andromeda_ila/AXI-Dot-Product-Accelerator/Vivado/puzhi/puzhi.runs/andromeda_axi_dpe_0_0_synth_1/andromeda_axi_dpe_0_0.dcp' has been generated.
INFO: [Vivado 12-24828] Executing command : report_utilization -file andromeda_axi_dpe_0_0_utilization_synth.rpt -pb andromeda_axi_dpe_0_0_utilization_synth.pb
INFO: [Common 17-206] Exiting Vivado at Wed Jun 11 19:50:25 2025...
