0 0 0.000
1 0 0.000
2 0 0.000
3 0 0.000
4 0 0.000
5 0 0.000
6 0 0.000
7 0 0.000
8 0 0.000
9 0 0.000
10 0 0.000
11 0 0.000
12 0 0.000
13 0 0.000
14 0 0.000
15 0 0.000
16 0 0.000
17 0 0.000
18 0 0.000
19 0 0.000
20 0 0.000
21 0 0.000
22 0 0.000
23 0 0.000
24 0 0.000
25 0 0.000
26 0 0.000
27 0 0.000
28 0 0.000
29 0 0.000
30 0 0.000
31 0 0.000
32 0 0.000
33 0 0.000
34 0 0.000
35 0 0.000
36 0 0.000
37 0 0.000
38 0 0.000
39 0 0.000
40 0 0.000
41 0 0.000
42 0 0.000
43 0 0.000
44 0 0.000
45 0 0.000
46 0 0.000
47 0 0.000
48 0 0.000
49 0 0.000
50 0 0.000
51 0 0.000
52 0 0.000
53 0 0.000
54 0 0.000
55 0 0.000
56 0 0.000
57 0 0.000
58 0 0.000
59 0 0.000
60 0 0.000
61 0 0.000
62 0 0.000
63 0 0.000
64 0 0.000
65 0 0.000
66 0 0.000
67 0 0.000
68 0 0.000
69 0 0.000
70 0 0.000
71 0 0.000
72 0 0.000
73 0 0.000
74 0 0.000
75 0 0.000
76 0 0.000
77 0 0.000
78 0 0.000
79 0 0.000
80 0 0.000
81 0 0.000
82 0 0.000
83 0 0.000
84 0 0.000
85 0 0.000
86 0 0.000
87 0 0.000
88 0 0.000
89 0 0.000
90 0 0.000
91 0 0.000
92 0 0.000
93 0 0.000
94 0 0.000
95 0 0.000
96 0 0.000
97 0 0.000
98 0 0.000
99 0 0.000
100 0 0.000
101 0 0.000
102 0 0.000
103 0 0.000
104 0 0.000
105 0 0.000
106 0 0.000
107 0 0.000
108 0 0.000
109 0 0.000
110 0 0.000
111 0 0.000
112 0 0.000
113 0 0.000
114 0 0.000
115 0 0.000
116 0 0.000
117 0 0.000
118 0 0.000
119 0 0.000
120 0 0.000
121 0 0.000
122 0 0.000
123 0 0.000
124 0 0.000
125 0 0.000
126 0 0.000
127 0 0.000
128 0 0.000
129 0 0.000
130 0 0.000
131 0 0.000
132 0 0.000
133 0 0.000
134 0 0.000
135 0 0.000
136 0 0.000
137 0 0.000
138 0 0.000
139 0 0.000
140 0 0.000
141 0 0.000
142 0 0.000
143 0 0.000
144 0 0.000
145 0 0.000
146 0 0.000
147 0 0.000
148 0 0.000
149 0 0.000
0 1 0.000
1 1 0.000
2 1 0.000
3 1 0.000
4 1 0.000
5 1 0.000
6 1 0.000
7 1 0.000
8 1 0.000
9 1 0.000
10 1 0.000
11 1 0.000
12 1 0.000
13 1 0.000
14 1 0.000
15 1 0.000
16 1 0.000
17 1 0.000
18 1 0.000
19 1 0.000
20 1 0.000
21 1 0.000
22 1 0.000
23 1 0.000
24 1 0.000
25 1 0.000
26 1 0.000
27 1 0.000
28 1 0.000
29 1 0.000
30 1 0.000
31 1 0.000
32 1 0.000
33 1 0.000
34 1 0.000
35 1 0.000
36 1 0.000
37 1 0.000
38 1 0.000
39 1 0.000
40 1 0.000
41 1 0.000
42 1 0.000
43 1 0.000
44 1 0.000
45 1 0.000
46 1 0.000
47 1 0.000
48 1 0.000
49 1 0.000
50 1 0.000
51 1 0.000
52 1 0.000
53 1 0.000
54 1 0.000
55 1 0.000
56 1 0.000
57 1 0.000
58 1 0.000
59 1 0.000
60 1 0.000
61 1 0.000
62 1 0.000
63 1 0.000
64 1 0.000
65 1 0.000
66 1 0.000
67 1 0.000
68 1 0.000
69 1 0.000
70 1 0.000
71 1 0.000
72 1 0.000
73 1 0.000
74 1 0.000
75 1 0.000
76 1 0.000
77 1 0.000
78 1 0.000
79 1 0.000
80 1 0.000
81 1 0.000
82 1 0.000
83 1 0.000
84 1 0.000
85 1 0.000
86 1 0.000
87 1 0.000
88 1 0.000
89 1 0.000
90 1 0.000
91 1 0.000
92 1 0.000
93 1 0.000
94 1 0.000
95 1 0.000
96 1 0.000
97 1 0.000
98 1 0.000
99 1 0.000
100 1 0.000
101 1 0.000
102 1 0.000
103 1 0.000
104 1 0.000
105 1 0.000
106 1 0.000
107 1 0.000
108 1 0.000
109 1 0.000
110 1 0.000
111 1 0.000
112 1 0.000
113 1 0.000
114 1 0.000
115 1 0.000
116 1 0.000
117 1 0.000
118 1 0.000
119 1 0.000
120 1 0.000
121 1 0.000
122 1 0.000
123 1 0.000
124 1 0.000
125 1 0.000
126 1 0.000
127 1 0.000
128 1 0.000
129 1 0.000
130 1 0.000
131 1 0.000
132 1 0.000
133 1 0.000
134 1 0.000
135 1 0.000
136 1 0.000
137 1 0.000
138 1 0.000
139 1 0.000
140 1 0.000
141 1 0.000
142 1 0.000
143 1 0.000
144 1 0.000
145 1 0.000
146 1 0.000
147 1 0.000
148 1 0.000
149 1 0.000
0 2 0.000
1 2 0.000
2 2 0.000
3 2 0.000
4 2 0.000
5 2 0.000
6 2 0.000
7 2 0.000
8 2 0.000
9 2 0.000
10 2 0.000
11 2 0.000
12 2 0.000
13 2 0.000
14 2 0.000
15 2 0.000
16 2 0.000
17 2 0.000
18 2 0.000
19 2 0.000
20 2 0.000
21 2 0.000
22 2 0.000
23 2 0.000
24 2 0.000
25 2 0.000
26 2 0.000
27 2 0.000
28 2 0.000
29 2 0.000
30 2 0.000
31 2 0.000
32 2 0.000
33 2 0.000
34 2 0.000
35 2 0.000
36 2 0.000
37 2 0.000
38 2 0.000
39 2 0.000
40 2 0.000
41 2 0.000
42 2 0.000
43 2 0.000
44 2 0.000
45 2 0.000
46 2 0.000
47 2 0.000
48 2 0.000
49 2 0.000
50 2 0.000
51 2 0.000
52 2 0.000
53 2 0.000
54 2 0.000
55 2 0.000
56 2 0.000
57 2 0.000
58 2 0.000
59 2 0.000
60 2 0.000
61 2 0.000
62 2 0.000
63 2 0.000
64 2 0.000
65 2 0.000
66 2 0.000
67 2 0.000
68 2 0.000
69 2 0.000
70 2 0.000
71 2 0.000
72 2 0.000
73 2 0.000
74 2 0.000
75 2 0.000
76 2 0.000
77 2 0.000
78 2 0.000
79 2 0.000
80 2 0.000
81 2 0.000
82 2 0.000
83 2 0.000
84 2 0.000
85 2 0.000
86 2 0.000
87 2 0.000
88 2 0.000
89 2 0.000
90 2 0.000
91 2 0.000
92 2 0.000
93 2 0.000
94 2 0.000
95 2 0.000
96 2 0.000
97 2 0.000
98 2 0.000
99 2 0.000
100 2 0.000
101 2 0.000
102 2 0.000
103 2 0.000
104 2 0.000
105 2 0.000
106 2 0.000
107 2 0.000
108 2 0.000
109 2 0.000
110 2 0.000
111 2 0.000
112 2 0.000
113 2 0.000
114 2 0.000
115 2 0.000
116 2 0.000
117 2 0.000
118 2 0.000
119 2 0.000
120 2 0.000
121 2 0.000
122 2 0.000
123 2 0.000
124 2 0.000
125 2 0.000
126 2 0.000
127 2 0.000
128 2 0.000
129 2 0.000
130 2 0.000
131 2 0.000
132 2 0.000
133 2 0.000
134 2 0.000
135 2 0.000
136 2 0.000
137 2 0.000
138 2 0.000
139 2 0.000
140 2 0.000
141 2 0.000
142 2 0.000
143 2 0.000
144 2 0.000
145 2 0.000
146 2 0.000
147 2 0.000
148 2 0.000
149 2 0.000
0 3 0.000
1 3 0.000
2 3 0.000
3 3 0.000
4 3 0.000
5 3 0.000
6 3 0.000
7 3 0.000
8 3 0.000
9 3 0.000
10 3 0.000
11 3 0.000
12 3 0.000
13 3 0.000
14 3 0.000
15 3 0.000
16 3 0.000
17 3 0.000
18 3 0.000
19 3 0.000
20 3 0.000
21 3 0.000
22 3 0.000
23 3 0.000
24 3 0.000
25 3 0.000
26 3 0.000
27 3 0.000
28 3 0.000
29 3 0.000
30 3 0.000
31 3 0.000
32 3 0.000
33 3 0.000
34 3 0.000
35 3 0.000
36 3 0.000
37 3 0.000
38 3 0.000
39 3 0.000
40 3 0.000
41 3 0.000
42 3 0.000
43 3 0.000
44 3 0.000
45 3 0.000
46 3 0.000
47 3 0.000
48 3 0.000
49 3 0.000
50 3 0.000
51 3 0.000
52 3 0.000
53 3 0.000
54 3 0.000
55 3 0.000
56 3 0.000
57 3 0.000
58 3 0.000
59 3 0.000
60 3 0.000
61 3 0.000
62 3 0.000
63 3 0.000
64 3 0.000
65 3 0.000
66 3 0.000
67 3 0.000
68 3 0.000
69 3 0.000
70 3 0.000
71 3 0.000
72 3 0.000
73 3 0.000
74 3 0.000
75 3 0.000
76 3 0.000
77 3 0.000
78 3 0.000
79 3 0.000
80 3 0.000
81 3 0.000
82 3 0.000
83 3 0.000
84 3 0.000
85 3 0.000
86 3 0.000
87 3 0.000
88 3 0.000
89 3 0.000
90 3 0.000
91 3 0.000
92 3 0.000
93 3 0.000
94 3 0.000
95 3 0.000
96 3 0.000
97 3 0.000
98 3 0.000
99 3 0.000
100 3 0.000
101 3 0.000
102 3 0.000
103 3 0.000
104 3 0.000
105 3 0.000
106 3 0.000
107 3 0.000
108 3 0.000
109 3 0.000
110 3 0.000
111 3 0.000
112 3 0.000
113 3 0.000
114 3 0.000
115 3 0.000
116 3 0.000
117 3 0.000
118 3 0.000
119 3 0.000
120 3 0.000
121 3 0.000
122 3 0.000
123 3 0.000
124 3 0.000
125 3 0.000
126 3 0.000
127 3 0.000
128 3 0.000
129 3 0.000
130 3 0.000
131 3 0.000
132 3 0.000
133 3 0.000
134 3 0.000
135 3 0.000
136 3 0.000
137 3 0.000
138 3 0.000
139 3 0.000
140 3 0.000
141 3 0.000
142 3 0.000
143 3 0.000
144 3 0.000
145 3 0.000
146 3 0.000
147 3 0.000
148 3 0.000
149 3 0.000
0 4 0.000
1 4 0.000
2 4 0.000
3 4 0.000
4 4 0.000
5 4 0.000
6 4 0.000
7 4 0.000
8 4 0.000
9 4 0.000
10 4 0.000
11 4 0.000
12 4 0.000
13 4 0.000
14 4 0.000
15 4 0.000
16 4 0.000
17 4 0.000
18 4 0.000
19 4 0.000
20 4 0.000
21 4 0.000
22 4 0.000
23 4 0.000
24 4 0.000
25 4 0.000
26 4 0.000
27 4 0.000
28 4 0.000
29 4 0.000
30 4 0.000
31 4 0.000
32 4 0.000
33 4 0.000
34 4 0.000
35 4 0.000
36 4 0.000
37 4 0.000
38 4 0.000
39 4 0.000
40 4 0.000
41 4 0.000
42 4 0.000
43 4 0.000
44 4 0.000
45 4 0.000
46 4 0.000
47 4 0.000
48 4 0.000
49 4 0.000
50 4 0.000
51 4 0.000
52 4 0.000
53 4 0.000
54 4 0.000
55 4 0.000
56 4 0.000
57 4 0.000
58 4 0.000
59 4 0.000
60 4 0.000
61 4 0.000
62 4 0.000
63 4 0.000
64 4 0.000
65 4 0.000
66 4 0.000
67 4 0.000
68 4 0.000
69 4 0.000
70 4 0.000
71 4 0.000
72 4 0.000
73 4 0.000
74 4 0.000
75 4 0.000
76 4 0.000
77 4 0.000
78 4 0.000
79 4 0.000
80 4 0.000
81 4 0.000
82 4 0.000
83 4 0.000
84 4 0.000
85 4 0.000
86 4 0.000
87 4 0.000
88 4 0.000
89 4 0.000
90 4 0.000
91 4 0.000
92 4 0.000
93 4 0.000
94 4 0.000
95 4 0.000
96 4 0.000
97 4 0.000
98 4 0.000
99 4 0.000
100 4 0.000
101 4 0.000
102 4 0.000
103 4 0.000
104 4 0.000
105 4 0.000
106 4 0.000
107 4 0.000
108 4 0.000
109 4 0.000
110 4 0.000
111 4 0.000
112 4 0.000
113 4 0.000
114 4 0.000
115 4 0.000
116 4 0.000
117 4 0.000
118 4 0.000
119 4 0.000
120 4 0.000
121 4 0.000
122 4 0.000
123 4 0.000
124 4 0.000
125 4 0.000
126 4 0.000
127 4 0.000
128 4 0.000
129 4 0.000
130 4 0.000
131 4 0.000
132 4 0.000
133 4 0.000
134 4 0.000
135 4 0.000
136 4 0.000
137 4 0.000
138 4 0.000
139 4 0.000
140 4 0.000
141 4 0.000
142 4 0.000
143 4 0.000
144 4 0.000
145 4 0.000
146 4 0.000
147 4 0.000
148 4 0.000
149 4 0.000
0 5 0.000
1 5 0.000
2 5 0.000
3 5 0.000
4 5 0.000
5 5 0.000
6 5 0.000
7 5 0.000
8 5 0.000
9 5 0.000
10 5 0.000
11 5 0.000
12 5 0.000
13 5 0.000
14 5 0.000
15 5 0.000
16 5 0.000
17 5 0.000
18 5 0.000
19 5 0.000
20 5 0.000
21 5 0.000
22 5 0.000
23 5 0.000
24 5 0.000
25 5 0.000
26 5 0.000
27 5 0.000
28 5 0.000
29 5 0.000
30 5 0.000
31 5 0.000
32 5 0.000
33 5 0.000
34 5 0.000
35 5 0.000
36 5 0.000
37 5 0.000
38 5 0.000
39 5 0.000
40 5 0.000
41 5 0.000
42 5 0.000
43 5 0.000
44 5 0.000
45 5 0.000
46 5 0.000
47 5 0.000
48 5 0.000
49 5 0.000
50 5 0.000
51 5 0.000
52 5 0.000
53 5 0.000
54 5 0.000
55 5 0.000
56 5 0.000
57 5 0.000
58 5 0.000
59 5 0.000
60 5 0.000
61 5 0.000
62 5 0.000
63 5 0.000
64 5 0.000
65 5 0.000
66 5 0.000
67 5 0.000
68 5 0.000
69 5 0.000
70 5 0.000
71 5 0.000
72 5 0.000
73 5 0.000
74 5 0.000
75 5 0.000
76 5 0.000
77 5 0.000
78 5 0.000
79 5 0.000
80 5 0.000
81 5 0.000
82 5 0.000
83 5 0.000
84 5 0.000
85 5 0.000
86 5 0.000
87 5 0.000
88 5 0.000
89 5 0.000
90 5 0.000
91 5 0.000
92 5 0.000
93 5 0.000
94 5 0.000
95 5 0.000
96 5 0.000
97 5 0.000
98 5 0.000
99 5 0.000
100 5 0.000
101 5 0.000
102 5 0.000
103 5 0.000
104 5 0.000
105 5 0.000
106 5 0.000
107 5 0.000
108 5 0.000
109 5 0.000
110 5 0.000
111 5 0.000
112 5 0.000
113 5 0.000
114 5 0.000
115 5 0.000
116 5 0.000
117 5 0.000
118 5 0.000
119 5 0.000
120 5 0.000
121 5 0.000
122 5 0.000
123 5 0.000
124 5 0.000
125 5 0.000
126 5 0.000
127 5 0.000
128 5 0.000
129 5 0.000
130 5 0.000
131 5 0.000
132 5 0.000
133 5 0.000
134 5 0.000
135 5 0.000
136 5 0.000
137 5 0.000
138 5 0.000
139 5 0.000
140 5 0.000
141 5 0.000
142 5 0.000
143 5 0.000
144 5 0.000
145 5 0.000
146 5 0.000
147 5 0.000
148 5 0.000
149 5 0.000
0 6 0.000
1 6 0.000
2 6 0.000
3 6 0.000
4 6 0.000
5 6 0.000
6 6 0.000
7 6 0.000
8 6 0.000
9 6 0.000
10 6 0.000
11 6 0.000
12 6 0.000
13 6 0.000
14 6 0.000
15 6 0.000
16 6 0.000
17 6 0.000
18 6 0.000
19 6 0.000
20 6 0.000
21 6 0.000
22 6 0.000
23 6 0.000
24 6 0.000
25 6 0.000
26 6 0.000
27 6 0.000
28 6 0.000
29 6 0.000
30 6 0.000
31 6 0.000
32 6 0.000
33 6 0.000
34 6 0.000
35 6 0.000
36 6 0.000
37 6 0.000
38 6 0.000
39 6 0.000
40 6 0.000
41 6 0.000
42 6 0.000
43 6 0.000
44 6 0.000
45 6 0.000
46 6 0.000
47 6 0.000
48 6 0.000
49 6 0.000
50 6 0.000
51 6 0.000
52 6 0.000
53 6 0.000
54 6 0.000
55 6 0.000
56 6 0.000
57 6 0.000
58 6 0.000
59 6 0.000
60 6 0.000
61 6 0.000
62 6 0.000
63 6 0.000
64 6 0.000
65 6 0.000
66 6 0.000
67 6 0.000
68 6 0.000
69 6 0.000
70 6 0.000
71 6 0.000
72 6 0.000
73 6 0.000
74 6 0.000
75 6 0.000
76 6 0.000
77 6 0.000
78 6 0.000
79 6 0.000
80 6 0.000
81 6 0.000
82 6 0.000
83 6 0.000
84 6 0.000
85 6 0.000
86 6 0.000
87 6 0.000
88 6 0.000
89 6 0.000
90 6 0.000
91 6 0.000
92 6 0.000
93 6 0.000
94 6 0.000
95 6 0.000
96 6 0.000
97 6 0.000
98 6 0.000
99 6 0.000
100 6 0.000
101 6 0.000
102 6 0.000
103 6 0.000
104 6 0.000
105 6 0.000
106 6 0.000
107 6 0.000
108 6 0.000
109 6 0.000
110 6 0.000
111 6 0.000
112 6 0.000
113 6 0.000
114 6 0.000
115 6 0.000
116 6 0.000
117 6 0.000
118 6 0.000
119 6 0.000
120 6 0.000
121 6 0.000
122 6 0.000
123 6 0.000
124 6 0.000
125 6 0.000
126 6 0.000
127 6 0.000
128 6 0.000
129 6 0.000
130 6 0.000
131 6 0.000
132 6 0.000
133 6 0.000
134 6 0.000
135 6 0.000
136 6 0.000
137 6 0.000
138 6 0.000
139 6 0.000
140 6 0.000
141 6 0.000
142 6 0.000
143 6 0.000
144 6 0.000
145 6 0.000
146 6 0.000
147 6 0.000
148 6 0.000
149 6 0.000
0 7 0.000
1 7 0.000
2 7 0.000
3 7 0.000
4 7 0.000
5 7 0.000
6 7 0.000
7 7 0.000
8 7 0.000
9 7 0.000
10 7 0.000
11 7 0.000
12 7 0.000
13 7 0.000
14 7 0.000
15 7 0.000
16 7 0.000
17 7 0.000
18 7 0.000
19 7 0.000
20 7 0.000
21 7 0.000
22 7 0.000
23 7 0.000
24 7 0.000
25 7 0.000
26 7 0.000
27 7 0.000
28 7 0.000
29 7 0.000
30 7 0.000
31 7 0.000
32 7 0.000
33 7 0.000
34 7 0.000
35 7 0.000
36 7 0.000
37 7 0.000
38 7 0.000
39 7 0.000
40 7 0.000
41 7 0.000
42 7 0.000
43 7 0.000
44 7 0.000
45 7 0.000
46 7 0.000
47 7 0.000
48 7 0.000
49 7 0.000
50 7 0.000
51 7 0.000
52 7 0.000
53 7 0.000
54 7 0.000
55 7 0.000
56 7 0.000
57 7 0.000
58 7 0.000
59 7 0.000
60 7 0.000
61 7 0.000
62 7 0.000
63 7 0.000
64 7 0.000
65 7 0.000
66 7 0.000
67 7 0.000
68 7 0.000
69 7 0.000
70 7 0.000
71 7 0.000
72 7 0.000
73 7 0.000
74 7 0.000
75 7 0.000
76 7 0.000
77 7 0.000
78 7 0.000
79 7 0.000
80 7 0.000
81 7 0.000
82 7 0.000
83 7 0.000
84 7 0.000
85 7 0.000
86 7 0.000
87 7 0.000
88 7 0.000
89 7 0.000
90 7 0.000
91 7 0.000
92 7 0.000
93 7 0.000
94 7 0.000
95 7 0.000
96 7 0.000
97 7 0.000
98 7 0.000
99 7 0.000
100 7 0.000
101 7 0.000
102 7 0.000
103 7 0.000
104 7 0.000
105 7 0.000
106 7 0.000
107 7 0.000
108 7 0.000
109 7 0.000
110 7 0.000
111 7 0.000
112 7 0.000
113 7 0.000
114 7 0.000
115 7 0.000
116 7 0.000
117 7 0.000
118 7 0.000
119 7 0.000
120 7 0.000
121 7 0.000
122 7 0.000
123 7 0.000
124 7 0.000
125 7 0.000
126 7 0.000
127 7 0.000
128 7 0.000
129 7 0.000
130 7 0.000
131 7 0.000
132 7 0.000
133 7 0.000
134 7 0.000
135 7 0.000
136 7 0.000
137 7 0.000
138 7 0.000
139 7 0.000
140 7 0.000
141 7 0.000
142 7 0.000
143 7 0.000
144 7 0.000
145 7 0.000
146 7 0.000
147 7 0.000
148 7 0.000
149 7 0.000
0 8 0.000
1 8 0.000
2 8 0.000
3 8 0.000
4 8 0.000
5 8 0.000
6 8 0.000
7 8 0.000
8 8 0.000
9 8 0.000
10 8 0.000
11 8 0.000
12 8 0.000
13 8 0.000
14 8 0.000
15 8 0.000
16 8 0.000
17 8 0.000
18 8 0.000
19 8 0.000
20 8 0.000
21 8 0.000
22 8 0.000
23 8 0.000
24 8 0.000
25 8 0.000
26 8 0.000
27 8 0.000
28 8 0.000
29 8 0.000
30 8 0.000
31 8 0.000
32 8 0.000
33 8 0.000
34 8 0.000
35 8 0.000
36 8 0.000
37 8 0.000
38 8 0.000
39 8 0.000
40 8 0.000
41 8 0.000
42 8 0.000
43 8 0.000
44 8 0.000
45 8 0.000
46 8 0.000
47 8 0.000
48 8 0.000
49 8 0.000
50 8 0.000
51 8 0.000
52 8 0.000
53 8 0.000
54 8 0.000
55 8 0.000
56 8 0.000
57 8 0.000
58 8 0.000
59 8 0.000
60 8 0.000
61 8 0.000
62 8 0.000
63 8 0.000
64 8 0.000
65 8 0.000
66 8 0.000
67 8 0.000
68 8 0.000
69 8 0.000
70 8 0.000
71 8 0.000
72 8 0.000
73 8 0.000
74 8 0.000
75 8 0.000
76 8 0.000
77 8 0.000
78 8 0.000
79 8 0.000
80 8 0.000
81 8 0.000
82 8 0.000
83 8 0.000
84 8 0.000
85 8 0.000
86 8 0.000
87 8 0.000
88 8 0.000
89 8 0.000
90 8 0.000
91 8 0.000
92 8 0.000
93 8 0.000
94 8 0.000
95 8 0.000
96 8 0.000
97 8 0.000
98 8 0.000
99 8 0.000
100 8 0.000
101 8 0.000
102 8 0.000
103 8 0.000
104 8 0.000
105 8 0.000
106 8 0.000
107 8 0.000
108 8 0.000
109 8 0.000
110 8 0.000
111 8 0.000
112 8 0.000
113 8 0.000
114 8 0.000
115 8 0.000
116 8 0.000
117 8 0.000
118 8 0.000
119 8 0.000
120 8 0.000
121 8 0.000
122 8 0.000
123 8 0.000
124 8 0.000
125 8 0.000
126 8 0.000
127 8 0.000
128 8 0.000
129 8 0.000
130 8 0.000
131 8 0.000
132 8 0.000
133 8 0.000
134 8 0.000
135 8 0.000
136 8 0.000
137 8 0.000
138 8 0.000
139 8 0.000
140 8 0.000
141 8 0.000
142 8 0.000
143 8 0.000
144 8 0.000
145 8 0.000
146 8 0.000
147 8 0.000
148 8 0.000
149 8 0.000
0 9 0.000
1 9 0.000
2 9 0.000
3 9 0.000
4 9 0.000
5 9 0.000
6 9 0.000
7 9 0.000
8 9 0.000
9 9 0.000
10 9 0.000
11 9 0.000
12 9 0.000
13 9 0.000
14 9 0.000
15 9 0.000
16 9 0.000
17 9 0.000
18 9 0.000
19 9 0.000
20 9 0.000
21 9 0.000
22 9 0.000
23 9 0.000
24 9 0.000
25 9 0.000
26 9 0.000
27 9 0.000
28 9 0.000
29 9 0.000
30 9 0.000
31 9 0.000
32 9 0.000
33 9 0.000
34 9 0.000
35 9 0.000
36 9 0.000
37 9 0.000
38 9 0.000
39 9 0.000
40 9 0.000
41 9 0.000
42 9 0.000
43 9 0.000
44 9 0.000
45 9 0.000
46 9 0.000
47 9 0.000
48 9 0.000
49 9 0.000
50 9 0.000
51 9 0.000
52 9 0.000
53 9 0.000
54 9 0.000
55 9 0.000
56 9 0.000
57 9 0.000
58 9 0.000
59 9 0.000
60 9 0.000
61 9 0.000
62 9 0.000
63 9 0.000
64 9 0.000
65 9 0.000
66 9 0.000
67 9 0.000
68 9 0.000
69 9 0.000
70 9 0.000
71 9 0.000
72 9 0.000
73 9 0.000
74 9 0.000
75 9 0.000
76 9 0.000
77 9 0.000
78 9 0.000
79 9 0.000
80 9 0.000
81 9 0.000
82 9 0.000
83 9 0.000
84 9 0.000
85 9 0.000
86 9 0.000
87 9 0.000
88 9 0.000
89 9 0.000
90 9 0.000
91 9 0.000
92 9 0.000
93 9 0.000
94 9 0.000
95 9 0.000
96 9 0.000
97 9 0.000
98 9 0.000
99 9 0.000
100 9 0.000
101 9 0.000
102 9 0.000
103 9 0.000
104 9 0.000
105 9 0.000
106 9 0.000
107 9 0.000
108 9 0.000
109 9 0.000
110 9 0.000
111 9 0.000
112 9 0.000
113 9 0.000
114 9 0.000
115 9 0.000
116 9 0.000
117 9 0.000
118 9 0.000
119 9 0.000
120 9 0.000
121 9 0.000
122 9 0.000
123 9 0.000
124 9 0.000
125 9 0.000
126 9 0.000
127 9 0.000
128 9 0.000
129 9 0.000
130 9 0.000
131 9 0.000
132 9 0.000
133 9 0.000
134 9 0.000
135 9 0.000
136 9 0.000
137 9 0.000
138 9 0.000
139 9 0.000
140 9 0.000
141 9 0.000
142 9 0.000
143 9 0.000
144 9 0.000
145 9 0.000
146 9 0.000
147 9 0.000
148 9 0.000
149 9 0.000
0 10 0.000
1 10 0.000
2 10 0.000
3 10 0.000
4 10 0.000
5 10 0.000
6 10 0.000
7 10 0.000
8 10 0.000
9 10 0.000
10 10 0.000
11 10 0.000
12 10 0.000
13 10 0.000
14 10 0.000
15 10 0.000
16 10 0.000
17 10 0.000
18 10 0.000
19 10 0.000
20 10 0.000
21 10 0.000
22 10 0.000
23 10 0.000
24 10 0.000
25 10 0.000
26 10 0.000
27 10 0.000
28 10 0.000
29 10 0.000
30 10 0.000
31 10 0.000
32 10 0.000
33 10 0.000
34 10 0.000
35 10 0.000
36 10 0.000
37 10 0.000
38 10 0.000
39 10 0.000
40 10 0.000
41 10 0.000
42 10 0.000
43 10 0.000
44 10 0.000
45 10 0.000
46 10 0.000
47 10 0.000
48 10 0.000
49 10 0.000
50 10 0.000
51 10 0.000
52 10 0.000
53 10 0.000
54 10 0.000
55 10 0.000
56 10 0.000
57 10 0.000
58 10 0.000
59 10 0.000
60 10 0.000
61 10 0.000
62 10 0.000
63 10 0.000
64 10 0.000
65 10 0.000
66 10 0.000
67 10 0.000
68 10 0.000
69 10 0.000
70 10 0.000
71 10 0.000
72 10 0.000
73 10 0.000
74 10 0.000
75 10 0.000
76 10 0.000
77 10 0.000
78 10 0.000
79 10 0.000
80 10 0.000
81 10 0.000
82 10 0.000
83 10 0.000
84 10 0.000
85 10 0.000
86 10 0.000
87 10 0.000
88 10 0.000
89 10 0.000
90 10 0.000
91 10 0.000
92 10 0.000
93 10 0.000
94 10 0.000
95 10 0.000
96 10 0.000
97 10 0.000
98 10 0.000
99 10 0.000
100 10 0.000
101 10 0.000
102 10 0.000
103 10 0.000
104 10 0.000
105 10 0.000
106 10 0.000
107 10 0.000
108 10 0.000
109 10 0.000
110 10 0.000
111 10 0.000
112 10 0.000
113 10 0.000
114 10 0.000
115 10 0.000
116 10 0.000
117 10 0.000
118 10 0.000
119 10 0.000
120 10 0.000
121 10 0.000
122 10 0.000
123 10 0.000
124 10 0.000
125 10 0.000
126 10 0.000
127 10 0.000
128 10 0.000
129 10 0.000
130 10 0.000
131 10 0.000
132 10 0.000
133 10 0.000
134 10 0.000
135 10 0.000
136 10 0.000
137 10 0.000
138 10 0.000
139 10 0.000
140 10 0.000
141 10 0.000
142 10 0.000
143 10 0.000
144 10 0.000
145 10 0.000
146 10 0.000
147 10 0.000
148 10 0.000
149 10 0.000
0 11 0.000
1 11 0.000
2 11 0.000
3 11 0.000
4 11 0.000
5 11 0.000
6 11 0.000
7 11 0.000
8 11 0.000
9 11 0.000
10 11 0.000
11 11 0.000
12 11 0.000
13 11 0.000
14 11 0.000
15 11 0.000
16 11 0.000
17 11 0.000
18 11 0.000
19 11 0.000
20 11 0.000
21 11 0.000
22 11 0.000
23 11 0.000
24 11 0.000
25 11 0.000
26 11 0.000
27 11 0.000
28 11 0.000
29 11 0.000
30 11 0.000
31 11 0.000
32 11 0.000
33 11 0.000
34 11 0.000
35 11 0.000
36 11 0.000
37 11 0.000
38 11 0.000
39 11 0.000
40 11 0.000
41 11 0.000
42 11 0.000
43 11 0.000
44 11 0.000
45 11 0.000
46 11 0.000
47 11 0.000
48 11 0.000
49 11 0.000
50 11 0.000
51 11 0.000
52 11 0.000
53 11 0.000
54 11 0.000
55 11 0.000
56 11 0.000
57 11 0.000
58 11 0.000
59 11 0.000
60 11 0.000
61 11 0.000
62 11 0.000
63 11 0.000
64 11 0.000
65 11 0.000
66 11 0.000
67 11 0.000
68 11 0.000
69 11 0.000
70 11 0.000
71 11 0.000
72 11 0.000
73 11 0.000
74 11 0.000
75 11 0.000
76 11 0.000
77 11 0.000
78 11 0.000
79 11 0.000
80 11 0.000
81 11 0.000
82 11 0.000
83 11 0.000
84 11 0.000
85 11 0.000
86 11 0.000
87 11 0.000
88 11 0.000
89 11 0.000
90 11 0.000
91 11 0.000
92 11 0.000
93 11 0.000
94 11 0.000
95 11 0.000
96 11 0.000
97 11 0.000
98 11 0.000
99 11 0.000
100 11 0.000
101 11 0.000
102 11 0.000
103 11 0.000
104 11 0.000
105 11 0.000
106 11 0.000
107 11 0.000
108 11 0.000
109 11 0.000
110 11 0.000
111 11 0.000
112 11 0.000
113 11 0.000
114 11 0.000
115 11 0.000
116 11 0.000
117 11 0.000
118 11 0.000
119 11 0.000
120 11 0.000
121 11 0.000
122 11 0.000
123 11 0.000
124 11 0.000
125 11 0.000
126 11 0.000
127 11 0.000
128 11 0.000
129 11 0.000
130 11 0.000
131 11 0.000
132 11 0.000
133 11 0.000
134 11 0.000
135 11 0.000
136 11 0.000
137 11 0.000
138 11 0.000
139 11 0.000
140 11 0.000
141 11 0.000
142 11 0.000
143 11 0.000
144 11 0.000
145 11 0.000
146 11 0.000
147 11 0.000
148 11 0.000
149 11 0.000
0 12 0.000
1 12 0.000
2 12 0.000
3 12 0.000
4 12 0.000
5 12 0.000
6 12 0.000
7 12 0.000
8 12 0.000
9 12 0.000
10 12 0.000
11 12 0.000
12 12 0.000
13 12 0.000
14 12 0.000
15 12 0.000
16 12 0.000
17 12 0.000
18 12 0.000
19 12 0.000
20 12 0.000
21 12 0.000
22 12 0.000
23 12 0.000
24 12 0.000
25 12 0.000
26 12 0.000
27 12 0.000
28 12 0.000
29 12 0.000
30 12 0.000
31 12 0.000
32 12 0.000
33 12 0.000
34 12 0.000
35 12 0.000
36 12 0.000
37 12 0.000
38 12 0.000
39 12 0.000
40 12 0.000
41 12 0.000
42 12 0.000
43 12 0.000
44 12 0.000
45 12 0.000
46 12 0.000
47 12 0.000
48 12 0.000
49 12 0.000
50 12 0.000
51 12 0.000
52 12 0.000
53 12 0.000
54 12 0.000
55 12 0.000
56 12 0.000
57 12 0.000
58 12 0.000
59 12 0.000
60 12 0.000
61 12 0.000
62 12 0.000
63 12 0.000
64 12 0.000
65 12 0.000
66 12 0.000
67 12 0.000
68 12 0.000
69 12 0.000
70 12 0.000
71 12 0.000
72 12 0.000
73 12 0.000
74 12 0.000
75 12 0.000
76 12 0.000
77 12 0.000
78 12 0.000
79 12 0.000
80 12 0.000
81 12 0.000
82 12 0.000
83 12 0.000
84 12 0.000
85 12 0.000
86 12 0.000
87 12 0.000
88 12 0.000
89 12 0.000
90 12 0.000
91 12 0.000
92 12 0.000
93 12 0.000
94 12 0.000
95 12 0.000
96 12 0.000
97 12 0.000
98 12 0.000
99 12 0.000
100 12 0.000
101 12 0.000
102 12 0.000
103 12 0.000
104 12 0.000
105 12 0.000
106 12 0.000
107 12 0.000
108 12 0.000
109 12 0.000
110 12 0.000
111 12 0.000
112 12 0.000
113 12 0.000
114 12 0.000
115 12 0.000
116 12 0.000
117 12 0.000
118 12 0.000
119 12 0.000
120 12 0.000
121 12 0.000
122 12 0.000
123 12 0.000
124 12 0.000
125 12 0.000
126 12 0.000
127 12 0.000
128 12 0.000
129 12 0.000
130 12 0.000
131 12 0.000
132 12 0.000
133 12 0.000
134 12 0.000
135 12 0.000
136 12 0.000
137 12 0.000
138 12 0.000
139 12 0.000
140 12 0.000
141 12 0.000
142 12 0.000
143 12 0.000
144 12 0.000
145 12 0.000
146 12 0.000
147 12 0.000
148 12 0.000
149 12 0.000
0 13 0.000
1 13 0.000
2 13 0.000
3 13 0.000
4 13 0.000
5 13 0.000
6 13 0.000
7 13 0.000
8 13 0.000
9 13 0.000
10 13 0.000
11 13 0.000
12 13 0.000
13 13 0.000
14 13 0.000
15 13 0.000
16 13 0.000
17 13 0.000
18 13 0.000
19 13 0.000
20 13 0.000
21 13 0.000
22 13 0.000
23 13 0.000
24 13 0.000
25 13 0.000
26 13 0.000
27 13 0.000
28 13 0.000
29 13 0.000
30 13 0.000
31 13 0.000
32 13 0.000
33 13 0.000
34 13 0.000
35 13 0.000
36 13 0.000
37 13 0.000
38 13 0.000
39 13 0.000
40 13 0.000
41 13 0.000
42 13 0.000
43 13 0.000
44 13 0.000
45 13 0.000
46 13 0.000
47 13 0.000
48 13 0.000
49 13 0.000
50 13 0.000
51 13 0.000
52 13 0.000
53 13 0.000
54 13 0.000
55 13 0.000
56 13 0.000
57 13 0.000
58 13 0.000
59 13 0.000
60 13 0.000
61 13 0.000
62 13 0.000
63 13 0.000
64 13 0.000
65 13 0.000
66 13 0.000
67 13 0.000
68 13 0.000
69 13 0.000
70 13 0.000
71 13 0.000
72 13 0.000
73 13 0.000
74 13 0.000
75 13 0.000
76 13 0.000
77 13 0.000
78 13 0.000
79 13 0.000
80 13 0.000
81 13 0.000
82 13 0.000
83 13 0.000
84 13 0.000
85 13 0.000
86 13 0.000
87 13 0.000
88 13 0.000
89 13 0.000
90 13 0.000
91 13 0.000
92 13 0.000
93 13 0.000
94 13 0.000
95 13 0.000
96 13 0.000
97 13 0.000
98 13 0.000
99 13 0.000
100 13 0.000
101 13 0.000
102 13 0.000
103 13 0.000
104 13 0.000
105 13 0.000
106 13 0.000
107 13 0.000
108 13 0.000
109 13 0.000
110 13 0.000
111 13 0.000
112 13 0.000
113 13 0.000
114 13 0.000
115 13 0.000
116 13 0.000
117 13 0.000
118 13 0.000
119 13 0.000
120 13 0.000
121 13 0.000
122 13 0.000
123 13 0.000
124 13 0.000
125 13 0.000
126 13 0.000
127 13 0.000
128 13 0.000
129 13 0.000
130 13 0.000
131 13 0.000
132 13 0.000
133 13 0.000
134 13 0.000
135 13 0.000
136 13 0.000
137 13 0.000
138 13 0.000
139 13 0.000
140 13 0.000
141 13 0.000
142 13 0.000
143 13 0.000
144 13 0.000
145 13 0.000
146 13 0.000
147 13 0.000
148 13 0.000
149 13 0.000
0 14 0.000
1 14 0.000
2 14 0.000
3 14 0.000
4 14 0.000
5 14 0.000
6 14 0.000
7 14 0.000
8 14 0.000
9 14 0.000
10 14 0.000
11 14 0.000
12 14 0.000
13 14 0.000
14 14 0.000
15 14 0.000
16 14 0.000
17 14 0.000
18 14 0.000
19 14 0.000
20 14 0.000
21 14 0.000
22 14 0.000
23 14 0.000
24 14 0.000
25 14 0.000
26 14 0.000
27 14 0.000
28 14 0.000
29 14 0.000
30 14 0.000
31 14 0.000
32 14 0.000
33 14 0.000
34 14 0.000
35 14 0.000
36 14 0.000
37 14 0.000
38 14 0.000
39 14 0.000
40 14 0.000
41 14 0.000
42 14 0.000
43 14 0.000
44 14 0.000
45 14 0.000
46 14 0.000
47 14 0.000
48 14 0.000
49 14 0.000
50 14 0.000
51 14 0.000
52 14 0.000
53 14 0.000
54 14 0.000
55 14 0.000
56 14 0.000
57 14 0.000
58 14 0.000
59 14 0.000
60 14 0.000
61 14 0.000
62 14 0.000
63 14 0.000
64 14 0.000
65 14 0.000
66 14 0.000
67 14 0.000
68 14 0.000
69 14 0.000
70 14 0.000
71 14 0.000
72 14 0.000
73 14 0.000
74 14 0.000
75 14 0.000
76 14 0.000
77 14 0.000
78 14 0.000
79 14 0.000
80 14 0.000
81 14 0.000
82 14 0.000
83 14 0.000
84 14 0.000
85 14 0.000
86 14 0.000
87 14 0.000
88 14 0.000
89 14 0.000
90 14 0.000
91 14 0.000
92 14 0.000
93 14 0.000
94 14 0.000
95 14 0.000
96 14 0.000
97 14 0.000
98 14 0.000
99 14 0.000
100 14 0.000
101 14 0.000
102 14 0.000
103 14 0.000
104 14 0.000
105 14 0.000
106 14 0.000
107 14 0.000
108 14 0.000
109 14 0.000
110 14 0.000
111 14 0.000
112 14 0.000
113 14 0.000
114 14 0.000
115 14 0.000
116 14 0.000
117 14 0.000
118 14 0.000
119 14 0.000
120 14 0.000
121 14 0.000
122 14 0.000
123 14 0.000
124 14 0.000
125 14 0.000
126 14 0.000
127 14 0.000
128 14 0.000
129 14 0.000
130 14 0.000
131 14 0.000
132 14 0.000
133 14 0.000
134 14 0.000
135 14 0.000
136 14 0.000
137 14 0.000
138 14 0.000
139 14 0.000
140 14 0.000
141 14 0.000
142 14 0.000
143 14 0.000
144 14 0.000
145 14 0.000
146 14 0.000
147 14 0.000
148 14 0.000
149 14 0.000
0 15 0.000
1 15 0.000
2 15 0.000
3 15 0.000
4 15 0.000
5 15 0.000
6 15 0.000
7 15 0.000
8 15 0.000
9 15 0.000
10 15 0.000
11 15 0.000
12 15 0.000
13 15 0.000
14 15 0.000
15 15 0.000
16 15 0.000
17 15 0.000
18 15 0.000
19 15 0.000
20 15 0.000
21 15 0.000
22 15 0.000
23 15 0.000
24 15 0.000
25 15 0.000
26 15 0.000
27 15 0.000
28 15 0.000
29 15 0.000
30 15 0.000
31 15 0.000
32 15 0.000
33 15 0.000
34 15 0.000
35 15 0.000
36 15 0.000
37 15 0.000
38 15 0.000
39 15 0.000
40 15 0.000
41 15 0.000
42 15 0.000
43 15 0.000
44 15 0.000
45 15 0.000
46 15 0.000
47 15 0.000
48 15 0.000
49 15 0.000
50 15 0.000
51 15 0.000
52 15 0.000
53 15 0.000
54 15 0.000
55 15 0.000
56 15 0.000
57 15 0.000
58 15 0.000
59 15 0.000
60 15 0.000
61 15 0.000
62 15 0.000
63 15 0.000
64 15 0.000
65 15 0.000
66 15 0.000
67 15 0.000
68 15 0.000
69 15 0.000
70 15 0.000
71 15 0.000
72 15 0.000
73 15 0.000
74 15 0.000
75 15 0.000
76 15 0.000
77 15 0.000
78 15 0.000
79 15 0.000
80 15 0.000
81 15 0.000
82 15 0.000
83 15 0.000
84 15 0.000
85 15 0.000
86 15 0.000
87 15 0.000
88 15 0.000
89 15 0.000
90 15 0.000
91 15 0.000
92 15 0.000
93 15 0.000
94 15 0.000
95 15 0.000
96 15 0.000
97 15 0.000
98 15 0.000
99 15 0.000
100 15 0.000
101 15 0.000
102 15 0.000
103 15 0.000
104 15 0.000
105 15 0.000
106 15 0.000
107 15 0.000
108 15 0.000
109 15 0.000
110 15 0.000
111 15 0.000
112 15 0.000
113 15 0.000
114 15 0.000
115 15 0.000
116 15 0.000
117 15 0.000
118 15 0.000
119 15 0.000
120 15 0.000
121 15 0.000
122 15 0.000
123 15 0.000
124 15 0.000
125 15 0.000
126 15 0.000
127 15 0.000
128 15 0.000
129 15 0.000
130 15 0.000
131 15 0.000
132 15 0.000
133 15 0.000
134 15 0.000
135 15 0.000
136 15 0.000
137 15 0.000
138 15 0.000
139 15 0.000
140 15 0.000
141 15 0.000
142 15 0.000
143 15 0.000
144 15 0.000
145 15 0.000
146 15 0.000
147 15 0.000
148 15 0.000
149 15 0.000
0 16 0.000
1 16 0.000
2 16 0.000
3 16 0.000
4 16 0.000
5 16 0.000
6 16 0.000
7 16 0.000
8 16 0.000
9 16 0.000
10 16 0.000
11 16 0.000
12 16 0.000
13 16 0.000
14 16 0.000
15 16 0.000
16 16 0.000
17 16 0.000
18 16 0.000
19 16 0.000
20 16 0.000
21 16 0.000
22 16 0.000
23 16 0.000
24 16 0.000
25 16 0.000
26 16 0.000
27 16 0.000
28 16 0.000
29 16 0.000
30 16 0.000
31 16 0.000
32 16 0.000
33 16 0.000
34 16 0.000
35 16 0.000
36 16 0.000
37 16 0.000
38 16 0.000
39 16 0.000
40 16 0.000
41 16 0.000
42 16 0.000
43 16 0.000
44 16 0.000
45 16 0.000
46 16 0.000
47 16 0.000
48 16 0.000
49 16 0.000
50 16 0.000
51 16 0.000
52 16 0.000
53 16 0.000
54 16 0.000
55 16 0.000
56 16 0.000
57 16 0.000
58 16 0.000
59 16 0.000
60 16 0.000
61 16 0.000
62 16 0.000
63 16 0.000
64 16 0.000
65 16 0.000
66 16 0.000
67 16 0.000
68 16 0.000
69 16 0.000
70 16 0.000
71 16 0.000
72 16 0.000
73 16 0.000
74 16 0.000
75 16 0.000
76 16 0.000
77 16 0.000
78 16 0.000
79 16 0.000
80 16 0.000
81 16 0.000
82 16 0.000
83 16 0.000
84 16 0.000
85 16 0.000
86 16 0.000
87 16 0.000
88 16 0.000
89 16 0.000
90 16 0.000
91 16 0.000
92 16 0.000
93 16 0.000
94 16 0.000
95 16 0.000
96 16 0.000
97 16 0.000
98 16 0.000
99 16 0.000
100 16 0.000
101 16 0.000
102 16 0.000
103 16 0.000
104 16 0.000
105 16 0.000
106 16 0.000
107 16 0.000
108 16 0.000
109 16 0.000
110 16 0.000
111 16 0.000
112 16 0.000
113 16 0.000
114 16 0.000
115 16 0.000
116 16 0.000
117 16 0.000
118 16 0.000
119 16 0.000
120 16 0.000
121 16 0.000
122 16 0.000
123 16 0.000
124 16 0.000
125 16 0.000
126 16 0.000
127 16 0.000
128 16 0.000
129 16 0.000
130 16 0.000
131 16 0.000
132 16 0.000
133 16 0.000
134 16 0.000
135 16 0.000
136 16 0.000
137 16 0.000
138 16 0.000
139 16 0.000
140 16 0.000
141 16 0.000
142 16 0.000
143 16 0.000
144 16 0.000
145 16 0.000
146 16 0.000
147 16 0.000
148 16 0.000
149 16 0.000
0 17 0.000
1 17 0.000
2 17 0.000
3 17 0.000
4 17 0.000
5 17 0.000
6 17 0.000
7 17 0.000
8 17 0.000
9 17 0.000
10 17 0.000
11 17 0.000
12 17 0.000
13 17 0.000
14 17 0.000
15 17 0.000
16 17 0.000
17 17 0.000
18 17 0.000
19 17 0.000
20 17 0.000
21 17 0.000
22 17 0.000
23 17 0.000
24 17 0.000
25 17 0.000
26 17 0.000
27 17 0.000
28 17 0.000
29 17 0.000
30 17 0.000
31 17 0.000
32 17 0.000
33 17 0.000
34 17 0.000
35 17 0.000
36 17 0.000
37 17 0.000
38 17 0.000
39 17 0.000
40 17 0.000
41 17 0.000
42 17 0.000
43 17 0.000
44 17 0.000
45 17 0.000
46 17 0.000
47 17 0.000
48 17 0.000
49 17 0.000
50 17 0.000
51 17 0.000
52 17 0.000
53 17 0.000
54 17 0.000
55 17 0.000
56 17 0.000
57 17 0.000
58 17 0.000
59 17 0.000
60 17 0.000
61 17 0.000
62 17 0.000
63 17 0.000
64 17 0.000
65 17 0.000
66 17 0.000
67 17 0.000
68 17 0.000
69 17 0.000
70 17 0.000
71 17 0.000
72 17 0.000
73 17 0.000
74 17 0.000
75 17 0.000
76 17 0.000
77 17 0.000
78 17 0.000
79 17 0.000
80 17 0.000
81 17 0.000
82 17 0.000
83 17 0.000
84 17 0.000
85 17 0.000
86 17 0.000
87 17 0.000
88 17 0.000
89 17 0.000
90 17 0.000
91 17 0.000
92 17 0.000
93 17 0.000
94 17 0.000
95 17 0.000
96 17 0.000
97 17 0.000
98 17 0.000
99 17 0.000
100 17 0.000
101 17 0.000
102 17 0.000
103 17 0.000
104 17 0.000
105 17 0.000
106 17 0.000
107 17 0.000
108 17 0.000
109 17 0.000
110 17 0.000
111 17 0.000
112 17 0.000
113 17 0.000
114 17 0.000
115 17 0.000
116 17 0.000
117 17 0.000
118 17 0.000
119 17 0.000
120 17 0.000
121 17 0.000
122 17 0.000
123 17 0.000
124 17 0.000
125 17 0.000
126 17 0.000
127 17 0.000
128 17 0.000
129 17 0.000
130 17 0.000
131 17 0.000
132 17 0.000
133 17 0.000
134 17 0.000
135 17 0.000
136 17 0.000
137 17 0.000
138 17 0.000
139 17 0.000
140 17 0.000
141 17 0.000
142 17 0.000
143 17 0.000
144 17 0.000
145 17 0.000
146 17 0.000
147 17 0.000
148 17 0.000
149 17 0.000
0 18 0.000
1 18 0.000
2 18 0.000
3 18 0.000
4 18 0.000
5 18 0.000
6 18 0.000
7 18 0.000
8 18 0.000
9 18 0.000
10 18 0.000
11 18 0.000
12 18 0.000
13 18 0.000
14 18 0.000
15 18 0.000
16 18 0.000
17 18 0.000
18 18 0.000
19 18 0.000
20 18 0.000
21 18 0.000
22 18 0.000
23 18 0.000
24 18 0.000
25 18 0.000
26 18 0.000
27 18 0.000
28 18 0.000
29 18 0.000
30 18 0.000
31 18 0.000
32 18 0.000
33 18 0.000
34 18 0.000
35 18 0.000
36 18 0.000
37 18 0.000
38 18 0.000
39 18 0.000
40 18 0.000
41 18 0.000
42 18 0.000
43 18 0.000
44 18 0.000
45 18 0.000
46 18 0.000
47 18 0.000
48 18 0.000
49 18 0.000
50 18 0.000
51 18 0.000
52 18 0.000
53 18 0.000
54 18 0.000
55 18 0.000
56 18 0.000
57 18 0.000
58 18 0.000
59 18 0.000
60 18 0.000
61 18 0.000
62 18 0.000
63 18 0.000
64 18 0.000
65 18 0.000
66 18 0.000
67 18 0.000
68 18 0.000
69 18 0.000
70 18 0.000
71 18 0.000
72 18 0.000
73 18 0.000
74 18 0.000
75 18 0.000
76 18 0.000
77 18 0.000
78 18 0.000
79 18 0.000
80 18 0.000
81 18 0.000
82 18 0.000
83 18 0.000
84 18 0.000
85 18 0.000
86 18 0.000
87 18 0.000
88 18 0.000
89 18 0.000
90 18 0.000
91 18 0.000
92 18 0.000
93 18 0.000
94 18 0.000
95 18 0.000
96 18 0.000
97 18 0.000
98 18 0.000
99 18 0.000
100 18 0.000
101 18 0.000
102 18 0.000
103 18 0.000
104 18 0.000
105 18 0.000
106 18 0.000
107 18 0.000
108 18 0.000
109 18 0.000
110 18 0.000
111 18 0.000
112 18 0.000
113 18 0.000
114 18 0.000
115 18 0.000
116 18 0.000
117 18 0.000
118 18 0.000
119 18 0.000
120 18 0.000
121 18 0.000
122 18 0.000
123 18 0.000
124 18 0.000
125 18 0.000
126 18 0.000
127 18 0.000
128 18 0.000
129 18 0.000
130 18 0.000
131 18 0.000
132 18 0.000
133 18 0.000
134 18 0.000
135 18 0.000
136 18 0.000
137 18 0.000
138 18 0.000
139 18 0.000
140 18 0.000
141 18 0.000
142 18 0.000
143 18 0.000
144 18 0.000
145 18 0.000
146 18 0.000
147 18 0.000
148 18 0.000
149 18 0.000
0 19 0.000
1 19 0.000
2 19 0.000
3 19 0.000
4 19 0.000
5 19 0.000
6 19 0.000
7 19 0.000
8 19 0.000
9 19 0.000
10 19 0.000
11 19 0.000
12 19 0.000
13 19 0.000
14 19 0.000
15 19 0.000
16 19 0.000
17 19 0.000
18 19 0.000
19 19 0.000
20 19 0.000
21 19 0.000
22 19 0.000
23 19 0.000
24 19 0.000
25 19 0.000
26 19 0.000
27 19 0.000
28 19 0.000
29 19 0.000
30 19 0.000
31 19 0.000
32 19 0.000
33 19 0.000
34 19 0.000
35 19 0.000
36 19 0.000
37 19 0.000
38 19 0.000
39 19 0.000
40 19 0.000
41 19 0.000
42 19 0.000
43 19 0.000
44 19 0.000
45 19 0.000
46 19 0.000
47 19 0.000
48 19 0.000
49 19 0.000
50 19 0.000
51 19 0.000
52 19 0.000
53 19 0.000
54 19 0.000
55 19 0.000
56 19 0.000
57 19 0.000
58 19 0.000
59 19 0.000
60 19 0.000
61 19 0.000
62 19 0.000
63 19 0.000
64 19 0.000
65 19 0.000
66 19 0.000
67 19 0.000
68 19 0.000
69 19 0.000
70 19 0.000
71 19 0.000
72 19 0.000
73 19 0.000
74 19 0.000
75 19 0.000
76 19 0.000
77 19 0.000
78 19 0.000
79 19 0.000
80 19 0.000
81 19 0.000
82 19 0.000
83 19 0.000
84 19 0.000
85 19 0.000
86 19 0.000
87 19 0.000
88 19 0.000
89 19 0.000
90 19 0.000
91 19 0.000
92 19 0.000
93 19 0.000
94 19 0.000
95 19 0.000
96 19 0.000
97 19 0.000
98 19 0.000
99 19 0.000
100 19 0.000
101 19 0.000
102 19 0.000
103 19 0.000
104 19 0.000
105 19 0.000
106 19 0.000
107 19 0.000
108 19 0.000
109 19 0.000
110 19 0.000
111 19 0.000
112 19 0.000
113 19 0.000
114 19 0.000
115 19 0.000
116 19 0.000
117 19 0.000
118 19 0.000
119 19 0.000
120 19 0.000
121 19 0.000
122 19 0.000
123 19 0.000
124 19 0.000
125 19 0.000
126 19 0.000
127 19 0.000
128 19 0.000
129 19 0.000
130 19 0.000
131 19 0.000
132 19 0.000
133 19 0.000
134 19 0.000
135 19 0.000
136 19 0.000
137 19 0.000
138 19 0.000
139 19 0.000
140 19 0.000
141 19 0.000
142 19 0.000
143 19 0.000
144 19 0.000
145 19 0.000
146 19 0.000
147 19 0.000
148 19 0.000
149 19 0.000
0 20 0.000
1 20 0.000
2 20 0.000
3 20 0.000
4 20 0.000
5 20 0.000
6 20 0.000
7 20 0.000
8 20 0.000
9 20 0.000
10 20 0.000
11 20 0.000
12 20 0.000
13 20 0.000
14 20 0.000
15 20 0.000
16 20 0.000
17 20 0.000
18 20 0.000
19 20 0.000
20 20 0.000
21 20 0.000
22 20 0.000
23 20 0.000
24 20 0.000
25 20 0.000
26 20 0.000
27 20 0.000
28 20 0.000
29 20 0.000
30 20 0.000
31 20 0.000
32 20 0.000
33 20 0.000
34 20 0.000
35 20 0.000
36 20 0.000
37 20 0.000
38 20 0.000
39 20 0.000
40 20 0.000
41 20 0.000
42 20 0.000
43 20 0.000
44 20 0.000
45 20 0.000
46 20 0.000
47 20 0.000
48 20 0.000
49 20 0.000
50 20 0.000
51 20 0.000
52 20 0.000
53 20 0.000
54 20 0.000
55 20 0.000
56 20 0.000
57 20 0.000
58 20 0.000
59 20 0.000
60 20 0.000
61 20 0.000
62 20 0.000
63 20 0.000
64 20 0.000
65 20 0.000
66 20 0.000
67 20 0.000
68 20 0.000
69 20 0.000
70 20 0.000
71 20 0.000
72 20 0.000
73 20 0.000
74 20 0.000
75 20 0.000
76 20 0.000
77 20 0.000
78 20 0.000
79 20 0.000
80 20 0.000
81 20 0.000
82 20 0.000
83 20 0.000
84 20 0.000
85 20 0.000
86 20 0.000
87 20 0.000
88 20 0.000
89 20 0.000
90 20 0.000
91 20 0.000
92 20 0.000
93 20 0.000
94 20 0.000
95 20 0.000
96 20 0.000
97 20 0.000
98 20 0.000
99 20 0.000
100 20 0.000
101 20 0.000
102 20 0.000
103 20 0.000
104 20 0.000
105 20 0.000
106 20 0.000
107 20 0.000
108 20 0.000
109 20 0.000
110 20 0.000
111 20 0.000
112 20 0.000
113 20 0.000
114 20 0.000
115 20 0.000
116 20 0.000
117 20 0.000
118 20 0.000
119 20 0.000
120 20 0.000
121 20 0.000
122 20 0.000
123 20 0.000
124 20 0.000
125 20 0.000
126 20 0.000
127 20 0.000
128 20 0.000
129 20 0.000
130 20 0.000
131 20 0.000
132 20 0.000
133 20 0.000
134 20 0.000
135 20 0.000
136 20 0.000
137 20 0.000
138 20 0.000
139 20 0.000
140 20 0.000
141 20 0.000
142 20 0.000
143 20 0.000
144 20 0.000
145 20 0.000
146 20 0.000
147 20 0.000
148 20 0.000
149 20 0.000
0 21 0.000
1 21 0.000
2 21 0.000
3 21 0.000
4 21 0.000
5 21 0.000
6 21 0.000
7 21 0.000
8 21 0.000
9 21 0.000
10 21 0.000
11 21 0.000
12 21 0.000
13 21 0.000
14 21 0.000
15 21 0.000
16 21 0.000
17 21 0.000
18 21 0.000
19 21 0.000
20 21 0.000
21 21 0.000
22 21 0.000
23 21 0.000
24 21 0.000
25 21 0.000
26 21 0.000
27 21 0.000
28 21 0.000
29 21 0.000
30 21 0.000
31 21 0.000
32 21 0.000
33 21 0.000
34 21 0.000
35 21 0.000
36 21 0.000
37 21 0.000
38 21 0.000
39 21 0.000
40 21 0.000
41 21 0.000
42 21 0.000
43 21 0.000
44 21 0.000
45 21 0.000
46 21 0.000
47 21 0.000
48 21 0.000
49 21 0.000
50 21 0.000
51 21 0.000
52 21 0.000
53 21 0.000
54 21 0.000
55 21 0.000
56 21 0.000
57 21 0.000
58 21 0.000
59 21 0.000
60 21 0.000
61 21 0.000
62 21 0.000
63 21 0.000
64 21 0.000
65 21 0.000
66 21 0.000
67 21 0.000
68 21 0.000
69 21 0.000
70 21 0.000
71 21 0.000
72 21 0.000
73 21 0.000
74 21 0.000
75 21 0.000
76 21 0.000
77 21 0.000
78 21 0.000
79 21 0.000
80 21 0.000
81 21 0.000
82 21 0.000
83 21 0.000
84 21 0.000
85 21 0.000
86 21 0.000
87 21 0.000
88 21 0.000
89 21 0.000
90 21 0.000
91 21 0.000
92 21 0.000
93 21 0.000
94 21 0.000
95 21 0.000
96 21 0.000
97 21 0.000
98 21 0.000
99 21 0.000
100 21 0.000
101 21 0.000
102 21 0.000
103 21 0.000
104 21 0.000
105 21 0.000
106 21 0.000
107 21 0.000
108 21 0.000
109 21 0.000
110 21 0.000
111 21 0.000
112 21 0.000
113 21 0.000
114 21 0.000
115 21 0.000
116 21 0.000
117 21 0.000
118 21 0.000
119 21 0.000
120 21 0.000
121 21 0.000
122 21 0.000
123 21 0.000
124 21 0.000
125 21 0.000
126 21 0.000
127 21 0.000
128 21 0.000
129 21 0.000
130 21 0.000
131 21 0.000
132 21 0.000
133 21 0.000
134 21 0.000
135 21 0.000
136 21 0.000
137 21 0.000
138 21 0.000
139 21 0.000
140 21 0.000
141 21 0.000
142 21 0.000
143 21 0.000
144 21 0.000
145 21 0.000
146 21 0.000
147 21 0.000
148 21 0.000
149 21 0.000
0 22 0.000
1 22 0.000
2 22 0.000
3 22 0.000
4 22 0.000
5 22 0.000
6 22 0.000
7 22 0.000
8 22 0.000
9 22 0.000
10 22 0.000
11 22 0.000
12 22 0.000
13 22 0.000
14 22 0.000
15 22 0.000
16 22 0.000
17 22 0.000
18 22 0.000
19 22 0.000
20 22 0.000
21 22 0.000
22 22 0.000
23 22 0.000
24 22 0.000
25 22 0.000
26 22 0.000
27 22 0.000
28 22 0.000
29 22 0.000
30 22 0.000
31 22 0.000
32 22 0.000
33 22 0.000
34 22 0.000
35 22 0.000
36 22 0.000
37 22 0.000
38 22 0.000
39 22 0.000
40 22 0.000
41 22 0.000
42 22 0.000
43 22 0.000
44 22 0.000
45 22 0.000
46 22 0.000
47 22 0.000
48 22 0.000
49 22 0.000
50 22 0.000
51 22 0.000
52 22 0.000
53 22 0.000
54 22 0.000
55 22 0.000
56 22 0.000
57 22 0.000
58 22 0.000
59 22 0.000
60 22 0.000
61 22 0.000
62 22 0.000
63 22 0.000
64 22 0.000
65 22 0.000
66 22 0.000
67 22 0.000
68 22 0.000
69 22 0.000
70 22 0.000
71 22 0.000
72 22 0.000
73 22 0.000
74 22 0.000
75 22 0.000
76 22 0.000
77 22 0.000
78 22 0.000
79 22 0.000
80 22 0.000
81 22 0.000
82 22 0.000
83 22 0.000
84 22 0.000
85 22 0.000
86 22 0.000
87 22 0.000
88 22 0.000
89 22 0.000
90 22 0.000
91 22 0.000
92 22 0.000
93 22 0.000
94 22 0.000
95 22 0.000
96 22 0.000
97 22 0.000
98 22 0.000
99 22 0.000
100 22 0.000
101 22 0.000
102 22 0.000
103 22 0.000
104 22 0.000
105 22 0.000
106 22 0.000
107 22 0.000
108 22 0.000
109 22 0.000
110 22 0.000
111 22 0.000
112 22 0.000
113 22 0.000
114 22 0.000
115 22 0.000
116 22 0.000
117 22 0.000
118 22 0.000
119 22 0.000
120 22 0.000
121 22 0.000
122 22 0.000
123 22 0.000
124 22 0.000
125 22 0.000
126 22 0.000
127 22 0.000
128 22 0.000
129 22 0.000
130 22 0.000
131 22 0.000
132 22 0.000
133 22 0.000
134 22 0.000
135 22 0.000
136 22 0.000
137 22 0.000
138 22 0.000
139 22 0.000
140 22 0.000
141 22 0.000
142 22 0.000
143 22 0.000
144 22 0.000
145 22 0.000
146 22 0.000
147 22 0.000
148 22 0.000
149 22 0.000
0 23 0.000
1 23 0.000
2 23 0.000
3 23 0.000
4 23 0.000
5 23 0.000
6 23 0.000
7 23 0.000
8 23 0.000
9 23 0.000
10 23 0.000
11 23 0.000
12 23 0.000
13 23 0.000
14 23 0.000
15 23 0.000
16 23 0.000
17 23 0.000
18 23 0.000
19 23 0.000
20 23 0.000
21 23 0.000
22 23 0.000
23 23 0.000
24 23 0.000
25 23 0.000
26 23 0.000
27 23 0.000
28 23 0.000
29 23 0.000
30 23 0.000
31 23 0.000
32 23 0.000
33 23 0.000
34 23 0.000
35 23 0.000
36 23 0.000
37 23 0.000
38 23 0.000
39 23 0.000
40 23 0.000
41 23 0.000
42 23 0.000
43 23 0.000
44 23 0.000
45 23 0.000
46 23 0.000
47 23 0.000
48 23 0.000
49 23 0.000
50 23 0.000
51 23 0.000
52 23 0.000
53 23 0.000
54 23 0.000
55 23 0.000
56 23 0.000
57 23 0.000
58 23 0.000
59 23 0.000
60 23 0.000
61 23 0.000
62 23 0.000
63 23 0.000
64 23 0.000
65 23 0.000
66 23 0.000
67 23 0.000
68 23 0.000
69 23 0.000
70 23 0.000
71 23 0.000
72 23 0.000
73 23 0.000
74 23 0.000
75 23 0.000
76 23 0.000
77 23 0.000
78 23 0.000
79 23 0.000
80 23 0.000
81 23 0.000
82 23 0.000
83 23 0.000
84 23 0.000
85 23 0.000
86 23 0.000
87 23 0.000
88 23 0.000
89 23 0.000
90 23 0.000
91 23 0.000
92 23 0.000
93 23 0.000
94 23 0.000
95 23 0.000
96 23 0.000
97 23 0.000
98 23 0.000
99 23 0.000
100 23 0.000
101 23 0.000
102 23 0.000
103 23 0.000
104 23 0.000
105 23 0.000
106 23 0.000
107 23 0.000
108 23 0.000
109 23 0.000
110 23 0.000
111 23 0.000
112 23 0.000
113 23 0.000
114 23 0.000
115 23 0.000
116 23 0.000
117 23 0.000
118 23 0.000
119 23 0.000
120 23 0.000
121 23 0.000
122 23 0.000
123 23 0.000
124 23 0.000
125 23 0.000
126 23 0.000
127 23 0.000
128 23 0.000
129 23 0.000
130 23 0.000
131 23 0.000
132 23 0.000
133 23 0.000
134 23 0.000
135 23 0.000
136 23 0.000
137 23 0.000
138 23 0.000
139 23 0.000
140 23 0.000
141 23 0.000
142 23 0.000
143 23 0.000
144 23 0.000
145 23 0.000
146 23 0.000
147 23 0.000
148 23 0.000
149 23 0.000
0 24 0.000
1 24 0.000
2 24 0.000
3 24 0.000
4 24 0.000
5 24 0.000
6 24 0.000
7 24 0.000
8 24 0.000
9 24 0.000
10 24 0.000
11 24 0.000
12 24 0.000
13 24 0.000
14 24 0.000
15 24 0.000
16 24 0.000
17 24 0.000
18 24 0.000
19 24 0.000
20 24 0.000
21 24 0.000
22 24 0.000
23 24 0.000
24 24 0.000
25 24 0.000
26 24 0.000
27 24 0.000
28 24 0.000
29 24 0.000
30 24 0.000
31 24 0.000
32 24 0.000
33 24 0.000
34 24 0.000
35 24 0.000
36 24 0.000
37 24 0.000
38 24 0.000
39 24 0.000
40 24 0.000
41 24 0.000
42 24 0.000
43 24 0.000
44 24 0.000
45 24 0.000
46 24 0.000
47 24 0.000
48 24 0.000
49 24 0.000
50 24 0.000
51 24 0.000
52 24 0.000
53 24 0.000
54 24 0.000
55 24 0.000
56 24 0.000
57 24 0.000
58 24 0.000
59 24 0.000
60 24 0.000
61 24 0.000
62 24 0.000
63 24 0.000
64 24 0.000
65 24 0.000
66 24 0.000
67 24 0.000
68 24 0.000
69 24 0.000
70 24 0.000
71 24 0.000
72 24 0.000
73 24 0.000
74 24 0.000
75 24 0.000
76 24 0.000
77 24 0.000
78 24 0.000
79 24 0.000
80 24 0.000
81 24 0.000
82 24 0.000
83 24 0.000
84 24 0.000
85 24 0.000
86 24 0.000
87 24 0.000
88 24 0.000
89 24 0.000
90 24 0.000
91 24 0.000
92 24 0.000
93 24 0.000
94 24 0.000
95 24 0.000
96 24 0.000
97 24 0.000
98 24 0.000
99 24 0.000
100 24 0.000
101 24 0.000
102 24 0.000
103 24 0.000
104 24 0.000
105 24 0.000
106 24 0.000
107 24 0.000
108 24 0.000
109 24 0.000
110 24 0.000
111 24 0.000
112 24 0.000
113 24 0.000
114 24 0.000
115 24 0.000
116 24 0.000
117 24 0.000
118 24 0.000
119 24 0.000
120 24 0.000
121 24 0.000
122 24 0.000
123 24 0.000
124 24 0.000
125 24 0.000
126 24 0.000
127 24 0.000
128 24 0.000
129 24 0.000
130 24 0.000
131 24 0.000
132 24 0.000
133 24 0.000
134 24 0.000
135 24 0.000
136 24 0.000
137 24 0.000
138 24 0.000
139 24 0.000
140 24 0.000
141 24 0.000
142 24 0.000
143 24 0.000
144 24 0.000
145 24 0.000
146 24 0.000
147 24 0.000
148 24 0.000
149 24 0.000
0 25 0.000
1 25 0.000
2 25 0.000
3 25 0.000
4 25 0.000
5 25 0.000
6 25 0.000
7 25 0.000
8 25 0.000
9 25 0.000
10 25 0.000
11 25 0.000
12 25 0.000
13 25 0.000
14 25 0.000
15 25 0.000
16 25 0.000
17 25 0.000
18 25 0.000
19 25 0.000
20 25 0.000
21 25 0.000
22 25 0.000
23 25 0.000
24 25 0.000
25 25 0.000
26 25 0.000
27 25 0.000
28 25 0.000
29 25 0.000
30 25 0.000
31 25 0.000
32 25 0.000
33 25 0.000
34 25 0.000
35 25 0.000
36 25 0.000
37 25 0.000
38 25 0.000
39 25 0.000
40 25 0.000
41 25 0.000
42 25 0.000
43 25 0.000
44 25 0.000
45 25 0.000
46 25 0.000
47 25 0.000
48 25 0.000
49 25 0.000
50 25 0.000
51 25 0.000
52 25 0.000
53 25 0.000
54 25 0.000
55 25 0.000
56 25 0.000
57 25 0.000
58 25 0.000
59 25 0.000
60 25 0.000
61 25 0.000
62 25 0.000
63 25 0.000
64 25 0.000
65 25 0.000
66 25 0.000
67 25 0.000
68 25 0.000
69 25 0.000
70 25 0.000
71 25 0.000
72 25 0.000
73 25 0.000
74 25 0.000
75 25 0.000
76 25 0.000
77 25 0.000
78 25 0.000
79 25 0.000
80 25 0.000
81 25 0.000
82 25 0.000
83 25 0.000
84 25 0.000
85 25 0.000
86 25 0.000
87 25 0.000
88 25 0.000
89 25 0.000
90 25 0.000
91 25 0.000
92 25 0.000
93 25 0.000
94 25 0.000
95 25 0.000
96 25 0.000
97 25 0.000
98 25 0.000
99 25 0.000
100 25 0.000
101 25 0.000
102 25 0.000
103 25 0.000
104 25 0.000
105 25 0.000
106 25 0.000
107 25 0.000
108 25 0.000
109 25 0.000
110 25 0.000
111 25 0.000
112 25 0.000
113 25 0.000
114 25 0.000
115 25 0.000
116 25 0.000
117 25 0.000
118 25 0.000
119 25 0.000
120 25 0.000
121 25 0.000
122 25 0.000
123 25 0.000
124 25 0.000
125 25 0.000
126 25 0.000
127 25 0.000
128 25 0.000
129 25 0.000
130 25 0.000
131 25 0.000
132 25 0.000
133 25 0.000
134 25 0.000
135 25 0.000
136 25 0.000
137 25 0.000
138 25 0.000
139 25 0.000
140 25 0.000
141 25 0.000
142 25 0.000
143 25 0.000
144 25 0.000
145 25 0.000
146 25 0.000
147 25 0.000
148 25 0.000
149 25 0.000
0 26 0.000
1 26 0.000
2 26 0.000
3 26 0.000
4 26 0.000
5 26 0.000
6 26 0.000
7 26 0.000
8 26 0.000
9 26 0.000
10 26 0.000
11 26 0.000
12 26 0.000
13 26 0.000
14 26 0.000
15 26 0.000
16 26 0.000
17 26 0.000
18 26 0.000
19 26 0.000
20 26 0.000
21 26 0.000
22 26 0.000
23 26 0.000
24 26 0.000
25 26 0.000
26 26 0.000
27 26 0.000
28 26 0.000
29 26 0.000
30 26 0.000
31 26 0.000
32 26 0.000
33 26 0.000
34 26 0.000
35 26 0.000
36 26 0.000
37 26 0.000
38 26 0.000
39 26 0.000
40 26 0.000
41 26 0.000
42 26 0.000
43 26 0.000
44 26 0.000
45 26 0.000
46 26 0.000
47 26 0.000
48 26 0.000
49 26 0.000
50 26 0.000
51 26 0.000
52 26 0.000
53 26 0.000
54 26 0.000
55 26 0.000
56 26 0.000
57 26 0.000
58 26 0.000
59 26 0.000
60 26 0.000
61 26 0.000
62 26 0.000
63 26 0.000
64 26 0.000
65 26 0.000
66 26 0.000
67 26 0.000
68 26 0.000
69 26 0.000
70 26 0.000
71 26 0.000
72 26 0.000
73 26 0.000
74 26 0.000
75 26 0.000
76 26 0.000
77 26 0.000
78 26 0.000
79 26 0.000
80 26 0.000
81 26 0.000
82 26 0.000
83 26 0.000
84 26 0.000
85 26 0.000
86 26 0.000
87 26 0.000
88 26 0.000
89 26 0.000
90 26 0.000
91 26 0.000
92 26 0.000
93 26 0.000
94 26 0.000
95 26 0.000
96 26 0.000
97 26 0.000
98 26 0.000
99 26 0.000
100 26 0.000
101 26 0.000
102 26 0.000
103 26 0.000
104 26 0.000
105 26 0.000
106 26 0.000
107 26 0.000
108 26 0.000
109 26 0.000
110 26 0.000
111 26 0.000
112 26 0.000
113 26 0.000
114 26 0.000
115 26 0.000
116 26 0.000
117 26 0.000
118 26 0.000
119 26 0.000
120 26 0.000
121 26 0.000
122 26 0.000
123 26 0.000
124 26 0.000
125 26 0.000
126 26 0.000
127 26 0.000
128 26 0.000
129 26 0.000
130 26 0.000
131 26 0.000
132 26 0.000
133 26 0.000
134 26 0.000
135 26 0.000
136 26 0.000
137 26 0.000
138 26 0.000
139 26 0.000
140 26 0.000
141 26 0.000
142 26 0.000
143 26 0.000
144 26 0.000
145 26 0.000
146 26 0.000
147 26 0.000
148 26 0.000
149 26 0.000
0 27 0.000
1 27 0.000
2 27 0.000
3 27 0.000
4 27 0.000
5 27 0.000
6 27 0.000
7 27 0.000
8 27 0.000
9 27 0.000
10 27 0.000
11 27 0.000
12 27 0.000
13 27 0.000
14 27 0.000
15 27 0.000
16 27 0.000
17 27 0.000
18 27 0.000
19 27 0.000
20 27 0.000
21 27 0.000
22 27 0.000
23 27 0.000
24 27 0.000
25 27 0.000
26 27 0.000
27 27 0.000
28 27 0.000
29 27 0.000
30 27 0.000
31 27 0.000
32 27 0.000
33 27 0.000
34 27 0.000
35 27 0.000
36 27 0.000
37 27 0.000
38 27 0.000
39 27 0.000
40 27 0.000
41 27 0.000
42 27 0.000
43 27 0.000
44 27 0.000
45 27 0.000
46 27 0.000
47 27 0.000
48 27 0.000
49 27 0.000
50 27 0.000
51 27 0.000
52 27 0.000
53 27 0.000
54 27 0.000
55 27 0.000
56 27 0.000
57 27 0.000
58 27 0.000
59 27 0.000
60 27 0.000
61 27 0.000
62 27 0.000
63 27 0.000
64 27 0.000
65 27 0.000
66 27 0.000
67 27 0.000
68 27 0.000
69 27 0.000
70 27 0.000
71 27 0.000
72 27 0.000
73 27 0.000
74 27 0.000
75 27 0.000
76 27 0.000
77 27 0.000
78 27 0.000
79 27 0.000
80 27 0.000
81 27 0.000
82 27 0.000
83 27 0.000
84 27 0.000
85 27 0.000
86 27 0.000
87 27 0.000
88 27 0.000
89 27 0.000
90 27 0.000
91 27 0.000
92 27 0.000
93 27 0.000
94 27 0.000
95 27 0.000
96 27 0.000
97 27 0.000
98 27 0.000
99 27 0.000
100 27 0.000
101 27 0.000
102 27 0.000
103 27 0.000
104 27 0.000
105 27 0.000
106 27 0.000
107 27 0.000
108 27 0.000
109 27 0.000
110 27 0.000
111 27 0.000
112 27 0.000
113 27 0.000
114 27 0.000
115 27 0.000
116 27 0.000
117 27 0.000
118 27 0.000
119 27 0.000
120 27 0.000
121 27 0.000
122 27 0.000
123 27 0.000
124 27 0.000
125 27 0.000
126 27 0.000
127 27 0.000
128 27 0.000
129 27 0.000
130 27 0.000
131 27 0.000
132 27 0.000
133 27 0.000
134 27 0.000
135 27 0.000
136 27 0.000
137 27 0.000
138 27 0.000
139 27 0.000
140 27 0.000
141 27 0.000
142 27 0.000
143 27 0.000
144 27 0.000
145 27 0.000
146 27 0.000
147 27 0.000
148 27 0.000
149 27 0.000
0 28 0.000
1 28 0.000
2 28 0.000
3 28 0.000
4 28 0.000
5 28 0.000
6 28 0.000
7 28 0.000
8 28 0.000
9 28 0.000
10 28 0.000
11 28 0.000
12 28 0.000
13 28 0.000
14 28 0.000
15 28 0.000
16 28 0.000
17 28 0.000
18 28 0.000
19 28 0.000
20 28 0.000
21 28 0.000
22 28 0.000
23 28 0.000
24 28 0.000
25 28 0.000
26 28 0.000
27 28 0.000
28 28 0.000
29 28 0.000
30 28 0.000
31 28 0.000
32 28 0.000
33 28 0.000
34 28 0.000
35 28 0.000
36 28 0.000
37 28 0.000
38 28 0.000
39 28 0.000
40 28 0.000
41 28 0.000
42 28 0.000
43 28 0.000
44 28 0.000
45 28 0.000
46 28 0.000
47 28 0.000
48 28 0.000
49 28 0.000
50 28 0.000
51 28 0.000
52 28 0.000
53 28 0.000
54 28 0.000
55 28 0.000
56 28 0.000
57 28 0.000
58 28 0.000
59 28 0.000
60 28 0.000
61 28 0.000
62 28 0.000
63 28 0.000
64 28 0.000
65 28 0.000
66 28 0.000
67 28 0.000
68 28 0.000
69 28 0.000
70 28 0.000
71 28 0.000
72 28 0.000
73 28 0.000
74 28 0.000
75 28 0.000
76 28 0.000
77 28 0.000
78 28 0.000
79 28 0.000
80 28 0.000
81 28 0.000
82 28 0.000
83 28 0.000
84 28 0.000
85 28 0.000
86 28 0.000
87 28 0.000
88 28 0.000
89 28 0.000
90 28 0.000
91 28 0.000
92 28 0.000
93 28 0.000
94 28 0.000
95 28 0.000
96 28 0.000
97 28 0.000
98 28 0.000
99 28 0.000
100 28 0.000
101 28 0.000
102 28 0.000
103 28 0.000
104 28 0.000
105 28 0.000
106 28 0.000
107 28 0.000
108 28 0.000
109 28 0.000
110 28 0.000
111 28 0.000
112 28 0.000
113 28 0.000
114 28 0.000
115 28 0.000
116 28 0.000
117 28 0.000
118 28 0.000
119 28 0.000
120 28 0.000
121 28 0.000
122 28 0.000
123 28 0.000
124 28 0.000
125 28 0.000
126 28 0.000
127 28 0.000
128 28 0.000
129 28 0.000
130 28 0.000
131 28 0.000
132 28 0.000
133 28 0.000
134 28 0.000
135 28 0.000
136 28 0.000
137 28 0.000
138 28 0.000
139 28 0.000
140 28 0.000
141 28 0.000
142 28 0.000
143 28 0.000
144 28 0.000
145 28 0.000
146 28 0.000
147 28 0.000
148 28 0.000
149 28 0.000
0 29 0.000
1 29 0.000
2 29 0.000
3 29 0.000
4 29 0.000
5 29 0.000
6 29 0.000
7 29 0.000
8 29 0.000
9 29 0.000
10 29 0.000
11 29 0.000
12 29 0.000
13 29 0.000
14 29 0.000
15 29 0.000
16 29 0.000
17 29 0.000
18 29 0.000
19 29 0.000
20 29 0.000
21 29 0.000
22 29 0.000
23 29 0.000
24 29 0.000
25 29 0.000
26 29 0.000
27 29 0.000
28 29 0.000
29 29 0.000
30 29 0.000
31 29 0.000
32 29 0.000
33 29 0.000
34 29 0.000
35 29 0.000
36 29 0.000
37 29 0.000
38 29 0.000
39 29 0.000
40 29 0.000
41 29 0.000
42 29 0.000
43 29 0.000
44 29 0.000
45 29 0.000
46 29 0.000
47 29 0.000
48 29 0.000
49 29 0.000
50 29 0.000
51 29 0.000
52 29 0.000
53 29 0.000
54 29 0.000
55 29 0.000
56 29 0.000
57 29 0.000
58 29 0.000
59 29 0.000
60 29 0.000
61 29 0.000
62 29 0.000
63 29 0.000
64 29 0.000
65 29 0.000
66 29 0.000
67 29 0.000
68 29 0.000
69 29 0.000
70 29 0.000
71 29 0.000
72 29 0.000
73 29 0.000
74 29 0.000
75 29 0.000
76 29 0.000
77 29 0.000
78 29 0.000
79 29 0.000
80 29 0.000
81 29 0.000
82 29 0.000
83 29 0.000
84 29 0.000
85 29 0.000
86 29 0.000
87 29 0.000
88 29 0.000
89 29 0.000
90 29 0.000
91 29 0.000
92 29 0.000
93 29 0.000
94 29 0.000
95 29 0.000
96 29 0.000
97 29 0.000
98 29 0.000
99 29 0.000
100 29 0.000
101 29 0.000
102 29 0.000
103 29 0.000
104 29 0.000
105 29 0.000
106 29 0.000
107 29 0.000
108 29 0.000
109 29 0.000
110 29 0.000
111 29 0.000
112 29 0.000
113 29 0.000
114 29 0.000
115 29 0.000
116 29 0.000
117 29 0.000
118 29 0.000
119 29 0.000
120 29 0.000
121 29 0.000
122 29 0.000
123 29 0.000
124 29 0.000
125 29 0.000
126 29 0.000
127 29 0.000
128 29 0.000
129 29 0.000
130 29 0.000
131 29 0.000
132 29 0.000
133 29 0.000
134 29 0.000
135 29 0.000
136 29 0.000
137 29 0.000
138 29 0.000
139 29 0.000
140 29 0.000
141 29 0.000
142 29 0.000
143 29 0.000
144 29 0.000
145 29 0.000
146 29 0.000
147 29 0.000
148 29 0.000
149 29 0.000
0 30 0.000
1 30 0.000
2 30 0.000
3 30 0.000
4 30 0.000
5 30 0.000
6 30 0.000
7 30 0.000
8 30 0.000
9 30 0.000
10 30 0.000
11 30 0.000
12 30 0.000
13 30 0.000
14 30 0.000
15 30 0.000
16 30 0.000
17 30 0.000
18 30 0.000
19 30 0.000
20 30 0.000
21 30 0.000
22 30 0.000
23 30 0.000
24 30 0.000
25 30 0.000
26 30 0.000
27 30 0.000
28 30 0.000
29 30 0.000
30 30 0.000
31 30 0.000
32 30 0.000
33 30 0.000
34 30 0.000
35 30 0.000
36 30 0.000
37 30 0.000
38 30 0.000
39 30 0.000
40 30 0.000
41 30 0.000
42 30 0.000
43 30 0.000
44 30 0.000
45 30 0.000
46 30 0.000
47 30 0.000
48 30 0.000
49 30 0.000
50 30 0.000
51 30 0.000
52 30 0.000
53 30 0.000
54 30 0.000
55 30 0.000
56 30 0.000
57 30 0.000
58 30 0.000
59 30 0.000
60 30 0.000
61 30 0.000
62 30 0.000
63 30 0.000
64 30 0.000
65 30 0.000
66 30 0.000
67 30 0.000
68 30 0.000
69 30 0.000
70 30 0.000
71 30 0.000
72 30 0.000
73 30 0.000
74 30 0.000
75 30 0.000
76 30 0.000
77 30 0.000
78 30 0.000
79 30 0.000
80 30 0.000
81 30 0.000
82 30 0.000
83 30 0.000
84 30 0.000
85 30 0.000
86 30 0.000
87 30 0.000
88 30 0.000
89 30 0.000
90 30 0.000
91 30 0.000
92 30 0.000
93 30 0.000
94 30 0.000
95 30 0.000
96 30 0.000
97 30 0.000
98 30 0.000
99 30 0.000
100 30 0.000
101 30 0.000
102 30 0.000
103 30 0.000
104 30 0.000
105 30 0.000
106 30 0.000
107 30 0.000
108 30 0.000
109 30 0.000
110 30 0.000
111 30 0.000
112 30 0.000
113 30 0.000
114 30 0.000
115 30 0.000
116 30 0.000
117 30 0.000
118 30 0.000
119 30 0.000
120 30 0.000
121 30 0.000
122 30 0.000
123 30 0.000
124 30 0.000
125 30 0.000
126 30 0.000
127 30 0.000
128 30 0.000
129 30 0.000
130 30 0.000
131 30 0.000
132 30 0.000
133 30 0.000
134 30 0.000
135 30 0.000
136 30 0.000
137 30 0.000
138 30 0.000
139 30 0.000
140 30 0.000
141 30 0.000
142 30 0.000
143 30 0.000
144 30 0.000
145 30 0.000
146 30 0.000
147 30 0.000
148 30 0.000
149 30 0.000
0 31 0.000
1 31 0.000
2 31 0.000
3 31 0.000
4 31 0.000
5 31 0.000
6 31 0.000
7 31 0.000
8 31 0.000
9 31 0.000
10 31 0.000
11 31 0.000
12 31 0.000
13 31 0.000
14 31 0.000
15 31 0.000
16 31 0.000
17 31 0.000
18 31 0.000
19 31 0.000
20 31 0.000
21 31 0.000
22 31 0.000
23 31 0.000
24 31 0.000
25 31 0.000
26 31 0.000
27 31 0.000
28 31 0.000
29 31 0.000
30 31 0.000
31 31 0.000
32 31 0.000
33 31 0.000
34 31 0.000
35 31 0.000
36 31 0.000
37 31 0.000
38 31 0.000
39 31 0.000
40 31 0.000
41 31 0.000
42 31 0.000
43 31 0.000
44 31 0.000
45 31 0.000
46 31 0.000
47 31 0.000
48 31 0.000
49 31 0.000
50 31 0.000
51 31 0.000
52 31 0.000
53 31 0.000
54 31 0.000
55 31 0.000
56 31 0.000
57 31 0.000
58 31 0.000
59 31 0.000
60 31 0.000
61 31 0.000
62 31 0.000
63 31 0.000
64 31 0.000
65 31 0.000
66 31 0.000
67 31 0.000
68 31 0.000
69 31 0.000
70 31 0.000
71 31 0.000
72 31 0.000
73 31 0.000
74 31 0.000
75 31 0.000
76 31 0.000
77 31 0.000
78 31 0.000
79 31 0.000
80 31 0.000
81 31 0.000
82 31 0.000
83 31 0.000
84 31 0.000
85 31 0.000
86 31 0.000
87 31 0.000
88 31 0.000
89 31 0.000
90 31 0.000
91 31 0.000
92 31 0.000
93 31 0.000
94 31 0.000
95 31 0.000
96 31 0.000
97 31 0.000
98 31 0.000
99 31 0.000
100 31 0.000
101 31 0.000
102 31 0.000
103 31 0.000
104 31 0.000
105 31 0.000
106 31 0.000
107 31 0.000
108 31 0.000
109 31 0.000
110 31 0.000
111 31 0.000
112 31 0.000
113 31 0.000
114 31 0.000
115 31 0.000
116 31 0.000
117 31 0.000
118 31 0.000
119 31 0.000
120 31 0.000
121 31 0.000
122 31 0.000
123 31 0.000
124 31 0.000
125 31 0.000
126 31 0.000
127 31 0.000
128 31 0.000
129 31 0.000
130 31 0.000
131 31 0.000
132 31 0.000
133 31 0.000
134 31 0.000
135 31 0.000
136 31 0.000
137 31 0.000
138 31 0.000
139 31 0.000
140 31 0.000
141 31 0.000
142 31 0.000
143 31 0.000
144 31 0.000
145 31 0.000
146 31 0.000
147 31 0.000
148 31 0.000
149 31 0.000
0 32 0.000
1 32 0.000
2 32 0.000
3 32 0.000
4 32 0.000
5 32 0.000
6 32 0.000
7 32 0.000
8 32 0.000
9 32 0.000
10 32 0.000
11 32 0.000
12 32 0.000
13 32 0.000
14 32 0.000
15 32 0.000
16 32 0.000
17 32 0.000
18 32 0.000
19 32 0.000
20 32 0.000
21 32 0.000
22 32 0.000
23 32 0.000
24 32 0.000
25 32 0.000
26 32 0.000
27 32 0.000
28 32 0.000
29 32 0.000
30 32 0.000
31 32 0.000
32 32 0.000
33 32 0.000
34 32 0.000
35 32 0.000
36 32 0.000
37 32 0.000
38 32 0.000
39 32 0.000
40 32 0.000
41 32 0.000
42 32 0.000
43 32 0.000
44 32 0.000
45 32 0.000
46 32 0.000
47 32 0.000
48 32 0.000
49 32 0.000
50 32 0.000
51 32 0.000
52 32 0.000
53 32 0.000
54 32 0.000
55 32 0.000
56 32 0.000
57 32 0.000
58 32 0.000
59 32 0.000
60 32 0.000
61 32 0.000
62 32 0.000
63 32 0.000
64 32 0.000
65 32 0.000
66 32 0.000
67 32 0.000
68 32 0.000
69 32 0.000
70 32 0.000
71 32 0.000
72 32 0.000
73 32 0.000
74 32 0.000
75 32 0.000
76 32 0.000
77 32 0.000
78 32 0.000
79 32 0.000
80 32 0.000
81 32 0.000
82 32 0.000
83 32 0.000
84 32 0.000
85 32 0.000
86 32 0.000
87 32 0.000
88 32 0.000
89 32 0.000
90 32 0.000
91 32 0.000
92 32 0.000
93 32 0.000
94 32 0.000
95 32 0.000
96 32 0.000
97 32 0.000
98 32 0.000
99 32 0.000
100 32 0.000
101 32 0.000
102 32 0.000
103 32 0.000
104 32 0.000
105 32 0.000
106 32 0.000
107 32 0.000
108 32 0.000
109 32 0.000
110 32 0.000
111 32 0.000
112 32 0.000
113 32 0.000
114 32 0.000
115 32 0.000
116 32 0.000
117 32 0.000
118 32 0.000
119 32 0.000
120 32 0.000
121 32 0.000
122 32 0.000
123 32 0.000
124 32 0.000
125 32 0.000
126 32 0.000
127 32 0.000
128 32 0.000
129 32 0.000
130 32 0.000
131 32 0.000
132 32 0.000
133 32 0.000
134 32 0.000
135 32 0.000
136 32 0.000
137 32 0.000
138 32 0.000
139 32 0.000
140 32 0.000
141 32 0.000
142 32 0.000
143 32 0.000
144 32 0.000
145 32 0.000
146 32 0.000
147 32 0.000
148 32 0.000
149 32 0.000
0 33 0.000
1 33 0.000
2 33 0.000
3 33 0.000
4 33 0.000
5 33 0.000
6 33 0.000
7 33 0.000
8 33 0.000
9 33 0.000
10 33 0.000
11 33 0.000
12 33 0.000
13 33 0.000
14 33 0.000
15 33 0.000
16 33 0.000
17 33 0.000
18 33 0.000
19 33 0.000
20 33 0.000
21 33 0.000
22 33 0.000
23 33 0.000
24 33 0.000
25 33 0.000
26 33 0.000
27 33 0.000
28 33 0.000
29 33 0.000
30 33 0.000
31 33 0.000
32 33 0.000
33 33 0.000
34 33 0.000
35 33 0.000
36 33 0.000
37 33 0.000
38 33 0.000
39 33 0.000
40 33 0.000
41 33 0.000
42 33 0.000
43 33 0.000
44 33 0.000
45 33 0.000
46 33 0.000
47 33 0.000
48 33 0.000
49 33 0.000
50 33 0.000
51 33 0.000
52 33 0.000
53 33 0.000
54 33 0.000
55 33 0.000
56 33 0.000
57 33 0.000
58 33 0.000
59 33 0.000
60 33 0.000
61 33 0.000
62 33 0.000
63 33 0.000
64 33 0.000
65 33 0.000
66 33 0.000
67 33 0.000
68 33 0.000
69 33 0.000
70 33 0.000
71 33 0.000
72 33 0.000
73 33 0.000
74 33 0.000
75 33 0.000
76 33 0.000
77 33 0.000
78 33 0.000
79 33 0.000
80 33 0.000
81 33 0.000
82 33 0.000
83 33 0.000
84 33 0.000
85 33 0.000
86 33 0.000
87 33 0.000
88 33 0.000
89 33 0.000
90 33 0.000
91 33 0.000
92 33 0.000
93 33 0.000
94 33 0.000
95 33 0.000
96 33 0.000
97 33 0.000
98 33 0.000
99 33 0.000
100 33 0.000
101 33 0.000
102 33 0.000
103 33 0.000
104 33 0.000
105 33 0.000
106 33 0.000
107 33 0.000
108 33 0.000
109 33 0.000
110 33 0.000
111 33 0.000
112 33 0.000
113 33 0.000
114 33 0.000
115 33 0.000
116 33 0.000
117 33 0.000
118 33 0.000
119 33 0.000
120 33 0.000
121 33 0.000
122 33 0.000
123 33 0.000
124 33 0.000
125 33 0.000
126 33 0.000
127 33 0.000
128 33 0.000
129 33 0.000
130 33 0.000
131 33 0.000
132 33 0.000
133 33 0.000
134 33 0.000
135 33 0.000
136 33 0.000
137 33 0.000
138 33 0.000
139 33 0.000
140 33 0.000
141 33 0.000
142 33 0.000
143 33 0.000
144 33 0.000
145 33 0.000
146 33 0.000
147 33 0.000
148 33 0.000
149 33 0.000
0 34 0.000
1 34 0.000
2 34 0.000
3 34 0.000
4 34 0.000
5 34 0.000
6 34 0.000
7 34 0.000
8 34 0.000
9 34 0.000
10 34 0.000
11 34 0.000
12 34 0.000
13 34 0.000
14 34 0.000
15 34 0.000
16 34 0.000
17 34 0.000
18 34 0.000
19 34 0.000
20 34 0.000
21 34 0.000
22 34 0.000
23 34 0.000
24 34 0.000
25 34 0.000
26 34 0.000
27 34 0.000
28 34 0.000
29 34 0.000
30 34 0.000
31 34 0.000
32 34 0.000
33 34 0.000
34 34 0.000
35 34 0.000
36 34 0.000
37 34 0.000
38 34 0.000
39 34 0.000
40 34 0.000
41 34 0.000
42 34 0.000
43 34 0.000
44 34 0.000
45 34 0.000
46 34 0.000
47 34 0.000
48 34 0.000
49 34 0.000
50 34 0.000
51 34 0.000
52 34 0.000
53 34 0.000
54 34 0.000
55 34 0.000
56 34 0.000
57 34 0.000
58 34 0.000
59 34 0.000
60 34 0.000
61 34 0.000
62 34 0.000
63 34 0.000
64 34 0.000
65 34 0.000
66 34 0.000
67 34 0.000
68 34 0.000
69 34 0.000
70 34 0.000
71 34 0.000
72 34 0.000
73 34 0.000
74 34 0.000
75 34 0.000
76 34 0.000
77 34 0.000
78 34 0.000
79 34 0.000
80 34 0.000
81 34 0.000
82 34 0.000
83 34 0.000
84 34 0.000
85 34 0.000
86 34 0.000
87 34 0.000
88 34 0.000
89 34 0.000
90 34 0.000
91 34 0.000
92 34 0.000
93 34 0.000
94 34 0.000
95 34 0.000
96 34 0.000
97 34 0.000
98 34 0.000
99 34 0.000
100 34 0.000
101 34 0.000
102 34 0.000
103 34 0.000
104 34 0.000
105 34 0.000
106 34 0.000
107 34 0.000
108 34 0.000
109 34 0.000
110 34 0.000
111 34 0.000
112 34 0.000
113 34 0.000
114 34 0.000
115 34 0.000
116 34 0.000
117 34 0.000
118 34 0.000
119 34 0.000
120 34 0.000
121 34 0.000
122 34 0.000
123 34 0.000
124 34 0.000
125 34 0.000
126 34 0.000
127 34 0.000
128 34 0.000
129 34 0.000
130 34 0.000
131 34 0.000
132 34 0.000
133 34 0.000
134 34 0.000
135 34 0.000
136 34 0.000
137 34 0.000
138 34 0.000
139 34 0.000
140 34 0.000
141 34 0.000
142 34 0.000
143 34 0.000
144 34 0.000
145 34 0.000
146 34 0.000
147 34 0.000
148 34 0.000
149 34 0.000
0 35 0.000
1 35 0.000
2 35 0.000
3 35 0.000
4 35 0.000
5 35 0.000
6 35 0.000
7 35 0.000
8 35 0.000
9 35 0.000
10 35 0.000
11 35 0.000
12 35 0.000
13 35 0.000
14 35 0.000
15 35 0.000
16 35 0.000
17 35 0.000
18 35 0.000
19 35 0.000
20 35 0.000
21 35 0.000
22 35 0.000
23 35 0.000
24 35 0.000
25 35 0.000
26 35 0.000
27 35 0.000
28 35 0.000
29 35 0.000
30 35 0.000
31 35 0.000
32 35 0.000
33 35 0.000
34 35 0.000
35 35 0.000
36 35 0.000
37 35 0.000
38 35 0.000
39 35 0.000
40 35 0.000
41 35 0.000
42 35 0.000
43 35 0.000
44 35 0.000
45 35 0.000
46 35 0.000
47 35 0.000
48 35 0.000
49 35 0.000
50 35 0.000
51 35 0.000
52 35 0.000
53 35 0.000
54 35 0.000
55 35 0.000
56 35 0.000
57 35 0.000
58 35 0.000
59 35 0.000
60 35 0.000
61 35 0.000
62 35 0.000
63 35 0.000
64 35 0.000
65 35 0.000
66 35 0.000
67 35 0.000
68 35 0.000
69 35 0.000
70 35 0.000
71 35 0.000
72 35 0.000
73 35 0.000
74 35 0.000
75 35 0.000
76 35 0.000
77 35 0.000
78 35 0.000
79 35 0.000
80 35 0.000
81 35 0.000
82 35 0.000
83 35 0.000
84 35 0.000
85 35 0.000
86 35 0.000
87 35 0.000
88 35 0.000
89 35 0.000
90 35 0.000
91 35 0.000
92 35 0.000
93 35 0.000
94 35 0.000
95 35 0.000
96 35 0.000
97 35 0.000
98 35 0.000
99 35 0.000
100 35 0.000
101 35 0.000
102 35 0.000
103 35 0.000
104 35 0.000
105 35 0.000
106 35 0.000
107 35 0.000
108 35 0.000
109 35 0.000
110 35 0.000
111 35 0.000
112 35 0.000
113 35 0.000
114 35 0.000
115 35 0.000
116 35 0.000
117 35 0.000
118 35 0.000
119 35 0.000
120 35 0.000
121 35 0.000
122 35 0.000
123 35 0.000
124 35 0.000
125 35 0.000
126 35 0.000
127 35 0.000
128 35 0.000
129 35 0.000
130 35 0.000
131 35 0.000
132 35 0.000
133 35 0.000
134 35 0.000
135 35 0.000
136 35 0.000
137 35 0.000
138 35 0.000
139 35 0.000
140 35 0.000
141 35 0.000
142 35 0.000
143 35 0.000
144 35 0.000
145 35 0.000
146 35 0.000
147 35 0.000
148 35 0.000
149 35 0.000
0 36 0.000
1 36 0.000
2 36 0.000
3 36 0.000
4 36 0.000
5 36 0.000
6 36 0.000
7 36 0.000
8 36 0.000
9 36 0.000
10 36 0.000
11 36 0.000
12 36 0.000
13 36 0.000
14 36 0.000
15 36 0.000
16 36 0.000
17 36 0.000
18 36 0.000
19 36 0.000
20 36 0.000
21 36 0.000
22 36 0.000
23 36 0.000
24 36 0.000
25 36 0.000
26 36 0.000
27 36 0.000
28 36 0.000
29 36 0.000
30 36 0.000
31 36 0.000
32 36 0.000
33 36 0.000
34 36 0.000
35 36 0.000
36 36 0.000
37 36 0.000
38 36 0.000
39 36 0.000
40 36 0.000
41 36 0.000
42 36 0.000
43 36 0.000
44 36 0.000
45 36 0.000
46 36 0.000
47 36 0.000
48 36 0.000
49 36 0.000
50 36 0.000
51 36 0.000
52 36 0.000
53 36 0.000
54 36 0.000
55 36 0.000
56 36 0.000
57 36 0.000
58 36 0.000
59 36 0.000
60 36 0.000
61 36 0.000
62 36 0.000
63 36 0.000
64 36 0.000
65 36 0.000
66 36 0.000
67 36 0.000
68 36 0.000
69 36 0.000
70 36 0.000
71 36 0.000
72 36 0.000
73 36 0.000
74 36 0.000
75 36 0.000
76 36 0.000
77 36 0.000
78 36 0.000
79 36 0.000
80 36 0.000
81 36 0.000
82 36 0.000
83 36 0.000
84 36 0.000
85 36 0.000
86 36 0.000
87 36 0.000
88 36 0.000
89 36 0.000
90 36 0.000
91 36 0.000
92 36 0.000
93 36 0.000
94 36 0.000
95 36 0.000
96 36 0.000
97 36 0.000
98 36 0.000
99 36 0.000
100 36 0.000
101 36 0.000
102 36 0.000
103 36 0.000
104 36 0.000
105 36 0.000
106 36 0.000
107 36 0.000
108 36 0.000
109 36 0.000
110 36 0.000
111 36 0.000
112 36 0.000
113 36 0.000
114 36 0.000
115 36 0.000
116 36 0.000
117 36 0.000
118 36 0.000
119 36 0.000
120 36 0.000
121 36 0.000
122 36 0.000
123 36 0.000
124 36 0.000
125 36 0.000
126 36 0.000
127 36 0.000
128 36 0.000
129 36 0.000
130 36 0.000
131 36 0.000
132 36 0.000
133 36 0.000
134 36 0.000
135 36 0.000
136 36 0.000
137 36 0.000
138 36 0.000
139 36 0.000
140 36 0.000
141 36 0.000
142 36 0.000
143 36 0.000
144 36 0.000
145 36 0.000
146 36 0.000
147 36 0.000
148 36 0.000
149 36 0.000
0 37 0.000
1 37 0.000
2 37 0.000
3 37 0.000
4 37 0.000
5 37 0.000
6 37 0.000
7 37 0.000
8 37 0.000
9 37 0.000
10 37 0.000
11 37 0.000
12 37 0.000
13 37 0.000
14 37 0.000
15 37 0.000
16 37 0.000
17 37 0.000
18 37 0.000
19 37 0.000
20 37 0.000
21 37 0.000
22 37 0.000
23 37 0.000
24 37 0.000
25 37 0.000
26 37 0.000
27 37 0.000
28 37 0.000
29 37 0.000
30 37 0.000
31 37 0.000
32 37 0.000
33 37 0.000
34 37 0.000
35 37 0.000
36 37 0.000
37 37 0.000
38 37 0.000
39 37 0.000
40 37 0.000
41 37 0.000
42 37 0.000
43 37 0.000
44 37 0.000
45 37 0.000
46 37 0.000
47 37 0.000
48 37 0.000
49 37 0.000
50 37 0.000
51 37 0.000
52 37 0.000
53 37 0.000
54 37 0.000
55 37 0.000
56 37 0.000
57 37 0.000
58 37 0.000
59 37 0.000
60 37 0.000
61 37 0.000
62 37 0.000
63 37 0.000
64 37 0.000
65 37 0.000
66 37 0.000
67 37 0.000
68 37 0.000
69 37 0.000
70 37 0.000
71 37 0.000
72 37 0.000
73 37 0.000
74 37 0.000
75 37 0.000
76 37 0.000
77 37 0.000
78 37 0.000
79 37 0.000
80 37 0.000
81 37 0.000
82 37 0.000
83 37 0.000
84 37 0.000
85 37 0.000
86 37 0.000
87 37 0.000
88 37 0.000
89 37 0.000
90 37 0.000
91 37 0.000
92 37 0.000
93 37 0.000
94 37 0.000
95 37 0.000
96 37 0.000
97 37 0.000
98 37 0.000
99 37 0.000
100 37 0.000
101 37 0.000
102 37 0.000
103 37 0.000
104 37 0.000
105 37 0.000
106 37 0.000
107 37 0.000
108 37 0.000
109 37 0.000
110 37 0.000
111 37 0.000
112 37 0.000
113 37 0.000
114 37 0.000
115 37 0.000
116 37 0.000
117 37 0.000
118 37 0.000
119 37 0.000
120 37 0.000
121 37 0.000
122 37 0.000
123 37 0.000
124 37 0.000
125 37 0.000
126 37 0.000
127 37 0.000
128 37 0.000
129 37 0.000
130 37 0.000
131 37 0.000
132 37 0.000
133 37 0.000
134 37 0.000
135 37 0.000
136 37 0.000
137 37 0.000
138 37 0.000
139 37 0.000
140 37 0.000
141 37 0.000
142 37 0.000
143 37 0.000
144 37 0.000
145 37 0.000
146 37 0.000
147 37 0.000
148 37 0.000
149 37 0.000
0 38 0.000
1 38 0.000
2 38 0.000
3 38 0.000
4 38 0.000
5 38 0.000
6 38 0.000
7 38 0.000
8 38 0.000
9 38 0.000
10 38 0.000
11 38 0.000
12 38 0.000
13 38 0.000
14 38 0.000
15 38 0.000
16 38 0.000
17 38 0.000
18 38 0.000
19 38 0.000
20 38 0.000
21 38 0.000
22 38 0.000
23 38 0.000
24 38 0.000
25 38 0.000
26 38 0.000
27 38 0.000
28 38 0.000
29 38 0.000
30 38 0.000
31 38 0.000
32 38 0.000
33 38 0.000
34 38 0.000
35 38 0.000
36 38 0.000
37 38 0.000
38 38 0.000
39 38 0.000
40 38 0.000
41 38 0.000
42 38 0.000
43 38 0.000
44 38 0.000
45 38 0.000
46 38 0.000
47 38 0.000
48 38 0.000
49 38 0.000
50 38 0.000
51 38 0.000
52 38 0.000
53 38 0.000
54 38 0.000
55 38 0.000
56 38 0.000
57 38 0.000
58 38 0.000
59 38 0.000
60 38 0.000
61 38 0.000
62 38 0.000
63 38 0.000
64 38 0.000
65 38 0.000
66 38 0.000
67 38 0.000
68 38 0.000
69 38 0.000
70 38 0.000
71 38 0.000
72 38 0.000
73 38 0.000
74 38 0.000
75 38 0.000
76 38 0.000
77 38 0.000
78 38 0.000
79 38 0.000
80 38 0.000
81 38 0.000
82 38 0.000
83 38 0.000
84 38 0.000
85 38 0.000
86 38 0.000
87 38 0.000
88 38 0.000
89 38 0.000
90 38 0.000
91 38 0.000
92 38 0.000
93 38 0.000
94 38 0.000
95 38 0.000
96 38 0.000
97 38 0.000
98 38 0.000
99 38 0.000
100 38 0.000
101 38 0.000
102 38 0.000
103 38 0.000
104 38 0.000
105 38 0.000
106 38 0.000
107 38 0.000
108 38 0.000
109 38 0.000
110 38 0.000
111 38 0.000
112 38 0.000
113 38 0.000
114 38 0.000
115 38 0.000
116 38 0.000
117 38 0.000
118 38 0.000
119 38 0.000
120 38 0.000
121 38 0.000
122 38 0.000
123 38 0.000
124 38 0.000
125 38 0.000
126 38 0.000
127 38 0.000
128 38 0.000
129 38 0.000
130 38 0.000
131 38 0.000
132 38 0.000
133 38 0.000
134 38 0.000
135 38 0.000
136 38 0.000
137 38 0.000
138 38 0.000
139 38 0.000
140 38 0.000
141 38 0.000
142 38 0.000
143 38 0.000
144 38 0.000
145 38 0.000
146 38 0.000
147 38 0.000
148 38 0.000
149 38 0.000
0 39 0.000
1 39 0.000
2 39 0.000
3 39 0.000
4 39 0.000
5 39 0.000
6 39 0.000
7 39 0.000
8 39 0.000
9 39 0.000
10 39 0.000
11 39 0.000
12 39 0.000
13 39 0.000
14 39 0.000
15 39 0.000
16 39 0.000
17 39 0.000
18 39 0.000
19 39 0.000
20 39 0.000
21 39 0.000
22 39 0.000
23 39 0.000
24 39 0.000
25 39 0.000
26 39 0.000
27 39 0.000
28 39 0.000
29 39 0.000
30 39 0.000
31 39 0.000
32 39 0.000
33 39 0.000
34 39 0.000
35 39 0.000
36 39 0.000
37 39 0.000
38 39 0.000
39 39 0.000
40 39 0.000
41 39 0.000
42 39 0.000
43 39 0.000
44 39 0.000
45 39 0.000
46 39 0.000
47 39 0.000
48 39 0.000
49 39 0.000
50 39 0.000
51 39 0.000
52 39 0.000
53 39 0.000
54 39 0.000
55 39 0.000
56 39 0.000
57 39 0.000
58 39 0.000
59 39 0.000
60 39 0.000
61 39 0.000
62 39 0.000
63 39 0.000
64 39 0.000
65 39 0.000
66 39 0.000
67 39 0.000
68 39 0.000
69 39 0.000
70 39 0.000
71 39 0.000
72 39 0.000
73 39 0.000
74 39 0.000
75 39 0.000
76 39 0.000
77 39 0.000
78 39 0.000
79 39 0.000
80 39 0.000
81 39 0.000
82 39 0.000
83 39 0.000
84 39 0.000
85 39 0.000
86 39 0.000
87 39 0.000
88 39 0.000
89 39 0.000
90 39 0.000
91 39 0.000
92 39 0.000
93 39 0.000
94 39 0.000
95 39 0.000
96 39 0.000
97 39 0.000
98 39 0.000
99 39 0.000
100 39 0.000
101 39 0.000
102 39 0.000
103 39 0.000
104 39 0.000
105 39 0.000
106 39 0.000
107 39 0.000
108 39 0.000
109 39 0.000
110 39 0.000
111 39 0.000
112 39 0.000
113 39 0.000
114 39 0.000
115 39 0.000
116 39 0.000
117 39 0.000
118 39 0.000
119 39 0.000
120 39 0.000
121 39 0.000
122 39 0.000
123 39 0.000
124 39 0.000
125 39 0.000
126 39 0.000
127 39 0.000
128 39 0.000
129 39 0.000
130 39 0.000
131 39 0.000
132 39 0.000
133 39 0.000
134 39 0.000
135 39 0.000
136 39 0.000
137 39 0.000
138 39 0.000
139 39 0.000
140 39 0.000
141 39 0.000
142 39 0.000
143 39 0.000
144 39 0.000
145 39 0.000
146 39 0.000
147 39 0.000
148 39 0.000
149 39 0.000
0 40 0.000
1 40 0.000
2 40 0.000
3 40 0.000
4 40 0.000
5 40 0.000
6 40 0.000
7 40 0.000
8 40 0.000
9 40 0.000
10 40 0.000
11 40 0.000
12 40 0.000
13 40 0.000
14 40 0.000
15 40 0.000
16 40 0.000
17 40 0.000
18 40 0.000
19 40 0.000
20 40 0.000
21 40 0.000
22 40 0.000
23 40 0.000
24 40 0.000
25 40 0.000
26 40 0.000
27 40 0.000
28 40 0.000
29 40 0.000
30 40 0.000
31 40 0.000
32 40 0.000
33 40 0.000
34 40 0.000
35 40 0.000
36 40 0.000
37 40 0.000
38 40 0.000
39 40 0.000
40 40 0.000
41 40 0.000
42 40 0.000
43 40 0.000
44 40 0.000
45 40 0.000
46 40 0.000
47 40 0.000
48 40 0.000
49 40 0.000
50 40 0.000
51 40 0.000
52 40 0.000
53 40 0.000
54 40 0.000
55 40 0.000
56 40 0.000
57 40 0.000
58 40 0.000
59 40 0.000
60 40 0.000
61 40 0.000
62 40 0.000
63 40 0.000
64 40 0.000
65 40 0.000
66 40 0.000
67 40 0.000
68 40 0.000
69 40 0.000
70 40 0.000
71 40 0.000
72 40 0.000
73 40 0.000
74 40 0.000
75 40 0.000
76 40 0.000
77 40 0.000
78 40 0.000
79 40 0.000
80 40 0.000
81 40 0.000
82 40 0.000
83 40 0.000
84 40 0.000
85 40 0.000
86 40 0.000
87 40 0.000
88 40 0.000
89 40 0.000
90 40 0.000
91 40 0.000
92 40 0.000
93 40 0.000
94 40 0.000
95 40 0.000
96 40 0.000
97 40 0.000
98 40 0.000
99 40 0.000
100 40 0.000
101 40 0.000
102 40 0.000
103 40 0.000
104 40 0.000
105 40 0.000
106 40 0.000
107 40 0.000
108 40 0.000
109 40 0.000
110 40 0.000
111 40 0.000
112 40 0.000
113 40 0.000
114 40 0.000
115 40 0.000
116 40 0.000
117 40 0.000
118 40 0.000
119 40 0.000
120 40 0.000
121 40 0.000
122 40 0.000
123 40 0.000
124 40 0.000
125 40 0.000
126 40 0.000
127 40 0.000
128 40 0.000
129 40 0.000
130 40 0.000
131 40 0.000
132 40 0.000
133 40 0.000
134 40 0.000
135 40 0.000
136 40 0.000
137 40 0.000
138 40 0.000
139 40 0.000
140 40 0.000
141 40 0.000
142 40 0.000
143 40 0.000
144 40 0.000
145 40 0.000
146 40 0.000
147 40 0.000
148 40 0.000
149 40 0.000
0 41 0.000
1 41 0.000
2 41 0.000
3 41 0.000
4 41 0.000
5 41 0.000
6 41 0.000
7 41 0.000
8 41 0.000
9 41 0.000
10 41 0.000
11 41 0.000
12 41 0.000
13 41 0.000
14 41 0.000
15 41 0.000
16 41 0.000
17 41 0.000
18 41 0.000
19 41 0.000
20 41 0.000
21 41 0.000
22 41 0.000
23 41 0.000
24 41 0.000
25 41 0.000
26 41 0.000
27 41 0.000
28 41 0.000
29 41 0.000
30 41 0.000
31 41 0.000
32 41 0.000
33 41 0.000
34 41 0.000
35 41 0.000
36 41 0.000
37 41 0.000
38 41 0.000
39 41 0.000
40 41 0.000
41 41 0.000
42 41 0.000
43 41 0.000
44 41 0.000
45 41 0.000
46 41 0.000
47 41 0.000
48 41 0.000
49 41 0.000
50 41 0.000
51 41 0.000
52 41 0.000
53 41 0.000
54 41 0.000
55 41 0.000
56 41 0.000
57 41 0.000
58 41 0.000
59 41 0.000
60 41 0.000
61 41 0.000
62 41 0.000
63 41 0.000
64 41 0.000
65 41 0.000
66 41 0.000
67 41 0.000
68 41 0.000
69 41 0.000
70 41 0.000
71 41 0.000
72 41 0.000
73 41 0.000
74 41 0.000
75 41 0.000
76 41 0.000
77 41 0.000
78 41 0.000
79 41 0.000
80 41 0.000
81 41 0.000
82 41 0.000
83 41 0.000
84 41 0.000
85 41 0.000
86 41 0.000
87 41 0.000
88 41 0.000
89 41 0.000
90 41 0.000
91 41 0.000
92 41 0.000
93 41 0.000
94 41 0.000
95 41 0.000
96 41 0.000
97 41 0.000
98 41 0.000
99 41 0.000
100 41 0.000
101 41 0.000
102 41 0.000
103 41 0.000
104 41 0.000
105 41 0.000
106 41 0.000
107 41 0.000
108 41 0.000
109 41 0.000
110 41 0.000
111 41 0.000
112 41 0.000
113 41 0.000
114 41 0.000
115 41 0.000
116 41 0.000
117 41 0.000
118 41 0.000
119 41 0.000
120 41 0.000
121 41 0.000
122 41 0.000
123 41 0.000
124 41 0.000
125 41 0.000
126 41 0.000
127 41 0.000
128 41 0.000
129 41 0.000
130 41 0.000
131 41 0.000
132 41 0.000
133 41 0.000
134 41 0.000
135 41 0.000
136 41 0.000
137 41 0.000
138 41 0.000
139 41 0.000
140 41 0.000
141 41 0.000
142 41 0.000
143 41 0.000
144 41 0.000
145 41 0.000
146 41 0.000
147 41 0.000
148 41 0.000
149 41 0.000
0 42 0.000
1 42 0.000
2 42 0.000
3 42 0.000
4 42 0.000
5 42 0.000
6 42 0.000
7 42 0.000
8 42 0.000
9 42 0.000
10 42 0.000
11 42 0.000
12 42 0.000
13 42 0.000
14 42 0.000
15 42 0.000
16 42 0.000
17 42 0.000
18 42 0.000
19 42 0.000
20 42 0.000
21 42 0.000
22 42 0.000
23 42 0.000
24 42 0.000
25 42 0.000
26 42 0.000
27 42 0.000
28 42 0.000
29 42 0.000
30 42 0.000
31 42 0.000
32 42 0.000
33 42 0.000
34 42 0.000
35 42 0.000
36 42 0.000
37 42 0.000
38 42 0.000
39 42 0.000
40 42 0.000
41 42 0.000
42 42 0.000
43 42 0.000
44 42 0.000
45 42 0.000
46 42 0.000
47 42 0.000
48 42 0.000
49 42 0.000
50 42 0.000
51 42 0.000
52 42 0.000
53 42 0.000
54 42 0.000
55 42 0.000
56 42 0.000
57 42 0.000
58 42 0.000
59 42 0.000
60 42 0.000
61 42 0.000
62 42 0.000
63 42 0.000
64 42 0.000
65 42 0.000
66 42 0.000
67 42 0.000
68 42 0.000
69 42 0.000
70 42 0.000
71 42 0.000
72 42 0.000
73 42 0.000
74 42 0.000
75 42 0.000
76 42 0.000
77 42 0.000
78 42 0.000
79 42 0.000
80 42 0.000
81 42 0.000
82 42 0.000
83 42 0.000
84 42 0.000
85 42 0.000
86 42 0.000
87 42 0.000
88 42 0.000
89 42 0.000
90 42 0.000
91 42 0.000
92 42 0.000
93 42 0.000
94 42 0.000
95 42 0.000
96 42 0.000
97 42 0.000
98 42 0.000
99 42 0.000
100 42 0.000
101 42 0.000
102 42 0.000
103 42 0.000
104 42 0.000
105 42 0.000
106 42 0.000
107 42 0.000
108 42 0.000
109 42 0.000
110 42 0.000
111 42 0.000
112 42 0.000
113 42 0.000
114 42 0.000
115 42 0.000
116 42 0.000
117 42 0.000
118 42 0.000
119 42 0.000
120 42 0.000
121 42 0.000
122 42 0.000
123 42 0.000
124 42 0.000
125 42 0.000
126 42 0.000
127 42 0.000
128 42 0.000
129 42 0.000
130 42 0.000
131 42 0.000
132 42 0.000
133 42 0.000
134 42 0.000
135 42 0.000
136 42 0.000
137 42 0.000
138 42 0.000
139 42 0.000
140 42 0.000
141 42 0.000
142 42 0.000
143 42 0.000
144 42 0.000
145 42 0.000
146 42 0.000
147 42 0.000
148 42 0.000
149 42 0.000
0 43 0.000
1 43 0.000
2 43 0.000
3 43 0.000
4 43 0.000
5 43 0.000
6 43 0.000
7 43 0.000
8 43 0.000
9 43 0.000
10 43 0.000
11 43 0.000
12 43 0.000
13 43 0.000
14 43 0.000
15 43 0.000
16 43 0.000
17 43 0.000
18 43 0.000
19 43 0.000
20 43 0.000
21 43 0.000
22 43 0.000
23 43 0.000
24 43 0.000
25 43 0.000
26 43 0.000
27 43 0.000
28 43 0.000
29 43 0.000
30 43 0.000
31 43 0.000
32 43 0.000
33 43 0.000
34 43 0.000
35 43 0.000
36 43 0.000
37 43 0.000
38 43 0.000
39 43 0.000
40 43 0.000
41 43 0.000
42 43 0.000
43 43 0.000
44 43 0.000
45 43 0.000
46 43 0.000
47 43 0.000
48 43 0.000
49 43 0.000
50 43 0.000
51 43 0.000
52 43 0.000
53 43 0.000
54 43 0.000
55 43 0.000
56 43 0.000
57 43 0.000
58 43 0.000
59 43 0.000
60 43 0.000
61 43 0.000
62 43 0.000
63 43 0.000
64 43 0.000
65 43 0.000
66 43 0.000
67 43 0.000
68 43 0.000
69 43 0.000
70 43 0.000
71 43 0.000
72 43 0.000
73 43 0.000
74 43 0.000
75 43 0.000
76 43 0.000
77 43 0.000
78 43 0.000
79 43 0.000
80 43 0.000
81 43 0.000
82 43 0.000
83 43 0.000
84 43 0.000
85 43 0.000
86 43 0.000
87 43 0.000
88 43 0.000
89 43 0.000
90 43 0.000
91 43 0.000
92 43 0.000
93 43 0.000
94 43 0.000
95 43 0.000
96 43 0.000
97 43 0.000
98 43 0.000
99 43 0.000
100 43 0.000
101 43 0.000
102 43 0.000
103 43 0.000
104 43 0.000
105 43 0.000
106 43 0.000
107 43 0.000
108 43 0.000
109 43 0.000
110 43 0.000
111 43 0.000
112 43 0.000
113 43 0.000
114 43 0.000
115 43 0.000
116 43 0.000
117 43 0.000
118 43 0.000
119 43 0.000
120 43 0.000
121 43 0.000
122 43 0.000
123 43 0.000
124 43 0.000
125 43 0.000
126 43 0.000
127 43 0.000
128 43 0.000
129 43 0.000
130 43 0.000
131 43 0.000
132 43 0.000
133 43 0.000
134 43 0.000
135 43 0.000
136 43 0.000
137 43 0.000
138 43 0.000
139 43 0.000
140 43 0.000
141 43 0.000
142 43 0.000
143 43 0.000
144 43 0.000
145 43 0.000
146 43 0.000
147 43 0.000
148 43 0.000
149 43 0.000
0 44 0.000
1 44 0.000
2 44 0.000
3 44 0.000
4 44 0.000
5 44 0.000
6 44 0.000
7 44 0.000
8 44 0.000
9 44 0.000
10 44 0.000
11 44 0.000
12 44 0.000
13 44 0.000
14 44 0.000
15 44 0.000
16 44 0.000
17 44 0.000
18 44 0.000
19 44 0.000
20 44 0.000
21 44 0.000
22 44 0.000
23 44 0.000
24 44 0.000
25 44 0.000
26 44 0.000
27 44 0.000
28 44 0.000
29 44 0.000
30 44 0.000
31 44 0.000
32 44 0.000
33 44 0.000
34 44 0.000
35 44 0.000
36 44 0.000
37 44 0.000
38 44 0.000
39 44 0.000
40 44 0.000
41 44 0.000
42 44 0.000
43 44 0.000
44 44 0.000
45 44 0.000
46 44 0.000
47 44 0.000
48 44 0.000
49 44 0.000
50 44 0.000
51 44 0.000
52 44 0.000
53 44 0.000
54 44 0.000
55 44 0.000
56 44 0.000
57 44 0.000
58 44 0.000
59 44 0.000
60 44 0.000
61 44 0.000
62 44 0.000
63 44 0.000
64 44 0.000
65 44 0.000
66 44 0.000
67 44 0.000
68 44 0.000
69 44 0.000
70 44 0.000
71 44 0.000
72 44 0.000
73 44 0.000
74 44 0.000
75 44 0.000
76 44 0.000
77 44 0.000
78 44 0.000
79 44 0.000
80 44 0.000
81 44 0.000
82 44 0.000
83 44 0.000
84 44 0.000
85 44 0.000
86 44 0.000
87 44 0.000
88 44 0.000
89 44 0.000
90 44 0.000
91 44 0.000
92 44 0.000
93 44 0.000
94 44 0.000
95 44 0.000
96 44 0.000
97 44 0.000
98 44 0.000
99 44 0.000
100 44 0.000
101 44 0.000
102 44 0.000
103 44 0.000
104 44 0.000
105 44 0.000
106 44 0.000
107 44 0.000
108 44 0.000
109 44 0.000
110 44 0.000
111 44 0.000
112 44 0.000
113 44 0.000
114 44 0.000
115 44 0.000
116 44 0.000
117 44 0.000
118 44 0.000
119 44 0.000
120 44 0.000
121 44 0.000
122 44 0.000
123 44 0.000
124 44 0.000
125 44 0.000
126 44 0.000
127 44 0.000
128 44 0.000
129 44 0.000
130 44 0.000
131 44 0.000
132 44 0.000
133 44 0.000
134 44 0.000
135 44 0.000
136 44 0.000
137 44 0.000
138 44 0.000
139 44 0.000
140 44 0.000
141 44 0.000
142 44 0.000
143 44 0.000
144 44 0.000
145 44 0.000
146 44 0.000
147 44 0.000
148 44 0.000
149 44 0.000
0 45 0.000
1 45 0.000
2 45 0.000
3 45 0.000
4 45 0.000
5 45 0.000
6 45 0.000
7 45 0.000
8 45 0.000
9 45 0.000
10 45 0.000
11 45 0.000
12 45 0.000
13 45 0.000
14 45 0.000
15 45 0.000
16 45 0.000
17 45 0.000
18 45 0.000
19 45 0.000
20 45 0.000
21 45 0.000
22 45 0.000
23 45 0.000
24 45 0.000
25 45 0.000
26 45 0.000
27 45 0.000
28 45 0.000
29 45 0.000
30 45 0.000
31 45 0.000
32 45 0.000
33 45 0.000
34 45 0.000
35 45 0.000
36 45 0.000
37 45 0.000
38 45 0.000
39 45 0.000
40 45 0.000
41 45 0.000
42 45 0.000
43 45 0.000
44 45 0.000
45 45 0.000
46 45 0.000
47 45 0.000
48 45 0.000
49 45 0.000
50 45 0.000
51 45 0.000
52 45 0.000
53 45 0.000
54 45 0.000
55 45 0.000
56 45 0.000
57 45 0.000
58 45 0.000
59 45 0.000
60 45 0.000
61 45 0.000
62 45 0.000
63 45 0.000
64 45 0.000
65 45 0.000
66 45 0.000
67 45 0.000
68 45 0.000
69 45 0.000
70 45 0.000
71 45 0.000
72 45 0.000
73 45 0.000
74 45 0.000
75 45 0.000
76 45 0.000
77 45 0.000
78 45 0.000
79 45 0.000
80 45 0.000
81 45 0.000
82 45 0.000
83 45 0.000
84 45 0.000
85 45 0.000
86 45 0.000
87 45 0.000
88 45 0.000
89 45 0.000
90 45 0.000
91 45 0.000
92 45 0.000
93 45 0.000
94 45 0.000
95 45 0.000
96 45 0.000
97 45 0.000
98 45 0.000
99 45 0.000
100 45 0.000
101 45 0.000
102 45 0.000
103 45 0.000
104 45 0.000
105 45 0.000
106 45 0.000
107 45 0.000
108 45 0.000
109 45 0.000
110 45 0.000
111 45 0.000
112 45 0.000
113 45 0.000
114 45 0.000
115 45 0.000
116 45 0.000
117 45 0.000
118 45 0.000
119 45 0.000
120 45 0.000
121 45 0.000
122 45 0.000
123 45 0.000
124 45 0.000
125 45 0.000
126 45 0.000
127 45 0.000
128 45 0.000
129 45 0.000
130 45 0.000
131 45 0.000
132 45 0.000
133 45 0.000
134 45 0.000
135 45 0.000
136 45 0.000
137 45 0.000
138 45 0.000
139 45 0.000
140 45 0.000
141 45 0.000
142 45 0.000
143 45 0.000
144 45 0.000
145 45 0.000
146 45 0.000
147 45 0.000
148 45 0.000
149 45 0.000
0 46 0.000
1 46 0.000
2 46 0.000
3 46 0.000
4 46 0.000
5 46 0.000
6 46 0.000
7 46 0.000
8 46 0.000
9 46 0.000
10 46 0.000
11 46 0.000
12 46 0.000
13 46 0.000
14 46 0.000
15 46 0.000
16 46 0.000
17 46 0.000
18 46 0.000
19 46 0.000
20 46 0.000
21 46 0.000
22 46 0.000
23 46 0.000
24 46 0.000
25 46 0.000
26 46 0.000
27 46 0.000
28 46 0.000
29 46 0.000
30 46 0.000
31 46 0.000
32 46 0.000
33 46 0.000
34 46 0.000
35 46 0.000
36 46 0.000
37 46 0.000
38 46 0.000
39 46 0.000
40 46 0.000
41 46 0.000
42 46 0.000
43 46 0.000
44 46 0.000
45 46 0.000
46 46 0.000
47 46 0.000
48 46 0.000
49 46 0.000
50 46 0.000
51 46 0.000
52 46 0.000
53 46 0.000
54 46 0.000
55 46 0.000
56 46 0.000
57 46 0.000
58 46 0.000
59 46 0.000
60 46 0.000
61 46 0.000
62 46 0.000
63 46 0.000
64 46 0.000
65 46 0.000
66 46 0.000
67 46 0.000
68 46 0.000
69 46 0.000
70 46 0.000
71 46 0.000
72 46 0.000
73 46 0.000
74 46 0.000
75 46 0.000
76 46 0.000
77 46 0.000
78 46 0.000
79 46 0.000
80 46 0.000
81 46 0.000
82 46 0.000
83 46 0.000
84 46 0.000
85 46 0.000
86 46 0.000
87 46 0.000
88 46 0.000
89 46 0.000
90 46 0.000
91 46 0.000
92 46 0.000
93 46 0.000
94 46 0.000
95 46 0.000
96 46 0.000
97 46 0.000
98 46 0.000
99 46 0.000
100 46 0.000
101 46 0.000
102 46 0.000
103 46 0.000
104 46 0.000
105 46 0.000
106 46 0.000
107 46 0.000
108 46 0.000
109 46 0.000
110 46 0.000
111 46 0.000
112 46 0.000
113 46 0.000
114 46 0.000
115 46 0.000
116 46 0.000
117 46 0.000
118 46 0.000
119 46 0.000
120 46 0.000
121 46 0.000
122 46 0.000
123 46 0.000
124 46 0.000
125 46 0.000
126 46 0.000
127 46 0.000
128 46 0.000
129 46 0.000
130 46 0.000
131 46 0.000
132 46 0.000
133 46 0.000
134 46 0.000
135 46 0.000
136 46 0.000
137 46 0.000
138 46 0.000
139 46 0.000
140 46 0.000
141 46 0.000
142 46 0.000
143 46 0.000
144 46 0.000
145 46 0.000
146 46 0.000
147 46 0.000
148 46 0.000
149 46 0.000
0 47 0.000
1 47 0.000
2 47 0.000
3 47 0.000
4 47 0.000
5 47 0.000
6 47 0.000
7 47 0.000
8 47 0.000
9 47 0.000
10 47 0.000
11 47 0.000
12 47 0.000
13 47 0.000
14 47 0.000
15 47 0.000
16 47 0.000
17 47 0.000
18 47 0.000
19 47 0.000
20 47 0.000
21 47 0.000
22 47 0.000
23 47 0.000
24 47 0.000
25 47 0.000
26 47 0.000
27 47 0.000
28 47 0.000
29 47 0.000
30 47 0.000
31 47 0.000
32 47 0.000
33 47 0.000
34 47 0.000
35 47 0.000
36 47 0.000
37 47 0.000
38 47 0.000
39 47 0.000
40 47 0.000
41 47 0.000
42 47 0.000
43 47 0.000
44 47 0.000
45 47 0.000
46 47 0.000
47 47 0.000
48 47 0.000
49 47 0.000
50 47 0.000
51 47 0.000
52 47 0.000
53 47 0.000
54 47 0.000
55 47 0.000
56 47 0.000
57 47 0.000
58 47 0.000
59 47 0.000
60 47 0.000
61 47 0.000
62 47 0.000
63 47 0.000
64 47 0.000
65 47 0.000
66 47 0.000
67 47 0.000
68 47 0.000
69 47 0.000
70 47 0.000
71 47 0.000
72 47 0.000
73 47 0.000
74 47 0.000
75 47 0.000
76 47 0.000
77 47 0.000
78 47 0.000
79 47 0.000
80 47 0.000
81 47 0.000
82 47 0.000
83 47 0.000
84 47 0.000
85 47 0.000
86 47 0.000
87 47 0.000
88 47 0.000
89 47 0.000
90 47 0.000
91 47 0.000
92 47 0.000
93 47 0.000
94 47 0.000
95 47 0.000
96 47 0.000
97 47 0.000
98 47 0.000
99 47 0.000
100 47 0.000
101 47 0.000
102 47 0.000
103 47 0.000
104 47 0.000
105 47 0.000
106 47 0.000
107 47 0.000
108 47 0.000
109 47 0.000
110 47 0.000
111 47 0.000
112 47 0.000
113 47 0.000
114 47 0.000
115 47 0.000
116 47 0.000
117 47 0.000
118 47 0.000
119 47 0.000
120 47 0.000
121 47 0.000
122 47 0.000
123 47 0.000
124 47 0.000
125 47 0.000
126 47 0.000
127 47 0.000
128 47 0.000
129 47 0.000
130 47 0.000
131 47 0.000
132 47 0.000
133 47 0.000
134 47 0.000
135 47 0.000
136 47 0.000
137 47 0.000
138 47 0.000
139 47 0.000
140 47 0.000
141 47 0.000
142 47 0.000
143 47 0.000
144 47 0.000
145 47 0.000
146 47 0.000
147 47 0.000
148 47 0.000
149 47 0.000
0 48 0.000
1 48 0.000
2 48 0.000
3 48 0.000
4 48 0.000
5 48 0.000
6 48 0.000
7 48 0.000
8 48 0.000
9 48 0.000
10 48 0.000
11 48 0.000
12 48 0.000
13 48 0.000
14 48 0.000
15 48 0.000
16 48 0.000
17 48 0.000
18 48 0.000
19 48 0.000
20 48 0.000
21 48 0.000
22 48 0.000
23 48 0.000
24 48 0.000
25 48 0.000
26 48 0.000
27 48 0.000
28 48 0.000
29 48 0.000
30 48 0.000
31 48 0.000
32 48 0.000
33 48 0.000
34 48 0.000
35 48 0.000
36 48 0.000
37 48 0.000
38 48 0.000
39 48 0.000
40 48 0.000
41 48 0.000
42 48 0.000
43 48 0.000
44 48 0.000
45 48 0.000
46 48 0.000
47 48 0.000
48 48 0.000
49 48 0.000
50 48 0.000
51 48 0.000
52 48 0.000
53 48 0.000
54 48 0.000
55 48 0.000
56 48 0.000
57 48 0.000
58 48 0.000
59 48 0.000
60 48 0.000
61 48 0.000
62 48 0.000
63 48 0.000
64 48 0.000
65 48 0.000
66 48 0.000
67 48 0.000
68 48 0.000
69 48 0.000
70 48 0.000
71 48 0.000
72 48 0.000
73 48 0.000
74 48 0.000
75 48 0.000
76 48 0.000
77 48 0.000
78 48 0.000
79 48 0.000
80 48 0.000
81 48 0.000
82 48 0.000
83 48 0.000
84 48 0.000
85 48 0.000
86 48 0.000
87 48 0.000
88 48 0.000
89 48 0.000
90 48 0.000
91 48 0.000
92 48 0.000
93 48 0.000
94 48 0.000
95 48 0.000
96 48 0.000
97 48 0.000
98 48 0.000
99 48 0.000
100 48 0.000
101 48 0.000
102 48 0.000
103 48 0.000
104 48 0.000
105 48 0.000
106 48 0.000
107 48 0.000
108 48 0.000
109 48 0.000
110 48 0.000
111 48 0.000
112 48 0.000
113 48 0.000
114 48 0.000
115 48 0.000
116 48 0.000
117 48 0.000
118 48 0.000
119 48 0.000
120 48 0.000
121 48 0.000
122 48 0.000
123 48 0.000
124 48 0.000
125 48 0.000
126 48 0.000
127 48 0.000
128 48 0.000
129 48 0.000
130 48 0.000
131 48 0.000
132 48 0.000
133 48 0.000
134 48 0.000
135 48 0.000
136 48 0.000
137 48 0.000
138 48 0.000
139 48 0.000
140 48 0.000
141 48 0.000
142 48 0.000
143 48 0.000
144 48 0.000
145 48 0.000
146 48 0.000
147 48 0.000
148 48 0.000
149 48 0.000
0 49 0.000
1 49 0.000
2 49 0.000
3 49 0.000
4 49 0.000
5 49 0.000
6 49 0.000
7 49 0.000
8 49 0.000
9 49 0.000
10 49 0.000
11 49 0.000
12 49 0.000
13 49 0.000
14 49 0.000
15 49 0.000
16 49 0.000
17 49 0.000
18 49 0.000
19 49 0.000
20 49 0.000
21 49 0.000
22 49 0.000
23 49 0.000
24 49 0.000
25 49 0.000
26 49 0.000
27 49 0.000
28 49 0.000
29 49 0.000
30 49 0.000
31 49 0.000
32 49 0.000
33 49 0.000
34 49 0.000
35 49 0.000
36 49 0.000
37 49 0.000
38 49 0.000
39 49 0.000
40 49 0.000
41 49 0.000
42 49 0.000
43 49 0.000
44 49 0.000
45 49 0.000
46 49 0.000
47 49 0.000
48 49 0.000
49 49 0.000
50 49 0.000
51 49 0.000
52 49 0.000
53 49 0.000
54 49 0.000
55 49 0.000
56 49 0.000
57 49 0.000
58 49 0.000
59 49 0.000
60 49 0.000
61 49 0.000
62 49 0.000
63 49 0.000
64 49 0.000
65 49 0.000
66 49 0.000
67 49 0.000
68 49 0.000
69 49 0.000
70 49 0.000
71 49 0.000
72 49 0.000
73 49 0.000
74 49 0.000
75 49 0.000
76 49 0.000
77 49 0.000
78 49 0.000
79 49 0.000
80 49 0.000
81 49 0.000
82 49 0.000
83 49 0.000
84 49 0.000
85 49 0.000
86 49 0.000
87 49 0.000
88 49 0.000
89 49 0.000
90 49 0.000
91 49 0.000
92 49 0.000
93 49 0.000
94 49 0.000
95 49 0.000
96 49 0.000
97 49 0.000
98 49 0.000
99 49 0.000
100 49 0.000
101 49 0.000
102 49 0.000
103 49 0.000
104 49 0.000
105 49 0.000
106 49 0.000
107 49 0.000
108 49 0.000
109 49 0.000
110 49 0.000
111 49 0.000
112 49 0.000
113 49 0.000
114 49 0.000
115 49 0.000
116 49 0.000
117 49 0.000
118 49 0.000
119 49 0.000
120 49 0.000
121 49 0.000
122 49 0.000
123 49 0.000
124 49 0.000
125 49 0.000
126 49 0.000
127 49 0.000
128 49 0.000
129 49 0.000
130 49 0.000
131 49 0.000
132 49 0.000
133 49 0.000
134 49 0.000
135 49 0.000
136 49 0.000
137 49 0.000
138 49 0.000
139 49 0.000
140 49 0.000
141 49 0.000
142 49 0.000
143 49 0.000
144 49 0.000
145 49 0.000
146 49 0.000
147 49 0.000
148 49 0.000
149 49 0.000
0 50 0.000
1 50 0.000
2 50 0.000
3 50 0.000
4 50 0.000
5 50 0.000
6 50 0.000
7 50 0.000
8 50 0.000
9 50 0.000
10 50 0.000
11 50 0.000
12 50 0.000
13 50 0.000
14 50 0.000
15 50 0.000
16 50 0.000
17 50 0.000
18 50 0.000
19 50 0.000
20 50 0.000
21 50 0.000
22 50 0.000
23 50 0.000
24 50 0.000
25 50 0.000
26 50 0.000
27 50 0.000
28 50 0.000
29 50 0.000
30 50 0.000
31 50 0.000
32 50 0.000
33 50 0.000
34 50 0.000
35 50 0.000
36 50 0.000
37 50 0.000
38 50 0.000
39 50 0.000
40 50 0.000
41 50 0.000
42 50 0.000
43 50 0.000
44 50 0.000
45 50 0.000
46 50 0.000
47 50 0.000
48 50 0.000
49 50 0.000
50 50 0.000
51 50 0.000
52 50 0.000
53 50 0.000
54 50 0.000
55 50 0.000
56 50 0.000
57 50 0.000
58 50 0.000
59 50 0.000
60 50 0.000
61 50 0.000
62 50 0.000
63 50 0.000
64 50 0.000
65 50 0.000
66 50 0.000
67 50 0.000
68 50 0.000
69 50 0.000
70 50 0.000
71 50 0.000
72 50 0.000
73 50 0.000
74 50 0.000
75 50 0.000
76 50 0.000
77 50 0.000
78 50 0.000
79 50 0.000
80 50 0.000
81 50 0.000
82 50 0.000
83 50 0.000
84 50 0.000
85 50 0.000
86 50 0.000
87 50 0.000
88 50 0.000
89 50 0.000
90 50 0.000
91 50 0.000
92 50 0.000
93 50 0.000
94 50 0.000
95 50 0.000
96 50 0.000
97 50 0.000
98 50 0.000
99 50 0.000
100 50 0.000
101 50 0.000
102 50 0.000
103 50 0.000
104 50 0.000
105 50 0.000
106 50 0.000
107 50 0.000
108 50 0.000
109 50 0.000
110 50 0.000
111 50 0.000
112 50 0.000
113 50 0.000
114 50 0.000
115 50 0.000
116 50 0.000
117 50 0.000
118 50 0.000
119 50 0.000
120 50 0.000
121 50 0.000
122 50 0.000
123 50 0.000
124 50 0.000
125 50 0.000
126 50 0.000
127 50 0.000
128 50 0.000
129 50 0.000
130 50 0.000
131 50 0.000
132 50 0.000
133 50 0.000
134 50 0.000
135 50 0.000
136 50 0.000
137 50 0.000
138 50 0.000
139 50 0.000
140 50 0.000
141 50 0.000
142 50 0.000
143 50 0.000
144 50 0.000
145 50 0.000
146 50 0.000
147 50 0.000
148 50 0.000
149 50 0.000
0 51 0.000
1 51 0.000
2 51 0.000
3 51 0.000
4 51 0.000
5 51 0.000
6 51 0.000
7 51 0.000
8 51 0.000
9 51 0.000
10 51 0.000
11 51 0.000
12 51 0.000
13 51 0.000
14 51 0.000
15 51 0.000
16 51 0.000
17 51 0.000
18 51 0.000
19 51 0.000
20 51 0.000
21 51 0.000
22 51 0.000
23 51 0.000
24 51 0.000
25 51 0.000
26 51 0.000
27 51 0.000
28 51 0.000
29 51 0.000
30 51 0.000
31 51 0.000
32 51 0.000
33 51 0.000
34 51 0.000
35 51 0.000
36 51 0.000
37 51 0.000
38 51 0.000
39 51 0.000
40 51 0.000
41 51 0.000
42 51 0.000
43 51 0.000
44 51 0.000
45 51 0.000
46 51 0.000
47 51 0.000
48 51 0.000
49 51 0.000
50 51 0.000
51 51 0.000
52 51 0.000
53 51 0.000
54 51 0.000
55 51 0.000
56 51 0.000
57 51 0.000
58 51 0.000
59 51 0.000
60 51 0.000
61 51 0.000
62 51 0.000
63 51 0.000
64 51 0.000
65 51 0.000
66 51 0.000
67 51 0.000
68 51 0.000
69 51 0.000
70 51 0.000
71 51 0.000
72 51 0.000
73 51 0.000
74 51 0.000
75 51 0.000
76 51 0.000
77 51 0.000
78 51 0.000
79 51 0.000
80 51 0.000
81 51 0.000
82 51 0.000
83 51 0.000
84 51 0.000
85 51 0.000
86 51 0.000
87 51 0.000
88 51 0.000
89 51 0.000
90 51 0.000
91 51 0.000
92 51 0.000
93 51 0.000
94 51 0.000
95 51 0.000
96 51 0.000
97 51 0.000
98 51 0.000
99 51 0.000
100 51 0.000
101 51 0.000
102 51 0.000
103 51 0.000
104 51 0.000
105 51 0.000
106 51 0.000
107 51 0.000
108 51 0.000
109 51 0.000
110 51 0.000
111 51 0.000
112 51 0.000
113 51 0.000
114 51 0.000
115 51 0.000
116 51 0.000
117 51 0.000
118 51 0.000
119 51 0.000
120 51 0.000
121 51 0.000
122 51 0.000
123 51 0.000
124 51 0.000
125 51 0.000
126 51 0.000
127 51 0.000
128 51 0.000
129 51 0.000
130 51 0.000
131 51 0.000
132 51 0.000
133 51 0.000
134 51 0.000
135 51 0.000
136 51 0.000
137 51 0.000
138 51 0.000
139 51 0.000
140 51 0.000
141 51 0.000
142 51 0.000
143 51 0.000
144 51 0.000
145 51 0.000
146 51 0.000
147 51 0.000
148 51 0.000
149 51 0.000
0 52 0.000
1 52 0.000
2 52 0.000
3 52 0.000
4 52 0.000
5 52 0.000
6 52 0.000
7 52 0.000
8 52 0.000
9 52 0.000
10 52 0.000
11 52 0.000
12 52 0.000
13 52 0.000
14 52 0.000
15 52 0.000
16 52 0.000
17 52 0.000
18 52 0.000
19 52 0.000
20 52 0.000
21 52 0.000
22 52 0.000
23 52 0.000
24 52 0.000
25 52 0.000
26 52 0.000
27 52 0.000
28 52 0.000
29 52 0.000
30 52 0.000
31 52 0.000
32 52 0.000
33 52 0.000
34 52 0.000
35 52 0.000
36 52 0.000
37 52 0.000
38 52 0.000
39 52 0.000
40 52 0.000
41 52 0.000
42 52 0.000
43 52 0.000
44 52 0.000
45 52 0.000
46 52 0.000
47 52 0.000
48 52 0.000
49 52 0.000
50 52 0.000
51 52 0.000
52 52 0.000
53 52 0.000
54 52 0.000
55 52 0.000
56 52 0.000
57 52 0.000
58 52 0.000
59 52 0.000
60 52 0.000
61 52 0.000
62 52 0.000
63 52 0.000
64 52 0.000
65 52 0.000
66 52 0.000
67 52 0.000
68 52 0.000
69 52 0.000
70 52 0.000
71 52 0.000
72 52 0.000
73 52 0.000
74 52 0.000
75 52 0.000
76 52 0.000
77 52 0.000
78 52 0.000
79 52 0.000
80 52 0.000
81 52 0.000
82 52 0.000
83 52 0.000
84 52 0.000
85 52 0.000
86 52 0.000
87 52 0.000
88 52 0.000
89 52 0.000
90 52 0.000
91 52 0.000
92 52 0.000
93 52 0.000
94 52 0.000
95 52 0.000
96 52 0.000
97 52 0.000
98 52 0.000
99 52 0.000
100 52 0.000
101 52 0.000
102 52 0.000
103 52 0.000
104 52 0.000
105 52 0.000
106 52 0.000
107 52 0.000
108 52 0.000
109 52 0.000
110 52 0.000
111 52 0.000
112 52 0.000
113 52 0.000
114 52 0.000
115 52 0.000
116 52 0.000
117 52 0.000
118 52 0.000
119 52 0.000
120 52 0.000
121 52 0.000
122 52 0.000
123 52 0.000
124 52 0.000
125 52 0.000
126 52 0.000
127 52 0.000
128 52 0.000
129 52 0.000
130 52 0.000
131 52 0.000
132 52 0.000
133 52 0.000
134 52 0.000
135 52 0.000
136 52 0.000
137 52 0.000
138 52 0.000
139 52 0.000
140 52 0.000
141 52 0.000
142 52 0.000
143 52 0.000
144 52 0.000
145 52 0.000
146 52 0.000
147 52 0.000
148 52 0.000
149 52 0.000
0 53 0.000
1 53 0.000
2 53 0.000
3 53 0.000
4 53 0.000
5 53 0.000
6 53 0.000
7 53 0.000
8 53 0.000
9 53 0.000
10 53 0.000
11 53 0.000
12 53 0.000
13 53 0.000
14 53 0.000
15 53 0.000
16 53 0.000
17 53 0.000
18 53 0.000
19 53 0.000
20 53 0.000
21 53 0.000
22 53 0.000
23 53 0.000
24 53 0.000
25 53 0.000
26 53 0.000
27 53 0.000
28 53 0.000
29 53 0.000
30 53 0.000
31 53 0.000
32 53 0.000
33 53 0.000
34 53 0.000
35 53 0.000
36 53 0.000
37 53 0.000
38 53 0.000
39 53 0.000
40 53 0.000
41 53 0.000
42 53 0.000
43 53 0.000
44 53 0.000
45 53 0.000
46 53 0.000
47 53 0.000
48 53 0.000
49 53 0.000
50 53 0.000
51 53 0.000
52 53 0.000
53 53 0.000
54 53 0.000
55 53 0.000
56 53 0.000
57 53 0.000
58 53 0.000
59 53 0.000
60 53 0.000
61 53 0.000
62 53 0.000
63 53 0.000
64 53 0.000
65 53 0.000
66 53 0.000
67 53 0.000
68 53 0.000
69 53 0.000
70 53 0.000
71 53 0.000
72 53 0.000
73 53 0.000
74 53 0.000
75 53 0.000
76 53 0.000
77 53 0.000
78 53 0.000
79 53 0.000
80 53 0.000
81 53 0.000
82 53 0.000
83 53 0.000
84 53 0.000
85 53 0.000
86 53 0.000
87 53 0.000
88 53 0.000
89 53 0.000
90 53 0.000
91 53 0.000
92 53 0.000
93 53 0.000
94 53 0.000
95 53 0.000
96 53 0.000
97 53 0.000
98 53 0.000
99 53 0.000
100 53 0.000
101 53 0.000
102 53 0.000
103 53 0.000
104 53 0.000
105 53 0.000
106 53 0.000
107 53 0.000
108 53 0.000
109 53 0.000
110 53 0.000
111 53 0.000
112 53 0.000
113 53 0.000
114 53 0.000
115 53 0.000
116 53 0.000
117 53 0.000
118 53 0.000
119 53 0.000
120 53 0.000
121 53 0.000
122 53 0.000
123 53 0.000
124 53 0.000
125 53 0.000
126 53 0.000
127 53 0.000
128 53 0.000
129 53 0.000
130 53 0.000
131 53 0.000
132 53 0.000
133 53 0.000
134 53 0.000
135 53 0.000
136 53 0.000
137 53 0.000
138 53 0.000
139 53 0.000
140 53 0.000
141 53 0.000
142 53 0.000
143 53 0.000
144 53 0.000
145 53 0.000
146 53 0.000
147 53 0.000
148 53 0.000
149 53 0.000
0 54 0.000
1 54 0.000
2 54 0.000
3 54 0.000
4 54 0.000
5 54 0.000
6 54 0.000
7 54 0.000
8 54 0.000
9 54 0.000
10 54 0.000
11 54 0.000
12 54 0.000
13 54 0.000
14 54 0.000
15 54 0.000
16 54 0.000
17 54 0.000
18 54 0.000
19 54 0.000
20 54 0.000
21 54 0.000
22 54 0.000
23 54 0.000
24 54 0.000
25 54 0.000
26 54 0.000
27 54 0.000
28 54 0.000
29 54 0.000
30 54 0.000
31 54 0.000
32 54 0.000
33 54 0.000
34 54 0.000
35 54 0.000
36 54 0.000
37 54 0.000
38 54 0.000
39 54 0.000
40 54 0.000
41 54 0.000
42 54 0.000
43 54 0.000
44 54 0.000
45 54 0.000
46 54 0.000
47 54 0.000
48 54 0.000
49 54 0.000
50 54 0.000
51 54 0.000
52 54 0.000
53 54 0.000
54 54 0.000
55 54 0.000
56 54 0.000
57 54 0.000
58 54 0.000
59 54 0.000
60 54 0.000
61 54 0.000
62 54 0.000
63 54 0.000
64 54 0.000
65 54 0.000
66 54 0.000
67 54 0.000
68 54 0.000
69 54 0.000
70 54 0.000
71 54 0.000
72 54 0.000
73 54 0.000
74 54 0.000
75 54 0.000
76 54 0.000
77 54 0.000
78 54 0.000
79 54 0.000
80 54 0.000
81 54 0.000
82 54 0.000
83 54 0.000
84 54 0.000
85 54 0.000
86 54 0.000
87 54 0.000
88 54 0.000
89 54 0.000
90 54 0.000
91 54 0.000
92 54 0.000
93 54 0.000
94 54 0.000
95 54 0.000
96 54 0.000
97 54 0.000
98 54 0.000
99 54 0.000
100 54 0.000
101 54 0.000
102 54 0.000
103 54 0.000
104 54 0.000
105 54 0.000
106 54 0.000
107 54 0.000
108 54 0.000
109 54 0.000
110 54 0.000
111 54 0.000
112 54 0.000
113 54 0.000
114 54 0.000
115 54 0.000
116 54 0.000
117 54 0.000
118 54 0.000
119 54 0.000
120 54 0.000
121 54 0.000
122 54 0.000
123 54 0.000
124 54 0.000
125 54 0.000
126 54 0.000
127 54 0.000
128 54 0.000
129 54 0.000
130 54 0.000
131 54 0.000
132 54 0.000
133 54 0.000
134 54 0.000
135 54 0.000
136 54 0.000
137 54 0.000
138 54 0.000
139 54 0.000
140 54 0.000
141 54 0.000
142 54 0.000
143 54 0.000
144 54 0.000
145 54 0.000
146 54 0.000
147 54 0.000
148 54 0.000
149 54 0.000
0 55 0.000
1 55 0.000
2 55 0.000
3 55 0.000
4 55 0.000
5 55 0.000
6 55 0.000
7 55 0.000
8 55 0.000
9 55 0.000
10 55 0.000
11 55 0.000
12 55 0.000
13 55 0.000
14 55 0.000
15 55 0.000
16 55 0.000
17 55 0.000
18 55 0.000
19 55 0.000
20 55 0.000
21 55 0.000
22 55 0.000
23 55 0.000
24 55 0.000
25 55 0.000
26 55 0.000
27 55 0.000
28 55 0.000
29 55 0.000
30 55 0.000
31 55 0.000
32 55 0.000
33 55 0.000
34 55 0.000
35 55 0.000
36 55 0.000
37 55 0.000
38 55 0.000
39 55 0.000
40 55 0.000
41 55 0.000
42 55 0.000
43 55 0.000
44 55 0.000
45 55 0.000
46 55 0.000
47 55 0.000
48 55 0.000
49 55 0.000
50 55 0.000
51 55 0.000
52 55 0.000
53 55 0.000
54 55 0.000
55 55 0.000
56 55 0.000
57 55 0.000
58 55 0.000
59 55 0.000
60 55 0.000
61 55 0.000
62 55 0.000
63 55 0.000
64 55 0.000
65 55 0.000
66 55 0.000
67 55 0.000
68 55 0.000
69 55 0.000
70 55 0.000
71 55 0.000
72 55 0.000
73 55 0.000
74 55 0.000
75 55 0.000
76 55 0.000
77 55 0.000
78 55 0.000
79 55 0.000
80 55 0.000
81 55 0.000
82 55 0.000
83 55 0.000
84 55 0.000
85 55 0.000
86 55 0.000
87 55 0.000
88 55 0.000
89 55 0.000
90 55 0.000
91 55 0.000
92 55 0.000
93 55 0.000
94 55 0.000
95 55 0.000
96 55 0.000
97 55 0.000
98 55 0.000
99 55 0.000
100 55 0.000
101 55 0.000
102 55 0.000
103 55 0.000
104 55 0.000
105 55 0.000
106 55 0.000
107 55 0.000
108 55 0.000
109 55 0.000
110 55 0.000
111 55 0.000
112 55 0.000
113 55 0.000
114 55 0.000
115 55 0.000
116 55 0.000
117 55 0.000
118 55 0.000
119 55 0.000
120 55 0.000
121 55 0.000
122 55 0.000
123 55 0.000
124 55 0.000
125 55 0.000
126 55 0.000
127 55 0.000
128 55 0.000
129 55 0.000
130 55 0.000
131 55 0.000
132 55 0.000
133 55 0.000
134 55 0.000
135 55 0.000
136 55 0.000
137 55 0.000
138 55 0.000
139 55 0.000
140 55 0.000
141 55 0.000
142 55 0.000
143 55 0.000
144 55 0.000
145 55 0.000
146 55 0.000
147 55 0.000
148 55 0.000
149 55 0.000
0 56 0.000
1 56 0.000
2 56 0.000
3 56 0.000
4 56 0.000
5 56 0.000
6 56 0.000
7 56 0.000
8 56 0.000
9 56 0.000
10 56 0.000
11 56 0.000
12 56 0.000
13 56 0.000
14 56 0.000
15 56 0.000
16 56 0.000
17 56 0.000
18 56 0.000
19 56 0.000
20 56 0.000
21 56 0.000
22 56 0.000
23 56 0.000
24 56 0.000
25 56 0.000
26 56 0.000
27 56 0.000
28 56 0.000
29 56 0.000
30 56 0.000
31 56 0.000
32 56 0.000
33 56 0.000
34 56 0.000
35 56 0.000
36 56 0.000
37 56 0.000
38 56 0.000
39 56 0.000
40 56 0.000
41 56 0.000
42 56 0.000
43 56 0.000
44 56 0.000
45 56 0.000
46 56 0.000
47 56 0.000
48 56 0.000
49 56 0.000
50 56 0.000
51 56 0.000
52 56 0.000
53 56 0.000
54 56 0.000
55 56 0.000
56 56 0.000
57 56 0.000
58 56 0.000
59 56 0.000
60 56 0.000
61 56 0.000
62 56 0.000
63 56 0.000
64 56 0.000
65 56 0.000
66 56 0.000
67 56 0.000
68 56 0.000
69 56 0.000
70 56 0.000
71 56 0.000
72 56 0.000
73 56 0.000
74 56 0.000
75 56 0.000
76 56 0.000
77 56 0.000
78 56 0.000
79 56 0.000
80 56 0.000
81 56 0.000
82 56 0.000
83 56 0.000
84 56 0.000
85 56 0.000
86 56 0.000
87 56 0.000
88 56 0.000
89 56 0.000
90 56 0.000
91 56 0.000
92 56 0.000
93 56 0.000
94 56 0.000
95 56 0.000
96 56 0.000
97 56 0.000
98 56 0.000
99 56 0.000
100 56 0.000
101 56 0.000
102 56 0.000
103 56 0.000
104 56 0.000
105 56 0.000
106 56 0.000
107 56 0.000
108 56 0.000
109 56 0.000
110 56 0.000
111 56 0.000
112 56 0.000
113 56 0.000
114 56 0.000
115 56 0.000
116 56 0.000
117 56 0.000
118 56 0.000
119 56 0.000
120 56 0.000
121 56 0.000
122 56 0.000
123 56 0.000
124 56 0.000
125 56 0.000
126 56 0.000
127 56 0.000
128 56 0.000
129 56 0.000
130 56 0.000
131 56 0.000
132 56 0.000
133 56 0.000
134 56 0.000
135 56 0.000
136 56 0.000
137 56 0.000
138 56 0.000
139 56 0.000
140 56 0.000
141 56 0.000
142 56 0.000
143 56 0.000
144 56 0.000
145 56 0.000
146 56 0.000
147 56 0.000
148 56 0.000
149 56 0.000
0 57 0.000
1 57 0.000
2 57 0.000
3 57 0.000
4 57 0.000
5 57 0.000
6 57 0.000
7 57 0.000
8 57 0.000
9 57 0.000
10 57 0.000
11 57 0.000
12 57 0.000
13 57 0.000
14 57 0.000
15 57 0.000
16 57 0.000
17 57 0.000
18 57 0.000
19 57 0.000
20 57 0.000
21 57 0.000
22 57 0.000
23 57 0.000
24 57 0.000
25 57 0.000
26 57 0.000
27 57 0.000
28 57 0.000
29 57 0.000
30 57 0.000
31 57 0.000
32 57 0.000
33 57 0.000
34 57 0.000
35 57 0.000
36 57 0.000
37 57 0.000
38 57 0.000
39 57 0.000
40 57 0.000
41 57 0.000
42 57 0.000
43 57 0.000
44 57 0.000
45 57 0.000
46 57 0.000
47 57 0.000
48 57 0.000
49 57 0.000
50 57 0.000
51 57 0.000
52 57 0.000
53 57 0.000
54 57 0.000
55 57 0.000
56 57 0.000
57 57 0.000
58 57 0.000
59 57 0.000
60 57 0.000
61 57 0.000
62 57 0.000
63 57 0.000
64 57 0.000
65 57 0.000
66 57 0.000
67 57 0.000
68 57 0.000
69 57 0.000
70 57 0.000
71 57 0.000
72 57 0.000
73 57 0.000
74 57 0.000
75 57 0.000
76 57 0.000
77 57 0.000
78 57 0.000
79 57 0.000
80 57 0.000
81 57 0.000
82 57 0.000
83 57 0.000
84 57 0.000
85 57 0.000
86 57 0.000
87 57 0.000
88 57 0.000
89 57 0.000
90 57 0.000
91 57 0.000
92 57 0.000
93 57 0.000
94 57 0.000
95 57 0.000
96 57 0.000
97 57 0.000
98 57 0.000
99 57 0.000
100 57 0.000
101 57 0.000
102 57 0.000
103 57 0.000
104 57 0.000
105 57 0.000
106 57 0.000
107 57 0.000
108 57 0.000
109 57 0.000
110 57 0.000
111 57 0.000
112 57 0.000
113 57 0.000
114 57 0.000
115 57 0.000
116 57 0.000
117 57 0.000
118 57 0.000
119 57 0.000
120 57 0.000
121 57 0.000
122 57 0.000
123 57 0.000
124 57 0.000
125 57 0.000
126 57 0.000
127 57 0.000
128 57 0.000
129 57 0.000
130 57 0.000
131 57 0.000
132 57 0.000
133 57 0.000
134 57 0.000
135 57 0.000
136 57 0.000
137 57 0.000
138 57 0.000
139 57 0.000
140 57 0.000
141 57 0.000
142 57 0.000
143 57 0.000
144 57 0.000
145 57 0.000
146 57 0.000
147 57 0.000
148 57 0.000
149 57 0.000
0 58 0.000
1 58 0.000
2 58 0.000
3 58 0.000
4 58 0.000
5 58 0.000
6 58 0.000
7 58 0.000
8 58 0.000
9 58 0.000
10 58 0.000
11 58 0.000
12 58 0.000
13 58 0.000
14 58 0.000
15 58 0.000
16 58 0.000
17 58 0.000
18 58 0.000
19 58 0.000
20 58 0.000
21 58 0.000
22 58 0.000
23 58 0.000
24 58 0.000
25 58 0.000
26 58 0.000
27 58 0.000
28 58 0.000
29 58 0.000
30 58 0.000
31 58 0.000
32 58 0.000
33 58 0.000
34 58 0.000
35 58 0.000
36 58 0.000
37 58 0.000
38 58 0.000
39 58 0.000
40 58 0.000
41 58 0.000
42 58 0.000
43 58 0.000
44 58 0.000
45 58 0.000
46 58 0.000
47 58 0.000
48 58 0.000
49 58 0.000
50 58 0.000
51 58 0.000
52 58 0.000
53 58 0.000
54 58 0.000
55 58 0.000
56 58 0.000
57 58 0.000
58 58 0.000
59 58 0.000
60 58 0.000
61 58 0.000
62 58 0.000
63 58 0.000
64 58 0.000
65 58 0.000
66 58 0.000
67 58 0.000
68 58 0.000
69 58 0.000
70 58 0.000
71 58 0.000
72 58 0.000
73 58 0.000
74 58 0.000
75 58 0.000
76 58 0.000
77 58 0.000
78 58 0.000
79 58 0.000
80 58 0.000
81 58 0.000
82 58 0.000
83 58 0.000
84 58 0.000
85 58 0.000
86 58 0.000
87 58 0.000
88 58 0.000
89 58 0.000
90 58 0.000
91 58 0.000
92 58 0.000
93 58 0.000
94 58 0.000
95 58 0.000
96 58 0.000
97 58 0.000
98 58 0.000
99 58 0.000
100 58 0.000
101 58 0.000
102 58 0.000
103 58 0.000
104 58 0.000
105 58 0.000
106 58 0.000
107 58 0.000
108 58 0.000
109 58 0.000
110 58 0.000
111 58 0.000
112 58 0.000
113 58 0.000
114 58 0.000
115 58 0.000
116 58 0.000
117 58 0.000
118 58 0.000
119 58 0.000
120 58 0.000
121 58 0.000
122 58 0.000
123 58 0.000
124 58 0.000
125 58 0.000
126 58 0.000
127 58 0.000
128 58 0.000
129 58 0.000
130 58 0.000
131 58 0.000
132 58 0.000
133 58 0.000
134 58 0.000
135 58 0.000
136 58 0.000
137 58 0.000
138 58 0.000
139 58 0.000
140 58 0.000
141 58 0.000
142 58 0.000
143 58 0.000
144 58 0.000
145 58 0.000
146 58 0.000
147 58 0.000
148 58 0.000
149 58 0.000
0 59 0.000
1 59 0.000
2 59 0.000
3 59 0.000
4 59 0.000
5 59 0.000
6 59 0.000
7 59 0.000
8 59 0.000
9 59 0.000
10 59 0.000
11 59 0.000
12 59 0.000
13 59 0.000
14 59 0.000
15 59 0.000
16 59 0.000
17 59 0.000
18 59 0.000
19 59 0.000
20 59 0.000
21 59 0.000
22 59 0.000
23 59 0.000
24 59 0.000
25 59 0.000
26 59 0.000
27 59 0.000
28 59 0.000
29 59 0.000
30 59 0.000
31 59 0.000
32 59 0.000
33 59 0.000
34 59 0.000
35 59 0.000
36 59 0.000
37 59 0.000
38 59 0.000
39 59 0.000
40 59 0.000
41 59 0.000
42 59 0.000
43 59 0.000
44 59 0.000
45 59 0.000
46 59 0.000
47 59 0.000
48 59 0.000
49 59 0.000
50 59 0.000
51 59 0.000
52 59 0.000
53 59 0.000
54 59 0.000
55 59 0.000
56 59 0.000
57 59 0.000
58 59 0.000
59 59 0.000
60 59 0.000
61 59 0.000
62 59 0.000
63 59 0.000
64 59 0.000
65 59 0.000
66 59 0.000
67 59 0.000
68 59 0.000
69 59 0.000
70 59 0.000
71 59 0.000
72 59 0.000
73 59 0.000
74 59 0.000
75 59 0.000
76 59 0.000
77 59 0.000
78 59 0.000
79 59 0.000
80 59 0.000
81 59 0.000
82 59 0.000
83 59 0.000
84 59 0.000
85 59 0.000
86 59 0.000
87 59 0.000
88 59 0.000
89 59 0.000
90 59 0.000
91 59 0.000
92 59 0.000
93 59 0.000
94 59 0.000
95 59 0.000
96 59 0.000
97 59 0.000
98 59 0.000
99 59 0.000
100 59 0.000
101 59 0.000
102 59 0.000
103 59 0.000
104 59 0.000
105 59 0.000
106 59 0.000
107 59 0.000
108 59 0.000
109 59 0.000
110 59 0.000
111 59 0.000
112 59 0.000
113 59 0.000
114 59 0.000
115 59 0.000
116 59 0.000
117 59 0.000
118 59 0.000
119 59 0.000
120 59 0.000
121 59 0.000
122 59 0.000
123 59 0.000
124 59 0.000
125 59 0.000
126 59 0.000
127 59 0.000
128 59 0.000
129 59 0.000
130 59 0.000
131 59 0.000
132 59 0.000
133 59 0.000
134 59 0.000
135 59 0.000
136 59 0.000
137 59 0.000
138 59 0.000
139 59 0.000
140 59 0.000
141 59 0.000
142 59 0.000
143 59 0.000
144 59 0.000
145 59 0.000
146 59 0.000
147 59 0.000
148 59 0.000
149 59 0.000
0 60 0.000
1 60 0.000
2 60 0.000
3 60 0.000
4 60 0.000
5 60 0.000
6 60 0.000
7 60 0.000
8 60 0.000
9 60 0.000
10 60 0.000
11 60 0.000
12 60 0.000
13 60 0.000
14 60 0.000
15 60 0.000
16 60 0.000
17 60 0.000
18 60 0.000
19 60 0.000
20 60 0.000
21 60 0.000
22 60 0.000
23 60 0.000
24 60 0.000
25 60 0.000
26 60 0.000
27 60 0.000
28 60 0.000
29 60 0.000
30 60 0.000
31 60 0.000
32 60 0.000
33 60 0.000
34 60 0.000
35 60 0.000
36 60 0.000
37 60 0.000
38 60 0.000
39 60 0.000
40 60 0.000
41 60 0.000
42 60 0.000
43 60 0.000
44 60 0.000
45 60 0.000
46 60 0.000
47 60 0.000
48 60 0.000
49 60 0.000
50 60 0.000
51 60 0.000
52 60 0.000
53 60 0.000
54 60 0.000
55 60 0.000
56 60 0.000
57 60 0.000
58 60 0.000
59 60 0.000
60 60 0.000
61 60 0.000
62 60 0.000
63 60 0.000
64 60 0.000
65 60 0.000
66 60 0.000
67 60 0.000
68 60 0.000
69 60 0.000
70 60 0.000
71 60 0.000
72 60 0.000
73 60 0.000
74 60 0.000
75 60 0.000
76 60 0.000
77 60 0.000
78 60 0.000
79 60 0.000
80 60 0.000
81 60 0.000
82 60 0.000
83 60 0.000
84 60 0.000
85 60 0.000
86 60 0.000
87 60 0.000
88 60 0.000
89 60 0.000
90 60 0.000
91 60 0.000
92 60 0.000
93 60 0.000
94 60 0.000
95 60 0.000
96 60 0.000
97 60 0.000
98 60 0.000
99 60 0.000
100 60 0.000
101 60 0.000
102 60 0.000
103 60 0.000
104 60 0.000
105 60 0.000
106 60 0.000
107 60 0.000
108 60 0.000
109 60 0.000
110 60 0.000
111 60 0.000
112 60 0.000
113 60 0.000
114 60 0.000
115 60 0.000
116 60 0.000
117 60 0.000
118 60 0.000
119 60 0.000
120 60 0.000
121 60 0.000
122 60 0.000
123 60 0.000
124 60 0.000
125 60 0.000
126 60 0.000
127 60 0.000
128 60 0.000
129 60 0.000
130 60 0.000
131 60 0.000
132 60 0.000
133 60 0.000
134 60 0.000
135 60 0.000
136 60 0.000
137 60 0.000
138 60 0.000
139 60 0.000
140 60 0.000
141 60 0.000
142 60 0.000
143 60 0.000
144 60 0.000
145 60 0.000
146 60 0.000
147 60 0.000
148 60 0.000
149 60 0.000
0 61 0.000
1 61 0.000
2 61 0.000
3 61 0.000
4 61 0.000
5 61 0.000
6 61 0.000
7 61 0.000
8 61 0.000
9 61 0.000
10 61 0.000
11 61 0.000
12 61 0.000
13 61 0.000
14 61 0.000
15 61 0.000
16 61 0.000
17 61 0.000
18 61 0.000
19 61 0.000
20 61 0.000
21 61 0.000
22 61 0.000
23 61 0.000
24 61 0.000
25 61 0.000
26 61 0.000
27 61 0.000
28 61 0.000
29 61 0.000
30 61 0.000
31 61 0.000
32 61 0.000
33 61 0.000
34 61 0.000
35 61 0.000
36 61 0.000
37 61 0.000
38 61 0.000
39 61 0.000
40 61 0.000
41 61 0.000
42 61 0.000
43 61 0.000
44 61 0.000
45 61 0.000
46 61 0.000
47 61 0.000
48 61 0.000
49 61 0.000
50 61 0.000
51 61 0.000
52 61 0.000
53 61 0.000
54 61 0.000
55 61 0.000
56 61 0.000
57 61 0.000
58 61 0.000
59 61 0.000
60 61 0.000
61 61 0.000
62 61 0.000
63 61 0.000
64 61 0.000
65 61 0.000
66 61 0.000
67 61 0.000
68 61 0.000
69 61 0.000
70 61 0.000
71 61 0.000
72 61 0.000
73 61 0.000
74 61 0.000
75 61 0.000
76 61 0.000
77 61 0.000
78 61 0.000
79 61 0.000
80 61 0.000
81 61 0.000
82 61 0.000
83 61 0.000
84 61 0.000
85 61 0.000
86 61 0.000
87 61 0.000
88 61 0.000
89 61 0.000
90 61 0.000
91 61 0.000
92 61 0.000
93 61 0.000
94 61 0.000
95 61 0.000
96 61 0.000
97 61 0.000
98 61 0.000
99 61 0.000
100 61 0.000
101 61 0.000
102 61 0.000
103 61 0.000
104 61 0.000
105 61 0.000
106 61 0.000
107 61 0.000
108 61 0.000
109 61 0.000
110 61 0.000
111 61 0.000
112 61 0.000
113 61 0.000
114 61 0.000
115 61 0.000
116 61 0.000
117 61 0.000
118 61 0.000
119 61 0.000
120 61 0.000
121 61 0.000
122 61 0.000
123 61 0.000
124 61 0.000
125 61 0.000
126 61 0.000
127 61 0.000
128 61 0.000
129 61 0.000
130 61 0.000
131 61 0.000
132 61 0.000
133 61 0.000
134 61 0.000
135 61 0.000
136 61 0.000
137 61 0.000
138 61 0.000
139 61 0.000
140 61 0.000
141 61 0.000
142 61 0.000
143 61 0.000
144 61 0.000
145 61 0.000
146 61 0.000
147 61 0.000
148 61 0.000
149 61 0.000
0 62 0.000
1 62 0.000
2 62 0.000
3 62 0.000
4 62 0.000
5 62 0.000
6 62 0.000
7 62 0.000
8 62 0.000
9 62 0.000
10 62 0.000
11 62 0.000
12 62 0.000
13 62 0.000
14 62 0.000
15 62 0.000
16 62 0.000
17 62 0.000
18 62 0.000
19 62 0.000
20 62 0.000
21 62 0.000
22 62 0.000
23 62 0.000
24 62 0.000
25 62 0.000
26 62 0.000
27 62 0.000
28 62 0.000
29 62 0.000
30 62 0.000
31 62 0.000
32 62 0.000
33 62 0.000
34 62 0.000
35 62 0.000
36 62 0.000
37 62 0.000
38 62 0.000
39 62 0.000
40 62 0.000
41 62 0.000
42 62 0.000
43 62 0.000
44 62 0.000
45 62 0.000
46 62 0.000
47 62 0.000
48 62 0.000
49 62 0.000
50 62 0.000
51 62 0.000
52 62 0.000
53 62 0.000
54 62 0.000
55 62 0.000
56 62 0.000
57 62 0.000
58 62 0.000
59 62 0.000
60 62 0.000
61 62 0.000
62 62 0.000
63 62 0.000
64 62 0.000
65 62 0.000
66 62 0.000
67 62 0.000
68 62 0.000
69 62 0.000
70 62 0.000
71 62 0.000
72 62 0.000
73 62 0.000
74 62 0.000
75 62 0.000
76 62 0.000
77 62 0.000
78 62 0.000
79 62 0.000
80 62 0.000
81 62 0.000
82 62 0.000
83 62 0.000
84 62 0.000
85 62 0.000
86 62 0.000
87 62 0.000
88 62 0.000
89 62 0.000
90 62 0.000
91 62 0.000
92 62 0.000
93 62 0.000
94 62 0.000
95 62 0.000
96 62 0.000
97 62 0.000
98 62 0.000
99 62 0.000
100 62 0.000
101 62 0.000
102 62 0.000
103 62 0.000
104 62 0.000
105 62 0.000
106 62 0.000
107 62 0.000
108 62 0.000
109 62 0.000
110 62 0.000
111 62 0.000
112 62 0.000
113 62 0.000
114 62 0.000
115 62 0.000
116 62 0.000
117 62 0.000
118 62 0.000
119 62 0.000
120 62 0.000
121 62 0.000
122 62 0.000
123 62 0.000
124 62 0.000
125 62 0.000
126 62 0.000
127 62 0.000
128 62 0.000
129 62 0.000
130 62 0.000
131 62 0.000
132 62 0.000
133 62 0.000
134 62 0.000
135 62 0.000
136 62 0.000
137 62 0.000
138 62 0.000
139 62 0.000
140 62 0.000
141 62 0.000
142 62 0.000
143 62 0.000
144 62 0.000
145 62 0.000
146 62 0.000
147 62 0.000
148 62 0.000
149 62 0.000
0 63 0.000
1 63 0.000
2 63 0.000
3 63 0.000
4 63 0.000
5 63 0.000
6 63 0.000
7 63 0.000
8 63 0.000
9 63 0.000
10 63 0.000
11 63 0.000
12 63 0.000
13 63 0.000
14 63 0.000
15 63 0.000
16 63 0.000
17 63 0.000
18 63 0.000
19 63 0.000
20 63 0.000
21 63 0.000
22 63 0.000
23 63 0.000
24 63 0.000
25 63 0.000
26 63 0.000
27 63 0.000
28 63 0.000
29 63 0.000
30 63 0.000
31 63 0.000
32 63 0.000
33 63 0.000
34 63 0.000
35 63 0.000
36 63 0.000
37 63 0.000
38 63 0.000
39 63 0.000
40 63 0.000
41 63 0.000
42 63 0.000
43 63 0.000
44 63 0.000
45 63 0.000
46 63 0.000
47 63 0.000
48 63 0.000
49 63 0.000
50 63 0.000
51 63 0.000
52 63 0.000
53 63 0.000
54 63 0.000
55 63 0.000
56 63 0.000
57 63 0.000
58 63 0.000
59 63 0.000
60 63 0.000
61 63 0.000
62 63 0.000
63 63 0.000
64 63 0.000
65 63 0.000
66 63 0.000
67 63 0.000
68 63 0.000
69 63 0.000
70 63 0.000
71 63 0.000
72 63 0.000
73 63 0.000
74 63 0.000
75 63 0.000
76 63 0.000
77 63 0.000
78 63 0.000
79 63 0.000
80 63 0.000
81 63 0.000
82 63 0.000
83 63 0.000
84 63 0.000
85 63 0.000
86 63 0.000
87 63 0.000
88 63 0.000
89 63 0.000
90 63 0.000
91 63 0.000
92 63 0.000
93 63 0.000
94 63 0.000
95 63 0.000
96 63 0.000
97 63 0.000
98 63 0.000
99 63 0.000
100 63 0.000
101 63 0.000
102 63 0.000
103 63 0.000
104 63 0.000
105 63 0.000
106 63 0.000
107 63 0.000
108 63 0.000
109 63 0.000
110 63 0.000
111 63 0.000
112 63 0.000
113 63 0.000
114 63 0.000
115 63 0.000
116 63 0.000
117 63 0.000
118 63 0.000
119 63 0.000
120 63 0.000
121 63 0.000
122 63 0.000
123 63 0.000
124 63 0.000
125 63 0.000
126 63 0.000
127 63 0.000
128 63 0.000
129 63 0.000
130 63 0.000
131 63 0.000
132 63 0.000
133 63 0.000
134 63 0.000
135 63 0.000
136 63 0.000
137 63 0.000
138 63 0.000
139 63 0.000
140 63 0.000
141 63 0.000
142 63 0.000
143 63 0.000
144 63 0.000
145 63 0.000
146 63 0.000
147 63 0.000
148 63 0.000
149 63 0.000
0 64 0.000
1 64 0.000
2 64 0.000
3 64 0.000
4 64 0.000
5 64 0.000
6 64 0.000
7 64 0.000
8 64 0.000
9 64 0.000
10 64 0.000
11 64 0.000
12 64 0.000
13 64 0.000
14 64 0.000
15 64 0.000
16 64 0.000
17 64 0.000
18 64 0.000
19 64 0.000
20 64 0.000
21 64 0.000
22 64 0.000
23 64 0.000
24 64 0.000
25 64 0.000
26 64 0.000
27 64 0.000
28 64 0.000
29 64 0.000
30 64 0.000
31 64 0.000
32 64 0.000
33 64 0.000
34 64 0.000
35 64 0.000
36 64 0.000
37 64 0.000
38 64 0.000
39 64 0.000
40 64 0.000
41 64 0.000
42 64 0.000
43 64 0.000
44 64 0.000
45 64 0.000
46 64 0.000
47 64 0.000
48 64 0.000
49 64 0.000
50 64 0.000
51 64 0.000
52 64 0.000
53 64 0.000
54 64 0.000
55 64 0.000
56 64 0.000
57 64 0.000
58 64 0.000
59 64 0.000
60 64 0.000
61 64 0.000
62 64 0.000
63 64 0.000
64 64 0.000
65 64 0.000
66 64 0.000
67 64 0.000
68 64 0.000
69 64 0.000
70 64 0.000
71 64 0.000
72 64 0.000
73 64 0.000
74 64 0.000
75 64 0.000
76 64 0.000
77 64 0.000
78 64 0.000
79 64 0.000
80 64 0.000
81 64 0.000
82 64 0.000
83 64 0.000
84 64 0.000
85 64 0.000
86 64 0.000
87 64 0.000
88 64 0.000
89 64 0.000
90 64 0.000
91 64 0.000
92 64 0.000
93 64 0.000
94 64 0.000
95 64 0.000
96 64 0.000
97 64 0.000
98 64 0.000
99 64 0.000
100 64 0.000
101 64 0.000
102 64 0.000
103 64 0.000
104 64 0.000
105 64 0.000
106 64 0.000
107 64 0.000
108 64 0.000
109 64 0.000
110 64 0.000
111 64 0.000
112 64 0.000
113 64 0.000
114 64 0.000
115 64 0.000
116 64 0.000
117 64 0.000
118 64 0.000
119 64 0.000
120 64 0.000
121 64 0.000
122 64 0.000
123 64 0.000
124 64 0.000
125 64 0.000
126 64 0.000
127 64 0.000
128 64 0.000
129 64 0.000
130 64 0.000
131 64 0.000
132 64 0.000
133 64 0.000
134 64 0.000
135 64 0.000
136 64 0.000
137 64 0.000
138 64 0.000
139 64 0.000
140 64 0.000
141 64 0.000
142 64 0.000
143 64 0.000
144 64 0.000
145 64 0.000
146 64 0.000
147 64 0.000
148 64 0.000
149 64 0.000
0 65 0.000
1 65 0.000
2 65 0.000
3 65 0.000
4 65 0.000
5 65 0.000
6 65 0.000
7 65 0.000
8 65 0.000
9 65 0.000
10 65 0.000
11 65 0.000
12 65 0.000
13 65 0.000
14 65 0.000
15 65 0.000
16 65 0.000
17 65 0.000
18 65 0.000
19 65 0.000
20 65 0.000
21 65 0.000
22 65 0.000
23 65 0.000
24 65 0.000
25 65 0.000
26 65 0.000
27 65 0.000
28 65 0.000
29 65 0.000
30 65 0.000
31 65 0.000
32 65 0.000
33 65 0.000
34 65 0.000
35 65 0.000
36 65 0.000
37 65 0.000
38 65 0.000
39 65 0.000
40 65 0.000
41 65 0.000
42 65 0.000
43 65 0.000
44 65 0.000
45 65 0.000
46 65 0.000
47 65 0.000
48 65 0.000
49 65 0.000
50 65 0.000
51 65 0.000
52 65 0.000
53 65 0.000
54 65 0.000
55 65 0.000
56 65 0.000
57 65 0.000
58 65 0.000
59 65 0.000
60 65 0.000
61 65 0.000
62 65 0.000
63 65 0.000
64 65 0.000
65 65 0.000
66 65 0.000
67 65 0.000
68 65 0.000
69 65 0.000
70 65 0.000
71 65 0.000
72 65 0.000
73 65 0.000
74 65 0.000
75 65 0.000
76 65 0.000
77 65 0.000
78 65 0.000
79 65 0.000
80 65 0.000
81 65 0.000
82 65 0.000
83 65 0.000
84 65 0.000
85 65 0.000
86 65 0.000
87 65 0.000
88 65 0.000
89 65 0.000
90 65 0.000
91 65 0.000
92 65 0.000
93 65 0.000
94 65 0.000
95 65 0.000
96 65 0.000
97 65 0.000
98 65 0.000
99 65 0.000
100 65 0.000
101 65 0.000
102 65 0.000
103 65 0.000
104 65 0.000
105 65 0.000
106 65 0.000
107 65 0.000
108 65 0.000
109 65 0.000
110 65 0.000
111 65 0.000
112 65 0.000
113 65 0.000
114 65 0.000
115 65 0.000
116 65 0.000
117 65 0.000
118 65 0.000
119 65 0.000
120 65 0.000
121 65 0.000
122 65 0.000
123 65 0.000
124 65 0.000
125 65 0.000
126 65 0.000
127 65 0.000
128 65 0.000
129 65 0.000
130 65 0.000
131 65 0.000
132 65 0.000
133 65 0.000
134 65 0.000
135 65 0.000
136 65 0.000
137 65 0.000
138 65 0.000
139 65 0.000
140 65 0.000
141 65 0.000
142 65 0.000
143 65 0.000
144 65 0.000
145 65 0.000
146 65 0.000
147 65 0.000
148 65 0.000
149 65 0.000
0 66 0.000
1 66 0.000
2 66 0.000
3 66 0.000
4 66 0.000
5 66 0.000
6 66 0.000
7 66 0.000
8 66 0.000
9 66 0.000
10 66 0.000
11 66 0.000
12 66 0.000
13 66 0.000
14 66 0.000
15 66 0.000
16 66 0.000
17 66 0.000
18 66 0.000
19 66 0.000
20 66 0.000
21 66 0.000
22 66 0.000
23 66 0.000
24 66 0.000
25 66 0.000
26 66 0.000
27 66 0.000
28 66 0.000
29 66 0.000
30 66 0.000
31 66 0.000
32 66 0.000
33 66 0.000
34 66 0.000
35 66 0.000
36 66 0.000
37 66 0.000
38 66 0.000
39 66 0.000
40 66 0.000
41 66 0.000
42 66 0.000
43 66 0.000
44 66 0.000
45 66 0.000
46 66 0.000
47 66 0.000
48 66 0.000
49 66 0.000
50 66 0.000
51 66 0.000
52 66 0.000
53 66 0.000
54 66 0.000
55 66 0.000
56 66 0.000
57 66 0.000
58 66 0.000
59 66 0.000
60 66 0.000
61 66 0.000
62 66 0.000
63 66 0.000
64 66 0.000
65 66 0.000
66 66 0.000
67 66 0.000
68 66 0.000
69 66 0.000
70 66 0.000
71 66 0.000
72 66 0.000
73 66 0.000
74 66 0.000
75 66 0.000
76 66 0.000
77 66 0.000
78 66 0.000
79 66 0.000
80 66 0.000
81 66 0.000
82 66 0.000
83 66 0.000
84 66 0.000
85 66 0.000
86 66 0.000
87 66 0.000
88 66 0.000
89 66 0.000
90 66 0.000
91 66 0.000
92 66 0.000
93 66 0.000
94 66 0.000
95 66 0.000
96 66 0.000
97 66 0.000
98 66 0.000
99 66 0.000
100 66 0.000
101 66 0.000
102 66 0.000
103 66 0.000
104 66 0.000
105 66 0.000
106 66 0.000
107 66 0.000
108 66 0.000
109 66 0.000
110 66 0.000
111 66 0.000
112 66 0.000
113 66 0.000
114 66 0.000
115 66 0.000
116 66 0.000
117 66 0.000
118 66 0.000
119 66 0.000
120 66 0.000
121 66 0.000
122 66 0.000
123 66 0.000
124 66 0.000
125 66 0.000
126 66 0.000
127 66 0.000
128 66 0.000
129 66 0.000
130 66 0.000
131 66 0.000
132 66 0.000
133 66 0.000
134 66 0.000
135 66 0.000
136 66 0.000
137 66 0.000
138 66 0.000
139 66 0.000
140 66 0.000
141 66 0.000
142 66 0.000
143 66 0.000
144 66 0.000
145 66 0.000
146 66 0.000
147 66 0.000
148 66 0.000
149 66 0.000
0 67 0.000
1 67 0.000
2 67 0.000
3 67 0.000
4 67 0.000
5 67 0.000
6 67 0.000
7 67 0.000
8 67 0.000
9 67 0.000
10 67 0.000
11 67 0.000
12 67 0.000
13 67 0.000
14 67 0.000
15 67 0.000
16 67 0.000
17 67 0.000
18 67 0.000
19 67 0.000
20 67 0.000
21 67 0.000
22 67 0.000
23 67 0.000
24 67 0.000
25 67 0.000
26 67 0.000
27 67 0.000
28 67 0.000
29 67 0.000
30 67 0.000
31 67 0.000
32 67 0.000
33 67 0.000
34 67 0.000
35 67 0.000
36 67 0.000
37 67 0.000
38 67 0.000
39 67 0.000
40 67 0.000
41 67 0.000
42 67 0.000
43 67 0.000
44 67 0.000
45 67 0.000
46 67 0.000
47 67 0.000
48 67 0.000
49 67 0.000
50 67 0.000
51 67 0.000
52 67 0.000
53 67 0.000
54 67 0.000
55 67 0.000
56 67 0.000
57 67 0.000
58 67 0.000
59 67 0.000
60 67 0.000
61 67 0.000
62 67 0.000
63 67 0.000
64 67 0.000
65 67 0.000
66 67 0.000
67 67 0.000
68 67 0.000
69 67 0.000
70 67 0.000
71 67 0.000
72 67 0.000
73 67 0.000
74 67 0.000
75 67 0.000
76 67 0.000
77 67 0.000
78 67 0.000
79 67 0.000
80 67 0.000
81 67 0.000
82 67 0.000
83 67 0.000
84 67 0.000
85 67 0.000
86 67 0.000
87 67 0.000
88 67 0.000
89 67 0.000
90 67 0.000
91 67 0.000
92 67 0.000
93 67 0.000
94 67 0.000
95 67 0.000
96 67 0.000
97 67 0.000
98 67 0.000
99 67 0.000
100 67 0.000
101 67 0.000
102 67 0.000
103 67 0.000
104 67 0.000
105 67 0.000
106 67 0.000
107 67 0.000
108 67 0.000
109 67 0.000
110 67 0.000
111 67 0.000
112 67 0.000
113 67 0.000
114 67 0.000
115 67 0.000
116 67 0.000
117 67 0.000
118 67 0.000
119 67 0.000
120 67 0.000
121 67 0.000
122 67 0.000
123 67 0.000
124 67 0.000
125 67 0.000
126 67 0.000
127 67 0.000
128 67 0.000
129 67 0.000
130 67 0.000
131 67 0.000
132 67 0.000
133 67 0.000
134 67 0.000
135 67 0.000
136 67 0.000
137 67 0.000
138 67 0.000
139 67 0.000
140 67 0.000
141 67 0.000
142 67 0.000
143 67 0.000
144 67 0.000
145 67 0.000
146 67 0.000
147 67 0.000
148 67 0.000
149 67 0.000
0 68 0.000
1 68 0.000
2 68 0.000
3 68 0.000
4 68 0.000
5 68 0.000
6 68 0.000
7 68 0.000
8 68 0.000
9 68 0.000
10 68 0.000
11 68 0.000
12 68 0.000
13 68 0.000
14 68 0.000
15 68 0.000
16 68 0.000
17 68 0.000
18 68 0.000
19 68 0.000
20 68 0.000
21 68 0.000
22 68 0.000
23 68 0.000
24 68 0.000
25 68 0.000
26 68 0.000
27 68 0.000
28 68 0.000
29 68 0.000
30 68 0.000
31 68 0.000
32 68 0.000
33 68 0.000
34 68 0.000
35 68 0.000
36 68 0.000
37 68 0.000
38 68 0.000
39 68 0.000
40 68 0.000
41 68 0.000
42 68 0.000
43 68 0.000
44 68 0.000
45 68 0.000
46 68 0.000
47 68 0.000
48 68 0.000
49 68 0.000
50 68 0.000
51 68 0.000
52 68 0.000
53 68 0.000
54 68 0.000
55 68 0.000
56 68 0.000
57 68 0.000
58 68 0.000
59 68 0.000
60 68 0.000
61 68 0.000
62 68 0.000
63 68 0.000
64 68 0.000
65 68 0.000
66 68 0.000
67 68 0.000
68 68 0.000
69 68 0.000
70 68 0.000
71 68 0.000
72 68 0.000
73 68 0.000
74 68 0.000
75 68 0.000
76 68 0.000
77 68 0.000
78 68 0.000
79 68 0.000
80 68 0.000
81 68 0.000
82 68 0.000
83 68 0.000
84 68 0.000
85 68 0.000
86 68 0.000
87 68 0.000
88 68 0.000
89 68 0.000
90 68 0.000
91 68 0.000
92 68 0.000
93 68 0.000
94 68 0.000
95 68 0.000
96 68 0.000
97 68 0.000
98 68 0.000
99 68 0.000
100 68 0.000
101 68 0.000
102 68 0.000
103 68 0.000
104 68 0.000
105 68 0.000
106 68 0.000
107 68 0.000
108 68 0.000
109 68 0.000
110 68 0.000
111 68 0.000
112 68 0.000
113 68 0.000
114 68 0.000
115 68 0.000
116 68 0.000
117 68 0.000
118 68 0.000
119 68 0.000
120 68 0.000
121 68 0.000
122 68 0.000
123 68 0.000
124 68 0.000
125 68 0.000
126 68 0.000
127 68 0.000
128 68 0.000
129 68 0.000
130 68 0.000
131 68 0.000
132 68 0.000
133 68 0.000
134 68 0.000
135 68 0.000
136 68 0.000
137 68 0.000
138 68 0.000
139 68 0.000
140 68 0.000
141 68 0.000
142 68 0.000
143 68 0.000
144 68 0.000
145 68 0.000
146 68 0.000
147 68 0.000
148 68 0.000
149 68 0.000
0 69 0.000
1 69 0.000
2 69 0.000
3 69 0.000
4 69 0.000
5 69 0.000
6 69 0.000
7 69 0.000
8 69 0.000
9 69 0.000
10 69 0.000
11 69 0.000
12 69 0.000
13 69 0.000
14 69 0.000
15 69 0.000
16 69 0.000
17 69 0.000
18 69 0.000
19 69 0.000
20 69 0.000
21 69 0.000
22 69 0.000
23 69 0.000
24 69 0.000
25 69 0.000
26 69 0.000
27 69 0.000
28 69 0.000
29 69 0.000
30 69 0.000
31 69 0.000
32 69 0.000
33 69 0.000
34 69 0.000
35 69 0.000
36 69 0.000
37 69 0.000
38 69 0.000
39 69 0.000
40 69 0.000
41 69 0.000
42 69 0.000
43 69 0.000
44 69 0.000
45 69 0.000
46 69 0.000
47 69 0.000
48 69 0.000
49 69 0.000
50 69 0.000
51 69 0.000
52 69 0.000
53 69 0.000
54 69 0.000
55 69 0.000
56 69 0.000
57 69 0.000
58 69 0.000
59 69 0.000
60 69 0.000
61 69 0.000
62 69 0.000
63 69 0.000
64 69 0.000
65 69 0.000
66 69 0.000
67 69 0.000
68 69 0.000
69 69 0.000
70 69 0.000
71 69 0.000
72 69 0.000
73 69 0.000
74 69 0.000
75 69 0.000
76 69 0.000
77 69 0.000
78 69 0.000
79 69 0.000
80 69 0.000
81 69 0.000
82 69 0.000
83 69 0.000
84 69 0.000
85 69 0.000
86 69 0.000
87 69 0.000
88 69 0.000
89 69 0.000
90 69 0.000
91 69 0.000
92 69 0.000
93 69 0.000
94 69 0.000
95 69 0.000
96 69 0.000
97 69 0.000
98 69 0.000
99 69 0.000
100 69 0.000
101 69 0.000
102 69 0.000
103 69 0.000
104 69 0.000
105 69 0.000
106 69 0.000
107 69 0.000
108 69 0.000
109 69 0.000
110 69 0.000
111 69 0.000
112 69 0.000
113 69 0.000
114 69 0.000
115 69 0.000
116 69 0.000
117 69 0.000
118 69 0.000
119 69 0.000
120 69 0.000
121 69 0.000
122 69 0.000
123 69 0.000
124 69 0.000
125 69 0.000
126 69 0.000
127 69 0.000
128 69 0.000
129 69 0.000
130 69 0.000
131 69 0.000
132 69 0.000
133 69 0.000
134 69 0.000
135 69 0.000
136 69 0.000
137 69 0.000
138 69 0.000
139 69 0.000
140 69 0.000
141 69 0.000
142 69 0.000
143 69 0.000
144 69 0.000
145 69 0.000
146 69 0.000
147 69 0.000
148 69 0.000
149 69 0.000
0 70 0.000
1 70 0.000
2 70 0.000
3 70 0.000
4 70 0.000
5 70 0.000
6 70 0.000
7 70 0.000
8 70 0.000
9 70 0.000
10 70 0.000
11 70 0.000
12 70 0.000
13 70 0.000
14 70 0.000
15 70 0.000
16 70 0.000
17 70 0.000
18 70 0.000
19 70 0.000
20 70 0.000
21 70 0.000
22 70 0.000
23 70 0.000
24 70 0.000
25 70 0.000
26 70 0.000
27 70 0.000
28 70 0.000
29 70 0.000
30 70 0.000
31 70 0.000
32 70 0.000
33 70 0.000
34 70 0.000
35 70 0.000
36 70 0.000
37 70 0.000
38 70 0.000
39 70 0.000
40 70 0.000
41 70 0.000
42 70 0.000
43 70 0.000
44 70 0.000
45 70 0.000
46 70 0.000
47 70 0.000
48 70 0.000
49 70 0.000
50 70 0.000
51 70 0.000
52 70 0.000
53 70 0.000
54 70 0.000
55 70 0.000
56 70 0.000
57 70 0.000
58 70 0.000
59 70 0.000
60 70 0.000
61 70 0.000
62 70 0.000
63 70 0.000
64 70 0.000
65 70 0.000
66 70 0.000
67 70 0.000
68 70 0.000
69 70 0.000
70 70 0.000
71 70 0.000
72 70 0.000
73 70 0.000
74 70 0.000
75 70 0.000
76 70 0.000
77 70 0.000
78 70 0.000
79 70 0.000
80 70 0.000
81 70 0.000
82 70 0.000
83 70 0.000
84 70 0.000
85 70 0.000
86 70 0.000
87 70 0.000
88 70 0.000
89 70 0.000
90 70 0.000
91 70 0.000
92 70 0.000
93 70 0.000
94 70 0.000
95 70 0.000
96 70 0.000
97 70 0.000
98 70 0.000
99 70 0.000
100 70 0.000
101 70 0.000
102 70 0.000
103 70 0.000
104 70 0.000
105 70 0.000
106 70 0.000
107 70 0.000
108 70 0.000
109 70 0.000
110 70 0.000
111 70 0.000
112 70 0.000
113 70 0.000
114 70 0.000
115 70 0.000
116 70 0.000
117 70 0.000
118 70 0.000
119 70 0.000
120 70 0.000
121 70 0.000
122 70 0.000
123 70 0.000
124 70 0.000
125 70 0.000
126 70 0.000
127 70 0.000
128 70 0.000
129 70 0.000
130 70 0.000
131 70 0.000
132 70 0.000
133 70 0.000
134 70 0.000
135 70 0.000
136 70 0.000
137 70 0.000
138 70 0.000
139 70 0.000
140 70 0.000
141 70 0.000
142 70 0.000
143 70 0.000
144 70 0.000
145 70 0.000
146 70 0.000
147 70 0.000
148 70 0.000
149 70 0.000
0 71 0.000
1 71 0.000
2 71 0.000
3 71 0.000
4 71 0.000
5 71 0.000
6 71 0.000
7 71 0.000
8 71 0.000
9 71 0.000
10 71 0.000
11 71 0.000
12 71 0.000
13 71 0.000
14 71 0.000
15 71 0.000
16 71 0.000
17 71 0.000
18 71 0.000
19 71 0.000
20 71 0.000
21 71 0.000
22 71 0.000
23 71 0.000
24 71 0.000
25 71 0.000
26 71 0.000
27 71 0.000
28 71 0.000
29 71 0.000
30 71 0.000
31 71 0.000
32 71 0.000
33 71 0.000
34 71 0.000
35 71 0.000
36 71 0.000
37 71 0.000
38 71 0.000
39 71 0.000
40 71 0.000
41 71 0.000
42 71 0.000
43 71 0.000
44 71 0.000
45 71 0.000
46 71 0.000
47 71 0.000
48 71 0.000
49 71 0.000
50 71 0.000
51 71 0.000
52 71 0.000
53 71 0.000
54 71 0.000
55 71 0.000
56 71 0.000
57 71 0.000
58 71 0.000
59 71 0.000
60 71 0.000
61 71 0.000
62 71 0.000
63 71 0.000
64 71 0.000
65 71 0.000
66 71 0.000
67 71 0.000
68 71 0.000
69 71 0.000
70 71 0.000
71 71 0.000
72 71 0.000
73 71 0.000
74 71 0.000
75 71 0.000
76 71 0.000
77 71 0.000
78 71 0.000
79 71 0.000
80 71 0.000
81 71 0.000
82 71 0.000
83 71 0.000
84 71 0.000
85 71 0.000
86 71 0.000
87 71 0.000
88 71 0.000
89 71 0.000
90 71 0.000
91 71 0.000
92 71 0.000
93 71 0.000
94 71 0.000
95 71 0.000
96 71 0.000
97 71 0.000
98 71 0.000
99 71 0.000
100 71 0.000
101 71 0.000
102 71 0.000
103 71 0.000
104 71 0.000
105 71 0.000
106 71 0.000
107 71 0.000
108 71 0.000
109 71 0.000
110 71 0.000
111 71 0.000
112 71 0.000
113 71 0.000
114 71 0.000
115 71 0.000
116 71 0.000
117 71 0.000
118 71 0.000
119 71 0.000
120 71 0.000
121 71 0.000
122 71 0.000
123 71 0.000
124 71 0.000
125 71 0.000
126 71 0.000
127 71 0.000
128 71 0.000
129 71 0.000
130 71 0.000
131 71 0.000
132 71 0.000
133 71 0.000
134 71 0.000
135 71 0.000
136 71 0.000
137 71 0.000
138 71 0.000
139 71 0.000
140 71 0.000
141 71 0.000
142 71 0.000
143 71 0.000
144 71 0.000
145 71 0.000
146 71 0.000
147 71 0.000
148 71 0.000
149 71 0.000
0 72 0.000
1 72 0.000
2 72 0.000
3 72 0.000
4 72 0.000
5 72 0.000
6 72 0.000
7 72 0.000
8 72 0.000
9 72 0.000
10 72 0.000
11 72 0.000
12 72 0.000
13 72 0.000
14 72 0.000
15 72 0.000
16 72 0.000
17 72 0.000
18 72 0.000
19 72 0.000
20 72 0.000
21 72 0.000
22 72 0.000
23 72 0.000
24 72 0.000
25 72 0.000
26 72 0.000
27 72 0.000
28 72 0.000
29 72 0.000
30 72 0.000
31 72 0.000
32 72 0.000
33 72 0.000
34 72 0.000
35 72 0.000
36 72 0.000
37 72 0.000
38 72 0.000
39 72 0.000
40 72 0.000
41 72 0.000
42 72 0.000
43 72 0.000
44 72 0.000
45 72 0.000
46 72 0.000
47 72 0.000
48 72 0.000
49 72 0.000
50 72 0.000
51 72 0.000
52 72 0.000
53 72 0.000
54 72 0.000
55 72 0.000
56 72 0.000
57 72 0.000
58 72 0.000
59 72 0.000
60 72 0.000
61 72 0.000
62 72 0.000
63 72 0.000
64 72 0.000
65 72 0.000
66 72 0.000
67 72 0.000
68 72 0.000
69 72 0.000
70 72 0.000
71 72 0.000
72 72 0.000
73 72 0.000
74 72 0.000
75 72 0.000
76 72 0.000
77 72 0.000
78 72 0.000
79 72 0.000
80 72 0.000
81 72 0.000
82 72 0.000
83 72 0.000
84 72 0.000
85 72 0.000
86 72 0.000
87 72 0.000
88 72 0.000
89 72 0.000
90 72 0.000
91 72 0.000
92 72 0.000
93 72 0.000
94 72 0.000
95 72 0.000
96 72 0.000
97 72 0.000
98 72 0.000
99 72 0.000
100 72 0.000
101 72 0.000
102 72 0.000
103 72 0.000
104 72 0.000
105 72 0.000
106 72 0.000
107 72 0.000
108 72 0.000
109 72 0.000
110 72 0.000
111 72 0.000
112 72 0.000
113 72 0.000
114 72 0.000
115 72 0.000
116 72 0.000
117 72 0.000
118 72 0.000
119 72 0.000
120 72 0.000
121 72 0.000
122 72 0.000
123 72 0.000
124 72 0.000
125 72 0.000
126 72 0.000
127 72 0.000
128 72 0.000
129 72 0.000
130 72 0.000
131 72 0.000
132 72 0.000
133 72 0.000
134 72 0.000
135 72 0.000
136 72 0.000
137 72 0.000
138 72 0.000
139 72 0.000
140 72 0.000
141 72 0.000
142 72 0.000
143 72 0.000
144 72 0.000
145 72 0.000
146 72 0.000
147 72 0.000
148 72 0.000
149 72 0.000
0 73 0.000
1 73 0.000
2 73 0.000
3 73 0.000
4 73 0.000
5 73 0.000
6 73 0.000
7 73 0.000
8 73 0.000
9 73 0.000
10 73 0.000
11 73 0.000
12 73 0.000
13 73 0.000
14 73 0.000
15 73 0.000
16 73 0.000
17 73 0.000
18 73 0.000
19 73 0.000
20 73 0.000
21 73 0.000
22 73 0.000
23 73 0.000
24 73 0.000
25 73 0.000
26 73 0.000
27 73 0.000
28 73 0.000
29 73 0.000
30 73 0.000
31 73 0.000
32 73 0.000
33 73 0.000
34 73 0.000
35 73 0.000
36 73 0.000
37 73 0.000
38 73 0.000
39 73 0.000
40 73 0.000
41 73 0.000
42 73 0.000
43 73 0.000
44 73 0.000
45 73 0.000
46 73 0.000
47 73 0.000
48 73 0.000
49 73 0.000
50 73 0.000
51 73 0.000
52 73 0.000
53 73 0.000
54 73 0.000
55 73 0.000
56 73 0.000
57 73 0.000
58 73 0.000
59 73 0.000
60 73 0.000
61 73 0.000
62 73 0.000
63 73 0.000
64 73 0.000
65 73 0.000
66 73 0.000
67 73 0.000
68 73 0.000
69 73 0.000
70 73 0.000
71 73 0.000
72 73 0.000
73 73 0.000
74 73 0.000
75 73 0.000
76 73 0.000
77 73 0.000
78 73 0.000
79 73 0.000
80 73 0.000
81 73 0.000
82 73 0.000
83 73 0.000
84 73 0.000
85 73 0.000
86 73 0.000
87 73 0.000
88 73 0.000
89 73 0.000
90 73 0.000
91 73 0.000
92 73 0.000
93 73 0.000
94 73 0.000
95 73 0.000
96 73 0.000
97 73 0.000
98 73 0.000
99 73 0.000
100 73 0.000
101 73 0.000
102 73 0.000
103 73 0.000
104 73 0.000
105 73 0.000
106 73 0.000
107 73 0.000
108 73 0.000
109 73 0.000
110 73 0.000
111 73 0.000
112 73 0.000
113 73 0.000
114 73 0.000
115 73 0.000
116 73 0.000
117 73 0.000
118 73 0.000
119 73 0.000
120 73 0.000
121 73 0.000
122 73 0.000
123 73 0.000
124 73 0.000
125 73 0.000
126 73 0.000
127 73 0.000
128 73 0.000
129 73 0.000
130 73 0.000
131 73 0.000
132 73 0.000
133 73 0.000
134 73 0.000
135 73 0.000
136 73 0.000
137 73 0.000
138 73 0.000
139 73 0.000
140 73 0.000
141 73 0.000
142 73 0.000
143 73 0.000
144 73 0.000
145 73 0.000
146 73 0.000
147 73 0.000
148 73 0.000
149 73 0.000
0 74 0.000
1 74 0.000
2 74 0.000
3 74 0.000
4 74 0.000
5 74 0.000
6 74 0.000
7 74 0.000
8 74 0.000
9 74 0.000
10 74 0.000
11 74 0.000
12 74 0.000
13 74 0.000
14 74 0.000
15 74 0.000
16 74 0.000
17 74 0.000
18 74 0.000
19 74 0.000
20 74 0.000
21 74 0.000
22 74 0.000
23 74 0.000
24 74 0.000
25 74 0.000
26 74 0.000
27 74 0.000
28 74 0.000
29 74 0.000
30 74 0.000
31 74 0.000
32 74 0.000
33 74 0.000
34 74 0.000
35 74 0.000
36 74 0.000
37 74 0.000
38 74 0.000
39 74 0.000
40 74 0.000
41 74 0.000
42 74 0.000
43 74 0.000
44 74 0.000
45 74 0.000
46 74 0.000
47 74 0.000
48 74 0.000
49 74 0.000
50 74 0.000
51 74 0.000
52 74 0.000
53 74 0.000
54 74 0.000
55 74 0.000
56 74 0.000
57 74 0.000
58 74 0.000
59 74 0.000
60 74 0.000
61 74 0.000
62 74 0.000
63 74 0.000
64 74 0.000
65 74 0.000
66 74 0.000
67 74 0.000
68 74 0.000
69 74 0.000
70 74 0.000
71 74 0.000
72 74 0.000
73 74 0.000
74 74 0.000
75 74 0.000
76 74 0.000
77 74 0.000
78 74 0.000
79 74 0.000
80 74 0.000
81 74 0.000
82 74 0.000
83 74 0.000
84 74 0.000
85 74 0.000
86 74 0.000
87 74 0.000
88 74 0.000
89 74 0.000
90 74 0.000
91 74 0.000
92 74 0.000
93 74 0.000
94 74 0.000
95 74 0.000
96 74 0.000
97 74 0.000
98 74 0.000
99 74 0.000
100 74 0.000
101 74 0.000
102 74 0.000
103 74 0.000
104 74 0.000
105 74 0.000
106 74 0.000
107 74 0.000
108 74 0.000
109 74 0.000
110 74 0.000
111 74 0.000
112 74 0.000
113 74 0.000
114 74 0.000
115 74 0.000
116 74 0.000
117 74 0.000
118 74 0.000
119 74 0.000
120 74 0.000
121 74 0.000
122 74 0.000
123 74 0.000
124 74 0.000
125 74 0.000
126 74 0.000
127 74 0.000
128 74 0.000
129 74 0.000
130 74 0.000
131 74 0.000
132 74 0.000
133 74 0.000
134 74 0.000
135 74 0.000
136 74 0.000
137 74 0.000
138 74 0.000
139 74 0.000
140 74 0.000
141 74 0.000
142 74 0.000
143 74 0.000
144 74 0.000
145 74 0.000
146 74 0.000
147 74 0.000
148 74 0.000
149 74 0.000
0 75 0.000
1 75 0.000
2 75 0.000
3 75 0.000
4 75 0.000
5 75 0.000
6 75 0.000
7 75 0.000
8 75 0.000
9 75 0.000
10 75 0.000
11 75 0.000
12 75 0.000
13 75 0.000
14 75 0.000
15 75 0.000
16 75 0.000
17 75 0.000
18 75 0.000
19 75 0.000
20 75 0.000
21 75 0.000
22 75 0.000
23 75 0.000
24 75 0.000
25 75 0.000
26 75 0.000
27 75 0.000
28 75 0.000
29 75 0.000
30 75 0.000
31 75 0.000
32 75 0.000
33 75 0.000
34 75 0.000
35 75 0.000
36 75 0.000
37 75 0.000
38 75 0.000
39 75 0.000
40 75 0.000
41 75 0.000
42 75 0.000
43 75 0.000
44 75 0.000
45 75 0.000
46 75 0.000
47 75 0.000
48 75 0.000
49 75 0.000
50 75 0.000
51 75 0.000
52 75 0.000
53 75 0.000
54 75 0.000
55 75 0.000
56 75 0.000
57 75 0.000
58 75 0.000
59 75 0.000
60 75 0.000
61 75 0.000
62 75 0.000
63 75 0.000
64 75 0.000
65 75 0.000
66 75 0.000
67 75 0.000
68 75 0.000
69 75 0.000
70 75 0.000
71 75 0.000
72 75 0.000
73 75 0.000
74 75 0.000
75 75 0.000
76 75 0.000
77 75 0.000
78 75 0.000
79 75 0.000
80 75 0.000
81 75 0.000
82 75 0.000
83 75 0.000
84 75 0.000
85 75 0.000
86 75 0.000
87 75 0.000
88 75 0.000
89 75 0.000
90 75 0.000
91 75 0.000
92 75 0.000
93 75 0.000
94 75 0.000
95 75 0.000
96 75 0.000
97 75 0.000
98 75 0.000
99 75 0.000
100 75 0.000
101 75 0.000
102 75 0.000
103 75 0.000
104 75 0.000
105 75 0.000
106 75 0.000
107 75 0.000
108 75 0.000
109 75 0.000
110 75 0.000
111 75 0.000
112 75 0.000
113 75 0.000
114 75 0.000
115 75 0.000
116 75 0.000
117 75 0.000
118 75 0.000
119 75 0.000
120 75 0.000
121 75 0.000
122 75 0.000
123 75 0.000
124 75 0.000
125 75 0.000
126 75 0.000
127 75 0.000
128 75 0.000
129 75 0.000
130 75 0.000
131 75 0.000
132 75 0.000
133 75 0.000
134 75 0.000
135 75 0.000
136 75 0.000
137 75 0.000
138 75 0.000
139 75 0.000
140 75 0.000
141 75 0.000
142 75 0.000
143 75 0.000
144 75 0.000
145 75 0.000
146 75 0.000
147 75 0.000
148 75 0.000
149 75 0.000
0 76 0.000
1 76 0.000
2 76 0.000
3 76 0.000
4 76 0.000
5 76 0.000
6 76 0.000
7 76 0.000
8 76 0.000
9 76 0.000
10 76 0.000
11 76 0.000
12 76 0.000
13 76 0.000
14 76 0.000
15 76 0.000
16 76 0.000
17 76 0.000
18 76 0.000
19 76 0.000
20 76 0.000
21 76 0.000
22 76 0.000
23 76 0.000
24 76 0.000
25 76 0.000
26 76 0.000
27 76 0.000
28 76 0.000
29 76 0.000
30 76 0.000
31 76 0.000
32 76 0.000
33 76 0.000
34 76 0.000
35 76 0.000
36 76 0.000
37 76 0.000
38 76 0.000
39 76 0.000
40 76 0.000
41 76 0.000
42 76 0.000
43 76 0.000
44 76 0.000
45 76 0.000
46 76 0.000
47 76 0.000
48 76 0.000
49 76 0.000
50 76 0.000
51 76 0.000
52 76 0.000
53 76 0.000
54 76 0.000
55 76 0.000
56 76 0.000
57 76 0.000
58 76 0.000
59 76 0.000
60 76 0.000
61 76 0.000
62 76 0.000
63 76 0.000
64 76 0.000
65 76 0.000
66 76 0.000
67 76 0.000
68 76 0.000
69 76 0.000
70 76 0.000
71 76 0.000
72 76 0.000
73 76 0.000
74 76 0.000
75 76 0.000
76 76 0.000
77 76 0.000
78 76 0.000
79 76 0.000
80 76 0.000
81 76 0.000
82 76 0.000
83 76 0.000
84 76 0.000
85 76 0.000
86 76 0.000
87 76 0.000
88 76 0.000
89 76 0.000
90 76 0.000
91 76 0.000
92 76 0.000
93 76 0.000
94 76 0.000
95 76 0.000
96 76 0.000
97 76 0.000
98 76 0.000
99 76 0.000
100 76 0.000
101 76 0.000
102 76 0.000
103 76 0.000
104 76 0.000
105 76 0.000
106 76 0.000
107 76 0.000
108 76 0.000
109 76 0.000
110 76 0.000
111 76 0.000
112 76 0.000
113 76 0.000
114 76 0.000
115 76 0.000
116 76 0.000
117 76 0.000
118 76 0.000
119 76 0.000
120 76 0.000
121 76 0.000
122 76 0.000
123 76 0.000
124 76 0.000
125 76 0.000
126 76 0.000
127 76 0.000
128 76 0.000
129 76 0.000
130 76 0.000
131 76 0.000
132 76 0.000
133 76 0.000
134 76 0.000
135 76 0.000
136 76 0.000
137 76 0.000
138 76 0.000
139 76 0.000
140 76 0.000
141 76 0.000
142 76 0.000
143 76 0.000
144 76 0.000
145 76 0.000
146 76 0.000
147 76 0.000
148 76 0.000
149 76 0.000
0 77 0.000
1 77 0.000
2 77 0.000
3 77 0.000
4 77 0.000
5 77 0.000
6 77 0.000
7 77 0.000
8 77 0.000
9 77 0.000
10 77 0.000
11 77 0.000
12 77 0.000
13 77 0.000
14 77 0.000
15 77 0.000
16 77 0.000
17 77 0.000
18 77 0.000
19 77 0.000
20 77 0.000
21 77 0.000
22 77 0.000
23 77 0.000
24 77 0.000
25 77 0.000
26 77 0.000
27 77 0.000
28 77 0.000
29 77 0.000
30 77 0.000
31 77 0.000
32 77 0.000
33 77 0.000
34 77 0.000
35 77 0.000
36 77 0.000
37 77 0.000
38 77 0.000
39 77 0.000
40 77 0.000
41 77 0.000
42 77 0.000
43 77 0.000
44 77 0.000
45 77 0.000
46 77 0.000
47 77 0.000
48 77 0.000
49 77 0.000
50 77 0.000
51 77 0.000
52 77 0.000
53 77 0.000
54 77 0.000
55 77 0.000
56 77 0.000
57 77 0.000
58 77 0.000
59 77 0.000
60 77 0.000
61 77 0.000
62 77 0.000
63 77 0.000
64 77 0.000
65 77 0.000
66 77 0.000
67 77 0.000
68 77 0.000
69 77 0.000
70 77 0.000
71 77 0.000
72 77 0.000
73 77 0.000
74 77 0.000
75 77 0.000
76 77 0.000
77 77 0.000
78 77 0.000
79 77 0.000
80 77 0.000
81 77 0.000
82 77 0.000
83 77 0.000
84 77 0.000
85 77 0.000
86 77 0.000
87 77 0.000
88 77 0.000
89 77 0.000
90 77 0.000
91 77 0.000
92 77 0.000
93 77 0.000
94 77 0.000
95 77 0.000
96 77 0.000
97 77 0.000
98 77 0.000
99 77 0.000
100 77 0.000
101 77 0.000
102 77 0.000
103 77 0.000
104 77 0.000
105 77 0.000
106 77 0.000
107 77 0.000
108 77 0.000
109 77 0.000
110 77 0.000
111 77 0.000
112 77 0.000
113 77 0.000
114 77 0.000
115 77 0.000
116 77 0.000
117 77 0.000
118 77 0.000
119 77 0.000
120 77 0.000
121 77 0.000
122 77 0.000
123 77 0.000
124 77 0.000
125 77 0.000
126 77 0.000
127 77 0.000
128 77 0.000
129 77 0.000
130 77 0.000
131 77 0.000
132 77 0.000
133 77 0.000
134 77 0.000
135 77 0.000
136 77 0.000
137 77 0.000
138 77 0.000
139 77 0.000
140 77 0.000
141 77 0.000
142 77 0.000
143 77 0.000
144 77 0.000
145 77 0.000
146 77 0.000
147 77 0.000
148 77 0.000
149 77 0.000
0 78 0.000
1 78 0.000
2 78 0.000
3 78 0.000
4 78 0.000
5 78 0.000
6 78 0.000
7 78 0.000
8 78 0.000
9 78 0.000
10 78 0.000
11 78 0.000
12 78 0.000
13 78 0.000
14 78 0.000
15 78 0.000
16 78 0.000
17 78 0.000
18 78 0.000
19 78 0.000
20 78 0.000
21 78 0.000
22 78 0.000
23 78 0.000
24 78 0.000
25 78 0.000
26 78 0.000
27 78 0.000
28 78 0.000
29 78 0.000
30 78 0.000
31 78 0.000
32 78 0.000
33 78 0.000
34 78 0.000
35 78 0.000
36 78 0.000
37 78 0.000
38 78 0.000
39 78 0.000
40 78 0.000
41 78 0.000
42 78 0.000
43 78 0.000
44 78 0.000
45 78 0.000
46 78 0.000
47 78 0.000
48 78 0.000
49 78 0.000
50 78 0.000
51 78 0.000
52 78 0.000
53 78 0.000
54 78 0.000
55 78 0.000
56 78 0.000
57 78 0.000
58 78 0.000
59 78 0.000
60 78 0.000
61 78 0.000
62 78 0.000
63 78 0.000
64 78 0.000
65 78 0.000
66 78 0.000
67 78 0.000
68 78 0.000
69 78 0.000
70 78 0.000
71 78 0.000
72 78 0.000
73 78 0.000
74 78 0.000
75 78 0.000
76 78 0.000
77 78 0.000
78 78 0.000
79 78 0.000
80 78 0.000
81 78 0.000
82 78 0.000
83 78 0.000
84 78 0.000
85 78 0.000
86 78 0.000
87 78 0.000
88 78 0.000
89 78 0.000
90 78 0.000
91 78 0.000
92 78 0.000
93 78 0.000
94 78 0.000
95 78 0.000
96 78 0.000
97 78 0.000
98 78 0.000
99 78 0.000
100 78 0.000
101 78 0.000
102 78 0.000
103 78 0.000
104 78 0.000
105 78 0.000
106 78 0.000
107 78 0.000
108 78 0.000
109 78 0.000
110 78 0.000
111 78 0.000
112 78 0.000
113 78 0.000
114 78 0.000
115 78 0.000
116 78 0.000
117 78 0.000
118 78 0.000
119 78 0.000
120 78 0.000
121 78 0.000
122 78 0.000
123 78 0.000
124 78 0.000
125 78 0.000
126 78 0.000
127 78 0.000
128 78 0.000
129 78 0.000
130 78 0.000
131 78 0.000
132 78 0.000
133 78 0.000
134 78 0.000
135 78 0.000
136 78 0.000
137 78 0.000
138 78 0.000
139 78 0.000
140 78 0.000
141 78 0.000
142 78 0.000
143 78 0.000
144 78 0.000
145 78 0.000
146 78 0.000
147 78 0.000
148 78 0.000
149 78 0.000
0 79 0.000
1 79 0.000
2 79 0.000
3 79 0.000
4 79 0.000
5 79 0.000
6 79 0.000
7 79 0.000
8 79 0.000
9 79 0.000
10 79 0.000
11 79 0.000
12 79 0.000
13 79 0.000
14 79 0.000
15 79 0.000
16 79 0.000
17 79 0.000
18 79 0.000
19 79 0.000
20 79 0.000
21 79 0.000
22 79 0.000
23 79 0.000
24 79 0.000
25 79 0.000
26 79 0.000
27 79 0.000
28 79 0.000
29 79 0.000
30 79 0.000
31 79 0.000
32 79 0.000
33 79 0.000
34 79 0.000
35 79 0.000
36 79 0.000
37 79 0.000
38 79 0.000
39 79 0.000
40 79 0.000
41 79 0.000
42 79 0.000
43 79 0.000
44 79 0.000
45 79 0.000
46 79 0.000
47 79 0.000
48 79 0.000
49 79 0.000
50 79 0.000
51 79 0.000
52 79 0.000
53 79 0.000
54 79 0.000
55 79 0.000
56 79 0.000
57 79 0.000
58 79 0.000
59 79 0.000
60 79 0.000
61 79 0.000
62 79 0.000
63 79 0.000
64 79 0.000
65 79 0.000
66 79 0.000
67 79 0.000
68 79 0.000
69 79 0.000
70 79 0.000
71 79 0.000
72 79 0.000
73 79 0.000
74 79 0.000
75 79 0.000
76 79 0.000
77 79 0.000
78 79 0.000
79 79 0.000
80 79 0.000
81 79 0.000
82 79 0.000
83 79 0.000
84 79 0.000
85 79 0.000
86 79 0.000
87 79 0.000
88 79 0.000
89 79 0.000
90 79 0.000
91 79 0.000
92 79 0.000
93 79 0.000
94 79 0.000
95 79 0.000
96 79 0.000
97 79 0.000
98 79 0.000
99 79 0.000
100 79 0.000
101 79 0.000
102 79 0.000
103 79 0.000
104 79 0.000
105 79 0.000
106 79 0.000
107 79 0.000
108 79 0.000
109 79 0.000
110 79 0.000
111 79 0.000
112 79 0.000
113 79 0.000
114 79 0.000
115 79 0.000
116 79 0.000
117 79 0.000
118 79 0.000
119 79 0.000
120 79 0.000
121 79 0.000
122 79 0.000
123 79 0.000
124 79 0.000
125 79 0.000
126 79 0.000
127 79 0.000
128 79 0.000
129 79 0.000
130 79 0.000
131 79 0.000
132 79 0.000
133 79 0.000
134 79 0.000
135 79 0.000
136 79 0.000
137 79 0.000
138 79 0.000
139 79 0.000
140 79 0.000
141 79 0.000
142 79 0.000
143 79 0.000
144 79 0.000
145 79 0.000
146 79 0.000
147 79 0.000
148 79 0.000
149 79 0.000
0 80 0.000
1 80 0.000
2 80 0.000
3 80 0.000
4 80 0.000
5 80 0.000
6 80 0.000
7 80 0.000
8 80 0.000
9 80 0.000
10 80 0.000
11 80 0.000
12 80 0.000
13 80 0.000
14 80 0.000
15 80 0.000
16 80 0.000
17 80 0.000
18 80 0.000
19 80 0.000
20 80 0.000
21 80 0.000
22 80 0.000
23 80 0.000
24 80 0.000
25 80 0.000
26 80 0.000
27 80 0.000
28 80 0.000
29 80 0.000
30 80 0.000
31 80 0.000
32 80 0.000
33 80 0.000
34 80 0.000
35 80 0.000
36 80 0.000
37 80 0.000
38 80 0.000
39 80 0.000
40 80 0.000
41 80 0.000
42 80 0.000
43 80 0.000
44 80 0.000
45 80 0.000
46 80 0.000
47 80 0.000
48 80 0.000
49 80 0.000
50 80 0.000
51 80 0.000
52 80 0.000
53 80 0.000
54 80 0.000
55 80 0.000
56 80 0.000
57 80 0.000
58 80 0.000
59 80 0.000
60 80 0.000
61 80 0.000
62 80 0.000
63 80 0.000
64 80 0.000
65 80 0.000
66 80 0.000
67 80 0.000
68 80 0.000
69 80 0.000
70 80 0.000
71 80 0.000
72 80 0.000
73 80 0.000
74 80 0.000
75 80 0.000
76 80 0.000
77 80 0.000
78 80 0.000
79 80 0.000
80 80 0.000
81 80 0.000
82 80 0.000
83 80 0.000
84 80 0.000
85 80 0.000
86 80 0.000
87 80 0.000
88 80 0.000
89 80 0.000
90 80 0.000
91 80 0.000
92 80 0.000
93 80 0.000
94 80 0.000
95 80 0.000
96 80 0.000
97 80 0.000
98 80 0.000
99 80 0.000
100 80 0.000
101 80 0.000
102 80 0.000
103 80 0.000
104 80 0.000
105 80 0.000
106 80 0.000
107 80 0.000
108 80 0.000
109 80 0.000
110 80 0.000
111 80 0.000
112 80 0.000
113 80 0.000
114 80 0.000
115 80 0.000
116 80 0.000
117 80 0.000
118 80 0.000
119 80 0.000
120 80 0.000
121 80 0.000
122 80 0.000
123 80 0.000
124 80 0.000
125 80 0.000
126 80 0.000
127 80 0.000
128 80 0.000
129 80 0.000
130 80 0.000
131 80 0.000
132 80 0.000
133 80 0.000
134 80 0.000
135 80 0.000
136 80 0.000
137 80 0.000
138 80 0.000
139 80 0.000
140 80 0.000
141 80 0.000
142 80 0.000
143 80 0.000
144 80 0.000
145 80 0.000
146 80 0.000
147 80 0.000
148 80 0.000
149 80 0.000
0 81 0.000
1 81 0.000
2 81 0.000
3 81 0.000
4 81 0.000
5 81 0.000
6 81 0.000
7 81 0.000
8 81 0.000
9 81 0.000
10 81 0.000
11 81 0.000
12 81 0.000
13 81 0.000
14 81 0.000
15 81 0.000
16 81 0.000
17 81 0.000
18 81 0.000
19 81 0.000
20 81 0.000
21 81 0.000
22 81 0.000
23 81 0.000
24 81 0.000
25 81 0.000
26 81 0.000
27 81 0.000
28 81 0.000
29 81 0.000
30 81 0.000
31 81 0.000
32 81 0.000
33 81 0.000
34 81 0.000
35 81 0.000
36 81 0.000
37 81 0.000
38 81 0.000
39 81 0.000
40 81 0.000
41 81 0.000
42 81 0.000
43 81 0.000
44 81 0.000
45 81 0.000
46 81 0.000
47 81 0.000
48 81 0.000
49 81 0.000
50 81 0.000
51 81 0.000
52 81 0.000
53 81 0.000
54 81 0.000
55 81 0.000
56 81 0.000
57 81 0.000
58 81 0.000
59 81 0.000
60 81 0.000
61 81 0.000
62 81 0.000
63 81 0.000
64 81 0.000
65 81 0.000
66 81 0.000
67 81 0.000
68 81 0.000
69 81 0.000
70 81 0.000
71 81 0.000
72 81 0.000
73 81 0.000
74 81 0.000
75 81 0.000
76 81 0.000
77 81 0.000
78 81 0.000
79 81 0.000
80 81 0.000
81 81 0.000
82 81 0.000
83 81 0.000
84 81 0.000
85 81 0.000
86 81 0.000
87 81 0.000
88 81 0.000
89 81 0.000
90 81 0.000
91 81 0.000
92 81 0.000
93 81 0.000
94 81 0.000
95 81 0.000
96 81 0.000
97 81 0.000
98 81 0.000
99 81 0.000
100 81 0.000
101 81 0.000
102 81 0.000
103 81 0.000
104 81 0.000
105 81 0.000
106 81 0.000
107 81 0.000
108 81 0.000
109 81 0.000
110 81 0.000
111 81 0.000
112 81 0.000
113 81 0.000
114 81 0.000
115 81 0.000
116 81 0.000
117 81 0.000
118 81 0.000
119 81 0.000
120 81 0.000
121 81 0.000
122 81 0.000
123 81 0.000
124 81 0.000
125 81 0.000
126 81 0.000
127 81 0.000
128 81 0.000
129 81 0.000
130 81 0.000
131 81 0.000
132 81 0.000
133 81 0.000
134 81 0.000
135 81 0.000
136 81 0.000
137 81 0.000
138 81 0.000
139 81 0.000
140 81 0.000
141 81 0.000
142 81 0.000
143 81 0.000
144 81 0.000
145 81 0.000
146 81 0.000
147 81 0.000
148 81 0.000
149 81 0.000
0 82 0.000
1 82 0.000
2 82 0.000
3 82 0.000
4 82 0.000
5 82 0.000
6 82 0.000
7 82 0.000
8 82 0.000
9 82 0.000
10 82 0.000
11 82 0.000
12 82 0.000
13 82 0.000
14 82 0.000
15 82 0.000
16 82 0.000
17 82 0.000
18 82 0.000
19 82 0.000
20 82 0.000
21 82 0.000
22 82 0.000
23 82 0.000
24 82 0.000
25 82 0.000
26 82 0.000
27 82 0.000
28 82 0.000
29 82 0.000
30 82 0.000
31 82 0.000
32 82 0.000
33 82 0.000
34 82 0.000
35 82 0.000
36 82 0.000
37 82 0.000
38 82 0.000
39 82 0.000
40 82 0.000
41 82 0.000
42 82 0.000
43 82 0.000
44 82 0.000
45 82 0.000
46 82 0.000
47 82 0.000
48 82 0.000
49 82 0.000
50 82 0.000
51 82 0.000
52 82 0.000
53 82 0.000
54 82 0.000
55 82 0.000
56 82 0.000
57 82 0.000
58 82 0.000
59 82 0.000
60 82 0.000
61 82 0.000
62 82 0.000
63 82 0.000
64 82 0.000
65 82 0.000
66 82 0.000
67 82 0.000
68 82 0.000
69 82 0.000
70 82 0.000
71 82 0.000
72 82 0.000
73 82 0.000
74 82 0.000
75 82 0.000
76 82 0.000
77 82 0.000
78 82 0.000
79 82 0.000
80 82 0.000
81 82 0.000
82 82 0.000
83 82 0.000
84 82 0.000
85 82 0.000
86 82 0.000
87 82 0.000
88 82 0.000
89 82 0.000
90 82 0.000
91 82 0.000
92 82 0.000
93 82 0.000
94 82 0.000
95 82 0.000
96 82 0.000
97 82 0.000
98 82 0.000
99 82 0.000
100 82 0.000
101 82 0.000
102 82 0.000
103 82 0.000
104 82 0.000
105 82 0.000
106 82 0.000
107 82 0.000
108 82 0.000
109 82 0.000
110 82 0.000
111 82 0.000
112 82 0.000
113 82 0.000
114 82 0.000
115 82 0.000
116 82 0.000
117 82 0.000
118 82 0.000
119 82 0.000
120 82 0.000
121 82 0.000
122 82 0.000
123 82 0.000
124 82 0.000
125 82 0.000
126 82 0.000
127 82 0.000
128 82 0.000
129 82 0.000
130 82 0.000
131 82 0.000
132 82 0.000
133 82 0.000
134 82 0.000
135 82 0.000
136 82 0.000
137 82 0.000
138 82 0.000
139 82 0.000
140 82 0.000
141 82 0.000
142 82 0.000
143 82 0.000
144 82 0.000
145 82 0.000
146 82 0.000
147 82 0.000
148 82 0.000
149 82 0.000
0 83 0.000
1 83 0.000
2 83 0.000
3 83 0.000
4 83 0.000
5 83 0.000
6 83 0.000
7 83 0.000
8 83 0.000
9 83 0.000
10 83 0.000
11 83 0.000
12 83 0.000
13 83 0.000
14 83 0.000
15 83 0.000
16 83 0.000
17 83 0.000
18 83 0.000
19 83 0.000
20 83 0.000
21 83 0.000
22 83 0.000
23 83 0.000
24 83 0.000
25 83 0.000
26 83 0.000
27 83 0.000
28 83 0.000
29 83 0.000
30 83 0.000
31 83 0.000
32 83 0.000
33 83 0.000
34 83 0.000
35 83 0.000
36 83 0.000
37 83 0.000
38 83 0.000
39 83 0.000
40 83 0.000
41 83 0.000
42 83 0.000
43 83 0.000
44 83 0.000
45 83 0.000
46 83 0.000
47 83 0.000
48 83 0.000
49 83 0.000
50 83 0.000
51 83 0.000
52 83 0.000
53 83 0.000
54 83 0.000
55 83 0.000
56 83 0.000
57 83 0.000
58 83 0.000
59 83 0.000
60 83 0.000
61 83 0.000
62 83 0.000
63 83 0.000
64 83 0.000
65 83 0.000
66 83 0.000
67 83 0.000
68 83 0.000
69 83 0.000
70 83 0.000
71 83 0.000
72 83 0.000
73 83 0.000
74 83 0.000
75 83 0.000
76 83 0.000
77 83 0.000
78 83 0.000
79 83 0.000
80 83 0.000
81 83 0.000
82 83 0.000
83 83 0.000
84 83 0.000
85 83 0.000
86 83 0.000
87 83 0.000
88 83 0.000
89 83 0.000
90 83 0.000
91 83 0.000
92 83 0.000
93 83 0.000
94 83 0.000
95 83 0.000
96 83 0.000
97 83 0.000
98 83 0.000
99 83 0.000
100 83 0.000
101 83 0.000
102 83 0.000
103 83 0.000
104 83 0.000
105 83 0.000
106 83 0.000
107 83 0.000
108 83 0.000
109 83 0.000
110 83 0.000
111 83 0.000
112 83 0.000
113 83 0.000
114 83 0.000
115 83 0.000
116 83 0.000
117 83 0.000
118 83 0.000
119 83 0.000
120 83 0.000
121 83 0.000
122 83 0.000
123 83 0.000
124 83 0.000
125 83 0.000
126 83 0.000
127 83 0.000
128 83 0.000
129 83 0.000
130 83 0.000
131 83 0.000
132 83 0.000
133 83 0.000
134 83 0.000
135 83 0.000
136 83 0.000
137 83 0.000
138 83 0.000
139 83 0.000
140 83 0.000
141 83 0.000
142 83 0.000
143 83 0.000
144 83 0.000
145 83 0.000
146 83 0.000
147 83 0.000
148 83 0.000
149 83 0.000
0 84 0.000
1 84 0.000
2 84 0.000
3 84 0.000
4 84 0.000
5 84 0.000
6 84 0.000
7 84 0.000
8 84 0.000
9 84 0.000
10 84 0.000
11 84 0.000
12 84 0.000
13 84 0.000
14 84 0.000
15 84 0.000
16 84 0.000
17 84 0.000
18 84 0.000
19 84 0.000
20 84 0.000
21 84 0.000
22 84 0.000
23 84 0.000
24 84 0.000
25 84 0.000
26 84 0.000
27 84 0.000
28 84 0.000
29 84 0.000
30 84 0.000
31 84 0.000
32 84 0.000
33 84 0.000
34 84 0.000
35 84 0.000
36 84 0.000
37 84 0.000
38 84 0.000
39 84 0.000
40 84 0.000
41 84 0.000
42 84 0.000
43 84 0.000
44 84 0.000
45 84 0.000
46 84 0.000
47 84 0.000
48 84 0.000
49 84 0.000
50 84 0.000
51 84 0.000
52 84 0.000
53 84 0.000
54 84 0.000
55 84 0.000
56 84 0.000
57 84 0.000
58 84 0.000
59 84 0.000
60 84 0.000
61 84 0.000
62 84 0.000
63 84 0.000
64 84 0.000
65 84 0.000
66 84 0.000
67 84 0.000
68 84 0.000
69 84 0.000
70 84 0.000
71 84 0.000
72 84 0.000
73 84 0.000
74 84 0.000
75 84 0.000
76 84 0.000
77 84 0.000
78 84 0.000
79 84 0.000
80 84 0.000
81 84 0.000
82 84 0.000
83 84 0.000
84 84 0.000
85 84 0.000
86 84 0.000
87 84 0.000
88 84 0.000
89 84 0.000
90 84 0.000
91 84 0.000
92 84 0.000
93 84 0.000
94 84 0.000
95 84 0.000
96 84 0.000
97 84 0.000
98 84 0.000
99 84 0.000
100 84 0.000
101 84 0.000
102 84 0.000
103 84 0.000
104 84 0.000
105 84 0.000
106 84 0.000
107 84 0.000
108 84 0.000
109 84 0.000
110 84 0.000
111 84 0.000
112 84 0.000
113 84 0.000
114 84 0.000
115 84 0.000
116 84 0.000
117 84 0.000
118 84 0.000
119 84 0.000
120 84 0.000
121 84 0.000
122 84 0.000
123 84 0.000
124 84 0.000
125 84 0.000
126 84 0.000
127 84 0.000
128 84 0.000
129 84 0.000
130 84 0.000
131 84 0.000
132 84 0.000
133 84 0.000
134 84 0.000
135 84 0.000
136 84 0.000
137 84 0.000
138 84 0.000
139 84 0.000
140 84 0.000
141 84 0.000
142 84 0.000
143 84 0.000
144 84 0.000
145 84 0.000
146 84 0.000
147 84 0.000
148 84 0.000
149 84 0.000
0 85 0.000
1 85 0.000
2 85 0.000
3 85 0.000
4 85 0.000
5 85 0.000
6 85 0.000
7 85 0.000
8 85 0.000
9 85 0.000
10 85 0.000
11 85 0.000
12 85 0.000
13 85 0.000
14 85 0.000
15 85 0.000
16 85 0.000
17 85 0.000
18 85 0.000
19 85 0.000
20 85 0.000
21 85 0.000
22 85 0.000
23 85 0.000
24 85 0.000
25 85 0.000
26 85 0.000
27 85 0.000
28 85 0.000
29 85 0.000
30 85 0.000
31 85 0.000
32 85 0.000
33 85 0.000
34 85 0.000
35 85 0.000
36 85 0.000
37 85 0.000
38 85 0.000
39 85 0.000
40 85 0.000
41 85 0.000
42 85 0.000
43 85 0.000
44 85 0.000
45 85 0.000
46 85 0.000
47 85 0.000
48 85 0.000
49 85 0.000
50 85 0.000
51 85 0.000
52 85 0.000
53 85 0.000
54 85 0.000
55 85 0.000
56 85 0.000
57 85 0.000
58 85 0.000
59 85 0.000
60 85 0.000
61 85 0.000
62 85 0.000
63 85 0.000
64 85 0.000
65 85 0.000
66 85 0.000
67 85 0.000
68 85 0.000
69 85 0.000
70 85 0.000
71 85 0.000
72 85 0.000
73 85 0.000
74 85 0.000
75 85 0.000
76 85 0.000
77 85 0.000
78 85 0.000
79 85 0.000
80 85 0.000
81 85 0.000
82 85 0.000
83 85 0.000
84 85 0.000
85 85 0.000
86 85 0.000
87 85 0.000
88 85 0.000
89 85 0.000
90 85 0.000
91 85 0.000
92 85 0.000
93 85 0.000
94 85 0.000
95 85 0.000
96 85 0.000
97 85 0.000
98 85 0.000
99 85 0.000
100 85 0.000
101 85 0.000
102 85 0.000
103 85 0.000
104 85 0.000
105 85 0.000
106 85 0.000
107 85 0.000
108 85 0.000
109 85 0.000
110 85 0.000
111 85 0.000
112 85 0.000
113 85 0.000
114 85 0.000
115 85 0.000
116 85 0.000
117 85 0.000
118 85 0.000
119 85 0.000
120 85 0.000
121 85 0.000
122 85 0.000
123 85 0.000
124 85 0.000
125 85 0.000
126 85 0.000
127 85 0.000
128 85 0.000
129 85 0.000
130 85 0.000
131 85 0.000
132 85 0.000
133 85 0.000
134 85 0.000
135 85 0.000
136 85 0.000
137 85 0.000
138 85 0.000
139 85 0.000
140 85 0.000
141 85 0.000
142 85 0.000
143 85 0.000
144 85 0.000
145 85 0.000
146 85 0.000
147 85 0.000
148 85 0.000
149 85 0.000
0 86 0.000
1 86 0.000
2 86 0.000
3 86 0.000
4 86 0.000
5 86 0.000
6 86 0.000
7 86 0.000
8 86 0.000
9 86 0.000
10 86 0.000
11 86 0.000
12 86 0.000
13 86 0.000
14 86 0.000
15 86 0.000
16 86 0.000
17 86 0.000
18 86 0.000
19 86 0.000
20 86 0.000
21 86 0.000
22 86 0.000
23 86 0.000
24 86 0.000
25 86 0.000
26 86 0.000
27 86 0.000
28 86 0.000
29 86 0.000
30 86 0.000
31 86 0.000
32 86 0.000
33 86 0.000
34 86 0.000
35 86 0.000
36 86 0.000
37 86 0.000
38 86 0.000
39 86 0.000
40 86 0.000
41 86 0.000
42 86 0.000
43 86 0.000
44 86 0.000
45 86 0.000
46 86 0.000
47 86 0.000
48 86 0.000
49 86 0.000
50 86 0.000
51 86 0.000
52 86 0.000
53 86 0.000
54 86 0.000
55 86 0.000
56 86 0.000
57 86 0.000
58 86 0.000
59 86 0.000
60 86 0.000
61 86 0.000
62 86 0.000
63 86 0.000
64 86 0.000
65 86 0.000
66 86 0.000
67 86 0.000
68 86 0.000
69 86 0.000
70 86 0.000
71 86 0.000
72 86 0.000
73 86 0.000
74 86 0.000
75 86 0.000
76 86 0.000
77 86 0.000
78 86 0.000
79 86 0.000
80 86 0.000
81 86 0.000
82 86 0.000
83 86 0.000
84 86 0.000
85 86 0.000
86 86 0.000
87 86 0.000
88 86 0.000
89 86 0.000
90 86 0.000
91 86 0.000
92 86 0.000
93 86 0.000
94 86 0.000
95 86 0.000
96 86 0.000
97 86 0.000
98 86 0.000
99 86 0.000
100 86 0.000
101 86 0.000
102 86 0.000
103 86 0.000
104 86 0.000
105 86 0.000
106 86 0.000
107 86 0.000
108 86 0.000
109 86 0.000
110 86 0.000
111 86 0.000
112 86 0.000
113 86 0.000
114 86 0.000
115 86 0.000
116 86 0.000
117 86 0.000
118 86 0.000
119 86 0.000
120 86 0.000
121 86 0.000
122 86 0.000
123 86 0.000
124 86 0.000
125 86 0.000
126 86 0.000
127 86 0.000
128 86 0.000
129 86 0.000
130 86 0.000
131 86 0.000
132 86 0.000
133 86 0.000
134 86 0.000
135 86 0.000
136 86 0.000
137 86 0.000
138 86 0.000
139 86 0.000
140 86 0.000
141 86 0.000
142 86 0.000
143 86 0.000
144 86 0.000
145 86 0.000
146 86 0.000
147 86 0.000
148 86 0.000
149 86 0.000
0 87 0.000
1 87 0.000
2 87 0.000
3 87 0.000
4 87 0.000
5 87 0.000
6 87 0.000
7 87 0.000
8 87 0.000
9 87 0.000
10 87 0.000
11 87 0.000
12 87 0.000
13 87 0.000
14 87 0.000
15 87 0.000
16 87 0.000
17 87 0.000
18 87 0.000
19 87 0.000
20 87 0.000
21 87 0.000
22 87 0.000
23 87 0.000
24 87 0.000
25 87 0.000
26 87 0.000
27 87 0.000
28 87 0.000
29 87 0.000
30 87 0.000
31 87 0.000
32 87 0.000
33 87 0.000
34 87 0.000
35 87 0.000
36 87 0.000
37 87 0.000
38 87 0.000
39 87 0.000
40 87 0.000
41 87 0.000
42 87 0.000
43 87 0.000
44 87 0.000
45 87 0.000
46 87 0.000
47 87 0.000
48 87 0.000
49 87 0.000
50 87 0.000
51 87 0.000
52 87 0.000
53 87 0.000
54 87 0.000
55 87 0.000
56 87 0.000
57 87 0.000
58 87 0.000
59 87 0.000
60 87 0.000
61 87 0.000
62 87 0.000
63 87 0.000
64 87 0.000
65 87 0.000
66 87 0.000
67 87 0.000
68 87 0.000
69 87 0.000
70 87 0.000
71 87 0.000
72 87 0.000
73 87 0.000
74 87 0.000
75 87 0.000
76 87 0.000
77 87 0.000
78 87 0.000
79 87 0.000
80 87 0.000
81 87 0.000
82 87 0.000
83 87 0.000
84 87 0.000
85 87 0.000
86 87 0.000
87 87 0.000
88 87 0.000
89 87 0.000
90 87 0.000
91 87 0.000
92 87 0.000
93 87 0.000
94 87 0.000
95 87 0.000
96 87 0.000
97 87 0.000
98 87 0.000
99 87 0.000
100 87 0.000
101 87 0.000
102 87 0.000
103 87 0.000
104 87 0.000
105 87 0.000
106 87 0.000
107 87 0.000
108 87 0.000
109 87 0.000
110 87 0.000
111 87 0.000
112 87 0.000
113 87 0.000
114 87 0.000
115 87 0.000
116 87 0.000
117 87 0.000
118 87 0.000
119 87 0.000
120 87 0.000
121 87 0.000
122 87 0.000
123 87 0.000
124 87 0.000
125 87 0.000
126 87 0.000
127 87 0.000
128 87 0.000
129 87 0.000
130 87 0.000
131 87 0.000
132 87 0.000
133 87 0.000
134 87 0.000
135 87 0.000
136 87 0.000
137 87 0.000
138 87 0.000
139 87 0.000
140 87 0.000
141 87 0.000
142 87 0.000
143 87 0.000
144 87 0.000
145 87 0.000
146 87 0.000
147 87 0.000
148 87 0.000
149 87 0.000
0 88 0.000
1 88 0.000
2 88 0.000
3 88 0.000
4 88 0.000
5 88 0.000
6 88 0.000
7 88 0.000
8 88 0.000
9 88 0.000
10 88 0.000
11 88 0.000
12 88 0.000
13 88 0.000
14 88 0.000
15 88 0.000
16 88 0.000
17 88 0.000
18 88 0.000
19 88 0.000
20 88 0.000
21 88 0.000
22 88 0.000
23 88 0.000
24 88 0.000
25 88 0.000
26 88 0.000
27 88 0.000
28 88 0.000
29 88 0.000
30 88 0.000
31 88 0.000
32 88 0.000
33 88 0.000
34 88 0.000
35 88 0.000
36 88 0.000
37 88 0.000
38 88 0.000
39 88 0.000
40 88 0.000
41 88 0.000
42 88 0.000
43 88 0.000
44 88 0.000
45 88 0.000
46 88 0.000
47 88 0.000
48 88 0.000
49 88 0.000
50 88 0.000
51 88 0.000
52 88 0.000
53 88 0.000
54 88 0.000
55 88 0.000
56 88 0.000
57 88 0.000
58 88 0.000
59 88 0.000
60 88 0.000
61 88 0.000
62 88 0.000
63 88 0.000
64 88 0.000
65 88 0.000
66 88 0.000
67 88 0.000
68 88 0.000
69 88 0.000
70 88 0.000
71 88 0.000
72 88 0.000
73 88 0.000
74 88 0.000
75 88 0.000
76 88 0.000
77 88 0.000
78 88 0.000
79 88 0.000
80 88 0.000
81 88 0.000
82 88 0.000
83 88 0.000
84 88 0.000
85 88 0.000
86 88 0.000
87 88 0.000
88 88 0.000
89 88 0.000
90 88 0.000
91 88 0.000
92 88 0.000
93 88 0.000
94 88 0.000
95 88 0.000
96 88 0.000
97 88 0.000
98 88 0.000
99 88 0.000
100 88 0.000
101 88 0.000
102 88 0.000
103 88 0.000
104 88 0.000
105 88 0.000
106 88 0.000
107 88 0.000
108 88 0.000
109 88 0.000
110 88 0.000
111 88 0.000
112 88 0.000
113 88 0.000
114 88 0.000
115 88 0.000
116 88 0.000
117 88 0.000
118 88 0.000
119 88 0.000
120 88 0.000
121 88 0.000
122 88 0.000
123 88 0.000
124 88 0.000
125 88 0.000
126 88 0.000
127 88 0.000
128 88 0.000
129 88 0.000
130 88 0.000
131 88 0.000
132 88 0.000
133 88 0.000
134 88 0.000
135 88 0.000
136 88 0.000
137 88 0.000
138 88 0.000
139 88 0.000
140 88 0.000
141 88 0.000
142 88 0.000
143 88 0.000
144 88 0.000
145 88 0.000
146 88 0.000
147 88 0.000
148 88 0.000
149 88 0.000
0 89 0.000
1 89 0.000
2 89 0.000
3 89 0.000
4 89 0.000
5 89 0.000
6 89 0.000
7 89 0.000
8 89 0.000
9 89 0.000
10 89 0.000
11 89 0.000
12 89 0.000
13 89 0.000
14 89 0.000
15 89 0.000
16 89 0.000
17 89 0.000
18 89 0.000
19 89 0.000
20 89 0.000
21 89 0.000
22 89 0.000
23 89 0.000
24 89 0.000
25 89 0.000
26 89 0.000
27 89 0.000
28 89 0.000
29 89 0.000
30 89 0.000
31 89 0.000
32 89 0.000
33 89 0.000
34 89 0.000
35 89 0.000
36 89 0.000
37 89 0.000
38 89 0.000
39 89 0.000
40 89 0.000
41 89 0.000
42 89 0.000
43 89 0.000
44 89 0.000
45 89 0.000
46 89 0.000
47 89 0.000
48 89 0.000
49 89 0.000
50 89 0.000
51 89 0.000
52 89 0.000
53 89 0.000
54 89 0.000
55 89 0.000
56 89 0.000
57 89 0.000
58 89 0.000
59 89 0.000
60 89 0.000
61 89 0.000
62 89 0.000
63 89 0.000
64 89 0.000
65 89 0.000
66 89 0.000
67 89 0.000
68 89 0.000
69 89 0.000
70 89 0.000
71 89 0.000
72 89 0.000
73 89 0.000
74 89 0.000
75 89 0.000
76 89 0.000
77 89 0.000
78 89 0.000
79 89 0.000
80 89 0.000
81 89 0.000
82 89 0.000
83 89 0.000
84 89 0.000
85 89 0.000
86 89 0.000
87 89 0.000
88 89 0.000
89 89 0.000
90 89 0.000
91 89 0.000
92 89 0.000
93 89 0.000
94 89 0.000
95 89 0.000
96 89 0.000
97 89 0.000
98 89 0.000
99 89 0.000
100 89 0.000
101 89 0.000
102 89 0.000
103 89 0.000
104 89 0.000
105 89 0.000
106 89 0.000
107 89 0.000
108 89 0.000
109 89 0.000
110 89 0.000
111 89 0.000
112 89 0.000
113 89 0.000
114 89 0.000
115 89 0.000
116 89 0.000
117 89 0.000
118 89 0.000
119 89 0.000
120 89 0.000
121 89 0.000
122 89 0.000
123 89 0.000
124 89 0.000
125 89 0.000
126 89 0.000
127 89 0.000
128 89 0.000
129 89 0.000
130 89 0.000
131 89 0.000
132 89 0.000
133 89 0.000
134 89 0.000
135 89 0.000
136 89 0.000
137 89 0.000
138 89 0.000
139 89 0.000
140 89 0.000
141 89 0.000
142 89 0.000
143 89 0.000
144 89 0.000
145 89 0.000
146 89 0.000
147 89 0.000
148 89 0.000
149 89 0.000
0 90 0.000
1 90 0.000
2 90 0.000
3 90 0.000
4 90 0.000
5 90 0.000
6 90 0.000
7 90 0.000
8 90 0.000
9 90 0.000
10 90 0.000
11 90 0.000
12 90 0.000
13 90 0.000
14 90 0.000
15 90 0.000
16 90 0.000
17 90 0.000
18 90 0.000
19 90 0.000
20 90 0.000
21 90 0.000
22 90 0.000
23 90 0.000
24 90 0.000
25 90 0.000
26 90 0.000
27 90 0.000
28 90 0.000
29 90 0.000
30 90 0.000
31 90 0.000
32 90 0.000
33 90 0.000
34 90 0.000
35 90 0.000
36 90 0.000
37 90 0.000
38 90 0.000
39 90 0.000
40 90 0.000
41 90 0.000
42 90 0.000
43 90 0.000
44 90 0.000
45 90 0.000
46 90 0.000
47 90 0.000
48 90 0.000
49 90 0.000
50 90 0.000
51 90 0.000
52 90 0.000
53 90 0.000
54 90 0.000
55 90 0.000
56 90 0.000
57 90 0.000
58 90 0.000
59 90 0.000
60 90 0.000
61 90 0.000
62 90 0.000
63 90 0.000
64 90 0.000
65 90 0.000
66 90 0.000
67 90 0.000
68 90 0.000
69 90 0.000
70 90 0.000
71 90 0.000
72 90 0.000
73 90 0.000
74 90 0.000
75 90 0.000
76 90 0.000
77 90 0.000
78 90 0.000
79 90 0.000
80 90 0.000
81 90 0.000
82 90 0.000
83 90 0.000
84 90 0.000
85 90 0.000
86 90 0.000
87 90 0.000
88 90 0.000
89 90 0.000
90 90 0.000
91 90 0.000
92 90 0.000
93 90 0.000
94 90 0.000
95 90 0.000
96 90 0.000
97 90 0.000
98 90 0.000
99 90 0.000
100 90 0.000
101 90 0.000
102 90 0.000
103 90 0.000
104 90 0.000
105 90 0.000
106 90 0.000
107 90 0.000
108 90 0.000
109 90 0.000
110 90 0.000
111 90 0.000
112 90 0.000
113 90 0.000
114 90 0.000
115 90 0.000
116 90 0.000
117 90 0.000
118 90 0.000
119 90 0.000
120 90 0.000
121 90 0.000
122 90 0.000
123 90 0.000
124 90 0.000
125 90 0.000
126 90 0.000
127 90 0.000
128 90 0.000
129 90 0.000
130 90 0.000
131 90 0.000
132 90 0.000
133 90 0.000
134 90 0.000
135 90 0.000
136 90 0.000
137 90 0.000
138 90 0.000
139 90 0.000
140 90 0.000
141 90 0.000
142 90 0.000
143 90 0.000
144 90 0.000
145 90 0.000
146 90 0.000
147 90 0.000
148 90 0.000
149 90 0.000
0 91 0.000
1 91 0.000
2 91 0.000
3 91 0.000
4 91 0.000
5 91 0.000
6 91 0.000
7 91 0.000
8 91 0.000
9 91 0.000
10 91 0.000
11 91 0.000
12 91 0.000
13 91 0.000
14 91 0.000
15 91 0.000
16 91 0.000
17 91 0.000
18 91 0.000
19 91 0.000
20 91 0.000
21 91 0.000
22 91 0.000
23 91 0.000
24 91 0.000
25 91 0.000
26 91 0.000
27 91 0.000
28 91 0.000
29 91 0.000
30 91 0.000
31 91 0.000
32 91 0.000
33 91 0.000
34 91 0.000
35 91 0.000
36 91 0.000
37 91 0.000
38 91 0.000
39 91 0.000
40 91 0.000
41 91 0.000
42 91 0.000
43 91 0.000
44 91 0.000
45 91 0.000
46 91 0.000
47 91 0.000
48 91 0.000
49 91 0.000
50 91 0.000
51 91 0.000
52 91 0.000
53 91 0.000
54 91 0.000
55 91 0.000
56 91 0.000
57 91 0.000
58 91 0.000
59 91 0.000
60 91 0.000
61 91 0.000
62 91 0.000
63 91 0.000
64 91 0.000
65 91 0.000
66 91 0.000
67 91 0.000
68 91 0.000
69 91 0.000
70 91 0.000
71 91 0.000
72 91 0.000
73 91 0.000
74 91 0.000
75 91 0.000
76 91 0.000
77 91 0.000
78 91 0.000
79 91 0.000
80 91 0.000
81 91 0.000
82 91 0.000
83 91 0.000
84 91 0.000
85 91 0.000
86 91 0.000
87 91 0.000
88 91 0.000
89 91 0.000
90 91 0.000
91 91 0.000
92 91 0.000
93 91 0.000
94 91 0.000
95 91 0.000
96 91 0.000
97 91 0.000
98 91 0.000
99 91 0.000
100 91 0.000
101 91 0.000
102 91 0.000
103 91 0.000
104 91 0.000
105 91 0.000
106 91 0.000
107 91 0.000
108 91 0.000
109 91 0.000
110 91 0.000
111 91 0.000
112 91 0.000
113 91 0.000
114 91 0.000
115 91 0.000
116 91 0.000
117 91 0.000
118 91 0.000
119 91 0.000
120 91 0.000
121 91 0.000
122 91 0.000
123 91 0.000
124 91 0.000
125 91 0.000
126 91 0.000
127 91 0.000
128 91 0.000
129 91 0.000
130 91 0.000
131 91 0.000
132 91 0.000
133 91 0.000
134 91 0.000
135 91 0.000
136 91 0.000
137 91 0.000
138 91 0.000
139 91 0.000
140 91 0.000
141 91 0.000
142 91 0.000
143 91 0.000
144 91 0.000
145 91 0.000
146 91 0.000
147 91 0.000
148 91 0.000
149 91 0.000
0 92 0.000
1 92 0.000
2 92 0.000
3 92 0.000
4 92 0.000
5 92 0.000
6 92 0.000
7 92 0.000
8 92 0.000
9 92 0.000
10 92 0.000
11 92 0.000
12 92 0.000
13 92 0.000
14 92 0.000
15 92 0.000
16 92 0.000
17 92 0.000
18 92 0.000
19 92 0.000
20 92 0.000
21 92 0.000
22 92 0.000
23 92 0.000
24 92 0.000
25 92 0.000
26 92 0.000
27 92 0.000
28 92 0.000
29 92 0.000
30 92 0.000
31 92 0.000
32 92 0.000
33 92 0.000
34 92 0.000
35 92 0.000
36 92 0.000
37 92 0.000
38 92 0.000
39 92 0.000
40 92 0.000
41 92 0.000
42 92 0.000
43 92 0.000
44 92 0.000
45 92 0.000
46 92 0.000
47 92 0.000
48 92 0.000
49 92 0.000
50 92 0.000
51 92 0.000
52 92 0.000
53 92 0.000
54 92 0.000
55 92 0.000
56 92 0.000
57 92 0.000
58 92 0.000
59 92 0.000
60 92 0.000
61 92 0.000
62 92 0.000
63 92 0.000
64 92 0.000
65 92 0.000
66 92 0.000
67 92 0.000
68 92 0.000
69 92 0.000
70 92 0.000
71 92 0.000
72 92 0.000
73 92 0.000
74 92 0.000
75 92 0.000
76 92 0.000
77 92 0.000
78 92 0.000
79 92 0.000
80 92 0.000
81 92 0.000
82 92 0.000
83 92 0.000
84 92 0.000
85 92 0.000
86 92 0.000
87 92 0.000
88 92 0.000
89 92 0.000
90 92 0.000
91 92 0.000
92 92 0.000
93 92 0.000
94 92 0.000
95 92 0.000
96 92 0.000
97 92 0.000
98 92 0.000
99 92 0.000
100 92 0.000
101 92 0.000
102 92 0.000
103 92 0.000
104 92 0.000
105 92 0.000
106 92 0.000
107 92 0.000
108 92 0.000
109 92 0.000
110 92 0.000
111 92 0.000
112 92 0.000
113 92 0.000
114 92 0.000
115 92 0.000
116 92 0.000
117 92 0.000
118 92 0.000
119 92 0.000
120 92 0.000
121 92 0.000
122 92 0.000
123 92 0.000
124 92 0.000
125 92 0.000
126 92 0.000
127 92 0.000
128 92 0.000
129 92 0.000
130 92 0.000
131 92 0.000
132 92 0.000
133 92 0.000
134 92 0.000
135 92 0.000
136 92 0.000
137 92 0.000
138 92 0.000
139 92 0.000
140 92 0.000
141 92 0.000
142 92 0.000
143 92 0.000
144 92 0.000
145 92 0.000
146 92 0.000
147 92 0.000
148 92 0.000
149 92 0.000
0 93 0.000
1 93 0.000
2 93 0.000
3 93 0.000
4 93 0.000
5 93 0.000
6 93 0.000
7 93 0.000
8 93 0.000
9 93 0.000
10 93 0.000
11 93 0.000
12 93 0.000
13 93 0.000
14 93 0.000
15 93 0.000
16 93 0.000
17 93 0.000
18 93 0.000
19 93 0.000
20 93 0.000
21 93 0.000
22 93 0.000
23 93 0.000
24 93 0.000
25 93 0.000
26 93 0.000
27 93 0.000
28 93 0.000
29 93 0.000
30 93 0.000
31 93 0.000
32 93 0.000
33 93 0.000
34 93 0.000
35 93 0.000
36 93 0.000
37 93 0.000
38 93 0.000
39 93 0.000
40 93 0.000
41 93 0.000
42 93 0.000
43 93 0.000
44 93 0.000
45 93 0.000
46 93 0.000
47 93 0.000
48 93 0.000
49 93 0.000
50 93 0.000
51 93 0.000
52 93 0.000
53 93 0.000
54 93 0.000
55 93 0.000
56 93 0.000
57 93 0.000
58 93 0.000
59 93 0.000
60 93 0.000
61 93 0.000
62 93 0.000
63 93 0.000
64 93 0.000
65 93 0.000
66 93 0.000
67 93 0.000
68 93 0.000
69 93 0.000
70 93 0.000
71 93 0.000
72 93 0.000
73 93 0.000
74 93 0.000
75 93 0.000
76 93 0.000
77 93 0.000
78 93 0.000
79 93 0.000
80 93 0.000
81 93 0.000
82 93 0.000
83 93 0.000
84 93 0.000
85 93 0.000
86 93 0.000
87 93 0.000
88 93 0.000
89 93 0.000
90 93 0.000
91 93 0.000
92 93 0.000
93 93 0.000
94 93 0.000
95 93 0.000
96 93 0.000
97 93 0.000
98 93 0.000
99 93 0.000
100 93 0.000
101 93 0.000
102 93 0.000
103 93 0.000
104 93 0.000
105 93 0.000
106 93 0.000
107 93 0.000
108 93 0.000
109 93 0.000
110 93 0.000
111 93 0.000
112 93 0.000
113 93 0.000
114 93 0.000
115 93 0.000
116 93 0.000
117 93 0.000
118 93 0.000
119 93 0.000
120 93 0.000
121 93 0.000
122 93 0.000
123 93 0.000
124 93 0.000
125 93 0.000
126 93 0.000
127 93 0.000
128 93 0.000
129 93 0.000
130 93 0.000
131 93 0.000
132 93 0.000
133 93 0.000
134 93 0.000
135 93 0.000
136 93 0.000
137 93 0.000
138 93 0.000
139 93 0.000
140 93 0.000
141 93 0.000
142 93 0.000
143 93 0.000
144 93 0.000
145 93 0.000
146 93 0.000
147 93 0.000
148 93 0.000
149 93 0.000
0 94 0.000
1 94 0.000
2 94 0.000
3 94 0.000
4 94 0.000
5 94 0.000
6 94 0.000
7 94 0.000
8 94 0.000
9 94 0.000
10 94 0.000
11 94 0.000
12 94 0.000
13 94 0.000
14 94 0.000
15 94 0.000
16 94 0.000
17 94 0.000
18 94 0.000
19 94 0.000
20 94 0.000
21 94 0.000
22 94 0.000
23 94 0.000
24 94 0.000
25 94 0.000
26 94 0.000
27 94 0.000
28 94 0.000
29 94 0.000
30 94 0.000
31 94 0.000
32 94 0.000
33 94 0.000
34 94 0.000
35 94 0.000
36 94 0.000
37 94 0.000
38 94 0.000
39 94 0.000
40 94 0.000
41 94 0.000
42 94 0.000
43 94 0.000
44 94 0.000
45 94 0.000
46 94 0.000
47 94 0.000
48 94 0.000
49 94 0.000
50 94 0.000
51 94 0.000
52 94 0.000
53 94 0.000
54 94 0.000
55 94 0.000
56 94 0.000
57 94 0.000
58 94 0.000
59 94 0.000
60 94 0.000
61 94 0.000
62 94 0.000
63 94 0.000
64 94 0.000
65 94 0.000
66 94 0.000
67 94 0.000
68 94 0.000
69 94 0.000
70 94 0.000
71 94 0.000
72 94 0.000
73 94 0.000
74 94 0.000
75 94 0.000
76 94 0.000
77 94 0.000
78 94 0.000
79 94 0.000
80 94 0.000
81 94 0.000
82 94 0.000
83 94 0.000
84 94 0.000
85 94 0.000
86 94 0.000
87 94 0.000
88 94 0.000
89 94 0.000
90 94 0.000
91 94 0.000
92 94 0.000
93 94 0.000
94 94 0.000
95 94 0.000
96 94 0.000
97 94 0.000
98 94 0.000
99 94 0.000
100 94 0.000
101 94 0.000
102 94 0.000
103 94 0.000
104 94 0.000
105 94 0.000
106 94 0.000
107 94 0.000
108 94 0.000
109 94 0.000
110 94 0.000
111 94 0.000
112 94 0.000
113 94 0.000
114 94 0.000
115 94 0.000
116 94 0.000
117 94 0.000
118 94 0.000
119 94 0.000
120 94 0.000
121 94 0.000
122 94 0.000
123 94 0.000
124 94 0.000
125 94 0.000
126 94 0.000
127 94 0.000
128 94 0.000
129 94 0.000
130 94 0.000
131 94 0.000
132 94 0.000
133 94 0.000
134 94 0.000
135 94 0.000
136 94 0.000
137 94 0.000
138 94 0.000
139 94 0.000
140 94 0.000
141 94 0.000
142 94 0.000
143 94 0.000
144 94 0.000
145 94 0.000
146 94 0.000
147 94 0.000
148 94 0.000
149 94 0.000
0 95 0.000
1 95 0.000
2 95 0.000
3 95 0.000
4 95 0.000
5 95 0.000
6 95 0.000
7 95 0.000
8 95 0.000
9 95 0.000
10 95 0.000
11 95 0.000
12 95 0.000
13 95 0.000
14 95 0.000
15 95 0.000
16 95 0.000
17 95 0.000
18 95 0.000
19 95 0.000
20 95 0.000
21 95 0.000
22 95 0.000
23 95 0.000
24 95 0.000
25 95 0.000
26 95 0.000
27 95 0.000
28 95 0.000
29 95 0.000
30 95 0.000
31 95 0.000
32 95 0.000
33 95 0.000
34 95 0.000
35 95 0.000
36 95 0.000
37 95 0.000
38 95 0.000
39 95 0.000
40 95 0.000
41 95 0.000
42 95 0.000
43 95 0.000
44 95 0.000
45 95 0.000
46 95 0.000
47 95 0.000
48 95 0.000
49 95 0.000
50 95 0.000
51 95 0.000
52 95 0.000
53 95 0.000
54 95 0.000
55 95 0.000
56 95 0.000
57 95 0.000
58 95 0.000
59 95 0.000
60 95 0.000
61 95 0.000
62 95 0.000
63 95 0.000
64 95 0.000
65 95 0.000
66 95 0.000
67 95 0.000
68 95 0.000
69 95 0.000
70 95 0.000
71 95 0.000
72 95 0.000
73 95 0.000
74 95 0.000
75 95 0.000
76 95 0.000
77 95 0.000
78 95 0.000
79 95 0.000
80 95 0.000
81 95 0.000
82 95 0.000
83 95 0.000
84 95 0.000
85 95 0.000
86 95 0.000
87 95 0.000
88 95 0.000
89 95 0.000
90 95 0.000
91 95 0.000
92 95 0.000
93 95 0.000
94 95 0.000
95 95 0.000
96 95 0.000
97 95 0.000
98 95 0.000
99 95 0.000
100 95 0.000
101 95 0.000
102 95 0.000
103 95 0.000
104 95 0.000
105 95 0.000
106 95 0.000
107 95 0.000
108 95 0.000
109 95 0.000
110 95 0.000
111 95 0.000
112 95 0.000
113 95 0.000
114 95 0.000
115 95 0.000
116 95 0.000
117 95 0.000
118 95 0.000
119 95 0.000
120 95 0.000
121 95 0.000
122 95 0.000
123 95 0.000
124 95 0.000
125 95 0.000
126 95 0.000
127 95 0.000
128 95 0.000
129 95 0.000
130 95 0.000
131 95 0.000
132 95 0.000
133 95 0.000
134 95 0.000
135 95 0.000
136 95 0.000
137 95 0.000
138 95 0.000
139 95 0.000
140 95 0.000
141 95 0.000
142 95 0.000
143 95 0.000
144 95 0.000
145 95 0.000
146 95 0.000
147 95 0.000
148 95 0.000
149 95 0.000
0 96 0.000
1 96 0.000
2 96 0.000
3 96 0.000
4 96 0.000
5 96 0.000
6 96 0.000
7 96 0.000
8 96 0.000
9 96 0.000
10 96 0.000
11 96 0.000
12 96 0.000
13 96 0.000
14 96 0.000
15 96 0.000
16 96 0.000
17 96 0.000
18 96 0.000
19 96 0.000
20 96 0.000
21 96 0.000
22 96 0.000
23 96 0.000
24 96 0.000
25 96 0.000
26 96 0.000
27 96 0.000
28 96 0.000
29 96 0.000
30 96 0.000
31 96 0.000
32 96 0.000
33 96 0.000
34 96 0.000
35 96 0.000
36 96 0.000
37 96 0.000
38 96 0.000
39 96 0.000
40 96 0.000
41 96 0.000
42 96 0.000
43 96 0.000
44 96 0.000
45 96 0.000
46 96 0.000
47 96 0.000
48 96 0.000
49 96 0.000
50 96 0.000
51 96 0.000
52 96 0.000
53 96 0.000
54 96 0.000
55 96 0.000
56 96 0.000
57 96 0.000
58 96 0.000
59 96 0.000
60 96 0.000
61 96 0.000
62 96 0.000
63 96 0.000
64 96 0.000
65 96 0.000
66 96 0.000
67 96 0.000
68 96 0.000
69 96 0.000
70 96 0.000
71 96 0.000
72 96 0.000
73 96 0.000
74 96 0.000
75 96 0.000
76 96 0.000
77 96 0.000
78 96 0.000
79 96 0.000
80 96 0.000
81 96 0.000
82 96 0.000
83 96 0.000
84 96 0.000
85 96 0.000
86 96 0.000
87 96 0.000
88 96 0.000
89 96 0.000
90 96 0.000
91 96 0.000
92 96 0.000
93 96 0.000
94 96 0.000
95 96 0.000
96 96 0.000
97 96 0.000
98 96 0.000
99 96 0.000
100 96 0.000
101 96 0.000
102 96 0.000
103 96 0.000
104 96 0.000
105 96 0.000
106 96 0.000
107 96 0.000
108 96 0.000
109 96 0.000
110 96 0.000
111 96 0.000
112 96 0.000
113 96 0.000
114 96 0.000
115 96 0.000
116 96 0.000
117 96 0.000
118 96 0.000
119 96 0.000
120 96 0.000
121 96 0.000
122 96 0.000
123 96 0.000
124 96 0.000
125 96 0.000
126 96 0.000
127 96 0.000
128 96 0.000
129 96 0.000
130 96 0.000
131 96 0.000
132 96 0.000
133 96 0.000
134 96 0.000
135 96 0.000
136 96 0.000
137 96 0.000
138 96 0.000
139 96 0.000
140 96 0.000
141 96 0.000
142 96 0.000
143 96 0.000
144 96 0.000
145 96 0.000
146 96 0.000
147 96 0.000
148 96 0.000
149 96 0.000
0 97 0.000
1 97 0.000
2 97 0.000
3 97 0.000
4 97 0.000
5 97 0.000
6 97 0.000
7 97 0.000
8 97 0.000
9 97 0.000
10 97 0.000
11 97 0.000
12 97 0.000
13 97 0.000
14 97 0.000
15 97 0.000
16 97 0.000
17 97 0.000
18 97 0.000
19 97 0.000
20 97 0.000
21 97 0.000
22 97 0.000
23 97 0.000
24 97 0.000
25 97 0.000
26 97 0.000
27 97 0.000
28 97 0.000
29 97 0.000
30 97 0.000
31 97 0.000
32 97 0.000
33 97 0.000
34 97 0.000
35 97 0.000
36 97 0.000
37 97 0.000
38 97 0.000
39 97 0.000
40 97 0.000
41 97 0.000
42 97 0.000
43 97 0.000
44 97 0.000
45 97 0.000
46 97 0.000
47 97 0.000
48 97 0.000
49 97 0.000
50 97 0.000
51 97 0.000
52 97 0.000
53 97 0.000
54 97 0.000
55 97 0.000
56 97 0.000
57 97 0.000
58 97 0.000
59 97 0.000
60 97 0.000
61 97 0.000
62 97 0.000
63 97 0.000
64 97 0.000
65 97 0.000
66 97 0.000
67 97 0.000
68 97 0.000
69 97 0.000
70 97 0.000
71 97 0.000
72 97 0.000
73 97 0.000
74 97 0.000
75 97 0.000
76 97 0.000
77 97 0.000
78 97 0.000
79 97 0.000
80 97 0.000
81 97 0.000
82 97 0.000
83 97 0.000
84 97 0.000
85 97 0.000
86 97 0.000
87 97 0.000
88 97 0.000
89 97 0.000
90 97 0.000
91 97 0.000
92 97 0.000
93 97 0.000
94 97 0.000
95 97 0.000
96 97 0.000
97 97 0.000
98 97 0.000
99 97 0.000
100 97 0.000
101 97 0.000
102 97 0.000
103 97 0.000
104 97 0.000
105 97 0.000
106 97 0.000
107 97 0.000
108 97 0.000
109 97 0.000
110 97 0.000
111 97 0.000
112 97 0.000
113 97 0.000
114 97 0.000
115 97 0.000
116 97 0.000
117 97 0.000
118 97 0.000
119 97 0.000
120 97 0.000
121 97 0.000
122 97 0.000
123 97 0.000
124 97 0.000
125 97 0.000
126 97 0.000
127 97 0.000
128 97 0.000
129 97 0.000
130 97 0.000
131 97 0.000
132 97 0.000
133 97 0.000
134 97 0.000
135 97 0.000
136 97 0.000
137 97 0.000
138 97 0.000
139 97 0.000
140 97 0.000
141 97 0.000
142 97 0.000
143 97 0.000
144 97 0.000
145 97 0.000
146 97 0.000
147 97 0.000
148 97 0.000
149 97 0.000
0 98 0.000
1 98 0.000
2 98 0.000
3 98 0.000
4 98 0.000
5 98 0.000
6 98 0.000
7 98 0.000
8 98 0.000
9 98 0.000
10 98 0.000
11 98 0.000
12 98 0.000
13 98 0.000
14 98 0.000
15 98 0.000
16 98 0.000
17 98 0.000
18 98 0.000
19 98 0.000
20 98 0.000
21 98 0.000
22 98 0.000
23 98 0.000
24 98 0.000
25 98 0.000
26 98 0.000
27 98 0.000
28 98 0.000
29 98 0.000
30 98 0.000
31 98 0.000
32 98 0.000
33 98 0.000
34 98 0.000
35 98 0.000
36 98 0.000
37 98 0.000
38 98 0.000
39 98 0.000
40 98 0.000
41 98 0.000
42 98 0.000
43 98 0.000
44 98 0.000
45 98 0.000
46 98 0.000
47 98 0.000
48 98 0.000
49 98 0.000
50 98 0.000
51 98 0.000
52 98 0.000
53 98 0.000
54 98 0.000
55 98 0.000
56 98 0.000
57 98 0.000
58 98 0.000
59 98 0.000
60 98 0.000
61 98 0.000
62 98 0.000
63 98 0.000
64 98 0.000
65 98 0.000
66 98 0.000
67 98 0.000
68 98 0.000
69 98 0.000
70 98 0.000
71 98 0.000
72 98 0.000
73 98 0.000
74 98 0.000
75 98 0.000
76 98 0.000
77 98 0.000
78 98 0.000
79 98 0.000
80 98 0.000
81 98 0.000
82 98 0.000
83 98 0.000
84 98 0.000
85 98 0.000
86 98 0.000
87 98 0.000
88 98 0.000
89 98 0.000
90 98 0.000
91 98 0.000
92 98 0.000
93 98 0.000
94 98 0.000
95 98 0.000
96 98 0.000
97 98 0.000
98 98 0.000
99 98 0.000
100 98 0.000
101 98 0.000
102 98 0.000
103 98 0.000
104 98 0.000
105 98 0.000
106 98 0.000
107 98 0.000
108 98 0.000
109 98 0.000
110 98 0.000
111 98 0.000
112 98 0.000
113 98 0.000
114 98 0.000
115 98 0.000
116 98 0.000
117 98 0.000
118 98 0.000
119 98 0.000
120 98 0.000
121 98 0.000
122 98 0.000
123 98 0.000
124 98 0.000
125 98 0.000
126 98 0.000
127 98 0.000
128 98 0.000
129 98 0.000
130 98 0.000
131 98 0.000
132 98 0.000
133 98 0.000
134 98 0.000
135 98 0.000
136 98 0.000
137 98 0.000
138 98 0.000
139 98 0.000
140 98 0.000
141 98 0.000
142 98 0.000
143 98 0.000
144 98 0.000
145 98 0.000
146 98 0.000
147 98 0.000
148 98 0.000
149 98 0.000
0 99 0.000
1 99 0.000
2 99 0.000
3 99 0.000
4 99 0.000
5 99 0.000
6 99 0.000
7 99 0.000
8 99 0.000
9 99 0.000
10 99 0.000
11 99 0.000
12 99 0.000
13 99 0.000
14 99 0.000
15 99 0.000
16 99 0.000
17 99 0.000
18 99 0.000
19 99 0.000
20 99 0.000
21 99 0.000
22 99 0.000
23 99 0.000
24 99 0.000
25 99 0.000
26 99 0.000
27 99 0.000
28 99 0.000
29 99 0.000
30 99 0.000
31 99 0.000
32 99 0.000
33 99 0.000
34 99 0.000
35 99 0.000
36 99 0.000
37 99 0.000
38 99 0.000
39 99 0.000
40 99 0.000
41 99 0.000
42 99 0.000
43 99 0.000
44 99 0.000
45 99 0.000
46 99 0.000
47 99 0.000
48 99 0.000
49 99 0.000
50 99 0.000
51 99 0.000
52 99 0.000
53 99 0.000
54 99 0.000
55 99 0.000
56 99 0.000
57 99 0.000
58 99 0.000
59 99 0.000
60 99 0.000
61 99 0.000
62 99 0.000
63 99 0.000
64 99 0.000
65 99 0.000
66 99 0.000
67 99 0.000
68 99 0.000
69 99 0.000
70 99 0.000
71 99 0.000
72 99 0.000
73 99 0.000
74 99 0.000
75 99 0.000
76 99 0.000
77 99 0.000
78 99 0.000
79 99 0.000
80 99 0.000
81 99 0.000
82 99 0.000
83 99 0.000
84 99 0.000
85 99 0.000
86 99 0.000
87 99 0.000
88 99 0.000
89 99 0.000
90 99 0.000
91 99 0.000
92 99 0.000
93 99 0.000
94 99 0.000
95 99 0.000
96 99 0.000
97 99 0.000
98 99 0.000
99 99 0.000
100 99 0.000
101 99 0.000
102 99 0.000
103 99 0.000
104 99 0.000
105 99 0.000
106 99 0.000
107 99 0.000
108 99 0.000
109 99 0.000
110 99 0.000
111 99 0.000
112 99 0.000
113 99 0.000
114 99 0.000
115 99 0.000
116 99 0.000
117 99 0.000
118 99 0.000
119 99 0.000
120 99 0.000
121 99 0.000
122 99 0.000
123 99 0.000
124 99 0.000
125 99 0.000
126 99 0.000
127 99 0.000
128 99 0.000
129 99 0.000
130 99 0.000
131 99 0.000
132 99 0.000
133 99 0.000
134 99 0.000
135 99 0.000
136 99 0.000
137 99 0.000
138 99 0.000
139 99 0.000
140 99 0.000
141 99 0.000
142 99 0.000
143 99 0.000
144 99 0.000
145 99 0.000
146 99 0.000
147 99 0.000
148 99 0.000
149 99 0.000
0 100 0.000
1 100 0.000
2 100 0.000
3 100 0.000
4 100 0.000
5 100 0.000
6 100 0.000
7 100 0.000
8 100 0.000
9 100 0.000
10 100 0.000
11 100 0.000
12 100 0.000
13 100 0.000
14 100 0.000
15 100 0.000
16 100 0.000
17 100 0.000
18 100 0.000
19 100 0.000
20 100 0.000
21 100 0.000
22 100 0.000
23 100 0.000
24 100 0.000
25 100 0.000
26 100 0.000
27 100 0.000
28 100 0.000
29 100 0.000
30 100 0.000
31 100 0.000
32 100 0.000
33 100 0.000
34 100 0.000
35 100 0.000
36 100 0.000
37 100 0.000
38 100 0.000
39 100 0.000
40 100 0.000
41 100 0.000
42 100 0.000
43 100 0.000
44 100 0.000
45 100 0.000
46 100 0.000
47 100 0.000
48 100 0.000
49 100 0.000
50 100 0.000
51 100 0.000
52 100 0.000
53 100 0.000
54 100 0.000
55 100 0.000
56 100 0.000
57 100 0.000
58 100 0.000
59 100 0.000
60 100 0.000
61 100 0.000
62 100 0.000
63 100 0.000
64 100 0.000
65 100 0.000
66 100 0.000
67 100 0.000
68 100 0.000
69 100 0.000
70 100 0.000
71 100 0.000
72 100 0.000
73 100 0.000
74 100 0.000
75 100 0.000
76 100 0.000
77 100 0.000
78 100 0.000
79 100 0.000
80 100 0.000
81 100 0.000
82 100 0.000
83 100 0.000
84 100 0.000
85 100 0.000
86 100 0.000
87 100 0.000
88 100 0.000
89 100 0.000
90 100 0.000
91 100 0.000
92 100 0.000
93 100 0.000
94 100 0.000
95 100 0.000
96 100 0.000
97 100 0.000
98 100 0.000
99 100 0.000
100 100 0.000
101 100 0.000
102 100 0.000
103 100 0.000
104 100 0.000
105 100 0.000
106 100 0.000
107 100 0.000
108 100 0.000
109 100 0.000
110 100 0.000
111 100 0.000
112 100 0.000
113 100 0.000
114 100 0.000
115 100 0.000
116 100 0.000
117 100 0.000
118 100 0.000
119 100 0.000
120 100 0.000
121 100 0.000
122 100 0.000
123 100 0.000
124 100 0.000
125 100 0.000
126 100 0.000
127 100 0.000
128 100 0.000
129 100 0.000
130 100 0.000
131 100 0.000
132 100 0.000
133 100 0.000
134 100 0.000
135 100 0.000
136 100 0.000
137 100 0.000
138 100 0.000
139 100 0.000
140 100 0.000
141 100 0.000
142 100 0.000
143 100 0.000
144 100 0.000
145 100 0.000
146 100 0.000
147 100 0.000
148 100 0.000
149 100 0.000
0 101 0.000
1 101 0.000
2 101 0.000
3 101 0.000
4 101 0.000
5 101 0.000
6 101 0.000
7 101 0.000
8 101 0.000
9 101 0.000
10 101 0.000
11 101 0.000
12 101 0.000
13 101 0.000
14 101 0.000
15 101 0.000
16 101 0.000
17 101 0.000
18 101 0.000
19 101 0.000
20 101 0.000
21 101 0.000
22 101 0.000
23 101 0.000
24 101 0.000
25 101 0.000
26 101 0.000
27 101 0.000
28 101 0.000
29 101 0.000
30 101 0.000
31 101 0.000
32 101 0.000
33 101 0.000
34 101 0.000
35 101 0.000
36 101 0.000
37 101 0.000
38 101 0.000
39 101 0.000
40 101 0.000
41 101 0.000
42 101 0.000
43 101 0.000
44 101 0.000
45 101 0.000
46 101 0.000
47 101 0.000
48 101 0.000
49 101 0.000
50 101 0.000
51 101 0.000
52 101 0.000
53 101 0.000
54 101 0.000
55 101 0.000
56 101 0.000
57 101 0.000
58 101 0.000
59 101 0.000
60 101 0.000
61 101 0.000
62 101 0.000
63 101 0.000
64 101 0.000
65 101 0.000
66 101 0.000
67 101 0.000
68 101 0.000
69 101 0.000
70 101 0.000
71 101 0.000
72 101 0.000
73 101 0.000
74 101 0.000
75 101 0.000
76 101 0.000
77 101 0.000
78 101 0.000
79 101 0.000
80 101 0.000
81 101 0.000
82 101 0.000
83 101 0.000
84 101 0.000
85 101 0.000
86 101 0.000
87 101 0.000
88 101 0.000
89 101 0.000
90 101 0.000
91 101 0.000
92 101 0.000
93 101 0.000
94 101 0.000
95 101 0.000
96 101 0.000
97 101 0.000
98 101 0.000
99 101 0.000
100 101 0.000
101 101 0.000
102 101 0.000
103 101 0.000
104 101 0.000
105 101 0.000
106 101 0.000
107 101 0.000
108 101 0.000
109 101 0.000
110 101 0.000
111 101 0.000
112 101 0.000
113 101 0.000
114 101 0.000
115 101 0.000
116 101 0.000
117 101 0.000
118 101 0.000
119 101 0.000
120 101 0.000
121 101 0.000
122 101 0.000
123 101 0.000
124 101 0.000
125 101 0.000
126 101 0.000
127 101 0.000
128 101 0.000
129 101 0.000
130 101 0.000
131 101 0.000
132 101 0.000
133 101 0.000
134 101 0.000
135 101 0.000
136 101 0.000
137 101 0.000
138 101 0.000
139 101 0.000
140 101 0.000
141 101 0.000
142 101 0.000
143 101 0.000
144 101 0.000
145 101 0.000
146 101 0.000
147 101 0.000
148 101 0.000
149 101 0.000
0 102 0.000
1 102 0.000
2 102 0.000
3 102 0.000
4 102 0.000
5 102 0.000
6 102 0.000
7 102 0.000
8 102 0.000
9 102 0.000
10 102 0.000
11 102 0.000
12 102 0.000
13 102 0.000
14 102 0.000
15 102 0.000
16 102 0.000
17 102 0.000
18 102 0.000
19 102 0.000
20 102 0.000
21 102 0.000
22 102 0.000
23 102 0.000
24 102 0.000
25 102 0.000
26 102 0.000
27 102 0.000
28 102 0.000
29 102 0.000
30 102 0.000
31 102 0.000
32 102 0.000
33 102 0.000
34 102 0.000
35 102 0.000
36 102 0.000
37 102 0.000
38 102 0.000
39 102 0.000
40 102 0.000
41 102 0.000
42 102 0.000
43 102 0.000
44 102 0.000
45 102 0.000
46 102 0.000
47 102 0.000
48 102 0.000
49 102 0.000
50 102 0.000
51 102 0.000
52 102 0.000
53 102 0.000
54 102 0.000
55 102 0.000
56 102 0.000
57 102 0.000
58 102 0.000
59 102 0.000
60 102 0.000
61 102 0.000
62 102 0.000
63 102 0.000
64 102 0.000
65 102 0.000
66 102 0.000
67 102 0.000
68 102 0.000
69 102 0.000
70 102 0.000
71 102 0.000
72 102 0.000
73 102 0.000
74 102 0.000
75 102 0.000
76 102 0.000
77 102 0.000
78 102 0.000
79 102 0.000
80 102 0.000
81 102 0.000
82 102 0.000
83 102 0.000
84 102 0.000
85 102 0.000
86 102 0.000
87 102 0.000
88 102 0.000
89 102 0.000
90 102 0.000
91 102 0.000
92 102 0.000
93 102 0.000
94 102 0.000
95 102 0.000
96 102 0.000
97 102 0.000
98 102 0.000
99 102 0.000
100 102 0.000
101 102 0.000
102 102 0.000
103 102 0.000
104 102 0.000
105 102 0.000
106 102 0.000
107 102 0.000
108 102 0.000
109 102 0.000
110 102 0.000
111 102 0.000
112 102 0.000
113 102 0.000
114 102 0.000
115 102 0.000
116 102 0.000
117 102 0.000
118 102 0.000
119 102 0.000
120 102 0.000
121 102 0.000
122 102 0.000
123 102 0.000
124 102 0.000
125 102 0.000
126 102 0.000
127 102 0.000
128 102 0.000
129 102 0.000
130 102 0.000
131 102 0.000
132 102 0.000
133 102 0.000
134 102 0.000
135 102 0.000
136 102 0.000
137 102 0.000
138 102 0.000
139 102 0.000
140 102 0.000
141 102 0.000
142 102 0.000
143 102 0.000
144 102 0.000
145 102 0.000
146 102 0.000
147 102 0.000
148 102 0.000
149 102 0.000
0 103 0.000
1 103 0.000
2 103 0.000
3 103 0.000
4 103 0.000
5 103 0.000
6 103 0.000
7 103 0.000
8 103 0.000
9 103 0.000
10 103 0.000
11 103 0.000
12 103 0.000
13 103 0.000
14 103 0.000
15 103 0.000
16 103 0.000
17 103 0.000
18 103 0.000
19 103 0.000
20 103 0.000
21 103 0.000
22 103 0.000
23 103 0.000
24 103 0.000
25 103 0.000
26 103 0.000
27 103 0.000
28 103 0.000
29 103 0.000
30 103 0.000
31 103 0.000
32 103 0.000
33 103 0.000
34 103 0.000
35 103 0.000
36 103 0.000
37 103 0.000
38 103 0.000
39 103 0.000
40 103 0.000
41 103 0.000
42 103 0.000
43 103 0.000
44 103 0.000
45 103 0.000
46 103 0.000
47 103 0.000
48 103 0.000
49 103 0.000
50 103 0.000
51 103 0.000
52 103 0.000
53 103 0.000
54 103 0.000
55 103 0.000
56 103 0.000
57 103 0.000
58 103 0.000
59 103 0.000
60 103 0.000
61 103 0.000
62 103 0.000
63 103 0.000
64 103 0.000
65 103 0.000
66 103 0.000
67 103 0.000
68 103 0.000
69 103 0.000
70 103 0.000
71 103 0.000
72 103 0.000
73 103 0.000
74 103 0.000
75 103 0.000
76 103 0.000
77 103 0.000
78 103 0.000
79 103 0.000
80 103 0.000
81 103 0.000
82 103 0.000
83 103 0.000
84 103 0.000
85 103 0.000
86 103 0.000
87 103 0.000
88 103 0.000
89 103 0.000
90 103 0.000
91 103 0.000
92 103 0.000
93 103 0.000
94 103 0.000
95 103 0.000
96 103 0.000
97 103 0.000
98 103 0.000
99 103 0.000
100 103 0.000
101 103 0.000
102 103 0.000
103 103 0.000
104 103 0.000
105 103 0.000
106 103 0.000
107 103 0.000
108 103 0.000
109 103 0.000
110 103 0.000
111 103 0.000
112 103 0.000
113 103 0.000
114 103 0.000
115 103 0.000
116 103 0.000
117 103 0.000
118 103 0.000
119 103 0.000
120 103 0.000
121 103 0.000
122 103 0.000
123 103 0.000
124 103 0.000
125 103 0.000
126 103 0.000
127 103 0.000
128 103 0.000
129 103 0.000
130 103 0.000
131 103 0.000
132 103 0.000
133 103 0.000
134 103 0.000
135 103 0.000
136 103 0.000
137 103 0.000
138 103 0.000
139 103 0.000
140 103 0.000
141 103 0.000
142 103 0.000
143 103 0.000
144 103 0.000
145 103 0.000
146 103 0.000
147 103 0.000
148 103 0.000
149 103 0.000
0 104 0.000
1 104 0.000
2 104 0.000
3 104 0.000
4 104 0.000
5 104 0.000
6 104 0.000
7 104 0.000
8 104 0.000
9 104 0.000
10 104 0.000
11 104 0.000
12 104 0.000
13 104 0.000
14 104 0.000
15 104 0.000
16 104 0.000
17 104 0.000
18 104 0.000
19 104 0.000
20 104 0.000
21 104 0.000
22 104 0.000
23 104 0.000
24 104 0.000
25 104 0.000
26 104 0.000
27 104 0.000
28 104 0.000
29 104 0.000
30 104 0.000
31 104 0.000
32 104 0.000
33 104 0.000
34 104 0.000
35 104 0.000
36 104 0.000
37 104 0.000
38 104 0.000
39 104 0.000
40 104 0.000
41 104 0.000
42 104 0.000
43 104 0.000
44 104 0.000
45 104 0.000
46 104 0.000
47 104 0.000
48 104 0.000
49 104 0.000
50 104 0.000
51 104 0.000
52 104 0.000
53 104 0.000
54 104 0.000
55 104 0.000
56 104 0.000
57 104 0.000
58 104 0.000
59 104 0.000
60 104 0.000
61 104 0.000
62 104 0.000
63 104 0.000
64 104 0.000
65 104 0.000
66 104 0.000
67 104 0.000
68 104 0.000
69 104 0.000
70 104 0.000
71 104 0.000
72 104 0.000
73 104 0.000
74 104 0.000
75 104 0.000
76 104 0.000
77 104 0.000
78 104 0.000
79 104 0.000
80 104 0.000
81 104 0.000
82 104 0.000
83 104 0.000
84 104 0.000
85 104 0.000
86 104 0.000
87 104 0.000
88 104 0.000
89 104 0.000
90 104 0.000
91 104 0.000
92 104 0.000
93 104 0.000
94 104 0.000
95 104 0.000
96 104 0.000
97 104 0.000
98 104 0.000
99 104 0.000
100 104 0.000
101 104 0.000
102 104 0.000
103 104 0.000
104 104 0.000
105 104 0.000
106 104 0.000
107 104 0.000
108 104 0.000
109 104 0.000
110 104 0.000
111 104 0.000
112 104 0.000
113 104 0.000
114 104 0.000
115 104 0.000
116 104 0.000
117 104 0.000
118 104 0.000
119 104 0.000
120 104 0.000
121 104 0.000
122 104 0.000
123 104 0.000
124 104 0.000
125 104 0.000
126 104 0.000
127 104 0.000
128 104 0.000
129 104 0.000
130 104 0.000
131 104 0.000
132 104 0.000
133 104 0.000
134 104 0.000
135 104 0.000
136 104 0.000
137 104 0.000
138 104 0.000
139 104 0.000
140 104 0.000
141 104 0.000
142 104 0.000
143 104 0.000
144 104 0.000
145 104 0.000
146 104 0.000
147 104 0.000
148 104 0.000
149 104 0.000
0 105 0.000
1 105 0.000
2 105 0.000
3 105 0.000
4 105 0.000
5 105 0.000
6 105 0.000
7 105 0.000
8 105 0.000
9 105 0.000
10 105 0.000
11 105 0.000
12 105 0.000
13 105 0.000
14 105 0.000
15 105 0.000
16 105 0.000
17 105 0.000
18 105 0.000
19 105 0.000
20 105 0.000
21 105 0.000
22 105 0.000
23 105 0.000
24 105 0.000
25 105 0.000
26 105 0.000
27 105 0.000
28 105 0.000
29 105 0.000
30 105 0.000
31 105 0.000
32 105 0.000
33 105 0.000
34 105 0.000
35 105 0.000
36 105 0.000
37 105 0.000
38 105 0.000
39 105 0.000
40 105 0.000
41 105 0.000
42 105 0.000
43 105 0.000
44 105 0.000
45 105 0.000
46 105 0.000
47 105 0.000
48 105 0.000
49 105 0.000
50 105 0.000
51 105 0.000
52 105 0.000
53 105 0.000
54 105 0.000
55 105 0.000
56 105 0.000
57 105 0.000
58 105 0.000
59 105 0.000
60 105 0.000
61 105 0.000
62 105 0.000
63 105 0.000
64 105 0.000
65 105 0.000
66 105 0.000
67 105 0.000
68 105 0.000
69 105 0.000
70 105 0.000
71 105 0.000
72 105 0.000
73 105 0.000
74 105 0.000
75 105 0.000
76 105 0.000
77 105 0.000
78 105 0.000
79 105 0.000
80 105 0.000
81 105 0.000
82 105 0.000
83 105 0.000
84 105 0.000
85 105 0.000
86 105 0.000
87 105 0.000
88 105 0.000
89 105 0.000
90 105 0.000
91 105 0.000
92 105 0.000
93 105 0.000
94 105 0.000
95 105 0.000
96 105 0.000
97 105 0.000
98 105 0.000
99 105 0.000
100 105 0.000
101 105 0.000
102 105 0.000
103 105 0.000
104 105 0.000
105 105 0.000
106 105 0.000
107 105 0.000
108 105 0.000
109 105 0.000
110 105 0.000
111 105 0.000
112 105 0.000
113 105 0.000
114 105 0.000
115 105 0.000
116 105 0.000
117 105 0.000
118 105 0.000
119 105 0.000
120 105 0.000
121 105 0.000
122 105 0.000
123 105 0.000
124 105 0.000
125 105 0.000
126 105 0.000
127 105 0.000
128 105 0.000
129 105 0.000
130 105 0.000
131 105 0.000
132 105 0.000
133 105 0.000
134 105 0.000
135 105 0.000
136 105 0.000
137 105 0.000
138 105 0.000
139 105 0.000
140 105 0.000
141 105 0.000
142 105 0.000
143 105 0.000
144 105 0.000
145 105 0.000
146 105 0.000
147 105 0.000
148 105 0.000
149 105 0.000
0 106 0.000
1 106 0.000
2 106 0.000
3 106 0.000
4 106 0.000
5 106 0.000
6 106 0.000
7 106 0.000
8 106 0.000
9 106 0.000
10 106 0.000
11 106 0.000
12 106 0.000
13 106 0.000
14 106 0.000
15 106 0.000
16 106 0.000
17 106 0.000
18 106 0.000
19 106 0.000
20 106 0.000
21 106 0.000
22 106 0.000
23 106 0.000
24 106 0.000
25 106 0.000
26 106 0.000
27 106 0.000
28 106 0.000
29 106 0.000
30 106 0.000
31 106 0.000
32 106 0.000
33 106 0.000
34 106 0.000
35 106 0.000
36 106 0.000
37 106 0.000
38 106 0.000
39 106 0.000
40 106 0.000
41 106 0.000
42 106 0.000
43 106 0.000
44 106 0.000
45 106 0.000
46 106 0.000
47 106 0.000
48 106 0.000
49 106 0.000
50 106 0.000
51 106 0.000
52 106 0.000
53 106 0.000
54 106 0.000
55 106 0.000
56 106 0.000
57 106 0.000
58 106 0.000
59 106 0.000
60 106 0.000
61 106 0.000
62 106 0.000
63 106 0.000
64 106 0.000
65 106 0.000
66 106 0.000
67 106 0.000
68 106 0.000
69 106 0.000
70 106 0.000
71 106 0.000
72 106 0.000
73 106 0.000
74 106 0.000
75 106 0.000
76 106 0.000
77 106 0.000
78 106 0.000
79 106 0.000
80 106 0.000
81 106 0.000
82 106 0.000
83 106 0.000
84 106 0.000
85 106 0.000
86 106 0.000
87 106 0.000
88 106 0.000
89 106 0.000
90 106 0.000
91 106 0.000
92 106 0.000
93 106 0.000
94 106 0.000
95 106 0.000
96 106 0.000
97 106 0.000
98 106 0.000
99 106 0.000
100 106 0.000
101 106 0.000
102 106 0.000
103 106 0.000
104 106 0.000
105 106 0.000
106 106 0.000
107 106 0.000
108 106 0.000
109 106 0.000
110 106 0.000
111 106 0.000
112 106 0.000
113 106 0.000
114 106 0.000
115 106 0.000
116 106 0.000
117 106 0.000
118 106 0.000
119 106 0.000
120 106 0.000
121 106 0.000
122 106 0.000
123 106 0.000
124 106 0.000
125 106 0.000
126 106 0.000
127 106 0.000
128 106 0.000
129 106 0.000
130 106 0.000
131 106 0.000
132 106 0.000
133 106 0.000
134 106 0.000
135 106 0.000
136 106 0.000
137 106 0.000
138 106 0.000
139 106 0.000
140 106 0.000
141 106 0.000
142 106 0.000
143 106 0.000
144 106 0.000
145 106 0.000
146 106 0.000
147 106 0.000
148 106 0.000
149 106 0.000
0 107 0.000
1 107 0.000
2 107 0.000
3 107 0.000
4 107 0.000
5 107 0.000
6 107 0.000
7 107 0.000
8 107 0.000
9 107 0.000
10 107 0.000
11 107 0.000
12 107 0.000
13 107 0.000
14 107 0.000
15 107 0.000
16 107 0.000
17 107 0.000
18 107 0.000
19 107 0.000
20 107 0.000
21 107 0.000
22 107 0.000
23 107 0.000
24 107 0.000
25 107 0.000
26 107 0.000
27 107 0.000
28 107 0.000
29 107 0.000
30 107 0.000
31 107 0.000
32 107 0.000
33 107 0.000
34 107 0.000
35 107 0.000
36 107 0.000
37 107 0.000
38 107 0.000
39 107 0.000
40 107 0.000
41 107 0.000
42 107 0.000
43 107 0.000
44 107 0.000
45 107 0.000
46 107 0.000
47 107 0.000
48 107 0.000
49 107 0.000
50 107 0.000
51 107 0.000
52 107 0.000
53 107 0.000
54 107 0.000
55 107 0.000
56 107 0.000
57 107 0.000
58 107 0.000
59 107 0.000
60 107 0.000
61 107 0.000
62 107 0.000
63 107 0.000
64 107 0.000
65 107 0.000
66 107 0.000
67 107 0.000
68 107 0.000
69 107 0.000
70 107 0.000
71 107 0.000
72 107 0.000
73 107 0.000
74 107 0.000
75 107 0.000
76 107 0.000
77 107 0.000
78 107 0.000
79 107 0.000
80 107 0.000
81 107 0.000
82 107 0.000
83 107 0.000
84 107 0.000
85 107 0.000
86 107 0.000
87 107 0.000
88 107 0.000
89 107 0.000
90 107 0.000
91 107 0.000
92 107 0.000
93 107 0.000
94 107 0.000
95 107 0.000
96 107 0.000
97 107 0.000
98 107 0.000
99 107 0.000
100 107 0.000
101 107 0.000
102 107 0.000
103 107 0.000
104 107 0.000
105 107 0.000
106 107 0.000
107 107 0.000
108 107 0.000
109 107 0.000
110 107 0.000
111 107 0.000
112 107 0.000
113 107 0.000
114 107 0.000
115 107 0.000
116 107 0.000
117 107 0.000
118 107 0.000
119 107 0.000
120 107 0.000
121 107 0.000
122 107 0.000
123 107 0.000
124 107 0.000
125 107 0.000
126 107 0.000
127 107 0.000
128 107 0.000
129 107 0.000
130 107 0.000
131 107 0.000
132 107 0.000
133 107 0.000
134 107 0.000
135 107 0.000
136 107 0.000
137 107 0.000
138 107 0.000
139 107 0.000
140 107 0.000
141 107 0.000
142 107 0.000
143 107 0.000
144 107 0.000
145 107 0.000
146 107 0.000
147 107 0.000
148 107 0.000
149 107 0.000
0 108 0.000
1 108 0.000
2 108 0.000
3 108 0.000
4 108 0.000
5 108 0.000
6 108 0.000
7 108 0.000
8 108 0.000
9 108 0.000
10 108 0.000
11 108 0.000
12 108 0.000
13 108 0.000
14 108 0.000
15 108 0.000
16 108 0.000
17 108 0.000
18 108 0.000
19 108 0.000
20 108 0.000
21 108 0.000
22 108 0.000
23 108 0.000
24 108 0.000
25 108 0.000
26 108 0.000
27 108 0.000
28 108 0.000
29 108 0.000
30 108 0.000
31 108 0.000
32 108 0.000
33 108 0.000
34 108 0.000
35 108 0.000
36 108 0.000
37 108 0.000
38 108 0.000
39 108 0.000
40 108 0.000
41 108 0.000
42 108 0.000
43 108 0.000
44 108 0.000
45 108 0.000
46 108 0.000
47 108 0.000
48 108 0.000
49 108 0.000
50 108 0.000
51 108 0.000
52 108 0.000
53 108 0.000
54 108 0.000
55 108 0.000
56 108 0.000
57 108 0.000
58 108 0.000
59 108 0.000
60 108 0.000
61 108 0.000
62 108 0.000
63 108 0.000
64 108 0.000
65 108 0.000
66 108 0.000
67 108 0.000
68 108 0.000
69 108 0.000
70 108 0.000
71 108 0.000
72 108 0.000
73 108 0.000
74 108 0.000
75 108 0.000
76 108 0.000
77 108 0.000
78 108 0.000
79 108 0.000
80 108 0.000
81 108 0.000
82 108 0.000
83 108 0.000
84 108 0.000
85 108 0.000
86 108 0.000
87 108 0.000
88 108 0.000
89 108 0.000
90 108 0.000
91 108 0.000
92 108 0.000
93 108 0.000
94 108 0.000
95 108 0.000
96 108 0.000
97 108 0.000
98 108 0.000
99 108 0.000
100 108 0.000
101 108 0.000
102 108 0.000
103 108 0.000
104 108 0.000
105 108 0.000
106 108 0.000
107 108 0.000
108 108 0.000
109 108 0.000
110 108 0.000
111 108 0.000
112 108 0.000
113 108 0.000
114 108 0.000
115 108 0.000
116 108 0.000
117 108 0.000
118 108 0.000
119 108 0.000
120 108 0.000
121 108 0.000
122 108 0.000
123 108 0.000
124 108 0.000
125 108 0.000
126 108 0.000
127 108 0.000
128 108 0.000
129 108 0.000
130 108 0.000
131 108 0.000
132 108 0.000
133 108 0.000
134 108 0.000
135 108 0.000
136 108 0.000
137 108 0.000
138 108 0.000
139 108 0.000
140 108 0.000
141 108 0.000
142 108 0.000
143 108 0.000
144 108 0.000
145 108 0.000
146 108 0.000
147 108 0.000
148 108 0.000
149 108 0.000
0 109 0.000
1 109 0.000
2 109 0.000
3 109 0.000
4 109 0.000
5 109 0.000
6 109 0.000
7 109 0.000
8 109 0.000
9 109 0.000
10 109 0.000
11 109 0.000
12 109 0.000
13 109 0.000
14 109 0.000
15 109 0.000
16 109 0.000
17 109 0.000
18 109 0.000
19 109 0.000
20 109 0.000
21 109 0.000
22 109 0.000
23 109 0.000
24 109 0.000
25 109 0.000
26 109 0.000
27 109 0.000
28 109 0.000
29 109 0.000
30 109 0.000
31 109 0.000
32 109 0.000
33 109 0.000
34 109 0.000
35 109 0.000
36 109 0.000
37 109 0.000
38 109 0.000
39 109 0.000
40 109 0.000
41 109 0.000
42 109 0.000
43 109 0.000
44 109 0.000
45 109 0.000
46 109 0.000
47 109 0.000
48 109 0.000
49 109 0.000
50 109 0.000
51 109 0.000
52 109 0.000
53 109 0.000
54 109 0.000
55 109 0.000
56 109 0.000
57 109 0.000
58 109 0.000
59 109 0.000
60 109 0.000
61 109 0.000
62 109 0.000
63 109 0.000
64 109 0.000
65 109 0.000
66 109 0.000
67 109 0.000
68 109 0.000
69 109 0.000
70 109 0.000
71 109 0.000
72 109 0.000
73 109 0.000
74 109 0.000
75 109 0.000
76 109 0.000
77 109 0.000
78 109 0.000
79 109 0.000
80 109 0.000
81 109 0.000
82 109 0.000
83 109 0.000
84 109 0.000
85 109 0.000
86 109 0.000
87 109 0.000
88 109 0.000
89 109 0.000
90 109 0.000
91 109 0.000
92 109 0.000
93 109 0.000
94 109 0.000
95 109 0.000
96 109 0.000
97 109 0.000
98 109 0.000
99 109 0.000
100 109 0.000
101 109 0.000
102 109 0.000
103 109 0.000
104 109 0.000
105 109 0.000
106 109 0.000
107 109 0.000
108 109 0.000
109 109 0.000
110 109 0.000
111 109 0.000
112 109 0.000
113 109 0.000
114 109 0.000
115 109 0.000
116 109 0.000
117 109 0.000
118 109 0.000
119 109 0.000
120 109 0.000
121 109 0.000
122 109 0.000
123 109 0.000
124 109 0.000
125 109 0.000
126 109 0.000
127 109 0.000
128 109 0.000
129 109 0.000
130 109 0.000
131 109 0.000
132 109 0.000
133 109 0.000
134 109 0.000
135 109 0.000
136 109 0.000
137 109 0.000
138 109 0.000
139 109 0.000
140 109 0.000
141 109 0.000
142 109 0.000
143 109 0.000
144 109 0.000
145 109 0.000
146 109 0.000
147 109 0.000
148 109 0.000
149 109 0.000
0 110 0.000
1 110 0.000
2 110 0.000
3 110 0.000
4 110 0.000
5 110 0.000
6 110 0.000
7 110 0.000
8 110 0.000
9 110 0.000
10 110 0.000
11 110 0.000
12 110 0.000
13 110 0.000
14 110 0.000
15 110 0.000
16 110 0.000
17 110 0.000
18 110 0.000
19 110 0.000
20 110 0.000
21 110 0.000
22 110 0.000
23 110 0.000
24 110 0.000
25 110 0.000
26 110 0.000
27 110 0.000
28 110 0.000
29 110 0.000
30 110 0.000
31 110 0.000
32 110 0.000
33 110 0.000
34 110 0.000
35 110 0.000
36 110 0.000
37 110 0.000
38 110 0.000
39 110 0.000
40 110 0.000
41 110 0.000
42 110 0.000
43 110 0.000
44 110 0.000
45 110 0.000
46 110 0.000
47 110 0.000
48 110 0.000
49 110 0.000
50 110 0.000
51 110 0.000
52 110 0.000
53 110 0.000
54 110 0.000
55 110 0.000
56 110 0.000
57 110 0.000
58 110 0.000
59 110 0.000
60 110 0.000
61 110 0.000
62 110 0.000
63 110 0.000
64 110 0.000
65 110 0.000
66 110 0.000
67 110 0.000
68 110 0.000
69 110 0.000
70 110 0.000
71 110 0.000
72 110 0.000
73 110 0.000
74 110 0.000
75 110 0.000
76 110 0.000
77 110 0.000
78 110 0.000
79 110 0.000
80 110 0.000
81 110 0.000
82 110 0.000
83 110 0.000
84 110 0.000
85 110 0.000
86 110 0.000
87 110 0.000
88 110 0.000
89 110 0.000
90 110 0.000
91 110 0.000
92 110 0.000
93 110 0.000
94 110 0.000
95 110 0.000
96 110 0.000
97 110 0.000
98 110 0.000
99 110 0.000
100 110 0.000
101 110 0.000
102 110 0.000
103 110 0.000
104 110 0.000
105 110 0.000
106 110 0.000
107 110 0.000
108 110 0.000
109 110 0.000
110 110 0.000
111 110 0.000
112 110 0.000
113 110 0.000
114 110 0.000
115 110 0.000
116 110 0.000
117 110 0.000
118 110 0.000
119 110 0.000
120 110 0.000
121 110 0.000
122 110 0.000
123 110 0.000
124 110 0.000
125 110 0.000
126 110 0.000
127 110 0.000
128 110 0.000
129 110 0.000
130 110 0.000
131 110 0.000
132 110 0.000
133 110 0.000
134 110 0.000
135 110 0.000
136 110 0.000
137 110 0.000
138 110 0.000
139 110 0.000
140 110 0.000
141 110 0.000
142 110 0.000
143 110 0.000
144 110 0.000
145 110 0.000
146 110 0.000
147 110 0.000
148 110 0.000
149 110 0.000
0 111 0.000
1 111 0.000
2 111 0.000
3 111 0.000
4 111 0.000
5 111 0.000
6 111 0.000
7 111 0.000
8 111 0.000
9 111 0.000
10 111 0.000
11 111 0.000
12 111 0.000
13 111 0.000
14 111 0.000
15 111 0.000
16 111 0.000
17 111 0.000
18 111 0.000
19 111 0.000
20 111 0.000
21 111 0.000
22 111 0.000
23 111 0.000
24 111 0.000
25 111 0.000
26 111 0.000
27 111 0.000
28 111 0.000
29 111 0.000
30 111 0.000
31 111 0.000
32 111 0.000
33 111 0.000
34 111 0.000
35 111 0.000
36 111 0.000
37 111 0.000
38 111 0.000
39 111 0.000
40 111 0.000
41 111 0.000
42 111 0.000
43 111 0.000
44 111 0.000
45 111 0.000
46 111 0.000
47 111 0.000
48 111 0.000
49 111 0.000
50 111 0.000
51 111 0.000
52 111 0.000
53 111 0.000
54 111 0.000
55 111 0.000
56 111 0.000
57 111 0.000
58 111 0.000
59 111 0.000
60 111 0.000
61 111 0.000
62 111 0.000
63 111 0.000
64 111 0.000
65 111 0.000
66 111 0.000
67 111 0.000
68 111 0.000
69 111 0.000
70 111 0.000
71 111 0.000
72 111 0.000
73 111 0.000
74 111 0.000
75 111 0.000
76 111 0.000
77 111 0.000
78 111 0.000
79 111 0.000
80 111 0.000
81 111 0.000
82 111 0.000
83 111 0.000
84 111 0.000
85 111 0.000
86 111 0.000
87 111 0.000
88 111 0.000
89 111 0.000
90 111 0.000
91 111 0.000
92 111 0.000
93 111 0.000
94 111 0.000
95 111 0.000
96 111 0.000
97 111 0.000
98 111 0.000
99 111 0.000
100 111 0.000
101 111 0.000
102 111 0.000
103 111 0.000
104 111 0.000
105 111 0.000
106 111 0.000
107 111 0.000
108 111 0.000
109 111 0.000
110 111 0.000
111 111 0.000
112 111 0.000
113 111 0.000
114 111 0.000
115 111 0.000
116 111 0.000
117 111 0.000
118 111 0.000
119 111 0.000
120 111 0.000
121 111 0.000
122 111 0.000
123 111 0.000
124 111 0.000
125 111 0.000
126 111 0.000
127 111 0.000
128 111 0.000
129 111 0.000
130 111 0.000
131 111 0.000
132 111 0.000
133 111 0.000
134 111 0.000
135 111 0.000
136 111 0.000
137 111 0.000
138 111 0.000
139 111 0.000
140 111 0.000
141 111 0.000
142 111 0.000
143 111 0.000
144 111 0.000
145 111 0.000
146 111 0.000
147 111 0.000
148 111 0.000
149 111 0.000
0 112 0.000
1 112 0.000
2 112 0.000
3 112 0.000
4 112 0.000
5 112 0.000
6 112 0.000
7 112 0.000
8 112 0.000
9 112 0.000
10 112 0.000
11 112 0.000
12 112 0.000
13 112 0.000
14 112 0.000
15 112 0.000
16 112 0.000
17 112 0.000
18 112 0.000
19 112 0.000
20 112 0.000
21 112 0.000
22 112 0.000
23 112 0.000
24 112 0.000
25 112 0.000
26 112 0.000
27 112 0.000
28 112 0.000
29 112 0.000
30 112 0.000
31 112 0.000
32 112 0.000
33 112 0.000
34 112 0.000
35 112 0.000
36 112 0.000
37 112 0.000
38 112 0.000
39 112 0.000
40 112 0.000
41 112 0.000
42 112 0.000
43 112 0.000
44 112 0.000
45 112 0.000
46 112 0.000
47 112 0.000
48 112 0.000
49 112 0.000
50 112 0.000
51 112 0.000
52 112 0.000
53 112 0.000
54 112 0.000
55 112 0.000
56 112 0.000
57 112 0.000
58 112 0.000
59 112 0.000
60 112 0.000
61 112 0.000
62 112 0.000
63 112 0.000
64 112 0.000
65 112 0.000
66 112 0.000
67 112 0.000
68 112 0.000
69 112 0.000
70 112 0.000
71 112 0.000
72 112 0.000
73 112 0.000
74 112 0.000
75 112 0.000
76 112 0.000
77 112 0.000
78 112 0.000
79 112 0.000
80 112 0.000
81 112 0.000
82 112 0.000
83 112 0.000
84 112 0.000
85 112 0.000
86 112 0.000
87 112 0.000
88 112 0.000
89 112 0.000
90 112 0.000
91 112 0.000
92 112 0.000
93 112 0.000
94 112 0.000
95 112 0.000
96 112 0.000
97 112 0.000
98 112 0.000
99 112 0.000
100 112 0.000
101 112 0.000
102 112 0.000
103 112 0.000
104 112 0.000
105 112 0.000
106 112 0.000
107 112 0.000
108 112 0.000
109 112 0.000
110 112 0.000
111 112 0.000
112 112 0.000
113 112 0.000
114 112 0.000
115 112 0.000
116 112 0.000
117 112 0.000
118 112 0.000
119 112 0.000
120 112 0.000
121 112 0.000
122 112 0.000
123 112 0.000
124 112 0.000
125 112 0.000
126 112 0.000
127 112 0.000
128 112 0.000
129 112 0.000
130 112 0.000
131 112 0.000
132 112 0.000
133 112 0.000
134 112 0.000
135 112 0.000
136 112 0.000
137 112 0.000
138 112 0.000
139 112 0.000
140 112 0.000
141 112 0.000
142 112 0.000
143 112 0.000
144 112 0.000
145 112 0.000
146 112 0.000
147 112 0.000
148 112 0.000
149 112 0.000
0 113 0.000
1 113 0.000
2 113 0.000
3 113 0.000
4 113 0.000
5 113 0.000
6 113 0.000
7 113 0.000
8 113 0.000
9 113 0.000
10 113 0.000
11 113 0.000
12 113 0.000
13 113 0.000
14 113 0.000
15 113 0.000
16 113 0.000
17 113 0.000
18 113 0.000
19 113 0.000
20 113 0.000
21 113 0.000
22 113 0.000
23 113 0.000
24 113 0.000
25 113 0.000
26 113 0.000
27 113 0.000
28 113 0.000
29 113 0.000
30 113 0.000
31 113 0.000
32 113 0.000
33 113 0.000
34 113 0.000
35 113 0.000
36 113 0.000
37 113 0.000
38 113 0.000
39 113 0.000
40 113 0.000
41 113 0.000
42 113 0.000
43 113 0.000
44 113 0.000
45 113 0.000
46 113 0.000
47 113 0.000
48 113 0.000
49 113 0.000
50 113 0.000
51 113 0.000
52 113 0.000
53 113 0.000
54 113 0.000
55 113 0.000
56 113 0.000
57 113 0.000
58 113 0.000
59 113 0.000
60 113 0.000
61 113 0.000
62 113 0.000
63 113 0.000
64 113 0.000
65 113 0.000
66 113 0.000
67 113 0.000
68 113 0.000
69 113 0.000
70 113 0.000
71 113 0.000
72 113 0.000
73 113 0.000
74 113 0.000
75 113 0.000
76 113 0.000
77 113 0.000
78 113 0.000
79 113 0.000
80 113 0.000
81 113 0.000
82 113 0.000
83 113 0.000
84 113 0.000
85 113 0.000
86 113 0.000
87 113 0.000
88 113 0.000
89 113 0.000
90 113 0.000
91 113 0.000
92 113 0.000
93 113 0.000
94 113 0.000
95 113 0.000
96 113 0.000
97 113 0.000
98 113 0.000
99 113 0.000
100 113 0.000
101 113 0.000
102 113 0.000
103 113 0.000
104 113 0.000
105 113 0.000
106 113 0.000
107 113 0.000
108 113 0.000
109 113 0.000
110 113 0.000
111 113 0.000
112 113 0.000
113 113 0.000
114 113 0.000
115 113 0.000
116 113 0.000
117 113 0.000
118 113 0.000
119 113 0.000
120 113 0.000
121 113 0.000
122 113 0.000
123 113 0.000
124 113 0.000
125 113 0.000
126 113 0.000
127 113 0.000
128 113 0.000
129 113 0.000
130 113 0.000
131 113 0.000
132 113 0.000
133 113 0.000
134 113 0.000
135 113 0.000
136 113 0.000
137 113 0.000
138 113 0.000
139 113 0.000
140 113 0.000
141 113 0.000
142 113 0.000
143 113 0.000
144 113 0.000
145 113 0.000
146 113 0.000
147 113 0.000
148 113 0.000
149 113 0.000
0 114 0.000
1 114 0.000
2 114 0.000
3 114 0.000
4 114 0.000
5 114 0.000
6 114 0.000
7 114 0.000
8 114 0.000
9 114 0.000
10 114 0.000
11 114 0.000
12 114 0.000
13 114 0.000
14 114 0.000
15 114 0.000
16 114 0.000
17 114 0.000
18 114 0.000
19 114 0.000
20 114 0.000
21 114 0.000
22 114 0.000
23 114 0.000
24 114 0.000
25 114 0.000
26 114 0.000
27 114 0.000
28 114 0.000
29 114 0.000
30 114 0.000
31 114 0.000
32 114 0.000
33 114 0.000
34 114 0.000
35 114 0.000
36 114 0.000
37 114 0.000
38 114 0.000
39 114 0.000
40 114 0.000
41 114 0.000
42 114 0.000
43 114 0.000
44 114 0.000
45 114 0.000
46 114 0.000
47 114 0.000
48 114 0.000
49 114 0.000
50 114 0.000
51 114 0.000
52 114 0.000
53 114 0.000
54 114 0.000
55 114 0.000
56 114 0.000
57 114 0.000
58 114 0.000
59 114 0.000
60 114 0.000
61 114 0.000
62 114 0.000
63 114 0.000
64 114 0.000
65 114 0.000
66 114 0.000
67 114 0.000
68 114 0.000
69 114 0.000
70 114 0.000
71 114 0.000
72 114 0.000
73 114 0.000
74 114 0.000
75 114 0.000
76 114 0.000
77 114 0.000
78 114 0.000
79 114 0.000
80 114 0.000
81 114 0.000
82 114 0.000
83 114 0.000
84 114 0.000
85 114 0.000
86 114 0.000
87 114 0.000
88 114 0.000
89 114 0.000
90 114 0.000
91 114 0.000
92 114 0.000
93 114 0.000
94 114 0.000
95 114 0.000
96 114 0.000
97 114 0.000
98 114 0.000
99 114 0.000
100 114 0.000
101 114 0.000
102 114 0.000
103 114 0.000
104 114 0.000
105 114 0.000
106 114 0.000
107 114 0.000
108 114 0.000
109 114 0.000
110 114 0.000
111 114 0.000
112 114 0.000
113 114 0.000
114 114 0.000
115 114 0.000
116 114 0.000
117 114 0.000
118 114 0.000
119 114 0.000
120 114 0.000
121 114 0.000
122 114 0.000
123 114 0.000
124 114 0.000
125 114 0.000
126 114 0.000
127 114 0.000
128 114 0.000
129 114 0.000
130 114 0.000
131 114 0.000
132 114 0.000
133 114 0.000
134 114 0.000
135 114 0.000
136 114 0.000
137 114 0.000
138 114 0.000
139 114 0.000
140 114 0.000
141 114 0.000
142 114 0.000
143 114 0.000
144 114 0.000
145 114 0.000
146 114 0.000
147 114 0.000
148 114 0.000
149 114 0.000
0 115 0.000
1 115 0.000
2 115 0.000
3 115 0.000
4 115 0.000
5 115 0.000
6 115 0.000
7 115 0.000
8 115 0.000
9 115 0.000
10 115 0.000
11 115 0.000
12 115 0.000
13 115 0.000
14 115 0.000
15 115 0.000
16 115 0.000
17 115 0.000
18 115 0.000
19 115 0.000
20 115 0.000
21 115 0.000
22 115 0.000
23 115 0.000
24 115 0.000
25 115 0.000
26 115 0.000
27 115 0.000
28 115 0.000
29 115 0.000
30 115 0.000
31 115 0.000
32 115 0.000
33 115 0.000
34 115 0.000
35 115 0.000
36 115 0.000
37 115 0.000
38 115 0.000
39 115 0.000
40 115 0.000
41 115 0.000
42 115 0.000
43 115 0.000
44 115 0.000
45 115 0.000
46 115 0.000
47 115 0.000
48 115 0.000
49 115 0.000
50 115 0.000
51 115 0.000
52 115 0.000
53 115 0.000
54 115 0.000
55 115 0.000
56 115 0.000
57 115 0.000
58 115 0.000
59 115 0.000
60 115 0.000
61 115 0.000
62 115 0.000
63 115 0.000
64 115 0.000
65 115 0.000
66 115 0.000
67 115 0.000
68 115 0.000
69 115 0.000
70 115 0.000
71 115 0.000
72 115 0.000
73 115 0.000
74 115 0.000
75 115 0.000
76 115 0.000
77 115 0.000
78 115 0.000
79 115 0.000
80 115 0.000
81 115 0.000
82 115 0.000
83 115 0.000
84 115 0.000
85 115 0.000
86 115 0.000
87 115 0.000
88 115 0.000
89 115 0.000
90 115 0.000
91 115 0.000
92 115 0.000
93 115 0.000
94 115 0.000
95 115 0.000
96 115 0.000
97 115 0.000
98 115 0.000
99 115 0.000
100 115 0.000
101 115 0.000
102 115 0.000
103 115 0.000
104 115 0.000
105 115 0.000
106 115 0.000
107 115 0.000
108 115 0.000
109 115 0.000
110 115 0.000
111 115 0.000
112 115 0.000
113 115 0.000
114 115 0.000
115 115 0.000
116 115 0.000
117 115 0.000
118 115 0.000
119 115 0.000
120 115 0.000
121 115 0.000
122 115 0.000
123 115 0.000
124 115 0.000
125 115 0.000
126 115 0.000
127 115 0.000
128 115 0.000
129 115 0.000
130 115 0.000
131 115 0.000
132 115 0.000
133 115 0.000
134 115 0.000
135 115 0.000
136 115 0.000
137 115 0.000
138 115 0.000
139 115 0.000
140 115 0.000
141 115 0.000
142 115 0.000
143 115 0.000
144 115 0.000
145 115 0.000
146 115 0.000
147 115 0.000
148 115 0.000
149 115 0.000
0 116 0.000
1 116 0.000
2 116 0.000
3 116 0.000
4 116 0.000
5 116 0.000
6 116 0.000
7 116 0.000
8 116 0.000
9 116 0.000
10 116 0.000
11 116 0.000
12 116 0.000
13 116 0.000
14 116 0.000
15 116 0.000
16 116 0.000
17 116 0.000
18 116 0.000
19 116 0.000
20 116 0.000
21 116 0.000
22 116 0.000
23 116 0.000
24 116 0.000
25 116 0.000
26 116 0.000
27 116 0.000
28 116 0.000
29 116 0.000
30 116 0.000
31 116 0.000
32 116 0.000
33 116 0.000
34 116 0.000
35 116 0.000
36 116 0.000
37 116 0.000
38 116 0.000
39 116 0.000
40 116 0.000
41 116 0.000
42 116 0.000
43 116 0.000
44 116 0.000
45 116 0.000
46 116 0.000
47 116 0.000
48 116 0.000
49 116 0.000
50 116 0.000
51 116 0.000
52 116 0.000
53 116 0.000
54 116 0.000
55 116 0.000
56 116 0.000
57 116 0.000
58 116 0.000
59 116 0.000
60 116 0.000
61 116 0.000
62 116 0.000
63 116 0.000
64 116 0.000
65 116 0.000
66 116 0.000
67 116 0.000
68 116 0.000
69 116 0.000
70 116 0.000
71 116 0.000
72 116 0.000
73 116 0.000
74 116 0.000
75 116 0.000
76 116 0.000
77 116 0.000
78 116 0.000
79 116 0.000
80 116 0.000
81 116 0.000
82 116 0.000
83 116 0.000
84 116 0.000
85 116 0.000
86 116 0.000
87 116 0.000
88 116 0.000
89 116 0.000
90 116 0.000
91 116 0.000
92 116 0.000
93 116 0.000
94 116 0.000
95 116 0.000
96 116 0.000
97 116 0.000
98 116 0.000
99 116 0.000
100 116 0.000
101 116 0.000
102 116 0.000
103 116 0.000
104 116 0.000
105 116 0.000
106 116 0.000
107 116 0.000
108 116 0.000
109 116 0.000
110 116 0.000
111 116 0.000
112 116 0.000
113 116 0.000
114 116 0.000
115 116 0.000
116 116 0.000
117 116 0.000
118 116 0.000
119 116 0.000
120 116 0.000
121 116 0.000
122 116 0.000
123 116 0.000
124 116 0.000
125 116 0.000
126 116 0.000
127 116 0.000
128 116 0.000
129 116 0.000
130 116 0.000
131 116 0.000
132 116 0.000
133 116 0.000
134 116 0.000
135 116 0.000
136 116 0.000
137 116 0.000
138 116 0.000
139 116 0.000
140 116 0.000
141 116 0.000
142 116 0.000
143 116 0.000
144 116 0.000
145 116 0.000
146 116 0.000
147 116 0.000
148 116 0.000
149 116 0.000
0 117 0.000
1 117 0.000
2 117 0.000
3 117 0.000
4 117 0.000
5 117 0.000
6 117 0.000
7 117 0.000
8 117 0.000
9 117 0.000
10 117 0.000
11 117 0.000
12 117 0.000
13 117 0.000
14 117 0.000
15 117 0.000
16 117 0.000
17 117 0.000
18 117 0.000
19 117 0.000
20 117 0.000
21 117 0.000
22 117 0.000
23 117 0.000
24 117 0.000
25 117 0.000
26 117 0.000
27 117 0.000
28 117 0.000
29 117 0.000
30 117 0.000
31 117 0.000
32 117 0.000
33 117 0.000
34 117 0.000
35 117 0.000
36 117 0.000
37 117 0.000
38 117 0.000
39 117 0.000
40 117 0.000
41 117 0.000
42 117 0.000
43 117 0.000
44 117 0.000
45 117 0.000
46 117 0.000
47 117 0.000
48 117 0.000
49 117 0.000
50 117 0.000
51 117 0.000
52 117 0.000
53 117 0.000
54 117 0.000
55 117 0.000
56 117 0.000
57 117 0.000
58 117 0.000
59 117 0.000
60 117 0.000
61 117 0.000
62 117 0.000
63 117 0.000
64 117 0.000
65 117 0.000
66 117 0.000
67 117 0.000
68 117 0.000
69 117 0.000
70 117 0.000
71 117 0.000
72 117 0.000
73 117 0.000
74 117 0.000
75 117 0.000
76 117 0.000
77 117 0.000
78 117 0.000
79 117 0.000
80 117 0.000
81 117 0.000
82 117 0.000
83 117 0.000
84 117 0.000
85 117 0.000
86 117 0.000
87 117 0.000
88 117 0.000
89 117 0.000
90 117 0.000
91 117 0.000
92 117 0.000
93 117 0.000
94 117 0.000
95 117 0.000
96 117 0.000
97 117 0.000
98 117 0.000
99 117 0.000
100 117 0.000
101 117 0.000
102 117 0.000
103 117 0.000
104 117 0.000
105 117 0.000
106 117 0.000
107 117 0.000
108 117 0.000
109 117 0.000
110 117 0.000
111 117 0.000
112 117 0.000
113 117 0.000
114 117 0.000
115 117 0.000
116 117 0.000
117 117 0.000
118 117 0.000
119 117 0.000
120 117 0.000
121 117 0.000
122 117 0.000
123 117 0.000
124 117 0.000
125 117 0.000
126 117 0.000
127 117 0.000
128 117 0.000
129 117 0.000
130 117 0.000
131 117 0.000
132 117 0.000
133 117 0.000
134 117 0.000
135 117 0.000
136 117 0.000
137 117 0.000
138 117 0.000
139 117 0.000
140 117 0.000
141 117 0.000
142 117 0.000
143 117 0.000
144 117 0.000
145 117 0.000
146 117 0.000
147 117 0.000
148 117 0.000
149 117 0.000
0 118 0.000
1 118 0.000
2 118 0.000
3 118 0.000
4 118 0.000
5 118 0.000
6 118 0.000
7 118 0.000
8 118 0.000
9 118 0.000
10 118 0.000
11 118 0.000
12 118 0.000
13 118 0.000
14 118 0.000
15 118 0.000
16 118 0.000
17 118 0.000
18 118 0.000
19 118 0.000
20 118 0.000
21 118 0.000
22 118 0.000
23 118 0.000
24 118 0.000
25 118 0.000
26 118 0.000
27 118 0.000
28 118 0.000
29 118 0.000
30 118 0.000
31 118 0.000
32 118 0.000
33 118 0.000
34 118 0.000
35 118 0.000
36 118 0.000
37 118 0.000
38 118 0.000
39 118 0.000
40 118 0.000
41 118 0.000
42 118 0.000
43 118 0.000
44 118 0.000
45 118 0.000
46 118 0.000
47 118 0.000
48 118 0.000
49 118 0.000
50 118 0.000
51 118 0.000
52 118 0.000
53 118 0.000
54 118 0.000
55 118 0.000
56 118 0.000
57 118 0.000
58 118 0.000
59 118 0.000
60 118 0.000
61 118 0.000
62 118 0.000
63 118 0.000
64 118 0.000
65 118 0.000
66 118 0.000
67 118 0.000
68 118 0.000
69 118 0.000
70 118 0.000
71 118 0.000
72 118 0.000
73 118 0.000
74 118 0.000
75 118 0.000
76 118 0.000
77 118 0.000
78 118 0.000
79 118 0.000
80 118 0.000
81 118 0.000
82 118 0.000
83 118 0.000
84 118 0.000
85 118 0.000
86 118 0.000
87 118 0.000
88 118 0.000
89 118 0.000
90 118 0.000
91 118 0.000
92 118 0.000
93 118 0.000
94 118 0.000
95 118 0.000
96 118 0.000
97 118 0.000
98 118 0.000
99 118 0.000
100 118 0.000
101 118 0.000
102 118 0.000
103 118 0.000
104 118 0.000
105 118 0.000
106 118 0.000
107 118 0.000
108 118 0.000
109 118 0.000
110 118 0.000
111 118 0.000
112 118 0.000
113 118 0.000
114 118 0.000
115 118 0.000
116 118 0.000
117 118 0.000
118 118 0.000
119 118 0.000
120 118 0.000
121 118 0.000
122 118 0.000
123 118 0.000
124 118 0.000
125 118 0.000
126 118 0.000
127 118 0.000
128 118 0.000
129 118 0.000
130 118 0.000
131 118 0.000
132 118 0.000
133 118 0.000
134 118 0.000
135 118 0.000
136 118 0.000
137 118 0.000
138 118 0.000
139 118 0.000
140 118 0.000
141 118 0.000
142 118 0.000
143 118 0.000
144 118 0.000
145 118 0.000
146 118 0.000
147 118 0.000
148 118 0.000
149 118 0.000
0 119 0.000
1 119 0.000
2 119 0.000
3 119 0.000
4 119 0.000
5 119 0.000
6 119 0.000
7 119 0.000
8 119 0.000
9 119 0.000
10 119 0.000
11 119 0.000
12 119 0.000
13 119 0.000
14 119 0.000
15 119 0.000
16 119 0.000
17 119 0.000
18 119 0.000
19 119 0.000
20 119 0.000
21 119 0.000
22 119 0.000
23 119 0.000
24 119 0.000
25 119 0.000
26 119 0.000
27 119 0.000
28 119 0.000
29 119 0.000
30 119 0.000
31 119 0.000
32 119 0.000
33 119 0.000
34 119 0.000
35 119 0.000
36 119 0.000
37 119 0.000
38 119 0.000
39 119 0.000
40 119 0.000
41 119 0.000
42 119 0.000
43 119 0.000
44 119 0.000
45 119 0.000
46 119 0.000
47 119 0.000
48 119 0.000
49 119 0.000
50 119 0.000
51 119 0.000
52 119 0.000
53 119 0.000
54 119 0.000
55 119 0.000
56 119 0.000
57 119 0.000
58 119 0.000
59 119 0.000
60 119 0.000
61 119 0.000
62 119 0.000
63 119 0.000
64 119 0.000
65 119 0.000
66 119 0.000
67 119 0.000
68 119 0.000
69 119 0.000
70 119 0.000
71 119 0.000
72 119 0.000
73 119 0.000
74 119 0.000
75 119 0.000
76 119 0.000
77 119 0.000
78 119 0.000
79 119 0.000
80 119 0.000
81 119 0.000
82 119 0.000
83 119 0.000
84 119 0.000
85 119 0.000
86 119 0.000
87 119 0.000
88 119 0.000
89 119 0.000
90 119 0.000
91 119 0.000
92 119 0.000
93 119 0.000
94 119 0.000
95 119 0.000
96 119 0.000
97 119 0.000
98 119 0.000
99 119 0.000
100 119 0.000
101 119 0.000
102 119 0.000
103 119 0.000
104 119 0.000
105 119 0.000
106 119 0.000
107 119 0.000
108 119 0.000
109 119 0.000
110 119 0.000
111 119 0.000
112 119 0.000
113 119 0.000
114 119 0.000
115 119 0.000
116 119 0.000
117 119 0.000
118 119 0.000
119 119 0.000
120 119 0.000
121 119 0.000
122 119 0.000
123 119 0.000
124 119 0.000
125 119 0.000
126 119 0.000
127 119 0.000
128 119 0.000
129 119 0.000
130 119 0.000
131 119 0.000
132 119 0.000
133 119 0.000
134 119 0.000
135 119 0.000
136 119 0.000
137 119 0.000
138 119 0.000
139 119 0.000
140 119 0.000
141 119 0.000
142 119 0.000
143 119 0.000
144 119 0.000
145 119 0.000
146 119 0.000
147 119 0.000
148 119 0.000
149 119 0.000
0 120 0.000
1 120 0.000
2 120 0.000
3 120 0.000
4 120 0.000
5 120 0.000
6 120 0.000
7 120 0.000
8 120 0.000
9 120 0.000
10 120 0.000
11 120 0.000
12 120 0.000
13 120 0.000
14 120 0.000
15 120 0.000
16 120 0.000
17 120 0.000
18 120 0.000
19 120 0.000
20 120 0.000
21 120 0.000
22 120 0.000
23 120 0.000
24 120 0.000
25 120 0.000
26 120 0.000
27 120 0.000
28 120 0.000
29 120 0.000
30 120 0.000
31 120 0.000
32 120 0.000
33 120 0.000
34 120 0.000
35 120 0.000
36 120 0.000
37 120 0.000
38 120 0.000
39 120 0.000
40 120 0.000
41 120 0.000
42 120 0.000
43 120 0.000
44 120 0.000
45 120 0.000
46 120 0.000
47 120 0.000
48 120 0.000
49 120 0.000
50 120 0.000
51 120 0.000
52 120 0.000
53 120 0.000
54 120 0.000
55 120 0.000
56 120 0.000
57 120 0.000
58 120 0.000
59 120 0.000
60 120 0.000
61 120 0.000
62 120 0.000
63 120 0.000
64 120 0.000
65 120 0.000
66 120 0.000
67 120 0.000
68 120 0.000
69 120 0.000
70 120 0.000
71 120 0.000
72 120 0.000
73 120 0.000
74 120 0.000
75 120 0.000
76 120 0.000
77 120 0.000
78 120 0.000
79 120 0.000
80 120 0.000
81 120 0.000
82 120 0.000
83 120 0.000
84 120 0.000
85 120 0.000
86 120 0.000
87 120 0.000
88 120 0.000
89 120 0.000
90 120 0.000
91 120 0.000
92 120 0.000
93 120 0.000
94 120 0.000
95 120 0.000
96 120 0.000
97 120 0.000
98 120 0.000
99 120 0.000
100 120 0.000
101 120 0.000
102 120 0.000
103 120 0.000
104 120 0.000
105 120 0.000
106 120 0.000
107 120 0.000
108 120 0.000
109 120 0.000
110 120 0.000
111 120 0.000
112 120 0.000
113 120 0.000
114 120 0.000
115 120 0.000
116 120 0.000
117 120 0.000
118 120 0.000
119 120 0.000
120 120 0.000
121 120 0.000
122 120 0.000
123 120 0.000
124 120 0.000
125 120 0.000
126 120 0.000
127 120 0.000
128 120 0.000
129 120 0.000
130 120 0.000
131 120 0.000
132 120 0.000
133 120 0.000
134 120 0.000
135 120 0.000
136 120 0.000
137 120 0.000
138 120 0.000
139 120 0.000
140 120 0.000
141 120 0.000
142 120 0.000
143 120 0.000
144 120 0.000
145 120 0.000
146 120 0.000
147 120 0.000
148 120 0.000
149 120 0.000
0 121 0.000
1 121 0.000
2 121 0.000
3 121 0.000
4 121 0.000
5 121 0.000
6 121 0.000
7 121 0.000
8 121 0.000
9 121 0.000
10 121 0.000
11 121 0.000
12 121 0.000
13 121 0.000
14 121 0.000
15 121 0.000
16 121 0.000
17 121 0.000
18 121 0.000
19 121 0.000
20 121 0.000
21 121 0.000
22 121 0.000
23 121 0.000
24 121 0.000
25 121 0.000
26 121 0.000
27 121 0.000
28 121 0.000
29 121 0.000
30 121 0.000
31 121 0.000
32 121 0.000
33 121 0.000
34 121 0.000
35 121 0.000
36 121 0.000
37 121 0.000
38 121 0.000
39 121 0.000
40 121 0.000
41 121 0.000
42 121 0.000
43 121 0.000
44 121 0.000
45 121 0.000
46 121 0.000
47 121 0.000
48 121 0.000
49 121 0.000
50 121 0.000
51 121 0.000
52 121 0.000
53 121 0.000
54 121 0.000
55 121 0.000
56 121 0.000
57 121 0.000
58 121 0.000
59 121 0.000
60 121 0.000
61 121 0.000
62 121 0.000
63 121 0.000
64 121 0.000
65 121 0.000
66 121 0.000
67 121 0.000
68 121 0.000
69 121 0.000
70 121 0.000
71 121 0.000
72 121 0.000
73 121 0.000
74 121 0.000
75 121 0.000
76 121 0.000
77 121 0.000
78 121 0.000
79 121 0.000
80 121 0.000
81 121 0.000
82 121 0.000
83 121 0.000
84 121 0.000
85 121 0.000
86 121 0.000
87 121 0.000
88 121 0.000
89 121 0.000
90 121 0.000
91 121 0.000
92 121 0.000
93 121 0.000
94 121 0.000
95 121 0.000
96 121 0.000
97 121 0.000
98 121 0.000
99 121 0.000
100 121 0.000
101 121 0.000
102 121 0.000
103 121 0.000
104 121 0.000
105 121 0.000
106 121 0.000
107 121 0.000
108 121 0.000
109 121 0.000
110 121 0.000
111 121 0.000
112 121 0.000
113 121 0.000
114 121 0.000
115 121 0.000
116 121 0.000
117 121 0.000
118 121 0.000
119 121 0.000
120 121 0.000
121 121 0.000
122 121 0.000
123 121 0.000
124 121 0.000
125 121 0.000
126 121 0.000
127 121 0.000
128 121 0.000
129 121 0.000
130 121 0.000
131 121 0.000
132 121 0.000
133 121 0.000
134 121 0.000
135 121 0.000
136 121 0.000
137 121 0.000
138 121 0.000
139 121 0.000
140 121 0.000
141 121 0.000
142 121 0.000
143 121 0.000
144 121 0.000
145 121 0.000
146 121 0.000
147 121 0.000
148 121 0.000
149 121 0.000
0 122 0.000
1 122 0.000
2 122 0.000
3 122 0.000
4 122 0.000
5 122 0.000
6 122 0.000
7 122 0.000
8 122 0.000
9 122 0.000
10 122 0.000
11 122 0.000
12 122 0.000
13 122 0.000
14 122 0.000
15 122 0.000
16 122 0.000
17 122 0.000
18 122 0.000
19 122 0.000
20 122 0.000
21 122 0.000
22 122 0.000
23 122 0.000
24 122 0.000
25 122 0.000
26 122 0.000
27 122 0.000
28 122 0.000
29 122 0.000
30 122 0.000
31 122 0.000
32 122 0.000
33 122 0.000
34 122 0.000
35 122 0.000
36 122 0.000
37 122 0.000
38 122 0.000
39 122 0.000
40 122 0.000
41 122 0.000
42 122 0.000
43 122 0.000
44 122 0.000
45 122 0.000
46 122 0.000
47 122 0.000
48 122 0.000
49 122 0.000
50 122 0.000
51 122 0.000
52 122 0.000
53 122 0.000
54 122 0.000
55 122 0.000
56 122 0.000
57 122 0.000
58 122 0.000
59 122 0.000
60 122 0.000
61 122 0.000
62 122 0.000
63 122 0.000
64 122 0.000
65 122 0.000
66 122 0.000
67 122 0.000
68 122 0.000
69 122 0.000
70 122 0.000
71 122 0.000
72 122 0.000
73 122 0.000
74 122 0.000
75 122 0.000
76 122 0.000
77 122 0.000
78 122 0.000
79 122 0.000
80 122 0.000
81 122 0.000
82 122 0.000
83 122 0.000
84 122 0.000
85 122 0.000
86 122 0.000
87 122 0.000
88 122 0.000
89 122 0.000
90 122 0.000
91 122 0.000
92 122 0.000
93 122 0.000
94 122 0.000
95 122 0.000
96 122 0.000
97 122 0.000
98 122 0.000
99 122 0.000
100 122 0.000
101 122 0.000
102 122 0.000
103 122 0.000
104 122 0.000
105 122 0.000
106 122 0.000
107 122 0.000
108 122 0.000
109 122 0.000
110 122 0.000
111 122 0.000
112 122 0.000
113 122 0.000
114 122 0.000
115 122 0.000
116 122 0.000
117 122 0.000
118 122 0.000
119 122 0.000
120 122 0.000
121 122 0.000
122 122 0.000
123 122 0.000
124 122 0.000
125 122 0.000
126 122 0.000
127 122 0.000
128 122 0.000
129 122 0.000
130 122 0.000
131 122 0.000
132 122 0.000
133 122 0.000
134 122 0.000
135 122 0.000
136 122 0.000
137 122 0.000
138 122 0.000
139 122 0.000
140 122 0.000
141 122 0.000
142 122 0.000
143 122 0.000
144 122 0.000
145 122 0.000
146 122 0.000
147 122 0.000
148 122 0.000
149 122 0.000
0 123 0.000
1 123 0.000
2 123 0.000
3 123 0.000
4 123 0.000
5 123 0.000
6 123 0.000
7 123 0.000
8 123 0.000
9 123 0.000
10 123 0.000
11 123 0.000
12 123 0.000
13 123 0.000
14 123 0.000
15 123 0.000
16 123 0.000
17 123 0.000
18 123 0.000
19 123 0.000
20 123 0.000
21 123 0.000
22 123 0.000
23 123 0.000
24 123 0.000
25 123 0.000
26 123 0.000
27 123 0.000
28 123 0.000
29 123 0.000
30 123 0.000
31 123 0.000
32 123 0.000
33 123 0.000
34 123 0.000
35 123 0.000
36 123 0.000
37 123 0.000
38 123 0.000
39 123 0.000
40 123 0.000
41 123 0.000
42 123 0.000
43 123 0.000
44 123 0.000
45 123 0.000
46 123 0.000
47 123 0.000
48 123 0.000
49 123 0.000
50 123 0.000
51 123 0.000
52 123 0.000
53 123 0.000
54 123 0.000
55 123 0.000
56 123 0.000
57 123 0.000
58 123 0.000
59 123 0.000
60 123 0.000
61 123 0.000
62 123 0.000
63 123 0.000
64 123 0.000
65 123 0.000
66 123 0.000
67 123 0.000
68 123 0.000
69 123 0.000
70 123 0.000
71 123 0.000
72 123 0.000
73 123 0.000
74 123 0.000
75 123 0.000
76 123 0.000
77 123 0.000
78 123 0.000
79 123 0.000
80 123 0.000
81 123 0.000
82 123 0.000
83 123 0.000
84 123 0.000
85 123 0.000
86 123 0.000
87 123 0.000
88 123 0.000
89 123 0.000
90 123 0.000
91 123 0.000
92 123 0.000
93 123 0.000
94 123 0.000
95 123 0.000
96 123 0.000
97 123 0.000
98 123 0.000
99 123 0.000
100 123 0.000
101 123 0.000
102 123 0.000
103 123 0.000
104 123 0.000
105 123 0.000
106 123 0.000
107 123 0.000
108 123 0.000
109 123 0.000
110 123 0.000
111 123 0.000
112 123 0.000
113 123 0.000
114 123 0.000
115 123 0.000
116 123 0.000
117 123 0.000
118 123 0.000
119 123 0.000
120 123 0.000
121 123 0.000
122 123 0.000
123 123 0.000
124 123 0.000
125 123 0.000
126 123 0.000
127 123 0.000
128 123 0.000
129 123 0.000
130 123 0.000
131 123 0.000
132 123 0.000
133 123 0.000
134 123 0.000
135 123 0.000
136 123 0.000
137 123 0.000
138 123 0.000
139 123 0.000
140 123 0.000
141 123 0.000
142 123 0.000
143 123 0.000
144 123 0.000
145 123 0.000
146 123 0.000
147 123 0.000
148 123 0.000
149 123 0.000
0 124 0.000
1 124 0.000
2 124 0.000
3 124 0.000
4 124 0.000
5 124 0.000
6 124 0.000
7 124 0.000
8 124 0.000
9 124 0.000
10 124 0.000
11 124 0.000
12 124 0.000
13 124 0.000
14 124 0.000
15 124 0.000
16 124 0.000
17 124 0.000
18 124 0.000
19 124 0.000
20 124 0.000
21 124 0.000
22 124 0.000
23 124 0.000
24 124 0.000
25 124 0.000
26 124 0.000
27 124 0.000
28 124 0.000
29 124 0.000
30 124 0.000
31 124 0.000
32 124 0.000
33 124 0.000
34 124 0.000
35 124 0.000
36 124 0.000
37 124 0.000
38 124 0.000
39 124 0.000
40 124 0.000
41 124 0.000
42 124 0.000
43 124 0.000
44 124 0.000
45 124 0.000
46 124 0.000
47 124 0.000
48 124 0.000
49 124 0.000
50 124 0.000
51 124 0.000
52 124 0.000
53 124 0.000
54 124 0.000
55 124 0.000
56 124 0.000
57 124 0.000
58 124 0.000
59 124 0.000
60 124 0.000
61 124 0.000
62 124 0.000
63 124 0.000
64 124 0.000
65 124 0.000
66 124 0.000
67 124 0.000
68 124 0.000
69 124 0.000
70 124 0.000
71 124 0.000
72 124 0.000
73 124 0.000
74 124 0.000
75 124 0.000
76 124 0.000
77 124 0.000
78 124 0.000
79 124 0.000
80 124 0.000
81 124 0.000
82 124 0.000
83 124 0.000
84 124 0.000
85 124 0.000
86 124 0.000
87 124 0.000
88 124 0.000
89 124 0.000
90 124 0.000
91 124 0.000
92 124 0.000
93 124 0.000
94 124 0.000
95 124 0.000
96 124 0.000
97 124 0.000
98 124 0.000
99 124 0.000
100 124 0.000
101 124 0.000
102 124 0.000
103 124 0.000
104 124 0.000
105 124 0.000
106 124 0.000
107 124 0.000
108 124 0.000
109 124 0.000
110 124 0.000
111 124 0.000
112 124 0.000
113 124 0.000
114 124 0.000
115 124 0.000
116 124 0.000
117 124 0.000
118 124 0.000
119 124 0.000
120 124 0.000
121 124 0.000
122 124 0.000
123 124 0.000
124 124 0.000
125 124 0.000
126 124 0.000
127 124 0.000
128 124 0.000
129 124 0.000
130 124 0.000
131 124 0.000
132 124 0.000
133 124 0.000
134 124 0.000
135 124 0.000
136 124 0.000
137 124 0.000
138 124 0.000
139 124 0.000
140 124 0.000
141 124 0.000
142 124 0.000
143 124 0.000
144 124 0.000
145 124 0.000
146 124 0.000
147 124 0.000
148 124 0.000
149 124 0.000
0 125 0.000
1 125 0.000
2 125 0.000
3 125 0.000
4 125 0.000
5 125 0.000
6 125 0.000
7 125 0.000
8 125 0.000
9 125 0.000
10 125 0.000
11 125 0.000
12 125 0.000
13 125 0.000
14 125 0.000
15 125 0.000
16 125 0.000
17 125 0.000
18 125 0.000
19 125 0.000
20 125 0.000
21 125 0.000
22 125 0.000
23 125 0.000
24 125 0.000
25 125 0.000
26 125 0.000
27 125 0.000
28 125 0.000
29 125 0.000
30 125 0.000
31 125 0.000
32 125 0.000
33 125 0.000
34 125 0.000
35 125 0.000
36 125 0.000
37 125 0.000
38 125 0.000
39 125 0.000
40 125 0.000
41 125 0.000
42 125 0.000
43 125 0.000
44 125 0.000
45 125 0.000
46 125 0.000
47 125 0.000
48 125 0.000
49 125 0.000
50 125 0.000
51 125 0.000
52 125 0.000
53 125 0.000
54 125 0.000
55 125 0.000
56 125 0.000
57 125 0.000
58 125 0.000
59 125 0.000
60 125 0.000
61 125 0.000
62 125 0.000
63 125 0.000
64 125 0.000
65 125 0.000
66 125 0.000
67 125 0.000
68 125 0.000
69 125 0.000
70 125 0.000
71 125 0.000
72 125 0.000
73 125 0.000
74 125 0.000
75 125 0.000
76 125 0.000
77 125 0.000
78 125 0.000
79 125 0.000
80 125 0.000
81 125 0.000
82 125 0.000
83 125 0.000
84 125 0.000
85 125 0.000
86 125 0.000
87 125 0.000
88 125 0.000
89 125 0.000
90 125 0.000
91 125 0.000
92 125 0.000
93 125 0.000
94 125 0.000
95 125 0.000
96 125 0.000
97 125 0.000
98 125 0.000
99 125 0.000
100 125 0.000
101 125 0.000
102 125 0.000
103 125 0.000
104 125 0.000
105 125 0.000
106 125 0.000
107 125 0.000
108 125 0.000
109 125 0.000
110 125 0.000
111 125 0.000
112 125 0.000
113 125 0.000
114 125 0.000
115 125 0.000
116 125 0.000
117 125 0.000
118 125 0.000
119 125 0.000
120 125 0.000
121 125 0.000
122 125 0.000
123 125 0.000
124 125 0.000
125 125 0.000
126 125 0.000
127 125 0.000
128 125 0.000
129 125 0.000
130 125 0.000
131 125 0.000
132 125 0.000
133 125 0.000
134 125 0.000
135 125 0.000
136 125 0.000
137 125 0.000
138 125 0.000
139 125 0.000
140 125 0.000
141 125 0.000
142 125 0.000
143 125 0.000
144 125 0.000
145 125 0.000
146 125 0.000
147 125 0.000
148 125 0.000
149 125 0.000
0 126 0.000
1 126 0.000
2 126 0.000
3 126 0.000
4 126 0.000
5 126 0.000
6 126 0.000
7 126 0.000
8 126 0.000
9 126 0.000
10 126 0.000
11 126 0.000
12 126 0.000
13 126 0.000
14 126 0.000
15 126 0.000
16 126 0.000
17 126 0.000
18 126 0.000
19 126 0.000
20 126 0.000
21 126 0.000
22 126 0.000
23 126 0.000
24 126 0.000
25 126 0.000
26 126 0.000
27 126 0.000
28 126 0.000
29 126 0.000
30 126 0.000
31 126 0.000
32 126 0.000
33 126 0.000
34 126 0.000
35 126 0.000
36 126 0.000
37 126 0.000
38 126 0.000
39 126 0.000
40 126 0.000
41 126 0.000
42 126 0.000
43 126 0.000
44 126 0.000
45 126 0.000
46 126 0.000
47 126 0.000
48 126 0.000
49 126 0.000
50 126 0.000
51 126 0.000
52 126 0.000
53 126 0.000
54 126 0.000
55 126 0.000
56 126 0.000
57 126 0.000
58 126 0.000
59 126 0.000
60 126 0.000
61 126 0.000
62 126 0.000
63 126 0.000
64 126 0.000
65 126 0.000
66 126 0.000
67 126 0.000
68 126 0.000
69 126 0.000
70 126 0.000
71 126 0.000
72 126 0.000
73 126 0.000
74 126 0.000
75 126 0.000
76 126 0.000
77 126 0.000
78 126 0.000
79 126 0.000
80 126 0.000
81 126 0.000
82 126 0.000
83 126 0.000
84 126 0.000
85 126 0.000
86 126 0.000
87 126 0.000
88 126 0.000
89 126 0.000
90 126 0.000
91 126 0.000
92 126 0.000
93 126 0.000
94 126 0.000
95 126 0.000
96 126 0.000
97 126 0.000
98 126 0.000
99 126 0.000
100 126 0.000
101 126 0.000
102 126 0.000
103 126 0.000
104 126 0.000
105 126 0.000
106 126 0.000
107 126 0.000
108 126 0.000
109 126 0.000
110 126 0.000
111 126 0.000
112 126 0.000
113 126 0.000
114 126 0.000
115 126 0.000
116 126 0.000
117 126 0.000
118 126 0.000
119 126 0.000
120 126 0.000
121 126 0.000
122 126 0.000
123 126 0.000
124 126 0.000
125 126 0.000
126 126 0.000
127 126 0.000
128 126 0.000
129 126 0.000
130 126 0.000
131 126 0.000
132 126 0.000
133 126 0.000
134 126 0.000
135 126 0.000
136 126 0.000
137 126 0.000
138 126 0.000
139 126 0.000
140 126 0.000
141 126 0.000
142 126 0.000
143 126 0.000
144 126 0.000
145 126 0.000
146 126 0.000
147 126 0.000
148 126 0.000
149 126 0.000
0 127 0.000
1 127 0.000
2 127 0.000
3 127 0.000
4 127 0.000
5 127 0.000
6 127 0.000
7 127 0.000
8 127 0.000
9 127 0.000
10 127 0.000
11 127 0.000
12 127 0.000
13 127 0.000
14 127 0.000
15 127 0.000
16 127 0.000
17 127 0.000
18 127 0.000
19 127 0.000
20 127 0.000
21 127 0.000
22 127 0.000
23 127 0.000
24 127 0.000
25 127 0.000
26 127 0.000
27 127 0.000
28 127 0.000
29 127 0.000
30 127 0.000
31 127 0.000
32 127 0.000
33 127 0.000
34 127 0.000
35 127 0.000
36 127 0.000
37 127 0.000
38 127 0.000
39 127 0.000
40 127 0.000
41 127 0.000
42 127 0.000
43 127 0.000
44 127 0.000
45 127 0.000
46 127 0.000
47 127 0.000
48 127 0.000
49 127 0.000
50 127 0.000
51 127 0.000
52 127 0.000
53 127 0.000
54 127 0.000
55 127 0.000
56 127 0.000
57 127 0.000
58 127 0.000
59 127 0.000
60 127 0.000
61 127 0.000
62 127 0.000
63 127 0.000
64 127 0.000
65 127 0.000
66 127 0.000
67 127 0.000
68 127 0.000
69 127 0.000
70 127 0.000
71 127 0.000
72 127 0.000
73 127 0.000
74 127 0.000
75 127 0.000
76 127 0.000
77 127 0.000
78 127 0.000
79 127 0.000
80 127 0.000
81 127 0.000
82 127 0.000
83 127 0.000
84 127 0.000
85 127 0.000
86 127 0.000
87 127 0.000
88 127 0.000
89 127 0.000
90 127 0.000
91 127 0.000
92 127 0.000
93 127 0.000
94 127 0.000
95 127 0.000
96 127 0.000
97 127 0.000
98 127 0.000
99 127 0.000
100 127 0.000
101 127 0.000
102 127 0.000
103 127 0.000
104 127 0.000
105 127 0.000
106 127 0.000
107 127 0.000
108 127 0.000
109 127 0.000
110 127 0.000
111 127 0.000
112 127 0.000
113 127 0.000
114 127 0.000
115 127 0.000
116 127 0.000
117 127 0.000
118 127 0.000
119 127 0.000
120 127 0.000
121 127 0.000
122 127 0.000
123 127 0.000
124 127 0.000
125 127 0.000
126 127 0.000
127 127 0.000
128 127 0.000
129 127 0.000
130 127 0.000
131 127 0.000
132 127 0.000
133 127 0.000
134 127 0.000
135 127 0.000
136 127 0.000
137 127 0.000
138 127 0.000
139 127 0.000
140 127 0.000
141 127 0.000
142 127 0.000
143 127 0.000
144 127 0.000
145 127 0.000
146 127 0.000
147 127 0.000
148 127 0.000
149 127 0.000
0 128 0.000
1 128 0.000
2 128 0.000
3 128 0.000
4 128 0.000
5 128 0.000
6 128 0.000
7 128 0.000
8 128 0.000
9 128 0.000
10 128 0.000
11 128 0.000
12 128 0.000
13 128 0.000
14 128 0.000
15 128 0.000
16 128 0.000
17 128 0.000
18 128 0.000
19 128 0.000
20 128 0.000
21 128 0.000
22 128 0.000
23 128 0.000
24 128 0.000
25 128 0.000
26 128 0.000
27 128 0.000
28 128 0.000
29 128 0.000
30 128 0.000
31 128 0.000
32 128 0.000
33 128 0.000
34 128 0.000
35 128 0.000
36 128 0.000
37 128 0.000
38 128 0.000
39 128 0.000
40 128 0.000
41 128 0.000
42 128 0.000
43 128 0.000
44 128 0.000
45 128 0.000
46 128 0.000
47 128 0.000
48 128 0.000
49 128 0.000
50 128 0.000
51 128 0.000
52 128 0.000
53 128 0.000
54 128 0.000
55 128 0.000
56 128 0.000
57 128 0.000
58 128 0.000
59 128 0.000
60 128 0.000
61 128 0.000
62 128 0.000
63 128 0.000
64 128 0.000
65 128 0.000
66 128 0.000
67 128 0.000
68 128 0.000
69 128 0.000
70 128 0.000
71 128 0.000
72 128 0.000
73 128 0.000
74 128 0.000
75 128 0.000
76 128 0.000
77 128 0.000
78 128 0.000
79 128 0.000
80 128 0.000
81 128 0.000
82 128 0.000
83 128 0.000
84 128 0.000
85 128 0.000
86 128 0.000
87 128 0.000
88 128 0.000
89 128 0.000
90 128 0.000
91 128 0.000
92 128 0.000
93 128 0.000
94 128 0.000
95 128 0.000
96 128 0.000
97 128 0.000
98 128 0.000
99 128 0.000
100 128 0.000
101 128 0.000
102 128 0.000
103 128 0.000
104 128 0.000
105 128 0.000
106 128 0.000
107 128 0.000
108 128 0.000
109 128 0.000
110 128 0.000
111 128 0.000
112 128 0.000
113 128 0.000
114 128 0.000
115 128 0.000
116 128 0.000
117 128 0.000
118 128 0.000
119 128 0.000
120 128 0.000
121 128 0.000
122 128 0.000
123 128 0.000
124 128 0.000
125 128 0.000
126 128 0.000
127 128 0.000
128 128 0.000
129 128 0.000
130 128 0.000
131 128 0.000
132 128 0.000
133 128 0.000
134 128 0.000
135 128 0.000
136 128 0.000
137 128 0.000
138 128 0.000
139 128 0.000
140 128 0.000
141 128 0.000
142 128 0.000
143 128 0.000
144 128 0.000
145 128 0.000
146 128 0.000
147 128 0.000
148 128 0.000
149 128 0.000
0 129 0.000
1 129 0.000
2 129 0.000
3 129 0.000
4 129 0.000
5 129 0.000
6 129 0.000
7 129 0.000
8 129 0.000
9 129 0.000
10 129 0.000
11 129 0.000
12 129 0.000
13 129 0.000
14 129 0.000
15 129 0.000
16 129 0.000
17 129 0.000
18 129 0.000
19 129 0.000
20 129 0.000
21 129 0.000
22 129 0.000
23 129 0.000
24 129 0.000
25 129 0.000
26 129 0.000
27 129 0.000
28 129 0.000
29 129 0.000
30 129 0.000
31 129 0.000
32 129 0.000
33 129 0.000
34 129 0.000
35 129 0.000
36 129 0.000
37 129 0.000
38 129 0.000
39 129 0.000
40 129 0.000
41 129 0.000
42 129 0.000
43 129 0.000
44 129 0.000
45 129 0.000
46 129 0.000
47 129 0.000
48 129 0.000
49 129 0.000
50 129 0.000
51 129 0.000
52 129 0.000
53 129 0.000
54 129 0.000
55 129 0.000
56 129 0.000
57 129 0.000
58 129 0.000
59 129 0.000
60 129 0.000
61 129 0.000
62 129 0.000
63 129 0.000
64 129 0.000
65 129 0.000
66 129 0.000
67 129 0.000
68 129 0.000
69 129 0.000
70 129 0.000
71 129 0.000
72 129 0.000
73 129 0.000
74 129 0.000
75 129 0.000
76 129 0.000
77 129 0.000
78 129 0.000
79 129 0.000
80 129 0.000
81 129 0.000
82 129 0.000
83 129 0.000
84 129 0.000
85 129 0.000
86 129 0.000
87 129 0.000
88 129 0.000
89 129 0.000
90 129 0.000
91 129 0.000
92 129 0.000
93 129 0.000
94 129 0.000
95 129 0.000
96 129 0.000
97 129 0.000
98 129 0.000
99 129 0.000
100 129 0.000
101 129 0.000
102 129 0.000
103 129 0.000
104 129 0.000
105 129 0.000
106 129 0.000
107 129 0.000
108 129 0.000
109 129 0.000
110 129 0.000
111 129 0.000
112 129 0.000
113 129 0.000
114 129 0.000
115 129 0.000
116 129 0.000
117 129 0.000
118 129 0.000
119 129 0.000
120 129 0.000
121 129 0.000
122 129 0.000
123 129 0.000
124 129 0.000
125 129 0.000
126 129 0.000
127 129 0.000
128 129 0.000
129 129 0.000
130 129 0.000
131 129 0.000
132 129 0.000
133 129 0.000
134 129 0.000
135 129 0.000
136 129 0.000
137 129 0.000
138 129 0.000
139 129 0.000
140 129 0.000
141 129 0.000
142 129 0.000
143 129 0.000
144 129 0.000
145 129 0.000
146 129 0.000
147 129 0.000
148 129 0.000
149 129 0.000
0 130 0.000
1 130 0.000
2 130 0.000
3 130 0.000
4 130 0.000
5 130 0.000
6 130 0.000
7 130 0.000
8 130 0.000
9 130 0.000
10 130 0.000
11 130 0.000
12 130 0.000
13 130 0.000
14 130 0.000
15 130 0.000
16 130 0.000
17 130 0.000
18 130 0.000
19 130 0.000
20 130 0.000
21 130 0.000
22 130 0.000
23 130 0.000
24 130 0.000
25 130 0.000
26 130 0.000
27 130 0.000
28 130 0.000
29 130 0.000
30 130 0.000
31 130 0.000
32 130 0.000
33 130 0.000
34 130 0.000
35 130 0.000
36 130 0.000
37 130 0.000
38 130 0.000
39 130 0.000
40 130 0.000
41 130 0.000
42 130 0.000
43 130 0.000
44 130 0.000
45 130 0.000
46 130 0.000
47 130 0.000
48 130 0.000
49 130 0.000
50 130 0.000
51 130 0.000
52 130 0.000
53 130 0.000
54 130 0.000
55 130 0.000
56 130 0.000
57 130 0.000
58 130 0.000
59 130 0.000
60 130 0.000
61 130 0.000
62 130 0.000
63 130 0.000
64 130 0.000
65 130 0.000
66 130 0.000
67 130 0.000
68 130 0.000
69 130 0.000
70 130 0.000
71 130 0.000
72 130 0.000
73 130 0.000
74 130 0.000
75 130 0.000
76 130 0.000
77 130 0.000
78 130 0.000
79 130 0.000
80 130 0.000
81 130 0.000
82 130 0.000
83 130 0.000
84 130 0.000
85 130 0.000
86 130 0.000
87 130 0.000
88 130 0.000
89 130 0.000
90 130 0.000
91 130 0.000
92 130 0.000
93 130 0.000
94 130 0.000
95 130 0.000
96 130 0.000
97 130 0.000
98 130 0.000
99 130 0.000
100 130 0.000
101 130 0.000
102 130 0.000
103 130 0.000
104 130 0.000
105 130 0.000
106 130 0.000
107 130 0.000
108 130 0.000
109 130 0.000
110 130 0.000
111 130 0.000
112 130 0.000
113 130 0.000
114 130 0.000
115 130 0.000
116 130 0.000
117 130 0.000
118 130 0.000
119 130 0.000
120 130 0.000
121 130 0.000
122 130 0.000
123 130 0.000
124 130 0.000
125 130 0.000
126 130 0.000
127 130 0.000
128 130 0.000
129 130 0.000
130 130 0.000
131 130 0.000
132 130 0.000
133 130 0.000
134 130 0.000
135 130 0.000
136 130 0.000
137 130 0.000
138 130 0.000
139 130 0.000
140 130 0.000
141 130 0.000
142 130 0.000
143 130 0.000
144 130 0.000
145 130 0.000
146 130 0.000
147 130 0.000
148 130 0.000
149 130 0.000
0 131 0.000
1 131 0.000
2 131 0.000
3 131 0.000
4 131 0.000
5 131 0.000
6 131 0.000
7 131 0.000
8 131 0.000
9 131 0.000
10 131 0.000
11 131 0.000
12 131 0.000
13 131 0.000
14 131 0.000
15 131 0.000
16 131 0.000
17 131 0.000
18 131 0.000
19 131 0.000
20 131 0.000
21 131 0.000
22 131 0.000
23 131 0.000
24 131 0.000
25 131 0.000
26 131 0.000
27 131 0.000
28 131 0.000
29 131 0.000
30 131 0.000
31 131 0.000
32 131 0.000
33 131 0.000
34 131 0.000
35 131 0.000
36 131 0.000
37 131 0.000
38 131 0.000
39 131 0.000
40 131 0.000
41 131 0.000
42 131 0.000
43 131 0.000
44 131 0.000
45 131 0.000
46 131 0.000
47 131 0.000
48 131 0.000
49 131 0.000
50 131 0.000
51 131 0.000
52 131 0.000
53 131 0.000
54 131 0.000
55 131 0.000
56 131 0.000
57 131 0.000
58 131 0.000
59 131 0.000
60 131 0.000
61 131 0.000
62 131 0.000
63 131 0.000
64 131 0.000
65 131 0.000
66 131 0.000
67 131 0.000
68 131 0.000
69 131 0.000
70 131 0.000
71 131 0.000
72 131 0.000
73 131 0.000
74 131 0.000
75 131 0.000
76 131 0.000
77 131 0.000
78 131 0.000
79 131 0.000
80 131 0.000
81 131 0.000
82 131 0.000
83 131 0.000
84 131 0.000
85 131 0.000
86 131 0.000
87 131 0.000
88 131 0.000
89 131 0.000
90 131 0.000
91 131 0.000
92 131 0.000
93 131 0.000
94 131 0.000
95 131 0.000
96 131 0.000
97 131 0.000
98 131 0.000
99 131 0.000
100 131 0.000
101 131 0.000
102 131 0.000
103 131 0.000
104 131 0.000
105 131 0.000
106 131 0.000
107 131 0.000
108 131 0.000
109 131 0.000
110 131 0.000
111 131 0.000
112 131 0.000
113 131 0.000
114 131 0.000
115 131 0.000
116 131 0.000
117 131 0.000
118 131 0.000
119 131 0.000
120 131 0.000
121 131 0.000
122 131 0.000
123 131 0.000
124 131 0.000
125 131 0.000
126 131 0.000
127 131 0.000
128 131 0.000
129 131 0.000
130 131 0.000
131 131 0.000
132 131 0.000
133 131 0.000
134 131 0.000
135 131 0.000
136 131 0.000
137 131 0.000
138 131 0.000
139 131 0.000
140 131 0.000
141 131 0.000
142 131 0.000
143 131 0.000
144 131 0.000
145 131 0.000
146 131 0.000
147 131 0.000
148 131 0.000
149 131 0.000
0 132 0.000
1 132 0.000
2 132 0.000
3 132 0.000
4 132 0.000
5 132 0.000
6 132 0.000
7 132 0.000
8 132 0.000
9 132 0.000
10 132 0.000
11 132 0.000
12 132 0.000
13 132 0.000
14 132 0.000
15 132 0.000
16 132 0.000
17 132 0.000
18 132 0.000
19 132 0.000
20 132 0.000
21 132 0.000
22 132 0.000
23 132 0.000
24 132 0.000
25 132 0.000
26 132 0.000
27 132 0.000
28 132 0.000
29 132 0.000
30 132 0.000
31 132 0.000
32 132 0.000
33 132 0.000
34 132 0.000
35 132 0.000
36 132 0.000
37 132 0.000
38 132 0.000
39 132 0.000
40 132 0.000
41 132 0.000
42 132 0.000
43 132 0.000
44 132 0.000
45 132 0.000
46 132 0.000
47 132 0.000
48 132 0.000
49 132 0.000
50 132 0.000
51 132 0.000
52 132 0.000
53 132 0.000
54 132 0.000
55 132 0.000
56 132 0.000
57 132 0.000
58 132 0.000
59 132 0.000
60 132 0.000
61 132 0.000
62 132 0.000
63 132 0.000
64 132 0.000
65 132 0.000
66 132 0.000
67 132 0.000
68 132 0.000
69 132 0.000
70 132 0.000
71 132 0.000
72 132 0.000
73 132 0.000
74 132 0.000
75 132 0.000
76 132 0.000
77 132 0.000
78 132 0.000
79 132 0.000
80 132 0.000
81 132 0.000
82 132 0.000
83 132 0.000
84 132 0.000
85 132 0.000
86 132 0.000
87 132 0.000
88 132 0.000
89 132 0.000
90 132 0.000
91 132 0.000
92 132 0.000
93 132 0.000
94 132 0.000
95 132 0.000
96 132 0.000
97 132 0.000
98 132 0.000
99 132 0.000
100 132 0.000
101 132 0.000
102 132 0.000
103 132 0.000
104 132 0.000
105 132 0.000
106 132 0.000
107 132 0.000
108 132 0.000
109 132 0.000
110 132 0.000
111 132 0.000
112 132 0.000
113 132 0.000
114 132 0.000
115 132 0.000
116 132 0.000
117 132 0.000
118 132 0.000
119 132 0.000
120 132 0.000
121 132 0.000
122 132 0.000
123 132 0.000
124 132 0.000
125 132 0.000
126 132 0.000
127 132 0.000
128 132 0.000
129 132 0.000
130 132 0.000
131 132 0.000
132 132 0.000
133 132 0.000
134 132 0.000
135 132 0.000
136 132 0.000
137 132 0.000
138 132 0.000
139 132 0.000
140 132 0.000
141 132 0.000
142 132 0.000
143 132 0.000
144 132 0.000
145 132 0.000
146 132 0.000
147 132 0.000
148 132 0.000
149 132 0.000
0 133 0.000
1 133 0.000
2 133 0.000
3 133 0.000
4 133 0.000
5 133 0.000
6 133 0.000
7 133 0.000
8 133 0.000
9 133 0.000
10 133 0.000
11 133 0.000
12 133 0.000
13 133 0.000
14 133 0.000
15 133 0.000
16 133 0.000
17 133 0.000
18 133 0.000
19 133 0.000
20 133 0.000
21 133 0.000
22 133 0.000
23 133 0.000
24 133 0.000
25 133 0.000
26 133 0.000
27 133 0.000
28 133 0.000
29 133 0.000
30 133 0.000
31 133 0.000
32 133 0.000
33 133 0.000
34 133 0.000
35 133 0.000
36 133 0.000
37 133 0.000
38 133 0.000
39 133 0.000
40 133 0.000
41 133 0.000
42 133 0.000
43 133 0.000
44 133 0.000
45 133 0.000
46 133 0.000
47 133 0.000
48 133 0.000
49 133 0.000
50 133 0.000
51 133 0.000
52 133 0.000
53 133 0.000
54 133 0.000
55 133 0.000
56 133 0.000
57 133 0.000
58 133 0.000
59 133 0.000
60 133 0.000
61 133 0.000
62 133 0.000
63 133 0.000
64 133 0.000
65 133 0.000
66 133 0.000
67 133 0.000
68 133 0.000
69 133 0.000
70 133 0.000
71 133 0.000
72 133 0.000
73 133 0.000
74 133 0.000
75 133 0.000
76 133 0.000
77 133 0.000
78 133 0.000
79 133 0.000
80 133 0.000
81 133 0.000
82 133 0.000
83 133 0.000
84 133 0.000
85 133 0.000
86 133 0.000
87 133 0.000
88 133 0.000
89 133 0.000
90 133 0.000
91 133 0.000
92 133 0.000
93 133 0.000
94 133 0.000
95 133 0.000
96 133 0.000
97 133 0.000
98 133 0.000
99 133 0.000
100 133 0.000
101 133 0.000
102 133 0.000
103 133 0.000
104 133 0.000
105 133 0.000
106 133 0.000
107 133 0.000
108 133 0.000
109 133 0.000
110 133 0.000
111 133 0.000
112 133 0.000
113 133 0.000
114 133 0.000
115 133 0.000
116 133 0.000
117 133 0.000
118 133 0.000
119 133 0.000
120 133 0.000
121 133 0.000
122 133 0.000
123 133 0.000
124 133 0.000
125 133 0.000
126 133 0.000
127 133 0.000
128 133 0.000
129 133 0.000
130 133 0.000
131 133 0.000
132 133 0.000
133 133 0.000
134 133 0.000
135 133 0.000
136 133 0.000
137 133 0.000
138 133 0.000
139 133 0.000
140 133 0.000
141 133 0.000
142 133 0.000
143 133 0.000
144 133 0.000
145 133 0.000
146 133 0.000
147 133 0.000
148 133 0.000
149 133 0.000
0 134 0.000
1 134 0.000
2 134 0.000
3 134 0.000
4 134 0.000
5 134 0.000
6 134 0.000
7 134 0.000
8 134 0.000
9 134 0.000
10 134 0.000
11 134 0.000
12 134 0.000
13 134 0.000
14 134 0.000
15 134 0.000
16 134 0.000
17 134 0.000
18 134 0.000
19 134 0.000
20 134 0.000
21 134 0.000
22 134 0.000
23 134 0.000
24 134 0.000
25 134 0.000
26 134 0.000
27 134 0.000
28 134 0.000
29 134 0.000
30 134 0.000
31 134 0.000
32 134 0.000
33 134 0.000
34 134 0.000
35 134 0.000
36 134 0.000
37 134 0.000
38 134 0.000
39 134 0.000
40 134 0.000
41 134 0.000
42 134 0.000
43 134 0.000
44 134 0.000
45 134 0.000
46 134 0.000
47 134 0.000
48 134 0.000
49 134 0.000
50 134 0.000
51 134 0.000
52 134 0.000
53 134 0.000
54 134 0.000
55 134 0.000
56 134 0.000
57 134 0.000
58 134 0.000
59 134 0.000
60 134 0.000
61 134 0.000
62 134 0.000
63 134 0.000
64 134 0.000
65 134 0.000
66 134 0.000
67 134 0.000
68 134 0.000
69 134 0.000
70 134 0.000
71 134 0.000
72 134 0.000
73 134 0.000
74 134 0.000
75 134 0.000
76 134 0.000
77 134 0.000
78 134 0.000
79 134 0.000
80 134 0.000
81 134 0.000
82 134 0.000
83 134 0.000
84 134 0.000
85 134 0.000
86 134 0.000
87 134 0.000
88 134 0.000
89 134 0.000
90 134 0.000
91 134 0.000
92 134 0.000
93 134 0.000
94 134 0.000
95 134 0.000
96 134 0.000
97 134 0.000
98 134 0.000
99 134 0.000
100 134 0.000
101 134 0.000
102 134 0.000
103 134 0.000
104 134 0.000
105 134 0.000
106 134 0.000
107 134 0.000
108 134 0.000
109 134 0.000
110 134 0.000
111 134 0.000
112 134 0.000
113 134 0.000
114 134 0.000
115 134 0.000
116 134 0.000
117 134 0.000
118 134 0.000
119 134 0.000
120 134 0.000
121 134 0.000
122 134 0.000
123 134 0.000
124 134 0.000
125 134 0.000
126 134 0.000
127 134 0.000
128 134 0.000
129 134 0.000
130 134 0.000
131 134 0.000
132 134 0.000
133 134 0.000
134 134 0.000
135 134 0.000
136 134 0.000
137 134 0.000
138 134 0.000
139 134 0.000
140 134 0.000
141 134 0.000
142 134 0.000
143 134 0.000
144 134 0.000
145 134 0.000
146 134 0.000
147 134 0.000
148 134 0.000
149 134 0.000
0 135 0.000
1 135 0.000
2 135 0.000
3 135 0.000
4 135 0.000
5 135 0.000
6 135 0.000
7 135 0.000
8 135 0.000
9 135 0.000
10 135 0.000
11 135 0.000
12 135 0.000
13 135 0.000
14 135 0.000
15 135 0.000
16 135 0.000
17 135 0.000
18 135 0.000
19 135 0.000
20 135 0.000
21 135 0.000
22 135 0.000
23 135 0.000
24 135 0.000
25 135 0.000
26 135 0.000
27 135 0.000
28 135 0.000
29 135 0.000
30 135 0.000
31 135 0.000
32 135 0.000
33 135 0.000
34 135 0.000
35 135 0.000
36 135 0.000
37 135 0.000
38 135 0.000
39 135 0.000
40 135 0.000
41 135 0.000
42 135 0.000
43 135 0.000
44 135 0.000
45 135 0.000
46 135 0.000
47 135 0.000
48 135 0.000
49 135 0.000
50 135 0.000
51 135 0.000
52 135 0.000
53 135 0.000
54 135 0.000
55 135 0.000
56 135 0.000
57 135 0.000
58 135 0.000
59 135 0.000
60 135 0.000
61 135 0.000
62 135 0.000
63 135 0.000
64 135 0.000
65 135 0.000
66 135 0.000
67 135 0.000
68 135 0.000
69 135 0.000
70 135 0.000
71 135 0.000
72 135 0.000
73 135 0.000
74 135 0.000
75 135 0.000
76 135 0.000
77 135 0.000
78 135 0.000
79 135 0.000
80 135 0.000
81 135 0.000
82 135 0.000
83 135 0.000
84 135 0.000
85 135 0.000
86 135 0.000
87 135 0.000
88 135 0.000
89 135 0.000
90 135 0.000
91 135 0.000
92 135 0.000
93 135 0.000
94 135 0.000
95 135 0.000
96 135 0.000
97 135 0.000
98 135 0.000
99 135 0.000
100 135 0.000
101 135 0.000
102 135 0.000
103 135 0.000
104 135 0.000
105 135 0.000
106 135 0.000
107 135 0.000
108 135 0.000
109 135 0.000
110 135 0.000
111 135 0.000
112 135 0.000
113 135 0.000
114 135 0.000
115 135 0.000
116 135 0.000
117 135 0.000
118 135 0.000
119 135 0.000
120 135 0.000
121 135 0.000
122 135 0.000
123 135 0.000
124 135 0.000
125 135 0.000
126 135 0.000
127 135 0.000
128 135 0.000
129 135 0.000
130 135 0.000
131 135 0.000
132 135 0.000
133 135 0.000
134 135 0.000
135 135 0.000
136 135 0.000
137 135 0.000
138 135 0.000
139 135 0.000
140 135 0.000
141 135 0.000
142 135 0.000
143 135 0.000
144 135 0.000
145 135 0.000
146 135 0.000
147 135 0.000
148 135 0.000
149 135 0.000
0 136 0.000
1 136 0.000
2 136 0.000
3 136 0.000
4 136 0.000
5 136 0.000
6 136 0.000
7 136 0.000
8 136 0.000
9 136 0.000
10 136 0.000
11 136 0.000
12 136 0.000
13 136 0.000
14 136 0.000
15 136 0.000
16 136 0.000
17 136 0.000
18 136 0.000
19 136 0.000
20 136 0.000
21 136 0.000
22 136 0.000
23 136 0.000
24 136 0.000
25 136 0.000
26 136 0.000
27 136 0.000
28 136 0.000
29 136 0.000
30 136 0.000
31 136 0.000
32 136 0.000
33 136 0.000
34 136 0.000
35 136 0.000
36 136 0.000
37 136 0.000
38 136 0.000
39 136 0.000
40 136 0.000
41 136 0.000
42 136 0.000
43 136 0.000
44 136 0.000
45 136 0.000
46 136 0.000
47 136 0.000
48 136 0.000
49 136 0.000
50 136 0.000
51 136 0.000
52 136 0.000
53 136 0.000
54 136 0.000
55 136 0.000
56 136 0.000
57 136 0.000
58 136 0.000
59 136 0.000
60 136 0.000
61 136 0.000
62 136 0.000
63 136 0.000
64 136 0.000
65 136 0.000
66 136 0.000
67 136 0.000
68 136 0.000
69 136 0.000
70 136 0.000
71 136 0.000
72 136 0.000
73 136 0.000
74 136 0.000
75 136 0.000
76 136 0.000
77 136 0.000
78 136 0.000
79 136 0.000
80 136 0.000
81 136 0.000
82 136 0.000
83 136 0.000
84 136 0.000
85 136 0.000
86 136 0.000
87 136 0.000
88 136 0.000
89 136 0.000
90 136 0.000
91 136 0.000
92 136 0.000
93 136 0.000
94 136 0.000
95 136 0.000
96 136 0.000
97 136 0.000
98 136 0.000
99 136 0.000
100 136 0.000
101 136 0.000
102 136 0.000
103 136 0.000
104 136 0.000
105 136 0.000
106 136 0.000
107 136 0.000
108 136 0.000
109 136 0.000
110 136 0.000
111 136 0.000
112 136 0.000
113 136 0.000
114 136 0.000
115 136 0.000
116 136 0.000
117 136 0.000
118 136 0.000
119 136 0.000
120 136 0.000
121 136 0.000
122 136 0.000
123 136 0.000
124 136 0.000
125 136 0.000
126 136 0.000
127 136 0.000
128 136 0.000
129 136 0.000
130 136 0.000
131 136 0.000
132 136 0.000
133 136 0.000
134 136 0.000
135 136 0.000
136 136 0.000
137 136 0.000
138 136 0.000
139 136 0.000
140 136 0.000
141 136 0.000
142 136 0.000
143 136 0.000
144 136 0.000
145 136 0.000
146 136 0.000
147 136 0.000
148 136 0.000
149 136 0.000
0 137 0.000
1 137 0.000
2 137 0.000
3 137 0.000
4 137 0.000
5 137 0.000
6 137 0.000
7 137 0.000
8 137 0.000
9 137 0.000
10 137 0.000
11 137 0.000
12 137 0.000
13 137 0.000
14 137 0.000
15 137 0.000
16 137 0.000
17 137 0.000
18 137 0.000
19 137 0.000
20 137 0.000
21 137 0.000
22 137 0.000
23 137 0.000
24 137 0.000
25 137 0.000
26 137 0.000
27 137 0.000
28 137 0.000
29 137 0.000
30 137 0.000
31 137 0.000
32 137 0.000
33 137 0.000
34 137 0.000
35 137 0.000
36 137 0.000
37 137 0.000
38 137 0.000
39 137 0.000
40 137 0.000
41 137 0.000
42 137 0.000
43 137 0.000
44 137 0.000
45 137 0.000
46 137 0.000
47 137 0.000
48 137 0.000
49 137 0.000
50 137 0.000
51 137 0.000
52 137 0.000
53 137 0.000
54 137 0.000
55 137 0.000
56 137 0.000
57 137 0.000
58 137 0.000
59 137 0.000
60 137 0.000
61 137 0.000
62 137 0.000
63 137 0.000
64 137 0.000
65 137 0.000
66 137 0.000
67 137 0.000
68 137 0.000
69 137 0.000
70 137 0.000
71 137 0.000
72 137 0.000
73 137 0.000
74 137 0.000
75 137 0.000
76 137 0.000
77 137 0.000
78 137 0.000
79 137 0.000
80 137 0.000
81 137 0.000
82 137 0.000
83 137 0.000
84 137 0.000
85 137 0.000
86 137 0.000
87 137 0.000
88 137 0.000
89 137 0.000
90 137 0.000
91 137 0.000
92 137 0.000
93 137 0.000
94 137 0.000
95 137 0.000
96 137 0.000
97 137 0.000
98 137 0.000
99 137 0.000
100 137 0.000
101 137 0.000
102 137 0.000
103 137 0.000
104 137 0.000
105 137 0.000
106 137 0.000
107 137 0.000
108 137 0.000
109 137 0.000
110 137 0.000
111 137 0.000
112 137 0.000
113 137 0.000
114 137 0.000
115 137 0.000
116 137 0.000
117 137 0.000
118 137 0.000
119 137 0.000
120 137 0.000
121 137 0.000
122 137 0.000
123 137 0.000
124 137 0.000
125 137 0.000
126 137 0.000
127 137 0.000
128 137 0.000
129 137 0.000
130 137 0.000
131 137 0.000
132 137 0.000
133 137 0.000
134 137 0.000
135 137 0.000
136 137 0.000
137 137 0.000
138 137 0.000
139 137 0.000
140 137 0.000
141 137 0.000
142 137 0.000
143 137 0.000
144 137 0.000
145 137 0.000
146 137 0.000
147 137 0.000
148 137 0.000
149 137 0.000
0 138 0.000
1 138 0.000
2 138 0.000
3 138 0.000
4 138 0.000
5 138 0.000
6 138 0.000
7 138 0.000
8 138 0.000
9 138 0.000
10 138 0.000
11 138 0.000
12 138 0.000
13 138 0.000
14 138 0.000
15 138 0.000
16 138 0.000
17 138 0.000
18 138 0.000
19 138 0.000
20 138 0.000
21 138 0.000
22 138 0.000
23 138 0.000
24 138 0.000
25 138 0.000
26 138 0.000
27 138 0.000
28 138 0.000
29 138 0.000
30 138 0.000
31 138 0.000
32 138 0.000
33 138 0.000
34 138 0.000
35 138 0.000
36 138 0.000
37 138 0.000
38 138 0.000
39 138 0.000
40 138 0.000
41 138 0.000
42 138 0.000
43 138 0.000
44 138 0.000
45 138 0.000
46 138 0.000
47 138 0.000
48 138 0.000
49 138 0.000
50 138 0.000
51 138 0.000
52 138 0.000
53 138 0.000
54 138 0.000
55 138 0.000
56 138 0.000
57 138 0.000
58 138 0.000
59 138 0.000
60 138 0.000
61 138 0.000
62 138 0.000
63 138 0.000
64 138 0.000
65 138 0.000
66 138 0.000
67 138 0.000
68 138 0.000
69 138 0.000
70 138 0.000
71 138 0.000
72 138 0.000
73 138 0.000
74 138 0.000
75 138 0.000
76 138 0.000
77 138 0.000
78 138 0.000
79 138 0.000
80 138 0.000
81 138 0.000
82 138 0.000
83 138 0.000
84 138 0.000
85 138 0.000
86 138 0.000
87 138 0.000
88 138 0.000
89 138 0.000
90 138 0.000
91 138 0.000
92 138 0.000
93 138 0.000
94 138 0.000
95 138 0.000
96 138 0.000
97 138 0.000
98 138 0.000
99 138 0.000
100 138 0.000
101 138 0.000
102 138 0.000
103 138 0.000
104 138 0.000
105 138 0.000
106 138 0.000
107 138 0.000
108 138 0.000
109 138 0.000
110 138 0.000
111 138 0.000
112 138 0.000
113 138 0.000
114 138 0.000
115 138 0.000
116 138 0.000
117 138 0.000
118 138 0.000
119 138 0.000
120 138 0.000
121 138 0.000
122 138 0.000
123 138 0.000
124 138 0.000
125 138 0.000
126 138 0.000
127 138 0.000
128 138 0.000
129 138 0.000
130 138 0.000
131 138 0.000
132 138 0.000
133 138 0.000
134 138 0.000
135 138 0.000
136 138 0.000
137 138 0.000
138 138 0.000
139 138 0.000
140 138 0.000
141 138 0.000
142 138 0.000
143 138 0.000
144 138 0.000
145 138 0.000
146 138 0.000
147 138 0.000
148 138 0.000
149 138 0.000
0 139 0.000
1 139 0.000
2 139 0.000
3 139 0.000
4 139 0.000
5 139 0.000
6 139 0.000
7 139 0.000
8 139 0.000
9 139 0.000
10 139 0.000
11 139 0.000
12 139 0.000
13 139 0.000
14 139 0.000
15 139 0.000
16 139 0.000
17 139 0.000
18 139 0.000
19 139 0.000
20 139 0.000
21 139 0.000
22 139 0.000
23 139 0.000
24 139 0.000
25 139 0.000
26 139 0.000
27 139 0.000
28 139 0.000
29 139 0.000
30 139 0.000
31 139 0.000
32 139 0.000
33 139 0.000
34 139 0.000
35 139 0.000
36 139 0.000
37 139 0.000
38 139 0.000
39 139 0.000
40 139 0.000
41 139 0.000
42 139 0.000
43 139 0.000
44 139 0.000
45 139 0.000
46 139 0.000
47 139 0.000
48 139 0.000
49 139 0.000
50 139 0.000
51 139 0.000
52 139 0.000
53 139 0.000
54 139 0.000
55 139 0.000
56 139 0.000
57 139 0.000
58 139 0.000
59 139 0.000
60 139 0.000
61 139 0.000
62 139 0.000
63 139 0.000
64 139 0.000
65 139 0.000
66 139 0.000
67 139 0.000
68 139 0.000
69 139 0.000
70 139 0.000
71 139 0.000
72 139 0.000
73 139 0.000
74 139 0.000
75 139 0.000
76 139 0.000
77 139 0.000
78 139 0.000
79 139 0.000
80 139 0.000
81 139 0.000
82 139 0.000
83 139 0.000
84 139 0.000
85 139 0.000
86 139 0.000
87 139 0.000
88 139 0.000
89 139 0.000
90 139 0.000
91 139 0.000
92 139 0.000
93 139 0.000
94 139 0.000
95 139 0.000
96 139 0.000
97 139 0.000
98 139 0.000
99 139 0.000
100 139 0.000
101 139 0.000
102 139 0.000
103 139 0.000
104 139 0.000
105 139 0.000
106 139 0.000
107 139 0.000
108 139 0.000
109 139 0.000
110 139 0.000
111 139 0.000
112 139 0.000
113 139 0.000
114 139 0.000
115 139 0.000
116 139 0.000
117 139 0.000
118 139 0.000
119 139 0.000
120 139 0.000
121 139 0.000
122 139 0.000
123 139 0.000
124 139 0.000
125 139 0.000
126 139 0.000
127 139 0.000
128 139 0.000
129 139 0.000
130 139 0.000
131 139 0.000
132 139 0.000
133 139 0.000
134 139 0.000
135 139 0.000
136 139 0.000
137 139 0.000
138 139 0.000
139 139 0.000
140 139 0.000
141 139 0.000
142 139 0.000
143 139 0.000
144 139 0.000
145 139 0.000
146 139 0.000
147 139 0.000
148 139 0.000
149 139 0.000
0 140 0.000
1 140 0.000
2 140 0.000
3 140 0.000
4 140 0.000
5 140 0.000
6 140 0.000
7 140 0.000
8 140 0.000
9 140 0.000
10 140 0.000
11 140 0.000
12 140 0.000
13 140 0.000
14 140 0.000
15 140 0.000
16 140 0.000
17 140 0.000
18 140 0.000
19 140 0.000
20 140 0.000
21 140 0.000
22 140 0.000
23 140 0.000
24 140 0.000
25 140 0.000
26 140 0.000
27 140 0.000
28 140 0.000
29 140 0.000
30 140 0.000
31 140 0.000
32 140 0.000
33 140 0.000
34 140 0.000
35 140 0.000
36 140 0.000
37 140 0.000
38 140 0.000
39 140 0.000
40 140 0.000
41 140 0.000
42 140 0.000
43 140 0.000
44 140 0.000
45 140 0.000
46 140 0.000
47 140 0.000
48 140 0.000
49 140 0.000
50 140 0.000
51 140 0.000
52 140 0.000
53 140 0.000
54 140 0.000
55 140 0.000
56 140 0.000
57 140 0.000
58 140 0.000
59 140 0.000
60 140 0.000
61 140 0.000
62 140 0.000
63 140 0.000
64 140 0.000
65 140 0.000
66 140 0.000
67 140 0.000
68 140 0.000
69 140 0.000
70 140 0.000
71 140 0.000
72 140 0.000
73 140 0.000
74 140 0.000
75 140 0.000
76 140 0.000
77 140 0.000
78 140 0.000
79 140 0.000
80 140 0.000
81 140 0.000
82 140 0.000
83 140 0.000
84 140 0.000
85 140 0.000
86 140 0.000
87 140 0.000
88 140 0.000
89 140 0.000
90 140 0.000
91 140 0.000
92 140 0.000
93 140 0.000
94 140 0.000
95 140 0.000
96 140 0.000
97 140 0.000
98 140 0.000
99 140 0.000
100 140 0.000
101 140 0.000
102 140 0.000
103 140 0.000
104 140 0.000
105 140 0.000
106 140 0.000
107 140 0.000
108 140 0.000
109 140 0.000
110 140 0.000
111 140 0.000
112 140 0.000
113 140 0.000
114 140 0.000
115 140 0.000
116 140 0.000
117 140 0.000
118 140 0.000
119 140 0.000
120 140 0.000
121 140 0.000
122 140 0.000
123 140 0.000
124 140 0.000
125 140 0.000
126 140 0.000
127 140 0.000
128 140 0.000
129 140 0.000
130 140 0.000
131 140 0.000
132 140 0.000
133 140 0.000
134 140 0.000
135 140 0.000
136 140 0.000
137 140 0.000
138 140 0.000
139 140 0.000
140 140 0.000
141 140 0.000
142 140 0.000
143 140 0.000
144 140 0.000
145 140 0.000
146 140 0.000
147 140 0.000
148 140 0.000
149 140 0.000
0 141 0.000
1 141 0.000
2 141 0.000
3 141 0.000
4 141 0.000
5 141 0.000
6 141 0.000
7 141 0.000
8 141 0.000
9 141 0.000
10 141 0.000
11 141 0.000
12 141 0.000
13 141 0.000
14 141 0.000
15 141 0.000
16 141 0.000
17 141 0.000
18 141 0.000
19 141 0.000
20 141 0.000
21 141 0.000
22 141 0.000
23 141 0.000
24 141 0.000
25 141 0.000
26 141 0.000
27 141 0.000
28 141 0.000
29 141 0.000
30 141 0.000
31 141 0.000
32 141 0.000
33 141 0.000
34 141 0.000
35 141 0.000
36 141 0.000
37 141 0.000
38 141 0.000
39 141 0.000
40 141 0.000
41 141 0.000
42 141 0.000
43 141 0.000
44 141 0.000
45 141 0.000
46 141 0.000
47 141 0.000
48 141 0.000
49 141 0.000
50 141 0.000
51 141 0.000
52 141 0.000
53 141 0.000
54 141 0.000
55 141 0.000
56 141 0.000
57 141 0.000
58 141 0.000
59 141 0.000
60 141 0.000
61 141 0.000
62 141 0.000
63 141 0.000
64 141 0.000
65 141 0.000
66 141 0.000
67 141 0.000
68 141 0.000
69 141 0.000
70 141 0.000
71 141 0.000
72 141 0.000
73 141 0.000
74 141 0.000
75 141 0.000
76 141 0.000
77 141 0.000
78 141 0.000
79 141 0.000
80 141 0.000
81 141 0.000
82 141 0.000
83 141 0.000
84 141 0.000
85 141 0.000
86 141 0.000
87 141 0.000
88 141 0.000
89 141 0.000
90 141 0.000
91 141 0.000
92 141 0.000
93 141 0.000
94 141 0.000
95 141 0.000
96 141 0.000
97 141 0.000
98 141 0.000
99 141 0.000
100 141 0.000
101 141 0.000
102 141 0.000
103 141 0.000
104 141 0.000
105 141 0.000
106 141 0.000
107 141 0.000
108 141 0.000
109 141 0.000
110 141 0.000
111 141 0.000
112 141 0.000
113 141 0.000
114 141 0.000
115 141 0.000
116 141 0.000
117 141 0.000
118 141 0.000
119 141 0.000
120 141 0.000
121 141 0.000
122 141 0.000
123 141 0.000
124 141 0.000
125 141 0.000
126 141 0.000
127 141 0.000
128 141 0.000
129 141 0.000
130 141 0.000
131 141 0.000
132 141 0.000
133 141 0.000
134 141 0.000
135 141 0.000
136 141 0.000
137 141 0.000
138 141 0.000
139 141 0.000
140 141 0.000
141 141 0.000
142 141 0.000
143 141 0.000
144 141 0.000
145 141 0.000
146 141 0.000
147 141 0.000
148 141 0.000
149 141 0.000
0 142 0.000
1 142 0.000
2 142 0.000
3 142 0.000
4 142 0.000
5 142 0.000
6 142 0.000
7 142 0.000
8 142 0.000
9 142 0.000
10 142 0.000
11 142 0.000
12 142 0.000
13 142 0.000
14 142 0.000
15 142 0.000
16 142 0.000
17 142 0.000
18 142 0.000
19 142 0.000
20 142 0.000
21 142 0.000
22 142 0.000
23 142 0.000
24 142 0.000
25 142 0.000
26 142 0.000
27 142 0.000
28 142 0.000
29 142 0.000
30 142 0.000
31 142 0.000
32 142 0.000
33 142 0.000
34 142 0.000
35 142 0.000
36 142 0.000
37 142 0.000
38 142 0.000
39 142 0.000
40 142 0.000
41 142 0.000
42 142 0.000
43 142 0.000
44 142 0.000
45 142 0.000
46 142 0.000
47 142 0.000
48 142 0.000
49 142 0.000
50 142 0.000
51 142 0.000
52 142 0.000
53 142 0.000
54 142 0.000
55 142 0.000
56 142 0.000
57 142 0.000
58 142 0.000
59 142 0.000
60 142 0.000
61 142 0.000
62 142 0.000
63 142 0.000
64 142 0.000
65 142 0.000
66 142 0.000
67 142 0.000
68 142 0.000
69 142 0.000
70 142 0.000
71 142 0.000
72 142 0.000
73 142 0.000
74 142 0.000
75 142 0.000
76 142 0.000
77 142 0.000
78 142 0.000
79 142 0.000
80 142 0.000
81 142 0.000
82 142 0.000
83 142 0.000
84 142 0.000
85 142 0.000
86 142 0.000
87 142 0.000
88 142 0.000
89 142 0.000
90 142 0.000
91 142 0.000
92 142 0.000
93 142 0.000
94 142 0.000
95 142 0.000
96 142 0.000
97 142 0.000
98 142 0.000
99 142 0.000
100 142 0.000
101 142 0.000
102 142 0.000
103 142 0.000
104 142 0.000
105 142 0.000
106 142 0.000
107 142 0.000
108 142 0.000
109 142 0.000
110 142 0.000
111 142 0.000
112 142 0.000
113 142 0.000
114 142 0.000
115 142 0.000
116 142 0.000
117 142 0.000
118 142 0.000
119 142 0.000
120 142 0.000
121 142 0.000
122 142 0.000
123 142 0.000
124 142 0.000
125 142 0.000
126 142 0.000
127 142 0.000
128 142 0.000
129 142 0.000
130 142 0.000
131 142 0.000
132 142 0.000
133 142 0.000
134 142 0.000
135 142 0.000
136 142 0.000
137 142 0.000
138 142 0.000
139 142 0.000
140 142 0.000
141 142 0.000
142 142 0.000
143 142 0.000
144 142 0.000
145 142 0.000
146 142 0.000
147 142 0.000
148 142 0.000
149 142 0.000
0 143 0.000
1 143 0.000
2 143 0.000
3 143 0.000
4 143 0.000
5 143 0.000
6 143 0.000
7 143 0.000
8 143 0.000
9 143 0.000
10 143 0.000
11 143 0.000
12 143 0.000
13 143 0.000
14 143 0.000
15 143 0.000
16 143 0.000
17 143 0.000
18 143 0.000
19 143 0.000
20 143 0.000
21 143 0.000
22 143 0.000
23 143 0.000
24 143 0.000
25 143 0.000
26 143 0.000
27 143 0.000
28 143 0.000
29 143 0.000
30 143 0.000
31 143 0.000
32 143 0.000
33 143 0.000
34 143 0.000
35 143 0.000
36 143 0.000
37 143 0.000
38 143 0.000
39 143 0.000
40 143 0.000
41 143 0.000
42 143 0.000
43 143 0.000
44 143 0.000
45 143 0.000
46 143 0.000
47 143 0.000
48 143 0.000
49 143 0.000
50 143 0.000
51 143 0.000
52 143 0.000
53 143 0.000
54 143 0.000
55 143 0.000
56 143 0.000
57 143 0.000
58 143 0.000
59 143 0.000
60 143 0.000
61 143 0.000
62 143 0.000
63 143 0.000
64 143 0.000
65 143 0.000
66 143 0.000
67 143 0.000
68 143 0.000
69 143 0.000
70 143 0.000
71 143 0.000
72 143 0.000
73 143 0.000
74 143 0.000
75 143 0.000
76 143 0.000
77 143 0.000
78 143 0.000
79 143 0.000
80 143 0.000
81 143 0.000
82 143 0.000
83 143 0.000
84 143 0.000
85 143 0.000
86 143 0.000
87 143 0.000
88 143 0.000
89 143 0.000
90 143 0.000
91 143 0.000
92 143 0.000
93 143 0.000
94 143 0.000
95 143 0.000
96 143 0.000
97 143 0.000
98 143 0.000
99 143 0.000
100 143 0.000
101 143 0.000
102 143 0.000
103 143 0.000
104 143 0.000
105 143 0.000
106 143 0.000
107 143 0.000
108 143 0.000
109 143 0.000
110 143 0.000
111 143 0.000
112 143 0.000
113 143 0.000
114 143 0.000
115 143 0.000
116 143 0.000
117 143 0.000
118 143 0.000
119 143 0.000
120 143 0.000
121 143 0.000
122 143 0.000
123 143 0.000
124 143 0.000
125 143 0.000
126 143 0.000
127 143 0.000
128 143 0.000
129 143 0.000
130 143 0.000
131 143 0.000
132 143 0.000
133 143 0.000
134 143 0.000
135 143 0.000
136 143 0.000
137 143 0.000
138 143 0.000
139 143 0.000
140 143 0.000
141 143 0.000
142 143 0.000
143 143 0.000
144 143 0.000
145 143 0.000
146 143 0.000
147 143 0.000
148 143 0.000
149 143 0.000
0 144 0.000
1 144 0.000
2 144 0.000
3 144 0.000
4 144 0.000
5 144 0.000
6 144 0.000
7 144 0.000
8 144 0.000
9 144 0.000
10 144 0.000
11 144 0.000
12 144 0.000
13 144 0.000
14 144 0.000
15 144 0.000
16 144 0.000
17 144 0.000
18 144 0.000
19 144 0.000
20 144 0.000
21 144 0.000
22 144 0.000
23 144 0.000
24 144 0.000
25 144 0.000
26 144 0.000
27 144 0.000
28 144 0.000
29 144 0.000
30 144 0.000
31 144 0.000
32 144 0.000
33 144 0.000
34 144 0.000
35 144 0.000
36 144 0.000
37 144 0.000
38 144 0.000
39 144 0.000
40 144 0.000
41 144 0.000
42 144 0.000
43 144 0.000
44 144 0.000
45 144 0.000
46 144 0.000
47 144 0.000
48 144 0.000
49 144 0.000
50 144 0.000
51 144 0.000
52 144 0.000
53 144 0.000
54 144 0.000
55 144 0.000
56 144 0.000
57 144 0.000
58 144 0.000
59 144 0.000
60 144 0.000
61 144 0.000
62 144 0.000
63 144 0.000
64 144 0.000
65 144 0.000
66 144 0.000
67 144 0.000
68 144 0.000
69 144 0.000
70 144 0.000
71 144 0.000
72 144 0.000
73 144 0.000
74 144 0.000
75 144 0.000
76 144 0.000
77 144 0.000
78 144 0.000
79 144 0.000
80 144 0.000
81 144 0.000
82 144 0.000
83 144 0.000
84 144 0.000
85 144 0.000
86 144 0.000
87 144 0.000
88 144 0.000
89 144 0.000
90 144 0.000
91 144 0.000
92 144 0.000
93 144 0.000
94 144 0.000
95 144 0.000
96 144 0.000
97 144 0.000
98 144 0.000
99 144 0.000
100 144 0.000
101 144 0.000
102 144 0.000
103 144 0.000
104 144 0.000
105 144 0.000
106 144 0.000
107 144 0.000
108 144 0.000
109 144 0.000
110 144 0.000
111 144 0.000
112 144 0.000
113 144 0.000
114 144 0.000
115 144 0.000
116 144 0.000
117 144 0.000
118 144 0.000
119 144 0.000
120 144 0.000
121 144 0.000
122 144 0.000
123 144 0.000
124 144 0.000
125 144 0.000
126 144 0.000
127 144 0.000
128 144 0.000
129 144 0.000
130 144 0.000
131 144 0.000
132 144 0.000
133 144 0.000
134 144 0.000
135 144 0.000
136 144 0.000
137 144 0.000
138 144 0.000
139 144 0.000
140 144 0.000
141 144 0.000
142 144 0.000
143 144 0.000
144 144 0.000
145 144 0.000
146 144 0.000
147 144 0.000
148 144 0.000
149 144 0.000
0 145 0.000
1 145 0.000
2 145 0.000
3 145 0.000
4 145 0.000
5 145 0.000
6 145 0.000
7 145 0.000
8 145 0.000
9 145 0.000
10 145 0.000
11 145 0.000
12 145 0.000
13 145 0.000
14 145 0.000
15 145 0.000
16 145 0.000
17 145 0.000
18 145 0.000
19 145 0.000
20 145 0.000
21 145 0.000
22 145 0.000
23 145 0.000
24 145 0.000
25 145 0.000
26 145 0.000
27 145 0.000
28 145 0.000
29 145 0.000
30 145 0.000
31 145 0.000
32 145 0.000
33 145 0.000
34 145 0.000
35 145 0.000
36 145 0.000
37 145 0.000
38 145 0.000
39 145 0.000
40 145 0.000
41 145 0.000
42 145 0.000
43 145 0.000
44 145 0.000
45 145 0.000
46 145 0.000
47 145 0.000
48 145 0.000
49 145 0.000
50 145 0.000
51 145 0.000
52 145 0.000
53 145 0.000
54 145 0.000
55 145 0.000
56 145 0.000
57 145 0.000
58 145 0.000
59 145 0.000
60 145 0.000
61 145 0.000
62 145 0.000
63 145 0.000
64 145 0.000
65 145 0.000
66 145 0.000
67 145 0.000
68 145 0.000
69 145 0.000
70 145 0.000
71 145 0.000
72 145 0.000
73 145 0.000
74 145 0.000
75 145 0.000
76 145 0.000
77 145 0.000
78 145 0.000
79 145 0.000
80 145 0.000
81 145 0.000
82 145 0.000
83 145 0.000
84 145 0.000
85 145 0.000
86 145 0.000
87 145 0.000
88 145 0.000
89 145 0.000
90 145 0.000
91 145 0.000
92 145 0.000
93 145 0.000
94 145 0.000
95 145 0.000
96 145 0.000
97 145 0.000
98 145 0.000
99 145 0.000
100 145 0.000
101 145 0.000
102 145 0.000
103 145 0.000
104 145 0.000
105 145 0.000
106 145 0.000
107 145 0.000
108 145 0.000
109 145 0.000
110 145 0.000
111 145 0.000
112 145 0.000
113 145 0.000
114 145 0.000
115 145 0.000
116 145 0.000
117 145 0.000
118 145 0.000
119 145 0.000
120 145 0.000
121 145 0.000
122 145 0.000
123 145 0.000
124 145 0.000
125 145 0.000
126 145 0.000
127 145 0.000
128 145 0.000
129 145 0.000
130 145 0.000
131 145 0.000
132 145 0.000
133 145 0.000
134 145 0.000
135 145 0.000
136 145 0.000
137 145 0.000
138 145 0.000
139 145 0.000
140 145 0.000
141 145 0.000
142 145 0.000
143 145 0.000
144 145 0.000
145 145 0.000
146 145 0.000
147 145 0.000
148 145 0.000
149 145 0.000
0 146 0.000
1 146 0.000
2 146 0.000
3 146 0.000
4 146 0.000
5 146 0.000
6 146 0.000
7 146 0.000
8 146 0.000
9 146 0.000
10 146 0.000
11 146 0.000
12 146 0.000
13 146 0.000
14 146 0.000
15 146 0.000
16 146 0.000
17 146 0.000
18 146 0.000
19 146 0.000
20 146 0.000
21 146 0.000
22 146 0.000
23 146 0.000
24 146 0.000
25 146 0.000
26 146 0.000
27 146 0.000
28 146 0.000
29 146 0.000
30 146 0.000
31 146 0.000
32 146 0.000
33 146 0.000
34 146 0.000
35 146 0.000
36 146 0.000
37 146 0.000
38 146 0.000
39 146 0.000
40 146 0.000
41 146 0.000
42 146 0.000
43 146 0.000
44 146 0.000
45 146 0.000
46 146 0.000
47 146 0.000
48 146 0.000
49 146 0.000
50 146 0.000
51 146 0.000
52 146 0.000
53 146 0.000
54 146 0.000
55 146 0.000
56 146 0.000
57 146 0.000
58 146 0.000
59 146 0.000
60 146 0.000
61 146 0.000
62 146 0.000
63 146 0.000
64 146 0.000
65 146 0.000
66 146 0.000
67 146 0.000
68 146 0.000
69 146 0.000
70 146 0.000
71 146 0.000
72 146 0.000
73 146 0.000
74 146 0.000
75 146 0.000
76 146 0.000
77 146 0.000
78 146 0.000
79 146 0.000
80 146 0.000
81 146 0.000
82 146 0.000
83 146 0.000
84 146 0.000
85 146 0.000
86 146 0.000
87 146 0.000
88 146 0.000
89 146 0.000
90 146 0.000
91 146 0.000
92 146 0.000
93 146 0.000
94 146 0.000
95 146 0.000
96 146 0.000
97 146 0.000
98 146 0.000
99 146 0.000
100 146 0.000
101 146 0.000
102 146 0.000
103 146 0.000
104 146 0.000
105 146 0.000
106 146 0.000
107 146 0.000
108 146 0.000
109 146 0.000
110 146 0.000
111 146 0.000
112 146 0.000
113 146 0.000
114 146 0.000
115 146 0.000
116 146 0.000
117 146 0.000
118 146 0.000
119 146 0.000
120 146 0.000
121 146 0.000
122 146 0.000
123 146 0.000
124 146 0.000
125 146 0.000
126 146 0.000
127 146 0.000
128 146 0.000
129 146 0.000
130 146 0.000
131 146 0.000
132 146 0.000
133 146 0.000
134 146 0.000
135 146 0.000
136 146 0.000
137 146 0.000
138 146 0.000
139 146 0.000
140 146 0.000
141 146 0.000
142 146 0.000
143 146 0.000
144 146 0.000
145 146 0.000
146 146 0.000
147 146 0.000
148 146 0.000
149 146 0.000
0 147 0.000
1 147 0.000
2 147 0.000
3 147 0.000
4 147 0.000
5 147 0.000
6 147 0.000
7 147 0.000
8 147 0.000
9 147 0.000
10 147 0.000
11 147 0.000
12 147 0.000
13 147 0.000
14 147 0.000
15 147 0.000
16 147 0.000
17 147 0.000
18 147 0.000
19 147 0.000
20 147 0.000
21 147 0.000
22 147 0.000
23 147 0.000
24 147 0.000
25 147 0.000
26 147 0.000
27 147 0.000
28 147 0.000
29 147 0.000
30 147 0.000
31 147 0.000
32 147 0.000
33 147 0.000
34 147 0.000
35 147 0.000
36 147 0.000
37 147 0.000
38 147 0.000
39 147 0.000
40 147 0.000
41 147 0.000
42 147 0.000
43 147 0.000
44 147 0.000
45 147 0.000
46 147 0.000
47 147 0.000
48 147 0.000
49 147 0.000
50 147 0.000
51 147 0.000
52 147 0.000
53 147 0.000
54 147 0.000
55 147 0.000
56 147 0.000
57 147 0.000
58 147 0.000
59 147 0.000
60 147 0.000
61 147 0.000
62 147 0.000
63 147 0.000
64 147 0.000
65 147 0.000
66 147 0.000
67 147 0.000
68 147 0.000
69 147 0.000
70 147 0.000
71 147 0.000
72 147 0.000
73 147 0.000
74 147 0.000
75 147 0.000
76 147 0.000
77 147 0.000
78 147 0.000
79 147 0.000
80 147 0.000
81 147 0.000
82 147 0.000
83 147 0.000
84 147 0.000
85 147 0.000
86 147 0.000
87 147 0.000
88 147 0.000
89 147 0.000
90 147 0.000
91 147 0.000
92 147 0.000
93 147 0.000
94 147 0.000
95 147 0.000
96 147 0.000
97 147 0.000
98 147 0.000
99 147 0.000
100 147 0.000
101 147 0.000
102 147 0.000
103 147 0.000
104 147 0.000
105 147 0.000
106 147 0.000
107 147 0.000
108 147 0.000
109 147 0.000
110 147 0.000
111 147 0.000
112 147 0.000
113 147 0.000
114 147 0.000
115 147 0.000
116 147 0.000
117 147 0.000
118 147 0.000
119 147 0.000
120 147 0.000
121 147 0.000
122 147 0.000
123 147 0.000
124 147 0.000
125 147 0.000
126 147 0.000
127 147 0.000
128 147 0.000
129 147 0.000
130 147 0.000
131 147 0.000
132 147 0.000
133 147 0.000
134 147 0.000
135 147 0.000
136 147 0.000
137 147 0.000
138 147 0.000
139 147 0.000
140 147 0.000
141 147 0.000
142 147 0.000
143 147 0.000
144 147 0.000
145 147 0.000
146 147 0.000
147 147 0.000
148 147 0.000
149 147 0.000
0 148 0.000
1 148 0.000
2 148 0.000
3 148 0.000
4 148 0.000
5 148 0.000
6 148 0.000
7 148 0.000
8 148 0.000
9 148 0.000
10 148 0.000
11 148 0.000
12 148 0.000
13 148 0.000
14 148 0.000
15 148 0.000
16 148 0.000
17 148 0.000
18 148 0.000
19 148 0.000
20 148 0.000
21 148 0.000
22 148 0.000
23 148 0.000
24 148 0.000
25 148 0.000
26 148 0.000
27 148 0.000
28 148 0.000
29 148 0.000
30 148 0.000
31 148 0.000
32 148 0.000
33 148 0.000
34 148 0.000
35 148 0.000
36 148 0.000
37 148 0.000
38 148 0.000
39 148 0.000
40 148 0.000
41 148 0.000
42 148 0.000
43 148 0.000
44 148 0.000
45 148 0.000
46 148 0.000
47 148 0.000
48 148 0.000
49 148 0.000
50 148 0.000
51 148 0.000
52 148 0.000
53 148 0.000
54 148 0.000
55 148 0.000
56 148 0.000
57 148 0.000
58 148 0.000
59 148 0.000
60 148 0.000
61 148 0.000
62 148 0.000
63 148 0.000
64 148 0.000
65 148 0.000
66 148 0.000
67 148 0.000
68 148 0.000
69 148 0.000
70 148 0.000
71 148 0.000
72 148 0.000
73 148 0.000
74 148 0.000
75 148 0.000
76 148 0.000
77 148 0.000
78 148 0.000
79 148 0.000
80 148 0.000
81 148 0.000
82 148 0.000
83 148 0.000
84 148 0.000
85 148 0.000
86 148 0.000
87 148 0.000
88 148 0.000
89 148 0.000
90 148 0.000
91 148 0.000
92 148 0.000
93 148 0.000
94 148 0.000
95 148 0.000
96 148 0.000
97 148 0.000
98 148 0.000
99 148 0.000
100 148 0.000
101 148 0.000
102 148 0.000
103 148 0.000
104 148 0.000
105 148 0.000
106 148 0.000
107 148 0.000
108 148 0.000
109 148 0.000
110 148 0.000
111 148 0.000
112 148 0.000
113 148 0.000
114 148 0.000
115 148 0.000
116 148 0.000
117 148 0.000
118 148 0.000
119 148 0.000
120 148 0.000
121 148 0.000
122 148 0.000
123 148 0.000
124 148 0.000
125 148 0.000
126 148 0.000
127 148 0.000
128 148 0.000
129 148 0.000
130 148 0.000
131 148 0.000
132 148 0.000
133 148 0.000
134 148 0.000
135 148 0.000
136 148 0.000
137 148 0.000
138 148 0.000
139 148 0.000
140 148 0.000
141 148 0.000
142 148 0.000
143 148 0.000
144 148 0.000
145 148 0.000
146 148 0.000
147 148 0.000
148 148 0.000
149 148 0.000
0 149 0.000
1 149 0.000
2 149 0.000
3 149 0.000
4 149 0.000
5 149 0.000
6 149 0.000
7 149 0.000
8 149 0.000
9 149 0.000
10 149 0.000
11 149 0.000
12 149 0.000
13 149 0.000
14 149 0.000
15 149 0.000
16 149 0.000
17 149 0.000
18 149 0.000
19 149 0.000
20 149 0.000
21 149 0.000
22 149 0.000
23 149 0.000
24 149 0.000
25 149 0.000
26 149 0.000
27 149 0.000
28 149 0.000
29 149 0.000
30 149 0.000
31 149 0.000
32 149 0.000
33 149 0.000
34 149 0.000
35 149 0.000
36 149 0.000
37 149 0.000
38 149 0.000
39 149 0.000
40 149 0.000
41 149 0.000
42 149 0.000
43 149 0.000
44 149 0.000
45 149 0.000
46 149 0.000
47 149 0.000
48 149 0.000
49 149 0.000
50 149 0.000
51 149 0.000
52 149 0.000
53 149 0.000
54 149 0.000
55 149 0.000
56 149 0.000
57 149 0.000
58 149 0.000
59 149 0.000
60 149 0.000
61 149 0.000
62 149 0.000
63 149 0.000
64 149 0.000
65 149 0.000
66 149 0.000
67 149 0.000
68 149 0.000
69 149 0.000
70 149 0.000
71 149 0.000
72 149 0.000
73 149 0.000
74 149 0.000
75 149 0.000
76 149 0.000
77 149 0.000
78 149 0.000
79 149 0.000
80 149 0.000
81 149 0.000
82 149 0.000
83 149 0.000
84 149 0.000
85 149 0.000
86 149 0.000
87 149 0.000
88 149 0.000
89 149 0.000
90 149 0.000
91 149 0.000
92 149 0.000
93 149 0.000
94 149 0.000
95 149 0.000
96 149 0.000
97 149 0.000
98 149 0.000
99 149 0.000
100 149 0.000
101 149 0.000
102 149 0.000
103 149 0.000
104 149 0.000
105 149 0.000
106 149 0.000
107 149 0.000
108 149 0.000
109 149 0.000
110 149 0.000
111 149 0.000
112 149 0.000
113 149 0.000
114 149 0.000
115 149 0.000
116 149 0.000
117 149 0.000
118 149 0.000
119 149 0.000
120 149 0.000
121 149 0.000
122 149 0.000
123 149 0.000
124 149 0.000
125 149 0.000
126 149 0.000
127 149 0.000
128 149 0.000
129 149 0.000
130 149 0.000
131 149 0.000
132 149 0.000
133 149 0.000
134 149 0.000
135 149 0.000
136 149 0.000
137 149 0.000
138 149 0.000
139 149 0.000
140 149 0.000
141 149 0.000
142 149 0.000
143 149 0.000
144 149 0.000
145 149 0.000
146 149 0.000
147 149 0.000
148 149 0.000
149 149 0.000
0 150 0.000
1 150 0.000
2 150 0.000
3 150 0.000
4 150 0.000
5 150 0.000
6 150 0.000
7 150 0.000
8 150 0.000
9 150 0.000
10 150 0.000
11 150 0.000
12 150 0.000
13 150 0.000
14 150 0.000
15 150 0.000
16 150 0.000
17 150 0.000
18 150 0.000
19 150 0.000
20 150 0.000
21 150 0.000
22 150 0.000
23 150 0.000
24 150 0.000
25 150 0.000
26 150 0.000
27 150 0.000
28 150 0.000
29 150 0.000
30 150 0.000
31 150 0.000
32 150 0.000
33 150 0.000
34 150 0.000
35 150 0.000
36 150 0.000
37 150 0.000
38 150 0.000
39 150 0.000
40 150 0.000
41 150 0.000
42 150 0.000
43 150 0.000
44 150 0.000
45 150 0.000
46 150 0.000
47 150 0.000
48 150 0.000
49 150 0.000
50 150 0.000
51 150 0.000
52 150 0.000
53 150 0.000
54 150 0.000
55 150 0.000
56 150 0.000
57 150 0.000
58 150 0.000
59 150 0.000
60 150 0.000
61 150 0.000
62 150 0.000
63 150 0.000
64 150 0.000
65 150 0.000
66 150 0.000
67 150 0.000
68 150 0.000
69 150 0.000
70 150 0.000
71 150 0.000
72 150 0.000
73 150 0.000
74 150 0.000
75 150 0.000
76 150 0.000
77 150 0.000
78 150 0.000
79 150 0.000
80 150 0.000
81 150 0.000
82 150 0.000
83 150 0.000
84 150 0.000
85 150 0.000
86 150 0.000
87 150 0.000
88 150 0.000
89 150 0.000
90 150 0.000
91 150 0.000
92 150 0.000
93 150 0.000
94 150 0.000
95 150 0.000
96 150 0.000
97 150 0.000
98 150 0.000
99 150 0.000
100 150 0.000
101 150 0.000
102 150 0.000
103 150 0.000
104 150 0.000
105 150 0.000
106 150 0.000
107 150 0.000
108 150 0.000
109 150 0.000
110 150 0.000
111 150 0.000
112 150 0.000
113 150 0.000
114 150 0.000
115 150 0.000
116 150 0.000
117 150 0.000
118 150 0.000
119 150 0.000
120 150 0.000
121 150 0.000
122 150 0.000
123 150 0.000
124 150 0.000
125 150 0.000
126 150 0.000
127 150 0.000
128 150 0.000
129 150 0.000
130 150 0.000
131 150 0.000
132 150 0.000
133 150 0.000
134 150 0.000
135 150 0.000
136 150 0.000
137 150 0.000
138 150 0.000
139 150 0.000
140 150 0.000
141 150 0.000
142 150 0.000
143 150 0.000
144 150 0.000
145 150 0.000
146 150 0.000
147 150 0.000
148 150 0.000
149 150 0.000
0 151 0.000
1 151 0.000
2 151 0.000
3 151 0.000
4 151 0.000
5 151 0.000
6 151 0.000
7 151 0.000
8 151 0.000
9 151 0.000
10 151 0.000
11 151 0.000
12 151 0.000
13 151 0.000
14 151 0.000
15 151 0.000
16 151 0.000
17 151 0.000
18 151 0.000
19 151 0.000
20 151 0.000
21 151 0.000
22 151 0.000
23 151 0.000
24 151 0.000
25 151 0.000
26 151 0.000
27 151 0.000
28 151 0.000
29 151 0.000
30 151 0.000
31 151 0.000
32 151 0.000
33 151 0.000
34 151 0.000
35 151 0.000
36 151 0.000
37 151 0.000
38 151 0.000
39 151 0.000
40 151 0.000
41 151 0.000
42 151 0.000
43 151 0.000
44 151 0.000
45 151 0.000
46 151 0.000
47 151 0.000
48 151 0.000
49 151 0.000
50 151 0.000
51 151 0.000
52 151 0.000
53 151 0.000
54 151 0.000
55 151 0.000
56 151 0.000
57 151 0.000
58 151 0.000
59 151 0.000
60 151 0.000
61 151 0.000
62 151 0.000
63 151 0.000
64 151 0.000
65 151 0.000
66 151 0.000
67 151 0.000
68 151 0.000
69 151 0.000
70 151 0.000
71 151 0.000
72 151 0.000
73 151 0.000
74 151 0.000
75 151 0.000
76 151 0.000
77 151 0.000
78 151 0.000
79 151 0.000
80 151 0.000
81 151 0.000
82 151 0.000
83 151 0.000
84 151 0.000
85 151 0.000
86 151 0.000
87 151 0.000
88 151 0.000
89 151 0.000
90 151 0.000
91 151 0.000
92 151 0.000
93 151 0.000
94 151 0.000
95 151 0.000
96 151 0.000
97 151 0.000
98 151 0.000
99 151 0.000
100 151 0.000
101 151 0.000
102 151 0.000
103 151 0.000
104 151 0.000
105 151 0.000
106 151 0.000
107 151 0.000
108 151 0.000
109 151 0.000
110 151 0.000
111 151 0.000
112 151 0.000
113 151 0.000
114 151 0.000
115 151 0.000
116 151 0.000
117 151 0.000
118 151 0.000
119 151 0.000
120 151 0.000
121 151 0.000
122 151 0.000
123 151 0.000
124 151 0.000
125 151 0.000
126 151 0.000
127 151 0.000
128 151 0.000
129 151 0.000
130 151 0.000
131 151 0.000
132 151 0.000
133 151 0.000
134 151 0.000
135 151 0.000
136 151 0.000
137 151 0.000
138 151 0.000
139 151 0.000
140 151 0.000
141 151 0.000
142 151 0.000
143 151 0.000
144 151 0.000
145 151 0.000
146 151 0.000
147 151 0.000
148 151 0.000
149 151 0.000
0 152 0.000
1 152 0.000
2 152 0.000
3 152 0.000
4 152 0.000
5 152 0.000
6 152 0.000
7 152 0.000
8 152 0.000
9 152 0.000
10 152 0.000
11 152 0.000
12 152 0.000
13 152 0.000
14 152 0.000
15 152 0.000
16 152 0.000
17 152 0.000
18 152 0.000
19 152 0.000
20 152 0.000
21 152 0.000
22 152 0.000
23 152 0.000
24 152 0.000
25 152 0.000
26 152 0.000
27 152 0.000
28 152 0.000
29 152 0.000
30 152 0.000
31 152 0.000
32 152 0.000
33 152 0.000
34 152 0.000
35 152 0.000
36 152 0.000
37 152 0.000
38 152 0.000
39 152 0.000
40 152 0.000
41 152 0.000
42 152 0.000
43 152 0.000
44 152 0.000
45 152 0.000
46 152 0.000
47 152 0.000
48 152 0.000
49 152 0.000
50 152 0.000
51 152 0.000
52 152 0.000
53 152 0.000
54 152 0.000
55 152 0.000
56 152 0.000
57 152 0.000
58 152 0.000
59 152 0.000
60 152 0.000
61 152 0.000
62 152 0.000
63 152 0.000
64 152 0.000
65 152 0.000
66 152 0.000
67 152 0.000
68 152 0.000
69 152 0.000
70 152 0.000
71 152 0.000
72 152 0.000
73 152 0.000
74 152 0.000
75 152 0.000
76 152 0.000
77 152 0.000
78 152 0.000
79 152 0.000
80 152 0.000
81 152 0.000
82 152 0.000
83 152 0.000
84 152 0.000
85 152 0.000
86 152 0.000
87 152 0.000
88 152 0.000
89 152 0.000
90 152 0.000
91 152 0.000
92 152 0.000
93 152 0.000
94 152 0.000
95 152 0.000
96 152 0.000
97 152 0.000
98 152 0.000
99 152 0.000
100 152 0.000
101 152 0.000
102 152 0.000
103 152 0.000
104 152 0.000
105 152 0.000
106 152 0.000
107 152 0.000
108 152 0.000
109 152 0.000
110 152 0.000
111 152 0.000
112 152 0.000
113 152 0.000
114 152 0.000
115 152 0.000
116 152 0.000
117 152 0.000
118 152 0.000
119 152 0.000
120 152 0.000
121 152 0.000
122 152 0.000
123 152 0.000
124 152 0.000
125 152 0.000
126 152 0.000
127 152 0.000
128 152 0.000
129 152 0.000
130 152 0.000
131 152 0.000
132 152 0.000
133 152 0.000
134 152 0.000
135 152 0.000
136 152 0.000
137 152 0.000
138 152 0.000
139 152 0.000
140 152 0.000
141 152 0.000
142 152 0.000
143 152 0.000
144 152 0.000
145 152 0.000
146 152 0.000
147 152 0.000
148 152 0.000
149 152 0.000
0 153 0.000
1 153 0.000
2 153 0.000
3 153 0.000
4 153 0.000
5 153 0.000
6 153 0.000
7 153 0.000
8 153 0.000
9 153 0.000
10 153 0.000
11 153 0.000
12 153 0.000
13 153 0.000
14 153 0.000
15 153 0.000
16 153 0.000
17 153 0.000
18 153 0.000
19 153 0.000
20 153 0.000
21 153 0.000
22 153 0.000
23 153 0.000
24 153 0.000
25 153 0.000
26 153 0.000
27 153 0.000
28 153 0.000
29 153 0.000
30 153 0.000
31 153 0.000
32 153 0.000
33 153 0.000
34 153 0.000
35 153 0.000
36 153 0.000
37 153 0.000
38 153 0.000
39 153 0.000
40 153 0.000
41 153 0.000
42 153 0.000
43 153 0.000
44 153 0.000
45 153 0.000
46 153 0.000
47 153 0.000
48 153 0.000
49 153 0.000
50 153 0.000
51 153 0.000
52 153 0.000
53 153 0.000
54 153 0.000
55 153 0.000
56 153 0.000
57 153 0.000
58 153 0.000
59 153 0.000
60 153 0.000
61 153 0.000
62 153 0.000
63 153 0.000
64 153 0.000
65 153 0.000
66 153 0.000
67 153 0.000
68 153 0.000
69 153 0.000
70 153 0.000
71 153 0.000
72 153 0.000
73 153 0.000
74 153 0.000
75 153 0.000
76 153 0.000
77 153 0.000
78 153 0.000
79 153 0.000
80 153 0.000
81 153 0.000
82 153 0.000
83 153 0.000
84 153 0.000
85 153 0.000
86 153 0.000
87 153 0.000
88 153 0.000
89 153 0.000
90 153 0.000
91 153 0.000
92 153 0.000
93 153 0.000
94 153 0.000
95 153 0.000
96 153 0.000
97 153 0.000
98 153 0.000
99 153 0.000
100 153 0.000
101 153 0.000
102 153 0.000
103 153 0.000
104 153 0.000
105 153 0.000
106 153 0.000
107 153 0.000
108 153 0.000
109 153 0.000
110 153 0.000
111 153 0.000
112 153 0.000
113 153 0.000
114 153 0.000
115 153 0.000
116 153 0.000
117 153 0.000
118 153 0.000
119 153 0.000
120 153 0.000
121 153 0.000
122 153 0.000
123 153 0.000
124 153 0.000
125 153 0.000
126 153 0.000
127 153 0.000
128 153 0.000
129 153 0.000
130 153 0.000
131 153 0.000
132 153 0.000
133 153 0.000
134 153 0.000
135 153 0.000
136 153 0.000
137 153 0.000
138 153 0.000
139 153 0.000
140 153 0.000
141 153 0.000
142 153 0.000
143 153 0.000
144 153 0.000
145 153 0.000
146 153 0.000
147 153 0.000
148 153 0.000
149 153 0.000
0 154 0.000
1 154 0.000
2 154 0.000
3 154 0.000
4 154 0.000
5 154 0.000
6 154 0.000
7 154 0.000
8 154 0.000
9 154 0.000
10 154 0.000
11 154 0.000
12 154 0.000
13 154 0.000
14 154 0.000
15 154 0.000
16 154 0.000
17 154 0.000
18 154 0.000
19 154 0.000
20 154 0.000
21 154 0.000
22 154 0.000
23 154 0.000
24 154 0.000
25 154 0.000
26 154 0.000
27 154 0.000
28 154 0.000
29 154 0.000
30 154 0.000
31 154 0.000
32 154 0.000
33 154 0.000
34 154 0.000
35 154 0.000
36 154 0.000
37 154 0.000
38 154 0.000
39 154 0.000
40 154 0.000
41 154 0.000
42 154 0.000
43 154 0.000
44 154 0.000
45 154 0.000
46 154 0.000
47 154 0.000
48 154 0.000
49 154 0.000
50 154 0.000
51 154 0.000
52 154 0.000
53 154 0.000
54 154 0.000
55 154 0.000
56 154 0.000
57 154 0.000
58 154 0.000
59 154 0.000
60 154 0.000
61 154 0.000
62 154 0.000
63 154 0.000
64 154 0.000
65 154 0.000
66 154 0.000
67 154 0.000
68 154 0.000
69 154 0.000
70 154 0.000
71 154 0.000
72 154 0.000
73 154 0.000
74 154 0.000
75 154 0.000
76 154 0.000
77 154 0.000
78 154 0.000
79 154 0.000
80 154 0.000
81 154 0.000
82 154 0.000
83 154 0.000
84 154 0.000
85 154 0.000
86 154 0.000
87 154 0.000
88 154 0.000
89 154 0.000
90 154 0.000
91 154 0.000
92 154 0.000
93 154 0.000
94 154 0.000
95 154 0.000
96 154 0.000
97 154 0.000
98 154 0.000
99 154 0.000
100 154 0.000
101 154 0.000
102 154 0.000
103 154 0.000
104 154 0.000
105 154 0.000
106 154 0.000
107 154 0.000
108 154 0.000
109 154 0.000
110 154 0.000
111 154 0.000
112 154 0.000
113 154 0.000
114 154 0.000
115 154 0.000
116 154 0.000
117 154 0.000
118 154 0.000
119 154 0.000
120 154 0.000
121 154 0.000
122 154 0.000
123 154 0.000
124 154 0.000
125 154 0.000
126 154 0.000
127 154 0.000
128 154 0.000
129 154 0.000
130 154 0.000
131 154 0.000
132 154 0.000
133 154 0.000
134 154 0.000
135 154 0.000
136 154 0.000
137 154 0.000
138 154 0.000
139 154 0.000
140 154 0.000
141 154 0.000
142 154 0.000
143 154 0.000
144 154 0.000
145 154 0.000
146 154 0.000
147 154 0.000
148 154 0.000
149 154 0.000
0 155 0.000
1 155 0.000
2 155 0.000
3 155 0.000
4 155 0.000
5 155 0.000
6 155 0.000
7 155 0.000
8 155 0.000
9 155 0.000
10 155 0.000
11 155 0.000
12 155 0.000
13 155 0.000
14 155 0.000
15 155 0.000
16 155 0.000
17 155 0.000
18 155 0.000
19 155 0.000
20 155 0.000
21 155 0.000
22 155 0.000
23 155 0.000
24 155 0.000
25 155 0.000
26 155 0.000
27 155 0.000
28 155 0.000
29 155 0.000
30 155 0.000
31 155 0.000
32 155 0.000
33 155 0.000
34 155 0.000
35 155 0.000
36 155 0.000
37 155 0.000
38 155 0.000
39 155 0.000
40 155 0.000
41 155 0.000
42 155 0.000
43 155 0.000
44 155 0.000
45 155 0.000
46 155 0.000
47 155 0.000
48 155 0.000
49 155 0.000
50 155 0.000
51 155 0.000
52 155 0.000
53 155 0.000
54 155 0.000
55 155 0.000
56 155 0.000
57 155 0.000
58 155 0.000
59 155 0.000
60 155 0.000
61 155 0.000
62 155 0.000
63 155 0.000
64 155 0.000
65 155 0.000
66 155 0.000
67 155 0.000
68 155 0.000
69 155 0.000
70 155 0.000
71 155 0.000
72 155 0.000
73 155 0.000
74 155 0.000
75 155 0.000
76 155 0.000
77 155 0.000
78 155 0.000
79 155 0.000
80 155 0.000
81 155 0.000
82 155 0.000
83 155 0.000
84 155 0.000
85 155 0.000
86 155 0.000
87 155 0.000
88 155 0.000
89 155 0.000
90 155 0.000
91 155 0.000
92 155 0.000
93 155 0.000
94 155 0.000
95 155 0.000
96 155 0.000
97 155 0.000
98 155 0.000
99 155 0.000
100 155 0.000
101 155 0.000
102 155 0.000
103 155 0.000
104 155 0.000
105 155 0.000
106 155 0.000
107 155 0.000
108 155 0.000
109 155 0.000
110 155 0.000
111 155 0.000
112 155 0.000
113 155 0.000
114 155 0.000
115 155 0.000
116 155 0.000
117 155 0.000
118 155 0.000
119 155 0.000
120 155 0.000
121 155 0.000
122 155 0.000
123 155 0.000
124 155 0.000
125 155 0.000
126 155 0.000
127 155 0.000
128 155 0.000
129 155 0.000
130 155 0.000
131 155 0.000
132 155 0.000
133 155 0.000
134 155 0.000
135 155 0.000
136 155 0.000
137 155 0.000
138 155 0.000
139 155 0.000
140 155 0.000
141 155 0.000
142 155 0.000
143 155 0.000
144 155 0.000
145 155 0.000
146 155 0.000
147 155 0.000
148 155 0.000
149 155 0.000
0 156 0.000
1 156 0.000
2 156 0.000
3 156 0.000
4 156 0.000
5 156 0.000
6 156 0.000
7 156 0.000
8 156 0.000
9 156 0.000
10 156 0.000
11 156 0.000
12 156 0.000
13 156 0.000
14 156 0.000
15 156 0.000
16 156 0.000
17 156 0.000
18 156 0.000
19 156 0.000
20 156 0.000
21 156 0.000
22 156 0.000
23 156 0.000
24 156 0.000
25 156 0.000
26 156 0.000
27 156 0.000
28 156 0.000
29 156 0.000
30 156 0.000
31 156 0.000
32 156 0.000
33 156 0.000
34 156 0.000
35 156 0.000
36 156 0.000
37 156 0.000
38 156 0.000
39 156 0.000
40 156 0.000
41 156 0.000
42 156 0.000
43 156 0.000
44 156 0.000
45 156 0.000
46 156 0.000
47 156 0.000
48 156 0.000
49 156 0.000
50 156 0.000
51 156 0.000
52 156 0.000
53 156 0.000
54 156 0.000
55 156 0.000
56 156 0.000
57 156 0.000
58 156 0.000
59 156 0.000
60 156 0.000
61 156 0.000
62 156 0.000
63 156 0.000
64 156 0.000
65 156 0.000
66 156 0.000
67 156 0.000
68 156 0.000
69 156 0.000
70 156 0.000
71 156 0.000
72 156 0.000
73 156 0.000
74 156 0.000
75 156 0.000
76 156 0.000
77 156 0.000
78 156 0.000
79 156 0.000
80 156 0.000
81 156 0.000
82 156 0.000
83 156 0.000
84 156 0.000
85 156 0.000
86 156 0.000
87 156 0.000
88 156 0.000
89 156 0.000
90 156 0.000
91 156 0.000
92 156 0.000
93 156 0.000
94 156 0.000
95 156 0.000
96 156 0.000
97 156 0.000
98 156 0.000
99 156 0.000
100 156 0.000
101 156 0.000
102 156 0.000
103 156 0.000
104 156 0.000
105 156 0.000
106 156 0.000
107 156 0.000
108 156 0.000
109 156 0.000
110 156 0.000
111 156 0.000
112 156 0.000
113 156 0.000
114 156 0.000
115 156 0.000
116 156 0.000
117 156 0.000
118 156 0.000
119 156 0.000
120 156 0.000
121 156 0.000
122 156 0.000
123 156 0.000
124 156 0.000
125 156 0.000
126 156 0.000
127 156 0.000
128 156 0.000
129 156 0.000
130 156 0.000
131 156 0.000
132 156 0.000
133 156 0.000
134 156 0.000
135 156 0.000
136 156 0.000
137 156 0.000
138 156 0.000
139 156 0.000
140 156 0.000
141 156 0.000
142 156 0.000
143 156 0.000
144 156 0.000
145 156 0.000
146 156 0.000
147 156 0.000
148 156 0.000
149 156 0.000
0 157 0.000
1 157 0.000
2 157 0.000
3 157 0.000
4 157 0.000
5 157 0.000
6 157 0.000
7 157 0.000
8 157 0.000
9 157 0.000
10 157 0.000
11 157 0.000
12 157 0.000
13 157 0.000
14 157 0.000
15 157 0.000
16 157 0.000
17 157 0.000
18 157 0.000
19 157 0.000
20 157 0.000
21 157 0.000
22 157 0.000
23 157 0.000
24 157 0.000
25 157 0.000
26 157 0.000
27 157 0.000
28 157 0.000
29 157 0.000
30 157 0.000
31 157 0.000
32 157 0.000
33 157 0.000
34 157 0.000
35 157 0.000
36 157 0.000
37 157 0.000
38 157 0.000
39 157 0.000
40 157 0.000
41 157 0.000
42 157 0.000
43 157 0.000
44 157 0.000
45 157 0.000
46 157 0.000
47 157 0.000
48 157 0.000
49 157 0.000
50 157 0.000
51 157 0.000
52 157 0.000
53 157 0.000
54 157 0.000
55 157 0.000
56 157 0.000
57 157 0.000
58 157 0.000
59 157 0.000
60 157 0.000
61 157 0.000
62 157 0.000
63 157 0.000
64 157 0.000
65 157 0.000
66 157 0.000
67 157 0.000
68 157 0.000
69 157 0.000
70 157 0.000
71 157 0.000
72 157 0.000
73 157 0.000
74 157 0.000
75 157 0.000
76 157 0.000
77 157 0.000
78 157 0.000
79 157 0.000
80 157 0.000
81 157 0.000
82 157 0.000
83 157 0.000
84 157 0.000
85 157 0.000
86 157 0.000
87 157 0.000
88 157 0.000
89 157 0.000
90 157 0.000
91 157 0.000
92 157 0.000
93 157 0.000
94 157 0.000
95 157 0.000
96 157 0.000
97 157 0.000
98 157 0.000
99 157 0.000
100 157 0.000
101 157 0.000
102 157 0.000
103 157 0.000
104 157 0.000
105 157 0.000
106 157 0.000
107 157 0.000
108 157 0.000
109 157 0.000
110 157 0.000
111 157 0.000
112 157 0.000
113 157 0.000
114 157 0.000
115 157 0.000
116 157 0.000
117 157 0.000
118 157 0.000
119 157 0.000
120 157 0.000
121 157 0.000
122 157 0.000
123 157 0.000
124 157 0.000
125 157 0.000
126 157 0.000
127 157 0.000
128 157 0.000
129 157 0.000
130 157 0.000
131 157 0.000
132 157 0.000
133 157 0.000
134 157 0.000
135 157 0.000
136 157 0.000
137 157 0.000
138 157 0.000
139 157 0.000
140 157 0.000
141 157 0.000
142 157 0.000
143 157 0.000
144 157 0.000
145 157 0.000
146 157 0.000
147 157 0.000
148 157 0.000
149 157 0.000
0 158 0.000
1 158 0.000
2 158 0.000
3 158 0.000
4 158 0.000
5 158 0.000
6 158 0.000
7 158 0.000
8 158 0.000
9 158 0.000
10 158 0.000
11 158 0.000
12 158 0.000
13 158 0.000
14 158 0.000
15 158 0.000
16 158 0.000
17 158 0.000
18 158 0.000
19 158 0.000
20 158 0.000
21 158 0.000
22 158 0.000
23 158 0.000
24 158 0.000
25 158 0.000
26 158 0.000
27 158 0.000
28 158 0.000
29 158 0.000
30 158 0.000
31 158 0.000
32 158 0.000
33 158 0.000
34 158 0.000
35 158 0.000
36 158 0.000
37 158 0.000
38 158 0.000
39 158 0.000
40 158 0.000
41 158 0.000
42 158 0.000
43 158 0.000
44 158 0.000
45 158 0.000
46 158 0.000
47 158 0.000
48 158 0.000
49 158 0.000
50 158 0.000
51 158 0.000
52 158 0.000
53 158 0.000
54 158 0.000
55 158 0.000
56 158 0.000
57 158 0.000
58 158 0.000
59 158 0.000
60 158 0.000
61 158 0.000
62 158 0.000
63 158 0.000
64 158 0.000
65 158 0.000
66 158 0.000
67 158 0.000
68 158 0.000
69 158 0.000
70 158 0.000
71 158 0.000
72 158 0.000
73 158 0.000
74 158 0.000
75 158 0.000
76 158 0.000
77 158 0.000
78 158 0.000
79 158 0.000
80 158 0.000
81 158 0.000
82 158 0.000
83 158 0.000
84 158 0.000
85 158 0.000
86 158 0.000
87 158 0.000
88 158 0.000
89 158 0.000
90 158 0.000
91 158 0.000
92 158 0.000
93 158 0.000
94 158 0.000
95 158 0.000
96 158 0.000
97 158 0.000
98 158 0.000
99 158 0.000
100 158 0.000
101 158 0.000
102 158 0.000
103 158 0.000
104 158 0.000
105 158 0.000
106 158 0.000
107 158 0.000
108 158 0.000
109 158 0.000
110 158 0.000
111 158 0.000
112 158 0.000
113 158 0.000
114 158 0.000
115 158 0.000
116 158 0.000
117 158 0.000
118 158 0.000
119 158 0.000
120 158 0.000
121 158 0.000
122 158 0.000
123 158 0.000
124 158 0.000
125 158 0.000
126 158 0.000
127 158 0.000
128 158 0.000
129 158 0.000
130 158 0.000
131 158 0.000
132 158 0.000
133 158 0.000
134 158 0.000
135 158 0.000
136 158 0.000
137 158 0.000
138 158 0.000
139 158 0.000
140 158 0.000
141 158 0.000
142 158 0.000
143 158 0.000
144 158 0.000
145 158 0.000
146 158 0.000
147 158 0.000
148 158 0.000
149 158 0.000
0 159 0.000
1 159 0.000
2 159 0.000
3 159 0.000
4 159 0.000
5 159 0.000
6 159 0.000
7 159 0.000
8 159 0.000
9 159 0.000
10 159 0.000
11 159 0.000
12 159 0.000
13 159 0.000
14 159 0.000
15 159 0.000
16 159 0.000
17 159 0.000
18 159 0.000
19 159 0.000
20 159 0.000
21 159 0.000
22 159 0.000
23 159 0.000
24 159 0.000
25 159 0.000
26 159 0.000
27 159 0.000
28 159 0.000
29 159 0.000
30 159 0.000
31 159 0.000
32 159 0.000
33 159 0.000
34 159 0.000
35 159 0.000
36 159 0.000
37 159 0.000
38 159 0.000
39 159 0.000
40 159 0.000
41 159 0.000
42 159 0.000
43 159 0.000
44 159 0.000
45 159 0.000
46 159 0.000
47 159 0.000
48 159 0.000
49 159 0.000
50 159 0.000
51 159 0.000
52 159 0.000
53 159 0.000
54 159 0.000
55 159 0.000
56 159 0.000
57 159 0.000
58 159 0.000
59 159 0.000
60 159 0.000
61 159 0.000
62 159 0.000
63 159 0.000
64 159 0.000
65 159 0.000
66 159 0.000
67 159 0.000
68 159 0.000
69 159 0.000
70 159 0.000
71 159 0.000
72 159 0.000
73 159 0.000
74 159 0.000
75 159 0.000
76 159 0.000
77 159 0.000
78 159 0.000
79 159 0.000
80 159 0.000
81 159 0.000
82 159 0.000
83 159 0.000
84 159 0.000
85 159 0.000
86 159 0.000
87 159 0.000
88 159 0.000
89 159 0.000
90 159 0.000
91 159 0.000
92 159 0.000
93 159 0.000
94 159 0.000
95 159 0.000
96 159 0.000
97 159 0.000
98 159 0.000
99 159 0.000
100 159 0.000
101 159 0.000
102 159 0.000
103 159 0.000
104 159 0.000
105 159 0.000
106 159 0.000
107 159 0.000
108 159 0.000
109 159 0.000
110 159 0.000
111 159 0.000
112 159 0.000
113 159 0.000
114 159 0.000
115 159 0.000
116 159 0.000
117 159 0.000
118 159 0.000
119 159 0.000
120 159 0.000
121 159 0.000
122 159 0.000
123 159 0.000
124 159 0.000
125 159 0.000
126 159 0.000
127 159 0.000
128 159 0.000
129 159 0.000
130 159 0.000
131 159 0.000
132 159 0.000
133 159 0.000
134 159 0.000
135 159 0.000
136 159 0.000
137 159 0.000
138 159 0.000
139 159 0.000
140 159 0.000
141 159 0.000
142 159 0.000
143 159 0.000
144 159 0.000
145 159 0.000
146 159 0.000
147 159 0.000
148 159 0.000
149 159 0.000
0 160 0.000
1 160 0.000
2 160 0.000
3 160 0.000
4 160 0.000
5 160 0.000
6 160 0.000
7 160 0.000
8 160 0.000
9 160 0.000
10 160 0.000
11 160 0.000
12 160 0.000
13 160 0.000
14 160 0.000
15 160 0.000
16 160 0.000
17 160 0.000
18 160 0.000
19 160 0.000
20 160 0.000
21 160 0.000
22 160 0.000
23 160 0.000
24 160 0.000
25 160 0.000
26 160 0.000
27 160 0.000
28 160 0.000
29 160 0.000
30 160 0.000
31 160 0.000
32 160 0.000
33 160 0.000
34 160 0.000
35 160 0.000
36 160 0.000
37 160 0.000
38 160 0.000
39 160 0.000
40 160 0.000
41 160 0.000
42 160 0.000
43 160 0.000
44 160 0.000
45 160 0.000
46 160 0.000
47 160 0.000
48 160 0.000
49 160 0.000
50 160 0.000
51 160 0.000
52 160 0.000
53 160 0.000
54 160 0.000
55 160 0.000
56 160 0.000
57 160 0.000
58 160 0.000
59 160 0.000
60 160 0.000
61 160 0.000
62 160 0.000
63 160 0.000
64 160 0.000
65 160 0.000
66 160 0.000
67 160 0.000
68 160 0.000
69 160 0.000
70 160 0.000
71 160 0.000
72 160 0.000
73 160 0.000
74 160 0.000
75 160 0.000
76 160 0.000
77 160 0.000
78 160 0.000
79 160 0.000
80 160 0.000
81 160 0.000
82 160 0.000
83 160 0.000
84 160 0.000
85 160 0.000
86 160 0.000
87 160 0.000
88 160 0.000
89 160 0.000
90 160 0.000
91 160 0.000
92 160 0.000
93 160 0.000
94 160 0.000
95 160 0.000
96 160 0.000
97 160 0.000
98 160 0.000
99 160 0.000
100 160 0.000
101 160 0.000
102 160 0.000
103 160 0.000
104 160 0.000
105 160 0.000
106 160 0.000
107 160 0.000
108 160 0.000
109 160 0.000
110 160 0.000
111 160 0.000
112 160 0.000
113 160 0.000
114 160 0.000
115 160 0.000
116 160 0.000
117 160 0.000
118 160 0.000
119 160 0.000
120 160 0.000
121 160 0.000
122 160 0.000
123 160 0.000
124 160 0.000
125 160 0.000
126 160 0.000
127 160 0.000
128 160 0.000
129 160 0.000
130 160 0.000
131 160 0.000
132 160 0.000
133 160 0.000
134 160 0.000
135 160 0.000
136 160 0.000
137 160 0.000
138 160 0.000
139 160 0.000
140 160 0.000
141 160 0.000
142 160 0.000
143 160 0.000
144 160 0.000
145 160 0.000
146 160 0.000
147 160 0.000
148 160 0.000
149 160 0.000
0 161 0.000
1 161 0.000
2 161 0.000
3 161 0.000
4 161 0.000
5 161 0.000
6 161 0.000
7 161 0.000
8 161 0.000
9 161 0.000
10 161 0.000
11 161 0.000
12 161 0.000
13 161 0.000
14 161 0.000
15 161 0.000
16 161 0.000
17 161 0.000
18 161 0.000
19 161 0.000
20 161 0.000
21 161 0.000
22 161 0.000
23 161 0.000
24 161 0.000
25 161 0.000
26 161 0.000
27 161 0.000
28 161 0.000
29 161 0.000
30 161 0.000
31 161 0.000
32 161 0.000
33 161 0.000
34 161 0.000
35 161 0.000
36 161 0.000
37 161 0.000
38 161 0.000
39 161 0.000
40 161 0.000
41 161 0.000
42 161 0.000
43 161 0.000
44 161 0.000
45 161 0.000
46 161 0.000
47 161 0.000
48 161 0.000
49 161 0.000
50 161 0.000
51 161 0.000
52 161 0.000
53 161 0.000
54 161 0.000
55 161 0.000
56 161 0.000
57 161 0.000
58 161 0.000
59 161 0.000
60 161 0.000
61 161 0.000
62 161 0.000
63 161 0.000
64 161 0.000
65 161 0.000
66 161 0.000
67 161 0.000
68 161 0.000
69 161 0.000
70 161 0.000
71 161 0.000
72 161 0.000
73 161 0.000
74 161 0.000
75 161 0.000
76 161 0.000
77 161 0.000
78 161 0.000
79 161 0.000
80 161 0.000
81 161 0.000
82 161 0.000
83 161 0.000
84 161 0.000
85 161 0.000
86 161 0.000
87 161 0.000
88 161 0.000
89 161 0.000
90 161 0.000
91 161 0.000
92 161 0.000
93 161 0.000
94 161 0.000
95 161 0.000
96 161 0.000
97 161 0.000
98 161 0.000
99 161 0.000
100 161 0.000
101 161 0.000
102 161 0.000
103 161 0.000
104 161 0.000
105 161 0.000
106 161 0.000
107 161 0.000
108 161 0.000
109 161 0.000
110 161 0.000
111 161 0.000
112 161 0.000
113 161 0.000
114 161 0.000
115 161 0.000
116 161 0.000
117 161 0.000
118 161 0.000
119 161 0.000
120 161 0.000
121 161 0.000
122 161 0.000
123 161 0.000
124 161 0.000
125 161 0.000
126 161 0.000
127 161 0.000
128 161 0.000
129 161 0.000
130 161 0.000
131 161 0.000
132 161 0.000
133 161 0.000
134 161 0.000
135 161 0.000
136 161 0.000
137 161 0.000
138 161 0.000
139 161 0.000
140 161 0.000
141 161 0.000
142 161 0.000
143 161 0.000
144 161 0.000
145 161 0.000
146 161 0.000
147 161 0.000
148 161 0.000
149 161 0.000
0 162 0.000
1 162 0.000
2 162 0.000
3 162 0.000
4 162 0.000
5 162 0.000
6 162 0.000
7 162 0.000
8 162 0.000
9 162 0.000
10 162 0.000
11 162 0.000
12 162 0.000
13 162 0.000
14 162 0.000
15 162 0.000
16 162 0.000
17 162 0.000
18 162 0.000
19 162 0.000
20 162 0.000
21 162 0.000
22 162 0.000
23 162 0.000
24 162 0.000
25 162 0.000
26 162 0.000
27 162 0.000
28 162 0.000
29 162 0.000
30 162 0.000
31 162 0.000
32 162 0.000
33 162 0.000
34 162 0.000
35 162 0.000
36 162 0.000
37 162 0.000
38 162 0.000
39 162 0.000
40 162 0.000
41 162 0.000
42 162 0.000
43 162 0.000
44 162 0.000
45 162 0.000
46 162 0.000
47 162 0.000
48 162 0.000
49 162 0.000
50 162 0.000
51 162 0.000
52 162 0.000
53 162 0.000
54 162 0.000
55 162 0.000
56 162 0.000
57 162 0.000
58 162 0.000
59 162 0.000
60 162 0.000
61 162 0.000
62 162 0.000
63 162 0.000
64 162 0.000
65 162 0.000
66 162 0.000
67 162 0.000
68 162 0.000
69 162 0.000
70 162 0.000
71 162 0.000
72 162 0.000
73 162 0.000
74 162 0.000
75 162 0.000
76 162 0.000
77 162 0.000
78 162 0.000
79 162 0.000
80 162 0.000
81 162 0.000
82 162 0.000
83 162 0.000
84 162 0.000
85 162 0.000
86 162 0.000
87 162 0.000
88 162 0.000
89 162 0.000
90 162 0.000
91 162 0.000
92 162 0.000
93 162 0.000
94 162 0.000
95 162 0.000
96 162 0.000
97 162 0.000
98 162 0.000
99 162 0.000
100 162 0.000
101 162 0.000
102 162 0.000
103 162 0.000
104 162 0.000
105 162 0.000
106 162 0.000
107 162 0.000
108 162 0.000
109 162 0.000
110 162 0.000
111 162 0.000
112 162 0.000
113 162 0.000
114 162 0.000
115 162 0.000
116 162 0.000
117 162 0.000
118 162 0.000
119 162 0.000
120 162 0.000
121 162 0.000
122 162 0.000
123 162 0.000
124 162 0.000
125 162 0.000
126 162 0.000
127 162 0.000
128 162 0.000
129 162 0.000
130 162 0.000
131 162 0.000
132 162 0.000
133 162 0.000
134 162 0.000
135 162 0.000
136 162 0.000
137 162 0.000
138 162 0.000
139 162 0.000
140 162 0.000
141 162 0.000
142 162 0.000
143 162 0.000
144 162 0.000
145 162 0.000
146 162 0.000
147 162 0.000
148 162 0.000
149 162 0.000
0 163 0.000
1 163 0.000
2 163 0.000
3 163 0.000
4 163 0.000
5 163 0.000
6 163 0.000
7 163 0.000
8 163 0.000
9 163 0.000
10 163 0.000
11 163 0.000
12 163 0.000
13 163 0.000
14 163 0.000
15 163 0.000
16 163 0.000
17 163 0.000
18 163 0.000
19 163 0.000
20 163 0.000
21 163 0.000
22 163 0.000
23 163 0.000
24 163 0.000
25 163 0.000
26 163 0.000
27 163 0.000
28 163 0.000
29 163 0.000
30 163 0.000
31 163 0.000
32 163 0.000
33 163 0.000
34 163 0.000
35 163 0.000
36 163 0.000
37 163 0.000
38 163 0.000
39 163 0.000
40 163 0.000
41 163 0.000
42 163 0.000
43 163 0.000
44 163 0.000
45 163 0.000
46 163 0.000
47 163 0.000
48 163 0.000
49 163 0.000
50 163 0.000
51 163 0.000
52 163 0.000
53 163 0.000
54 163 0.000
55 163 0.000
56 163 0.000
57 163 0.000
58 163 0.000
59 163 0.000
60 163 0.000
61 163 0.000
62 163 0.000
63 163 0.000
64 163 0.000
65 163 0.000
66 163 0.000
67 163 0.000
68 163 0.000
69 163 0.000
70 163 0.000
71 163 0.000
72 163 0.000
73 163 0.000
74 163 0.000
75 163 0.000
76 163 0.000
77 163 0.000
78 163 0.000
79 163 0.000
80 163 0.000
81 163 0.000
82 163 0.000
83 163 0.000
84 163 0.000
85 163 0.000
86 163 0.000
87 163 0.000
88 163 0.000
89 163 0.000
90 163 0.000
91 163 0.000
92 163 0.000
93 163 0.000
94 163 0.000
95 163 0.000
96 163 0.000
97 163 0.000
98 163 0.000
99 163 0.000
100 163 0.000
101 163 0.000
102 163 0.000
103 163 0.000
104 163 0.000
105 163 0.000
106 163 0.000
107 163 0.000
108 163 0.000
109 163 0.000
110 163 0.000
111 163 0.000
112 163 0.000
113 163 0.000
114 163 0.000
115 163 0.000
116 163 0.000
117 163 0.000
118 163 0.000
119 163 0.000
120 163 0.000
121 163 0.000
122 163 0.000
123 163 0.000
124 163 0.000
125 163 0.000
126 163 0.000
127 163 0.000
128 163 0.000
129 163 0.000
130 163 0.000
131 163 0.000
132 163 0.000
133 163 0.000
134 163 0.000
135 163 0.000
136 163 0.000
137 163 0.000
138 163 0.000
139 163 0.000
140 163 0.000
141 163 0.000
142 163 0.000
143 163 0.000
144 163 0.000
145 163 0.000
146 163 0.000
147 163 0.000
148 163 0.000
149 163 0.000
0 164 0.000
1 164 0.000
2 164 0.000
3 164 0.000
4 164 0.000
5 164 0.000
6 164 0.000
7 164 0.000
8 164 0.000
9 164 0.000
10 164 0.000
11 164 0.000
12 164 0.000
13 164 0.000
14 164 0.000
15 164 0.000
16 164 0.000
17 164 0.000
18 164 0.000
19 164 0.000
20 164 0.000
21 164 0.000
22 164 0.000
23 164 0.000
24 164 0.000
25 164 0.000
26 164 0.000
27 164 0.000
28 164 0.000
29 164 0.000
30 164 0.000
31 164 0.000
32 164 0.000
33 164 0.000
34 164 0.000
35 164 0.000
36 164 0.000
37 164 0.000
38 164 0.000
39 164 0.000
40 164 0.000
41 164 0.000
42 164 0.000
43 164 0.000
44 164 0.000
45 164 0.000
46 164 0.000
47 164 0.000
48 164 0.000
49 164 0.000
50 164 0.000
51 164 0.000
52 164 0.000
53 164 0.000
54 164 0.000
55 164 0.000
56 164 0.000
57 164 0.000
58 164 0.000
59 164 0.000
60 164 0.000
61 164 0.000
62 164 0.000
63 164 0.000
64 164 0.000
65 164 0.000
66 164 0.000
67 164 0.000
68 164 0.000
69 164 0.000
70 164 0.000
71 164 0.000
72 164 0.000
73 164 0.000
74 164 0.000
75 164 0.000
76 164 0.000
77 164 0.000
78 164 0.000
79 164 0.000
80 164 0.000
81 164 0.000
82 164 0.000
83 164 0.000
84 164 0.000
85 164 0.000
86 164 0.000
87 164 0.000
88 164 0.000
89 164 0.000
90 164 0.000
91 164 0.000
92 164 0.000
93 164 0.000
94 164 0.000
95 164 0.000
96 164 0.000
97 164 0.000
98 164 0.000
99 164 0.000
100 164 0.000
101 164 0.000
102 164 0.000
103 164 0.000
104 164 0.000
105 164 0.000
106 164 0.000
107 164 0.000
108 164 0.000
109 164 0.000
110 164 0.000
111 164 0.000
112 164 0.000
113 164 0.000
114 164 0.000
115 164 0.000
116 164 0.000
117 164 0.000
118 164 0.000
119 164 0.000
120 164 0.000
121 164 0.000
122 164 0.000
123 164 0.000
124 164 0.000
125 164 0.000
126 164 0.000
127 164 0.000
128 164 0.000
129 164 0.000
130 164 0.000
131 164 0.000
132 164 0.000
133 164 0.000
134 164 0.000
135 164 0.000
136 164 0.000
137 164 0.000
138 164 0.000
139 164 0.000
140 164 0.000
141 164 0.000
142 164 0.000
143 164 0.000
144 164 0.000
145 164 0.000
146 164 0.000
147 164 0.000
148 164 0.000
149 164 0.000
0 165 0.000
1 165 0.000
2 165 0.000
3 165 0.000
4 165 0.000
5 165 0.000
6 165 0.000
7 165 0.000
8 165 0.000
9 165 0.000
10 165 0.000
11 165 0.000
12 165 0.000
13 165 0.000
14 165 0.000
15 165 0.000
16 165 0.000
17 165 0.000
18 165 0.000
19 165 0.000
20 165 0.000
21 165 0.000
22 165 0.000
23 165 0.000
24 165 0.000
25 165 0.000
26 165 0.000
27 165 0.000
28 165 0.000
29 165 0.000
30 165 0.000
31 165 0.000
32 165 0.000
33 165 0.000
34 165 0.000
35 165 0.000
36 165 0.000
37 165 0.000
38 165 0.000
39 165 0.000
40 165 0.000
41 165 0.000
42 165 0.000
43 165 0.000
44 165 0.000
45 165 0.000
46 165 0.000
47 165 0.000
48 165 0.000
49 165 0.000
50 165 0.000
51 165 0.000
52 165 0.000
53 165 0.000
54 165 0.000
55 165 0.000
56 165 0.000
57 165 0.000
58 165 0.000
59 165 0.000
60 165 0.000
61 165 0.000
62 165 0.000
63 165 0.000
64 165 0.000
65 165 0.000
66 165 0.000
67 165 0.000
68 165 0.000
69 165 0.000
70 165 0.000
71 165 0.000
72 165 0.000
73 165 0.000
74 165 0.000
75 165 0.000
76 165 0.000
77 165 0.000
78 165 0.000
79 165 0.000
80 165 0.000
81 165 0.000
82 165 0.000
83 165 0.000
84 165 0.000
85 165 0.000
86 165 0.000
87 165 0.000
88 165 0.000
89 165 0.000
90 165 0.000
91 165 0.000
92 165 0.000
93 165 0.000
94 165 0.000
95 165 0.000
96 165 0.000
97 165 0.000
98 165 0.000
99 165 0.000
100 165 0.000
101 165 0.000
102 165 0.000
103 165 0.000
104 165 0.000
105 165 0.000
106 165 0.000
107 165 0.000
108 165 0.000
109 165 0.000
110 165 0.000
111 165 0.000
112 165 0.000
113 165 0.000
114 165 0.000
115 165 0.000
116 165 0.000
117 165 0.000
118 165 0.000
119 165 0.000
120 165 0.000
121 165 0.000
122 165 0.000
123 165 0.000
124 165 0.000
125 165 0.000
126 165 0.000
127 165 0.000
128 165 0.000
129 165 0.000
130 165 0.000
131 165 0.000
132 165 0.000
133 165 0.000
134 165 0.000
135 165 0.000
136 165 0.000
137 165 0.000
138 165 0.000
139 165 0.000
140 165 0.000
141 165 0.000
142 165 0.000
143 165 0.000
144 165 0.000
145 165 0.000
146 165 0.000
147 165 0.000
148 165 0.000
149 165 0.000
0 166 0.000
1 166 0.000
2 166 0.000
3 166 0.000
4 166 0.000
5 166 0.000
6 166 0.000
7 166 0.000
8 166 0.000
9 166 0.000
10 166 0.000
11 166 0.000
12 166 0.000
13 166 0.000
14 166 0.000
15 166 0.000
16 166 0.000
17 166 0.000
18 166 0.000
19 166 0.000
20 166 0.000
21 166 0.000
22 166 0.000
23 166 0.000
24 166 0.000
25 166 0.000
26 166 0.000
27 166 0.000
28 166 0.000
29 166 0.000
30 166 0.000
31 166 0.000
32 166 0.000
33 166 0.000
34 166 0.000
35 166 0.000
36 166 0.000
37 166 0.000
38 166 0.000
39 166 0.000
40 166 0.000
41 166 0.000
42 166 0.000
43 166 0.000
44 166 0.000
45 166 0.000
46 166 0.000
47 166 0.000
48 166 0.000
49 166 0.000
50 166 0.000
51 166 0.000
52 166 0.000
53 166 0.000
54 166 0.000
55 166 0.000
56 166 0.000
57 166 0.000
58 166 0.000
59 166 0.000
60 166 0.000
61 166 0.000
62 166 0.000
63 166 0.000
64 166 0.000
65 166 0.000
66 166 0.000
67 166 0.000
68 166 0.000
69 166 0.000
70 166 0.000
71 166 0.000
72 166 0.000
73 166 0.000
74 166 0.000
75 166 0.000
76 166 0.000
77 166 0.000
78 166 0.000
79 166 0.000
80 166 0.000
81 166 0.000
82 166 0.000
83 166 0.000
84 166 0.000
85 166 0.000
86 166 0.000
87 166 0.000
88 166 0.000
89 166 0.000
90 166 0.000
91 166 0.000
92 166 0.000
93 166 0.000
94 166 0.000
95 166 0.000
96 166 0.000
97 166 0.000
98 166 0.000
99 166 0.000
100 166 0.000
101 166 0.000
102 166 0.000
103 166 0.000
104 166 0.000
105 166 0.000
106 166 0.000
107 166 0.000
108 166 0.000
109 166 0.000
110 166 0.000
111 166 0.000
112 166 0.000
113 166 0.000
114 166 0.000
115 166 0.000
116 166 0.000
117 166 0.000
118 166 0.000
119 166 0.000
120 166 0.000
121 166 0.000
122 166 0.000
123 166 0.000
124 166 0.000
125 166 0.000
126 166 0.000
127 166 0.000
128 166 0.000
129 166 0.000
130 166 0.000
131 166 0.000
132 166 0.000
133 166 0.000
134 166 0.000
135 166 0.000
136 166 0.000
137 166 0.000
138 166 0.000
139 166 0.000
140 166 0.000
141 166 0.000
142 166 0.000
143 166 0.000
144 166 0.000
145 166 0.000
146 166 0.000
147 166 0.000
148 166 0.000
149 166 0.000
0 167 0.000
1 167 0.000
2 167 0.000
3 167 0.000
4 167 0.000
5 167 0.000
6 167 0.000
7 167 0.000
8 167 0.000
9 167 0.000
10 167 0.000
11 167 0.000
12 167 0.000
13 167 0.000
14 167 0.000
15 167 0.000
16 167 0.000
17 167 0.000
18 167 0.000
19 167 0.000
20 167 0.000
21 167 0.000
22 167 0.000
23 167 0.000
24 167 0.000
25 167 0.000
26 167 0.000
27 167 0.000
28 167 0.000
29 167 0.000
30 167 0.000
31 167 0.000
32 167 0.000
33 167 0.000
34 167 0.000
35 167 0.000
36 167 0.000
37 167 0.000
38 167 0.000
39 167 0.000
40 167 0.000
41 167 0.000
42 167 0.000
43 167 0.000
44 167 0.000
45 167 0.000
46 167 0.000
47 167 0.000
48 167 0.000
49 167 0.000
50 167 0.000
51 167 0.000
52 167 0.000
53 167 0.000
54 167 0.000
55 167 0.000
56 167 0.000
57 167 0.000
58 167 0.000
59 167 0.000
60 167 0.000
61 167 0.000
62 167 0.000
63 167 0.000
64 167 0.000
65 167 0.000
66 167 0.000
67 167 0.000
68 167 0.000
69 167 0.000
70 167 0.000
71 167 0.000
72 167 0.000
73 167 0.000
74 167 0.000
75 167 0.000
76 167 0.000
77 167 0.000
78 167 0.000
79 167 0.000
80 167 0.000
81 167 0.000
82 167 0.000
83 167 0.000
84 167 0.000
85 167 0.000
86 167 0.000
87 167 0.000
88 167 0.000
89 167 0.000
90 167 0.000
91 167 0.000
92 167 0.000
93 167 0.000
94 167 0.000
95 167 0.000
96 167 0.000
97 167 0.000
98 167 0.000
99 167 0.000
100 167 0.000
101 167 0.000
102 167 0.000
103 167 0.000
104 167 0.000
105 167 0.000
106 167 0.000
107 167 0.000
108 167 0.000
109 167 0.000
110 167 0.000
111 167 0.000
112 167 0.000
113 167 0.000
114 167 0.000
115 167 0.000
116 167 0.000
117 167 0.000
118 167 0.000
119 167 0.000
120 167 0.000
121 167 0.000
122 167 0.000
123 167 0.000
124 167 0.000
125 167 0.000
126 167 0.000
127 167 0.000
128 167 0.000
129 167 0.000
130 167 0.000
131 167 0.000
132 167 0.000
133 167 0.000
134 167 0.000
135 167 0.000
136 167 0.000
137 167 0.000
138 167 0.000
139 167 0.000
140 167 0.000
141 167 0.000
142 167 0.000
143 167 0.000
144 167 0.000
145 167 0.000
146 167 0.000
147 167 0.000
148 167 0.000
149 167 0.000
0 168 0.000
1 168 0.000
2 168 0.000
3 168 0.000
4 168 0.000
5 168 0.000
6 168 0.000
7 168 0.000
8 168 0.000
9 168 0.000
10 168 0.000
11 168 0.000
12 168 0.000
13 168 0.000
14 168 0.000
15 168 0.000
16 168 0.000
17 168 0.000
18 168 0.000
19 168 0.000
20 168 0.000
21 168 0.000
22 168 0.000
23 168 0.000
24 168 0.000
25 168 0.000
26 168 0.000
27 168 0.000
28 168 0.000
29 168 0.000
30 168 0.000
31 168 0.000
32 168 0.000
33 168 0.000
34 168 0.000
35 168 0.000
36 168 0.000
37 168 0.000
38 168 0.000
39 168 0.000
40 168 0.000
41 168 0.000
42 168 0.000
43 168 0.000
44 168 0.000
45 168 0.000
46 168 0.000
47 168 0.000
48 168 0.000
49 168 0.000
50 168 0.000
51 168 0.000
52 168 0.000
53 168 0.000
54 168 0.000
55 168 0.000
56 168 0.000
57 168 0.000
58 168 0.000
59 168 0.000
60 168 0.000
61 168 0.000
62 168 0.000
63 168 0.000
64 168 0.000
65 168 0.000
66 168 0.000
67 168 0.000
68 168 0.000
69 168 0.000
70 168 0.000
71 168 0.000
72 168 0.000
73 168 0.000
74 168 0.000
75 168 0.000
76 168 0.000
77 168 0.000
78 168 0.000
79 168 0.000
80 168 0.000
81 168 0.000
82 168 0.000
83 168 0.000
84 168 0.000
85 168 0.000
86 168 0.000
87 168 0.000
88 168 0.000
89 168 0.000
90 168 0.000
91 168 0.000
92 168 0.000
93 168 0.000
94 168 0.000
95 168 0.000
96 168 0.000
97 168 0.000
98 168 0.000
99 168 0.000
100 168 0.000
101 168 0.000
102 168 0.000
103 168 0.000
104 168 0.000
105 168 0.000
106 168 0.000
107 168 0.000
108 168 0.000
109 168 0.000
110 168 0.000
111 168 0.000
112 168 0.000
113 168 0.000
114 168 0.000
115 168 0.000
116 168 0.000
117 168 0.000
118 168 0.000
119 168 0.000
120 168 0.000
121 168 0.000
122 168 0.000
123 168 0.000
124 168 0.000
125 168 0.000
126 168 0.000
127 168 0.000
128 168 0.000
129 168 0.000
130 168 0.000
131 168 0.000
132 168 0.000
133 168 0.000
134 168 0.000
135 168 0.000
136 168 0.000
137 168 0.000
138 168 0.000
139 168 0.000
140 168 0.000
141 168 0.000
142 168 0.000
143 168 0.000
144 168 0.000
145 168 0.000
146 168 0.000
147 168 0.000
148 168 0.000
149 168 0.000
0 169 0.000
1 169 0.000
2 169 0.000
3 169 0.000
4 169 0.000
5 169 0.000
6 169 0.000
7 169 0.000
8 169 0.000
9 169 0.000
10 169 0.000
11 169 0.000
12 169 0.000
13 169 0.000
14 169 0.000
15 169 0.000
16 169 0.000
17 169 0.000
18 169 0.000
19 169 0.000
20 169 0.000
21 169 0.000
22 169 0.000
23 169 0.000
24 169 0.000
25 169 0.000
26 169 0.000
27 169 0.000
28 169 0.000
29 169 0.000
30 169 0.000
31 169 0.000
32 169 0.000
33 169 0.000
34 169 0.000
35 169 0.000
36 169 0.000
37 169 0.000
38 169 0.000
39 169 0.000
40 169 0.000
41 169 0.000
42 169 0.000
43 169 0.000
44 169 0.000
45 169 0.000
46 169 0.000
47 169 0.000
48 169 0.000
49 169 0.000
50 169 0.000
51 169 0.000
52 169 0.000
53 169 0.000
54 169 0.000
55 169 0.000
56 169 0.000
57 169 0.000
58 169 0.000
59 169 0.000
60 169 0.000
61 169 0.000
62 169 0.000
63 169 0.000
64 169 0.000
65 169 0.000
66 169 0.000
67 169 0.000
68 169 0.000
69 169 0.000
70 169 0.000
71 169 0.000
72 169 0.000
73 169 0.000
74 169 0.000
75 169 0.000
76 169 0.000
77 169 0.000
78 169 0.000
79 169 0.000
80 169 0.000
81 169 0.000
82 169 0.000
83 169 0.000
84 169 0.000
85 169 0.000
86 169 0.000
87 169 0.000
88 169 0.000
89 169 0.000
90 169 0.000
91 169 0.000
92 169 0.000
93 169 0.000
94 169 0.000
95 169 0.000
96 169 0.000
97 169 0.000
98 169 0.000
99 169 0.000
100 169 0.000
101 169 0.000
102 169 0.000
103 169 0.000
104 169 0.000
105 169 0.000
106 169 0.000
107 169 0.000
108 169 0.000
109 169 0.000
110 169 0.000
111 169 0.000
112 169 0.000
113 169 0.000
114 169 0.000
115 169 0.000
116 169 0.000
117 169 0.000
118 169 0.000
119 169 0.000
120 169 0.000
121 169 0.000
122 169 0.000
123 169 0.000
124 169 0.000
125 169 0.000
126 169 0.000
127 169 0.000
128 169 0.000
129 169 0.000
130 169 0.000
131 169 0.000
132 169 0.000
133 169 0.000
134 169 0.000
135 169 0.000
136 169 0.000
137 169 0.000
138 169 0.000
139 169 0.000
140 169 0.000
141 169 0.000
142 169 0.000
143 169 0.000
144 169 0.000
145 169 0.000
146 169 0.000
147 169 0.000
148 169 0.000
149 169 0.000
0 170 0.000
1 170 0.000
2 170 0.000
3 170 0.000
4 170 0.000
5 170 0.000
6 170 0.000
7 170 0.000
8 170 0.000
9 170 0.000
10 170 0.000
11 170 0.000
12 170 0.000
13 170 0.000
14 170 0.000
15 170 0.000
16 170 0.000
17 170 0.000
18 170 0.000
19 170 0.000
20 170 0.000
21 170 0.000
22 170 0.000
23 170 0.000
24 170 0.000
25 170 0.000
26 170 0.000
27 170 0.000
28 170 0.000
29 170 0.000
30 170 0.000
31 170 0.000
32 170 0.000
33 170 0.000
34 170 0.000
35 170 0.000
36 170 0.000
37 170 0.000
38 170 0.000
39 170 0.000
40 170 0.000
41 170 0.000
42 170 0.000
43 170 0.000
44 170 0.000
45 170 0.000
46 170 0.000
47 170 0.000
48 170 0.000
49 170 0.000
50 170 0.000
51 170 0.000
52 170 0.000
53 170 0.000
54 170 0.000
55 170 0.000
56 170 0.000
57 170 0.000
58 170 0.000
59 170 0.000
60 170 0.000
61 170 0.000
62 170 0.000
63 170 0.000
64 170 0.000
65 170 0.000
66 170 0.000
67 170 0.000
68 170 0.000
69 170 0.000
70 170 0.000
71 170 0.000
72 170 0.000
73 170 0.000
74 170 0.000
75 170 0.000
76 170 0.000
77 170 0.000
78 170 0.000
79 170 0.000
80 170 0.000
81 170 0.000
82 170 0.000
83 170 0.000
84 170 0.000
85 170 0.000
86 170 0.000
87 170 0.000
88 170 0.000
89 170 0.000
90 170 0.000
91 170 0.000
92 170 0.000
93 170 0.000
94 170 0.000
95 170 0.000
96 170 0.000
97 170 0.000
98 170 0.000
99 170 0.000
100 170 0.000
101 170 0.000
102 170 0.000
103 170 0.000
104 170 0.000
105 170 0.000
106 170 0.000
107 170 0.000
108 170 0.000
109 170 0.000
110 170 0.000
111 170 0.000
112 170 0.000
113 170 0.000
114 170 0.000
115 170 0.000
116 170 0.000
117 170 0.000
118 170 0.000
119 170 0.000
120 170 0.000
121 170 0.000
122 170 0.000
123 170 0.000
124 170 0.000
125 170 0.000
126 170 0.000
127 170 0.000
128 170 0.000
129 170 0.000
130 170 0.000
131 170 0.000
132 170 0.000
133 170 0.000
134 170 0.000
135 170 0.000
136 170 0.000
137 170 0.000
138 170 0.000
139 170 0.000
140 170 0.000
141 170 0.000
142 170 0.000
143 170 0.000
144 170 0.000
145 170 0.000
146 170 0.000
147 170 0.000
148 170 0.000
149 170 0.000
0 171 0.000
1 171 0.000
2 171 0.000
3 171 0.000
4 171 0.000
5 171 0.000
6 171 0.000
7 171 0.000
8 171 0.000
9 171 0.000
10 171 0.000
11 171 0.000
12 171 0.000
13 171 0.000
14 171 0.000
15 171 0.000
16 171 0.000
17 171 0.000
18 171 0.000
19 171 0.000
20 171 0.000
21 171 0.000
22 171 0.000
23 171 0.000
24 171 0.000
25 171 0.000
26 171 0.000
27 171 0.000
28 171 0.000
29 171 0.000
30 171 0.000
31 171 0.000
32 171 0.000
33 171 0.000
34 171 0.000
35 171 0.000
36 171 0.000
37 171 0.000
38 171 0.000
39 171 0.000
40 171 0.000
41 171 0.000
42 171 0.000
43 171 0.000
44 171 0.000
45 171 0.000
46 171 0.000
47 171 0.000
48 171 0.000
49 171 0.000
50 171 0.000
51 171 0.000
52 171 0.000
53 171 0.000
54 171 0.000
55 171 0.000
56 171 0.000
57 171 0.000
58 171 0.000
59 171 0.000
60 171 0.000
61 171 0.000
62 171 0.000
63 171 0.000
64 171 0.000
65 171 0.000
66 171 0.000
67 171 0.000
68 171 0.000
69 171 0.000
70 171 0.000
71 171 0.000
72 171 0.000
73 171 0.000
74 171 0.000
75 171 0.000
76 171 0.000
77 171 0.000
78 171 0.000
79 171 0.000
80 171 0.000
81 171 0.000
82 171 0.000
83 171 0.000
84 171 0.000
85 171 0.000
86 171 0.000
87 171 0.000
88 171 0.000
89 171 0.000
90 171 0.000
91 171 0.000
92 171 0.000
93 171 0.000
94 171 0.000
95 171 0.000
96 171 0.000
97 171 0.000
98 171 0.000
99 171 0.000
100 171 0.000
101 171 0.000
102 171 0.000
103 171 0.000
104 171 0.000
105 171 0.000
106 171 0.000
107 171 0.000
108 171 0.000
109 171 0.000
110 171 0.000
111 171 0.000
112 171 0.000
113 171 0.000
114 171 0.000
115 171 0.000
116 171 0.000
117 171 0.000
118 171 0.000
119 171 0.000
120 171 0.000
121 171 0.000
122 171 0.000
123 171 0.000
124 171 0.000
125 171 0.000
126 171 0.000
127 171 0.000
128 171 0.000
129 171 0.000
130 171 0.000
131 171 0.000
132 171 0.000
133 171 0.000
134 171 0.000
135 171 0.000
136 171 0.000
137 171 0.000
138 171 0.000
139 171 0.000
140 171 0.000
141 171 0.000
142 171 0.000
143 171 0.000
144 171 0.000
145 171 0.000
146 171 0.000
147 171 0.000
148 171 0.000
149 171 0.000
0 172 0.000
1 172 0.000
2 172 0.000
3 172 0.000
4 172 0.000
5 172 0.000
6 172 0.000
7 172 0.000
8 172 0.000
9 172 0.000
10 172 0.000
11 172 0.000
12 172 0.000
13 172 0.000
14 172 0.000
15 172 0.000
16 172 0.000
17 172 0.000
18 172 0.000
19 172 0.000
20 172 0.000
21 172 0.000
22 172 0.000
23 172 0.000
24 172 0.000
25 172 0.000
26 172 0.000
27 172 0.000
28 172 0.000
29 172 0.000
30 172 0.000
31 172 0.000
32 172 0.000
33 172 0.000
34 172 0.000
35 172 0.000
36 172 0.000
37 172 0.000
38 172 0.000
39 172 0.000
40 172 0.000
41 172 0.000
42 172 0.000
43 172 0.000
44 172 0.000
45 172 0.000
46 172 0.000
47 172 0.000
48 172 0.000
49 172 0.000
50 172 0.000
51 172 0.000
52 172 0.000
53 172 0.000
54 172 0.000
55 172 0.000
56 172 0.000
57 172 0.000
58 172 0.000
59 172 0.000
60 172 0.000
61 172 0.000
62 172 0.000
63 172 0.000
64 172 0.000
65 172 0.000
66 172 0.000
67 172 0.000
68 172 0.000
69 172 0.000
70 172 0.000
71 172 0.000
72 172 0.000
73 172 0.000
74 172 0.000
75 172 0.000
76 172 0.000
77 172 0.000
78 172 0.000
79 172 0.000
80 172 0.000
81 172 0.000
82 172 0.000
83 172 0.000
84 172 0.000
85 172 0.000
86 172 0.000
87 172 0.000
88 172 0.000
89 172 0.000
90 172 0.000
91 172 0.000
92 172 0.000
93 172 0.000
94 172 0.000
95 172 0.000
96 172 0.000
97 172 0.000
98 172 0.000
99 172 0.000
100 172 0.000
101 172 0.000
102 172 0.000
103 172 0.000
104 172 0.000
105 172 0.000
106 172 0.000
107 172 0.000
108 172 0.000
109 172 0.000
110 172 0.000
111 172 0.000
112 172 0.000
113 172 0.000
114 172 0.000
115 172 0.000
116 172 0.000
117 172 0.000
118 172 0.000
119 172 0.000
120 172 0.000
121 172 0.000
122 172 0.000
123 172 0.000
124 172 0.000
125 172 0.000
126 172 0.000
127 172 0.000
128 172 0.000
129 172 0.000
130 172 0.000
131 172 0.000
132 172 0.000
133 172 0.000
134 172 0.000
135 172 0.000
136 172 0.000
137 172 0.000
138 172 0.000
139 172 0.000
140 172 0.000
141 172 0.000
142 172 0.000
143 172 0.000
144 172 0.000
145 172 0.000
146 172 0.000
147 172 0.000
148 172 0.000
149 172 0.000
0 173 0.000
1 173 0.000
2 173 0.000
3 173 0.000
4 173 0.000
5 173 0.000
6 173 0.000
7 173 0.000
8 173 0.000
9 173 0.000
10 173 0.000
11 173 0.000
12 173 0.000
13 173 0.000
14 173 0.000
15 173 0.000
16 173 0.000
17 173 0.000
18 173 0.000
19 173 0.000
20 173 0.000
21 173 0.000
22 173 0.000
23 173 0.000
24 173 0.000
25 173 0.000
26 173 0.000
27 173 0.000
28 173 0.000
29 173 0.000
30 173 0.000
31 173 0.000
32 173 0.000
33 173 0.000
34 173 0.000
35 173 0.000
36 173 0.000
37 173 0.000
38 173 0.000
39 173 0.000
40 173 0.000
41 173 0.000
42 173 0.000
43 173 0.000
44 173 0.000
45 173 0.000
46 173 0.000
47 173 0.000
48 173 0.000
49 173 0.000
50 173 0.000
51 173 0.000
52 173 0.000
53 173 0.000
54 173 0.000
55 173 0.000
56 173 0.000
57 173 0.000
58 173 0.000
59 173 0.000
60 173 0.000
61 173 0.000
62 173 0.000
63 173 0.000
64 173 0.000
65 173 0.000
66 173 0.000
67 173 0.000
68 173 0.000
69 173 0.000
70 173 0.000
71 173 0.000
72 173 0.000
73 173 0.000
74 173 0.000
75 173 0.000
76 173 0.000
77 173 0.000
78 173 0.000
79 173 0.000
80 173 0.000
81 173 0.000
82 173 0.000
83 173 0.000
84 173 0.000
85 173 0.000
86 173 0.000
87 173 0.000
88 173 0.000
89 173 0.000
90 173 0.000
91 173 0.000
92 173 0.000
93 173 0.000
94 173 0.000
95 173 0.000
96 173 0.000
97 173 0.000
98 173 0.000
99 173 0.000
100 173 0.000
101 173 0.000
102 173 0.000
103 173 0.000
104 173 0.000
105 173 0.000
106 173 0.000
107 173 0.000
108 173 0.000
109 173 0.000
110 173 0.000
111 173 0.000
112 173 0.000
113 173 0.000
114 173 0.000
115 173 0.000
116 173 0.000
117 173 0.000
118 173 0.000
119 173 0.000
120 173 0.000
121 173 0.000
122 173 0.000
123 173 0.000
124 173 0.000
125 173 0.000
126 173 0.000
127 173 0.000
128 173 0.000
129 173 0.000
130 173 0.000
131 173 0.000
132 173 0.000
133 173 0.000
134 173 0.000
135 173 0.000
136 173 0.000
137 173 0.000
138 173 0.000
139 173 0.000
140 173 0.000
141 173 0.000
142 173 0.000
143 173 0.000
144 173 0.000
145 173 0.000
146 173 0.000
147 173 0.000
148 173 0.000
149 173 0.000
0 174 0.000
1 174 0.000
2 174 0.000
3 174 0.000
4 174 0.000
5 174 0.000
6 174 0.000
7 174 0.000
8 174 0.000
9 174 0.000
10 174 0.000
11 174 0.000
12 174 0.000
13 174 0.000
14 174 0.000
15 174 0.000
16 174 0.000
17 174 0.000
18 174 0.000
19 174 0.000
20 174 0.000
21 174 0.000
22 174 0.000
23 174 0.000
24 174 0.000
25 174 0.000
26 174 0.000
27 174 0.000
28 174 0.000
29 174 0.000
30 174 0.000
31 174 0.000
32 174 0.000
33 174 0.000
34 174 0.000
35 174 0.000
36 174 0.000
37 174 0.000
38 174 0.000
39 174 0.000
40 174 0.000
41 174 0.000
42 174 0.000
43 174 0.000
44 174 0.000
45 174 0.000
46 174 0.000
47 174 0.000
48 174 0.000
49 174 0.000
50 174 0.000
51 174 0.000
52 174 0.000
53 174 0.000
54 174 0.000
55 174 0.000
56 174 0.000
57 174 0.000
58 174 0.000
59 174 0.000
60 174 0.000
61 174 0.000
62 174 0.000
63 174 0.000
64 174 0.000
65 174 0.000
66 174 0.000
67 174 0.000
68 174 0.000
69 174 0.000
70 174 0.000
71 174 0.000
72 174 0.000
73 174 0.000
74 174 0.000
75 174 0.000
76 174 0.000
77 174 0.000
78 174 0.000
79 174 0.000
80 174 0.000
81 174 0.000
82 174 0.000
83 174 0.000
84 174 0.000
85 174 0.000
86 174 0.000
87 174 0.000
88 174 0.000
89 174 0.000
90 174 0.000
91 174 0.000
92 174 0.000
93 174 0.000
94 174 0.000
95 174 0.000
96 174 0.000
97 174 0.000
98 174 0.000
99 174 0.000
100 174 0.000
101 174 0.000
102 174 0.000
103 174 0.000
104 174 0.000
105 174 0.000
106 174 0.000
107 174 0.000
108 174 0.000
109 174 0.000
110 174 0.000
111 174 0.000
112 174 0.000
113 174 0.000
114 174 0.000
115 174 0.000
116 174 0.000
117 174 0.000
118 174 0.000
119 174 0.000
120 174 0.000
121 174 0.000
122 174 0.000
123 174 0.000
124 174 0.000
125 174 0.000
126 174 0.000
127 174 0.000
128 174 0.000
129 174 0.000
130 174 0.000
131 174 0.000
132 174 0.000
133 174 0.000
134 174 0.000
135 174 0.000
136 174 0.000
137 174 0.000
138 174 0.000
139 174 0.000
140 174 0.000
141 174 0.000
142 174 0.000
143 174 0.000
144 174 0.000
145 174 0.000
146 174 0.000
147 174 0.000
148 174 0.000
149 174 0.000
0 175 0.000
1 175 0.000
2 175 0.000
3 175 0.000
4 175 0.000
5 175 0.000
6 175 0.000
7 175 0.000
8 175 0.000
9 175 0.000
10 175 0.000
11 175 0.000
12 175 0.000
13 175 0.000
14 175 0.000
15 175 0.000
16 175 0.000
17 175 0.000
18 175 0.000
19 175 0.000
20 175 0.000
21 175 0.000
22 175 0.000
23 175 0.000
24 175 0.000
25 175 0.000
26 175 0.000
27 175 0.000
28 175 0.000
29 175 0.000
30 175 0.000
31 175 0.000
32 175 0.000
33 175 0.000
34 175 0.000
35 175 0.000
36 175 0.000
37 175 0.000
38 175 0.000
39 175 0.000
40 175 0.000
41 175 0.000
42 175 0.000
43 175 0.000
44 175 0.000
45 175 0.000
46 175 0.000
47 175 0.000
48 175 0.000
49 175 0.000
50 175 0.000
51 175 0.000
52 175 0.000
53 175 0.000
54 175 0.000
55 175 0.000
56 175 0.000
57 175 0.000
58 175 0.000
59 175 0.000
60 175 0.000
61 175 0.000
62 175 0.000
63 175 0.000
64 175 0.000
65 175 0.000
66 175 0.000
67 175 0.000
68 175 0.000
69 175 0.000
70 175 0.000
71 175 0.000
72 175 0.000
73 175 0.000
74 175 0.000
75 175 0.000
76 175 0.000
77 175 0.000
78 175 0.000
79 175 0.000
80 175 0.000
81 175 0.000
82 175 0.000
83 175 0.000
84 175 0.000
85 175 0.000
86 175 0.000
87 175 0.000
88 175 0.000
89 175 0.000
90 175 0.000
91 175 0.000
92 175 0.000
93 175 0.000
94 175 0.000
95 175 0.000
96 175 0.000
97 175 0.000
98 175 0.000
99 175 0.000
100 175 0.000
101 175 0.000
102 175 0.000
103 175 0.000
104 175 0.000
105 175 0.000
106 175 0.000
107 175 0.000
108 175 0.000
109 175 0.000
110 175 0.000
111 175 0.000
112 175 0.000
113 175 0.000
114 175 0.000
115 175 0.000
116 175 0.000
117 175 0.000
118 175 0.000
119 175 0.000
120 175 0.000
121 175 0.000
122 175 0.000
123 175 0.000
124 175 0.000
125 175 0.000
126 175 0.000
127 175 0.000
128 175 0.000
129 175 0.000
130 175 0.000
131 175 0.000
132 175 0.000
133 175 0.000
134 175 0.000
135 175 0.000
136 175 0.000
137 175 0.000
138 175 0.000
139 175 0.000
140 175 0.000
141 175 0.000
142 175 0.000
143 175 0.000
144 175 0.000
145 175 0.000
146 175 0.000
147 175 0.000
148 175 0.000
149 175 0.000
0 176 0.000
1 176 0.000
2 176 0.000
3 176 0.000
4 176 0.000
5 176 0.000
6 176 0.000
7 176 0.000
8 176 0.000
9 176 0.000
10 176 0.000
11 176 0.000
12 176 0.000
13 176 0.000
14 176 0.000
15 176 0.000
16 176 0.000
17 176 0.000
18 176 0.000
19 176 0.000
20 176 0.000
21 176 0.000
22 176 0.000
23 176 0.000
24 176 0.000
25 176 0.000
26 176 0.000
27 176 0.000
28 176 0.000
29 176 0.000
30 176 0.000
31 176 0.000
32 176 0.000
33 176 0.000
34 176 0.000
35 176 0.000
36 176 0.000
37 176 0.000
38 176 0.000
39 176 0.000
40 176 0.000
41 176 0.000
42 176 0.000
43 176 0.000
44 176 0.000
45 176 0.000
46 176 0.000
47 176 0.000
48 176 0.000
49 176 0.000
50 176 0.000
51 176 0.000
52 176 0.000
53 176 0.000
54 176 0.000
55 176 0.000
56 176 0.000
57 176 0.000
58 176 0.000
59 176 0.000
60 176 0.000
61 176 0.000
62 176 0.000
63 176 0.000
64 176 0.000
65 176 0.000
66 176 0.000
67 176 0.000
68 176 0.000
69 176 0.000
70 176 0.000
71 176 0.000
72 176 0.000
73 176 0.000
74 176 0.000
75 176 0.000
76 176 0.000
77 176 0.000
78 176 0.000
79 176 0.000
80 176 0.000
81 176 0.000
82 176 0.000
83 176 0.000
84 176 0.000
85 176 0.000
86 176 0.000
87 176 0.000
88 176 0.000
89 176 0.000
90 176 0.000
91 176 0.000
92 176 0.000
93 176 0.000
94 176 0.000
95 176 0.000
96 176 0.000
97 176 0.000
98 176 0.000
99 176 0.000
100 176 0.000
101 176 0.000
102 176 0.000
103 176 0.000
104 176 0.000
105 176 0.000
106 176 0.000
107 176 0.000
108 176 0.000
109 176 0.000
110 176 0.000
111 176 0.000
112 176 0.000
113 176 0.000
114 176 0.000
115 176 0.000
116 176 0.000
117 176 0.000
118 176 0.000
119 176 0.000
120 176 0.000
121 176 0.000
122 176 0.000
123 176 0.000
124 176 0.000
125 176 0.000
126 176 0.000
127 176 0.000
128 176 0.000
129 176 0.000
130 176 0.000
131 176 0.000
132 176 0.000
133 176 0.000
134 176 0.000
135 176 0.000
136 176 0.000
137 176 0.000
138 176 0.000
139 176 0.000
140 176 0.000
141 176 0.000
142 176 0.000
143 176 0.000
144 176 0.000
145 176 0.000
146 176 0.000
147 176 0.000
148 176 0.000
149 176 0.000
0 177 0.000
1 177 0.000
2 177 0.000
3 177 0.000
4 177 0.000
5 177 0.000
6 177 0.000
7 177 0.000
8 177 0.000
9 177 0.000
10 177 0.000
11 177 0.000
12 177 0.000
13 177 0.000
14 177 0.000
15 177 0.000
16 177 0.000
17 177 0.000
18 177 0.000
19 177 0.000
20 177 0.000
21 177 0.000
22 177 0.000
23 177 0.000
24 177 0.000
25 177 0.000
26 177 0.000
27 177 0.000
28 177 0.000
29 177 0.000
30 177 0.000
31 177 0.000
32 177 0.000
33 177 0.000
34 177 0.000
35 177 0.000
36 177 0.000
37 177 0.000
38 177 0.000
39 177 0.000
40 177 0.000
41 177 0.000
42 177 0.000
43 177 0.000
44 177 0.000
45 177 0.000
46 177 0.000
47 177 0.000
48 177 0.000
49 177 0.000
50 177 0.000
51 177 0.000
52 177 0.000
53 177 0.000
54 177 0.000
55 177 0.000
56 177 0.000
57 177 0.000
58 177 0.000
59 177 0.000
60 177 0.000
61 177 0.000
62 177 0.000
63 177 0.000
64 177 0.000
65 177 0.000
66 177 0.000
67 177 0.000
68 177 0.000
69 177 0.000
70 177 0.000
71 177 0.000
72 177 0.000
73 177 0.000
74 177 0.000
75 177 0.000
76 177 0.000
77 177 0.000
78 177 0.000
79 177 0.000
80 177 0.000
81 177 0.000
82 177 0.000
83 177 0.000
84 177 0.000
85 177 0.000
86 177 0.000
87 177 0.000
88 177 0.000
89 177 0.000
90 177 0.000
91 177 0.000
92 177 0.000
93 177 0.000
94 177 0.000
95 177 0.000
96 177 0.000
97 177 0.000
98 177 0.000
99 177 0.000
100 177 0.000
101 177 0.000
102 177 0.000
103 177 0.000
104 177 0.000
105 177 0.000
106 177 0.000
107 177 0.000
108 177 0.000
109 177 0.000
110 177 0.000
111 177 0.000
112 177 0.000
113 177 0.000
114 177 0.000
115 177 0.000
116 177 0.000
117 177 0.000
118 177 0.000
119 177 0.000
120 177 0.000
121 177 0.000
122 177 0.000
123 177 0.000
124 177 0.000
125 177 0.000
126 177 0.000
127 177 0.000
128 177 0.000
129 177 0.000
130 177 0.000
131 177 0.000
132 177 0.000
133 177 0.000
134 177 0.000
135 177 0.000
136 177 0.000
137 177 0.000
138 177 0.000
139 177 0.000
140 177 0.000
141 177 0.000
142 177 0.000
143 177 0.000
144 177 0.000
145 177 0.000
146 177 0.000
147 177 0.000
148 177 0.000
149 177 0.000
0 178 0.000
1 178 0.000
2 178 0.000
3 178 0.000
4 178 0.000
5 178 0.000
6 178 0.000
7 178 0.000
8 178 0.000
9 178 0.000
10 178 0.000
11 178 0.000
12 178 0.000
13 178 0.000
14 178 0.000
15 178 0.000
16 178 0.000
17 178 0.000
18 178 0.000
19 178 0.000
20 178 0.000
21 178 0.000
22 178 0.000
23 178 0.000
24 178 0.000
25 178 0.000
26 178 0.000
27 178 0.000
28 178 0.000
29 178 0.000
30 178 0.000
31 178 0.000
32 178 0.000
33 178 0.000
34 178 0.000
35 178 0.000
36 178 0.000
37 178 0.000
38 178 0.000
39 178 0.000
40 178 0.000
41 178 0.000
42 178 0.000
43 178 0.000
44 178 0.000
45 178 0.000
46 178 0.000
47 178 0.000
48 178 0.000
49 178 0.000
50 178 0.000
51 178 0.000
52 178 0.000
53 178 0.000
54 178 0.000
55 178 0.000
56 178 0.000
57 178 0.000
58 178 0.000
59 178 0.000
60 178 0.000
61 178 0.000
62 178 0.000
63 178 0.000
64 178 0.000
65 178 0.000
66 178 0.000
67 178 0.000
68 178 0.000
69 178 0.000
70 178 0.000
71 178 0.000
72 178 0.000
73 178 0.000
74 178 0.000
75 178 0.000
76 178 0.000
77 178 0.000
78 178 0.000
79 178 0.000
80 178 0.000
81 178 0.000
82 178 0.000
83 178 0.000
84 178 0.000
85 178 0.000
86 178 0.000
87 178 0.000
88 178 0.000
89 178 0.000
90 178 0.000
91 178 0.000
92 178 0.000
93 178 0.000
94 178 0.000
95 178 0.000
96 178 0.000
97 178 0.000
98 178 0.000
99 178 0.000
100 178 0.000
101 178 0.000
102 178 0.000
103 178 0.000
104 178 0.000
105 178 0.000
106 178 0.000
107 178 0.000
108 178 0.000
109 178 0.000
110 178 0.000
111 178 0.000
112 178 0.000
113 178 0.000
114 178 0.000
115 178 0.000
116 178 0.000
117 178 0.000
118 178 0.000
119 178 0.000
120 178 0.000
121 178 0.000
122 178 0.000
123 178 0.000
124 178 0.000
125 178 0.000
126 178 0.000
127 178 0.000
128 178 0.000
129 178 0.000
130 178 0.000
131 178 0.000
132 178 0.000
133 178 0.000
134 178 0.000
135 178 0.000
136 178 0.000
137 178 0.000
138 178 0.000
139 178 0.000
140 178 0.000
141 178 0.000
142 178 0.000
143 178 0.000
144 178 0.000
145 178 0.000
146 178 0.000
147 178 0.000
148 178 0.000
149 178 0.000
0 179 0.000
1 179 0.000
2 179 0.000
3 179 0.000
4 179 0.000
5 179 0.000
6 179 0.000
7 179 0.000
8 179 0.000
9 179 0.000
10 179 0.000
11 179 0.000
12 179 0.000
13 179 0.000
14 179 0.000
15 179 0.000
16 179 0.000
17 179 0.000
18 179 0.000
19 179 0.000
20 179 0.000
21 179 0.000
22 179 0.000
23 179 0.000
24 179 0.000
25 179 0.000
26 179 0.000
27 179 0.000
28 179 0.000
29 179 0.000
30 179 0.000
31 179 0.000
32 179 0.000
33 179 0.000
34 179 0.000
35 179 0.000
36 179 0.000
37 179 0.000
38 179 0.000
39 179 0.000
40 179 0.000
41 179 0.000
42 179 0.000
43 179 0.000
44 179 0.000
45 179 0.000
46 179 0.000
47 179 0.000
48 179 0.000
49 179 0.000
50 179 0.000
51 179 0.000
52 179 0.000
53 179 0.000
54 179 0.000
55 179 0.000
56 179 0.000
57 179 0.000
58 179 0.000
59 179 0.000
60 179 0.000
61 179 0.000
62 179 0.000
63 179 0.000
64 179 0.000
65 179 0.000
66 179 0.000
67 179 0.000
68 179 0.000
69 179 0.000
70 179 0.000
71 179 0.000
72 179 0.000
73 179 0.000
74 179 0.000
75 179 0.000
76 179 0.000
77 179 0.000
78 179 0.000
79 179 0.000
80 179 0.000
81 179 0.000
82 179 0.000
83 179 0.000
84 179 0.000
85 179 0.000
86 179 0.000
87 179 0.000
88 179 0.000
89 179 0.000
90 179 0.000
91 179 0.000
92 179 0.000
93 179 0.000
94 179 0.000
95 179 0.000
96 179 0.000
97 179 0.000
98 179 0.000
99 179 0.000
100 179 0.000
101 179 0.000
102 179 0.000
103 179 0.000
104 179 0.000
105 179 0.000
106 179 0.000
107 179 0.000
108 179 0.000
109 179 0.000
110 179 0.000
111 179 0.000
112 179 0.000
113 179 0.000
114 179 0.000
115 179 0.000
116 179 0.000
117 179 0.000
118 179 0.000
119 179 0.000
120 179 0.000
121 179 0.000
122 179 0.000
123 179 0.000
124 179 0.000
125 179 0.000
126 179 0.000
127 179 0.000
128 179 0.000
129 179 0.000
130 179 0.000
131 179 0.000
132 179 0.000
133 179 0.000
134 179 0.000
135 179 0.000
136 179 0.000
137 179 0.000
138 179 0.000
139 179 0.000
140 179 0.000
141 179 0.000
142 179 0.000
143 179 0.000
144 179 0.000
145 179 0.000
146 179 0.000
147 179 0.000
148 179 0.000
149 179 0.000
0 180 0.000
1 180 0.000
2 180 0.000
3 180 0.000
4 180 0.000
5 180 0.000
6 180 0.000
7 180 0.000
8 180 0.000
9 180 0.000
10 180 0.000
11 180 0.000
12 180 0.000
13 180 0.000
14 180 0.000
15 180 0.000
16 180 0.000
17 180 0.000
18 180 0.000
19 180 0.000
20 180 0.000
21 180 0.000
22 180 0.000
23 180 0.000
24 180 0.000
25 180 0.000
26 180 0.000
27 180 0.000
28 180 0.000
29 180 0.000
30 180 0.000
31 180 0.000
32 180 0.000
33 180 0.000
34 180 0.000
35 180 0.000
36 180 0.000
37 180 0.000
38 180 0.000
39 180 0.000
40 180 0.000
41 180 0.000
42 180 0.000
43 180 0.000
44 180 0.000
45 180 0.000
46 180 0.000
47 180 0.000
48 180 0.000
49 180 0.000
50 180 0.000
51 180 0.000
52 180 0.000
53 180 0.000
54 180 0.000
55 180 0.000
56 180 0.000
57 180 0.000
58 180 0.000
59 180 0.000
60 180 0.000
61 180 0.000
62 180 0.000
63 180 0.000
64 180 0.000
65 180 0.000
66 180 0.000
67 180 0.000
68 180 0.000
69 180 0.000
70 180 0.000
71 180 0.000
72 180 0.000
73 180 0.000
74 180 0.000
75 180 0.000
76 180 0.000
77 180 0.000
78 180 0.000
79 180 0.000
80 180 0.000
81 180 0.000
82 180 0.000
83 180 0.000
84 180 0.000
85 180 0.000
86 180 0.000
87 180 0.000
88 180 0.000
89 180 0.000
90 180 0.000
91 180 0.000
92 180 0.000
93 180 0.000
94 180 0.000
95 180 0.000
96 180 0.000
97 180 0.000
98 180 0.000
99 180 0.000
100 180 0.000
101 180 0.000
102 180 0.000
103 180 0.000
104 180 0.000
105 180 0.000
106 180 0.000
107 180 0.000
108 180 0.000
109 180 0.000
110 180 0.000
111 180 0.000
112 180 0.000
113 180 0.000
114 180 0.000
115 180 0.000
116 180 0.000
117 180 0.000
118 180 0.000
119 180 0.000
120 180 0.000
121 180 0.000
122 180 0.000
123 180 0.000
124 180 0.000
125 180 0.000
126 180 0.000
127 180 0.000
128 180 0.000
129 180 0.000
130 180 0.000
131 180 0.000
132 180 0.000
133 180 0.000
134 180 0.000
135 180 0.000
136 180 0.000
137 180 0.000
138 180 0.000
139 180 0.000
140 180 0.000
141 180 0.000
142 180 0.000
143 180 0.000
144 180 0.000
145 180 0.000
146 180 0.000
147 180 0.000
148 180 0.000
149 180 0.000
0 181 0.000
1 181 0.000
2 181 0.000
3 181 0.000
4 181 0.000
5 181 0.000
6 181 0.000
7 181 0.000
8 181 0.000
9 181 0.000
10 181 0.000
11 181 0.000
12 181 0.000
13 181 0.000
14 181 0.000
15 181 0.000
16 181 0.000
17 181 0.000
18 181 0.000
19 181 0.000
20 181 0.000
21 181 0.000
22 181 0.000
23 181 0.000
24 181 0.000
25 181 0.000
26 181 0.000
27 181 0.000
28 181 0.000
29 181 0.000
30 181 0.000
31 181 0.000
32 181 0.000
33 181 0.000
34 181 0.000
35 181 0.000
36 181 0.000
37 181 0.000
38 181 0.000
39 181 0.000
40 181 0.000
41 181 0.000
42 181 0.000
43 181 0.000
44 181 0.000
45 181 0.000
46 181 0.000
47 181 0.000
48 181 0.000
49 181 0.000
50 181 0.000
51 181 0.000
52 181 0.000
53 181 0.000
54 181 0.000
55 181 0.000
56 181 0.000
57 181 0.000
58 181 0.000
59 181 0.000
60 181 0.000
61 181 0.000
62 181 0.000
63 181 0.000
64 181 0.000
65 181 0.000
66 181 0.000
67 181 0.000
68 181 0.000
69 181 0.000
70 181 0.000
71 181 0.000
72 181 0.000
73 181 0.000
74 181 0.000
75 181 0.000
76 181 0.000
77 181 0.000
78 181 0.000
79 181 0.000
80 181 0.000
81 181 0.000
82 181 0.000
83 181 0.000
84 181 0.000
85 181 0.000
86 181 0.000
87 181 0.000
88 181 0.000
89 181 0.000
90 181 0.000
91 181 0.000
92 181 0.000
93 181 0.000
94 181 0.000
95 181 0.000
96 181 0.000
97 181 0.000
98 181 0.000
99 181 0.000
100 181 0.000
101 181 0.000
102 181 0.000
103 181 0.000
104 181 0.000
105 181 0.000
106 181 0.000
107 181 0.000
108 181 0.000
109 181 0.000
110 181 0.000
111 181 0.000
112 181 0.000
113 181 0.000
114 181 0.000
115 181 0.000
116 181 0.000
117 181 0.000
118 181 0.000
119 181 0.000
120 181 0.000
121 181 0.000
122 181 0.000
123 181 0.000
124 181 0.000
125 181 0.000
126 181 0.000
127 181 0.000
128 181 0.000
129 181 0.000
130 181 0.000
131 181 0.000
132 181 0.000
133 181 0.000
134 181 0.000
135 181 0.000
136 181 0.000
137 181 0.000
138 181 0.000
139 181 0.000
140 181 0.000
141 181 0.000
142 181 0.000
143 181 0.000
144 181 0.000
145 181 0.000
146 181 0.000
147 181 0.000
148 181 0.000
149 181 0.000
0 182 0.000
1 182 0.000
2 182 0.000
3 182 0.000
4 182 0.000
5 182 0.000
6 182 0.000
7 182 0.000
8 182 0.000
9 182 0.000
10 182 0.000
11 182 0.000
12 182 0.000
13 182 0.000
14 182 0.000
15 182 0.000
16 182 0.000
17 182 0.000
18 182 0.000
19 182 0.000
20 182 0.000
21 182 0.000
22 182 0.000
23 182 0.000
24 182 0.000
25 182 0.000
26 182 0.000
27 182 0.000
28 182 0.000
29 182 0.000
30 182 0.000
31 182 0.000
32 182 0.000
33 182 0.000
34 182 0.000
35 182 0.000
36 182 0.000
37 182 0.000
38 182 0.000
39 182 0.000
40 182 0.000
41 182 0.000
42 182 0.000
43 182 0.000
44 182 0.000
45 182 0.000
46 182 0.000
47 182 0.000
48 182 0.000
49 182 0.000
50 182 0.000
51 182 0.000
52 182 0.000
53 182 0.000
54 182 0.000
55 182 0.000
56 182 0.000
57 182 0.000
58 182 0.000
59 182 0.000
60 182 0.000
61 182 0.000
62 182 0.000
63 182 0.000
64 182 0.000
65 182 0.000
66 182 0.000
67 182 0.000
68 182 0.000
69 182 0.000
70 182 0.000
71 182 0.000
72 182 0.000
73 182 0.000
74 182 0.000
75 182 0.000
76 182 0.000
77 182 0.000
78 182 0.000
79 182 0.000
80 182 0.000
81 182 0.000
82 182 0.000
83 182 0.000
84 182 0.000
85 182 0.000
86 182 0.000
87 182 0.000
88 182 0.000
89 182 0.000
90 182 0.000
91 182 0.000
92 182 0.000
93 182 0.000
94 182 0.000
95 182 0.000
96 182 0.000
97 182 0.000
98 182 0.000
99 182 0.000
100 182 0.000
101 182 0.000
102 182 0.000
103 182 0.000
104 182 0.000
105 182 0.000
106 182 0.000
107 182 0.000
108 182 0.000
109 182 0.000
110 182 0.000
111 182 0.000
112 182 0.000
113 182 0.000
114 182 0.000
115 182 0.000
116 182 0.000
117 182 0.000
118 182 0.000
119 182 0.000
120 182 0.000
121 182 0.000
122 182 0.000
123 182 0.000
124 182 0.000
125 182 0.000
126 182 0.000
127 182 0.000
128 182 0.000
129 182 0.000
130 182 0.000
131 182 0.000
132 182 0.000
133 182 0.000
134 182 0.000
135 182 0.000
136 182 0.000
137 182 0.000
138 182 0.000
139 182 0.000
140 182 0.000
141 182 0.000
142 182 0.000
143 182 0.000
144 182 0.000
145 182 0.000
146 182 0.000
147 182 0.000
148 182 0.000
149 182 0.000
0 183 0.000
1 183 0.000
2 183 0.000
3 183 0.000
4 183 0.000
5 183 0.000
6 183 0.000
7 183 0.000
8 183 0.000
9 183 0.000
10 183 0.000
11 183 0.000
12 183 0.000
13 183 0.000
14 183 0.000
15 183 0.000
16 183 0.000
17 183 0.000
18 183 0.000
19 183 0.000
20 183 0.000
21 183 0.000
22 183 0.000
23 183 0.000
24 183 0.000
25 183 0.000
26 183 0.000
27 183 0.000
28 183 0.000
29 183 0.000
30 183 0.000
31 183 0.000
32 183 0.000
33 183 0.000
34 183 0.000
35 183 0.000
36 183 0.000
37 183 0.000
38 183 0.000
39 183 0.000
40 183 0.000
41 183 0.000
42 183 0.000
43 183 0.000
44 183 0.000
45 183 0.000
46 183 0.000
47 183 0.000
48 183 0.000
49 183 0.000
50 183 0.000
51 183 0.000
52 183 0.000
53 183 0.000
54 183 0.000
55 183 0.000
56 183 0.000
57 183 0.000
58 183 0.000
59 183 0.000
60 183 0.000
61 183 0.000
62 183 0.000
63 183 0.000
64 183 0.000
65 183 0.000
66 183 0.000
67 183 0.000
68 183 0.000
69 183 0.000
70 183 0.000
71 183 0.000
72 183 0.000
73 183 0.000
74 183 0.000
75 183 0.000
76 183 0.000
77 183 0.000
78 183 0.000
79 183 0.000
80 183 0.000
81 183 0.000
82 183 0.000
83 183 0.000
84 183 0.000
85 183 0.000
86 183 0.000
87 183 0.000
88 183 0.000
89 183 0.000
90 183 0.000
91 183 0.000
92 183 0.000
93 183 0.000
94 183 0.000
95 183 0.000
96 183 0.000
97 183 0.000
98 183 0.000
99 183 0.000
100 183 0.000
101 183 0.000
102 183 0.000
103 183 0.000
104 183 0.000
105 183 0.000
106 183 0.000
107 183 0.000
108 183 0.000
109 183 0.000
110 183 0.000
111 183 0.000
112 183 0.000
113 183 0.000
114 183 0.000
115 183 0.000
116 183 0.000
117 183 0.000
118 183 0.000
119 183 0.000
120 183 0.000
121 183 0.000
122 183 0.000
123 183 0.000
124 183 0.000
125 183 0.000
126 183 0.000
127 183 0.000
128 183 0.000
129 183 0.000
130 183 0.000
131 183 0.000
132 183 0.000
133 183 0.000
134 183 0.000
135 183 0.000
136 183 0.000
137 183 0.000
138 183 0.000
139 183 0.000
140 183 0.000
141 183 0.000
142 183 0.000
143 183 0.000
144 183 0.000
145 183 0.000
146 183 0.000
147 183 0.000
148 183 0.000
149 183 0.000
0 184 0.000
1 184 0.000
2 184 0.000
3 184 0.000
4 184 0.000
5 184 0.000
6 184 0.000
7 184 0.000
8 184 0.000
9 184 0.000
10 184 0.000
11 184 0.000
12 184 0.000
13 184 0.000
14 184 0.000
15 184 0.000
16 184 0.000
17 184 0.000
18 184 0.000
19 184 0.000
20 184 0.000
21 184 0.000
22 184 0.000
23 184 0.000
24 184 0.000
25 184 0.000
26 184 0.000
27 184 0.000
28 184 0.000
29 184 0.000
30 184 0.000
31 184 0.000
32 184 0.000
33 184 0.000
34 184 0.000
35 184 0.000
36 184 0.000
37 184 0.000
38 184 0.000
39 184 0.000
40 184 0.000
41 184 0.000
42 184 0.000
43 184 0.000
44 184 0.000
45 184 0.000
46 184 0.000
47 184 0.000
48 184 0.000
49 184 0.000
50 184 0.000
51 184 0.000
52 184 0.000
53 184 0.000
54 184 0.000
55 184 0.000
56 184 0.000
57 184 0.000
58 184 0.000
59 184 0.000
60 184 0.000
61 184 0.000
62 184 0.000
63 184 0.000
64 184 0.000
65 184 0.000
66 184 0.000
67 184 0.000
68 184 0.000
69 184 0.000
70 184 0.000
71 184 0.000
72 184 0.000
73 184 0.000
74 184 0.000
75 184 0.000
76 184 0.000
77 184 0.000
78 184 0.000
79 184 0.000
80 184 0.000
81 184 0.000
82 184 0.000
83 184 0.000
84 184 0.000
85 184 0.000
86 184 0.000
87 184 0.000
88 184 0.000
89 184 0.000
90 184 0.000
91 184 0.000
92 184 0.000
93 184 0.000
94 184 0.000
95 184 0.000
96 184 0.000
97 184 0.000
98 184 0.000
99 184 0.000
100 184 0.000
101 184 0.000
102 184 0.000
103 184 0.000
104 184 0.000
105 184 0.000
106 184 0.000
107 184 0.000
108 184 0.000
109 184 0.000
110 184 0.000
111 184 0.000
112 184 0.000
113 184 0.000
114 184 0.000
115 184 0.000
116 184 0.000
117 184 0.000
118 184 0.000
119 184 0.000
120 184 0.000
121 184 0.000
122 184 0.000
123 184 0.000
124 184 0.000
125 184 0.000
126 184 0.000
127 184 0.000
128 184 0.000
129 184 0.000
130 184 0.000
131 184 0.000
132 184 0.000
133 184 0.000
134 184 0.000
135 184 0.000
136 184 0.000
137 184 0.000
138 184 0.000
139 184 0.000
140 184 0.000
141 184 0.000
142 184 0.000
143 184 0.000
144 184 0.000
145 184 0.000
146 184 0.000
147 184 0.000
148 184 0.000
149 184 0.000
0 185 0.000
1 185 0.000
2 185 0.000
3 185 0.000
4 185 0.000
5 185 0.000
6 185 0.000
7 185 0.000
8 185 0.000
9 185 0.000
10 185 0.000
11 185 0.000
12 185 0.000
13 185 0.000
14 185 0.000
15 185 0.000
16 185 0.000
17 185 0.000
18 185 0.000
19 185 0.000
20 185 0.000
21 185 0.000
22 185 0.000
23 185 0.000
24 185 0.000
25 185 0.000
26 185 0.000
27 185 0.000
28 185 0.000
29 185 0.000
30 185 0.000
31 185 0.000
32 185 0.000
33 185 0.000
34 185 0.000
35 185 0.000
36 185 0.000
37 185 0.000
38 185 0.000
39 185 0.000
40 185 0.000
41 185 0.000
42 185 0.000
43 185 0.000
44 185 0.000
45 185 0.000
46 185 0.000
47 185 0.000
48 185 0.000
49 185 0.000
50 185 0.000
51 185 0.000
52 185 0.000
53 185 0.000
54 185 0.000
55 185 0.000
56 185 0.000
57 185 0.000
58 185 0.000
59 185 0.000
60 185 0.000
61 185 0.000
62 185 0.000
63 185 0.000
64 185 0.000
65 185 0.000
66 185 0.000
67 185 0.000
68 185 0.000
69 185 0.000
70 185 0.000
71 185 0.000
72 185 0.000
73 185 0.000
74 185 0.000
75 185 0.000
76 185 0.000
77 185 0.000
78 185 0.000
79 185 0.000
80 185 0.000
81 185 0.000
82 185 0.000
83 185 0.000
84 185 0.000
85 185 0.000
86 185 0.000
87 185 0.000
88 185 0.000
89 185 0.000
90 185 0.000
91 185 0.000
92 185 0.000
93 185 0.000
94 185 0.000
95 185 0.000
96 185 0.000
97 185 0.000
98 185 0.000
99 185 0.000
100 185 0.000
101 185 0.000
102 185 0.000
103 185 0.000
104 185 0.000
105 185 0.000
106 185 0.000
107 185 0.000
108 185 0.000
109 185 0.000
110 185 0.000
111 185 0.000
112 185 0.000
113 185 0.000
114 185 0.000
115 185 0.000
116 185 0.000
117 185 0.000
118 185 0.000
119 185 0.000
120 185 0.000
121 185 0.000
122 185 0.000
123 185 0.000
124 185 0.000
125 185 0.000
126 185 0.000
127 185 0.000
128 185 0.000
129 185 0.000
130 185 0.000
131 185 0.000
132 185 0.000
133 185 0.000
134 185 0.000
135 185 0.000
136 185 0.000
137 185 0.000
138 185 0.000
139 185 0.000
140 185 0.000
141 185 0.000
142 185 0.000
143 185 0.000
144 185 0.000
145 185 0.000
146 185 0.000
147 185 0.000
148 185 0.000
149 185 0.000
0 186 0.000
1 186 0.000
2 186 0.000
3 186 0.000
4 186 0.000
5 186 0.000
6 186 0.000
7 186 0.000
8 186 0.000
9 186 0.000
10 186 0.000
11 186 0.000
12 186 0.000
13 186 0.000
14 186 0.000
15 186 0.000
16 186 0.000
17 186 0.000
18 186 0.000
19 186 0.000
20 186 0.000
21 186 0.000
22 186 0.000
23 186 0.000
24 186 0.000
25 186 0.000
26 186 0.000
27 186 0.000
28 186 0.000
29 186 0.000
30 186 0.000
31 186 0.000
32 186 0.000
33 186 0.000
34 186 0.000
35 186 0.000
36 186 0.000
37 186 0.000
38 186 0.000
39 186 0.000
40 186 0.000
41 186 0.000
42 186 0.000
43 186 0.000
44 186 0.000
45 186 0.000
46 186 0.000
47 186 0.000
48 186 0.000
49 186 0.000
50 186 0.000
51 186 0.000
52 186 0.000
53 186 0.000
54 186 0.000
55 186 0.000
56 186 0.000
57 186 0.000
58 186 0.000
59 186 0.000
60 186 0.000
61 186 0.000
62 186 0.000
63 186 0.000
64 186 0.000
65 186 0.000
66 186 0.000
67 186 0.000
68 186 0.000
69 186 0.000
70 186 0.000
71 186 0.000
72 186 0.000
73 186 0.000
74 186 0.000
75 186 0.000
76 186 0.000
77 186 0.000
78 186 0.000
79 186 0.000
80 186 0.000
81 186 0.000
82 186 0.000
83 186 0.000
84 186 0.000
85 186 0.000
86 186 0.000
87 186 0.000
88 186 0.000
89 186 0.000
90 186 0.000
91 186 0.000
92 186 0.000
93 186 0.000
94 186 0.000
95 186 0.000
96 186 0.000
97 186 0.000
98 186 0.000
99 186 0.000
100 186 0.000
101 186 0.000
102 186 0.000
103 186 0.000
104 186 0.000
105 186 0.000
106 186 0.000
107 186 0.000
108 186 0.000
109 186 0.000
110 186 0.000
111 186 0.000
112 186 0.000
113 186 0.000
114 186 0.000
115 186 0.000
116 186 0.000
117 186 0.000
118 186 0.000
119 186 0.000
120 186 0.000
121 186 0.000
122 186 0.000
123 186 0.000
124 186 0.000
125 186 0.000
126 186 0.000
127 186 0.000
128 186 0.000
129 186 0.000
130 186 0.000
131 186 0.000
132 186 0.000
133 186 0.000
134 186 0.000
135 186 0.000
136 186 0.000
137 186 0.000
138 186 0.000
139 186 0.000
140 186 0.000
141 186 0.000
142 186 0.000
143 186 0.000
144 186 0.000
145 186 0.000
146 186 0.000
147 186 0.000
148 186 0.000
149 186 0.000
0 187 0.000
1 187 0.000
2 187 0.000
3 187 0.000
4 187 0.000
5 187 0.000
6 187 0.000
7 187 0.000
8 187 0.000
9 187 0.000
10 187 0.000
11 187 0.000
12 187 0.000
13 187 0.000
14 187 0.000
15 187 0.000
16 187 0.000
17 187 0.000
18 187 0.000
19 187 0.000
20 187 0.000
21 187 0.000
22 187 0.000
23 187 0.000
24 187 0.000
25 187 0.000
26 187 0.000
27 187 0.000
28 187 0.000
29 187 0.000
30 187 0.000
31 187 0.000
32 187 0.000
33 187 0.000
34 187 0.000
35 187 0.000
36 187 0.000
37 187 0.000
38 187 0.000
39 187 0.000
40 187 0.000
41 187 0.000
42 187 0.000
43 187 0.000
44 187 0.000
45 187 0.000
46 187 0.000
47 187 0.000
48 187 0.000
49 187 0.000
50 187 0.000
51 187 0.000
52 187 0.000
53 187 0.000
54 187 0.000
55 187 0.000
56 187 0.000
57 187 0.000
58 187 0.000
59 187 0.000
60 187 0.000
61 187 0.000
62 187 0.000
63 187 0.000
64 187 0.000
65 187 0.000
66 187 0.000
67 187 0.000
68 187 0.000
69 187 0.000
70 187 0.000
71 187 0.000
72 187 0.000
73 187 0.000
74 187 0.000
75 187 0.000
76 187 0.000
77 187 0.000
78 187 0.000
79 187 0.000
80 187 0.000
81 187 0.000
82 187 0.000
83 187 0.000
84 187 0.000
85 187 0.000
86 187 0.000
87 187 0.000
88 187 0.000
89 187 0.000
90 187 0.000
91 187 0.000
92 187 0.000
93 187 0.000
94 187 0.000
95 187 0.000
96 187 0.000
97 187 0.000
98 187 0.000
99 187 0.000
100 187 0.000
101 187 0.000
102 187 0.000
103 187 0.000
104 187 0.000
105 187 0.000
106 187 0.000
107 187 0.000
108 187 0.000
109 187 0.000
110 187 0.000
111 187 0.000
112 187 0.000
113 187 0.000
114 187 0.000
115 187 0.000
116 187 0.000
117 187 0.000
118 187 0.000
119 187 0.000
120 187 0.000
121 187 0.000
122 187 0.000
123 187 0.000
124 187 0.000
125 187 0.000
126 187 0.000
127 187 0.000
128 187 0.000
129 187 0.000
130 187 0.000
131 187 0.000
132 187 0.000
133 187 0.000
134 187 0.000
135 187 0.000
136 187 0.000
137 187 0.000
138 187 0.000
139 187 0.000
140 187 0.000
141 187 0.000
142 187 0.000
143 187 0.000
144 187 0.000
145 187 0.000
146 187 0.000
147 187 0.000
148 187 0.000
149 187 0.000
0 188 0.000
1 188 0.000
2 188 0.000
3 188 0.000
4 188 0.000
5 188 0.000
6 188 0.000
7 188 0.000
8 188 0.000
9 188 0.000
10 188 0.000
11 188 0.000
12 188 0.000
13 188 0.000
14 188 0.000
15 188 0.000
16 188 0.000
17 188 0.000
18 188 0.000
19 188 0.000
20 188 0.000
21 188 0.000
22 188 0.000
23 188 0.000
24 188 0.000
25 188 0.000
26 188 0.000
27 188 0.000
28 188 0.000
29 188 0.000
30 188 0.000
31 188 0.000
32 188 0.000
33 188 0.000
34 188 0.000
35 188 0.000
36 188 0.000
37 188 0.000
38 188 0.000
39 188 0.000
40 188 0.000
41 188 0.000
42 188 0.000
43 188 0.000
44 188 0.000
45 188 0.000
46 188 0.000
47 188 0.000
48 188 0.000
49 188 0.000
50 188 0.000
51 188 0.000
52 188 0.000
53 188 0.000
54 188 0.000
55 188 0.000
56 188 0.000
57 188 0.000
58 188 0.000
59 188 0.000
60 188 0.000
61 188 0.000
62 188 0.000
63 188 0.000
64 188 0.000
65 188 0.000
66 188 0.000
67 188 0.000
68 188 0.000
69 188 0.000
70 188 0.000
71 188 0.000
72 188 0.000
73 188 0.000
74 188 0.000
75 188 0.000
76 188 0.000
77 188 0.000
78 188 0.000
79 188 0.000
80 188 0.000
81 188 0.000
82 188 0.000
83 188 0.000
84 188 0.000
85 188 0.000
86 188 0.000
87 188 0.000
88 188 0.000
89 188 0.000
90 188 0.000
91 188 0.000
92 188 0.000
93 188 0.000
94 188 0.000
95 188 0.000
96 188 0.000
97 188 0.000
98 188 0.000
99 188 0.000
100 188 0.000
101 188 0.000
102 188 0.000
103 188 0.000
104 188 0.000
105 188 0.000
106 188 0.000
107 188 0.000
108 188 0.000
109 188 0.000
110 188 0.000
111 188 0.000
112 188 0.000
113 188 0.000
114 188 0.000
115 188 0.000
116 188 0.000
117 188 0.000
118 188 0.000
119 188 0.000
120 188 0.000
121 188 0.000
122 188 0.000
123 188 0.000
124 188 0.000
125 188 0.000
126 188 0.000
127 188 0.000
128 188 0.000
129 188 0.000
130 188 0.000
131 188 0.000
132 188 0.000
133 188 0.000
134 188 0.000
135 188 0.000
136 188 0.000
137 188 0.000
138 188 0.000
139 188 0.000
140 188 0.000
141 188 0.000
142 188 0.000
143 188 0.000
144 188 0.000
145 188 0.000
146 188 0.000
147 188 0.000
148 188 0.000
149 188 0.000
0 189 0.000
1 189 0.000
2 189 0.000
3 189 0.000
4 189 0.000
5 189 0.000
6 189 0.000
7 189 0.000
8 189 0.000
9 189 0.000
10 189 0.000
11 189 0.000
12 189 0.000
13 189 0.000
14 189 0.000
15 189 0.000
16 189 0.000
17 189 0.000
18 189 0.000
19 189 0.000
20 189 0.000
21 189 0.000
22 189 0.000
23 189 0.000
24 189 0.000
25 189 0.000
26 189 0.000
27 189 0.000
28 189 0.000
29 189 0.000
30 189 0.000
31 189 0.000
32 189 0.000
33 189 0.000
34 189 0.000
35 189 0.000
36 189 0.000
37 189 0.000
38 189 0.000
39 189 0.000
40 189 0.000
41 189 0.000
42 189 0.000
43 189 0.000
44 189 0.000
45 189 0.000
46 189 0.000
47 189 0.000
48 189 0.000
49 189 0.000
50 189 0.000
51 189 0.000
52 189 0.000
53 189 0.000
54 189 0.000
55 189 0.000
56 189 0.000
57 189 0.000
58 189 0.000
59 189 0.000
60 189 0.000
61 189 0.000
62 189 0.000
63 189 0.000
64 189 0.000
65 189 0.000
66 189 0.000
67 189 0.000
68 189 0.000
69 189 0.000
70 189 0.000
71 189 0.000
72 189 0.000
73 189 0.000
74 189 0.000
75 189 0.000
76 189 0.000
77 189 0.000
78 189 0.000
79 189 0.000
80 189 0.000
81 189 0.000
82 189 0.000
83 189 0.000
84 189 0.000
85 189 0.000
86 189 0.000
87 189 0.000
88 189 0.000
89 189 0.000
90 189 0.000
91 189 0.000
92 189 0.000
93 189 0.000
94 189 0.000
95 189 0.000
96 189 0.000
97 189 0.000
98 189 0.000
99 189 0.000
100 189 0.000
101 189 0.000
102 189 0.000
103 189 0.000
104 189 0.000
105 189 0.000
106 189 0.000
107 189 0.000
108 189 0.000
109 189 0.000
110 189 0.000
111 189 0.000
112 189 0.000
113 189 0.000
114 189 0.000
115 189 0.000
116 189 0.000
117 189 0.000
118 189 0.000
119 189 0.000
120 189 0.000
121 189 0.000
122 189 0.000
123 189 0.000
124 189 0.000
125 189 0.000
126 189 0.000
127 189 0.000
128 189 0.000
129 189 0.000
130 189 0.000
131 189 0.000
132 189 0.000
133 189 0.000
134 189 0.000
135 189 0.000
136 189 0.000
137 189 0.000
138 189 0.000
139 189 0.000
140 189 0.000
141 189 0.000
142 189 0.000
143 189 0.000
144 189 0.000
145 189 0.000
146 189 0.000
147 189 0.000
148 189 0.000
149 189 0.000
0 190 0.000
1 190 0.000
2 190 0.000
3 190 0.000
4 190 0.000
5 190 0.000
6 190 0.000
7 190 0.000
8 190 0.000
9 190 0.000
10 190 0.000
11 190 0.000
12 190 0.000
13 190 0.000
14 190 0.000
15 190 0.000
16 190 0.000
17 190 0.000
18 190 0.000
19 190 0.000
20 190 0.000
21 190 0.000
22 190 0.000
23 190 0.000
24 190 0.000
25 190 0.000
26 190 0.000
27 190 0.000
28 190 0.000
29 190 0.000
30 190 0.000
31 190 0.000
32 190 0.000
33 190 0.000
34 190 0.000
35 190 0.000
36 190 0.000
37 190 0.000
38 190 0.000
39 190 0.000
40 190 0.000
41 190 0.000
42 190 0.000
43 190 0.000
44 190 0.000
45 190 0.000
46 190 0.000
47 190 0.000
48 190 0.000
49 190 0.000
50 190 0.000
51 190 0.000
52 190 0.000
53 190 0.000
54 190 0.000
55 190 0.000
56 190 0.000
57 190 0.000
58 190 0.000
59 190 0.000
60 190 0.000
61 190 0.000
62 190 0.000
63 190 0.000
64 190 0.000
65 190 0.000
66 190 0.000
67 190 0.000
68 190 0.000
69 190 0.000
70 190 0.000
71 190 0.000
72 190 0.000
73 190 0.000
74 190 0.000
75 190 0.000
76 190 0.000
77 190 0.000
78 190 0.000
79 190 0.000
80 190 0.000
81 190 0.000
82 190 0.000
83 190 0.000
84 190 0.000
85 190 0.000
86 190 0.000
87 190 0.000
88 190 0.000
89 190 0.000
90 190 0.000
91 190 0.000
92 190 0.000
93 190 0.000
94 190 0.000
95 190 0.000
96 190 0.000
97 190 0.000
98 190 0.000
99 190 0.000
100 190 0.000
101 190 0.000
102 190 0.000
103 190 0.000
104 190 0.000
105 190 0.000
106 190 0.000
107 190 0.000
108 190 0.000
109 190 0.000
110 190 0.000
111 190 0.000
112 190 0.000
113 190 0.000
114 190 0.000
115 190 0.000
116 190 0.000
117 190 0.000
118 190 0.000
119 190 0.000
120 190 0.000
121 190 0.000
122 190 0.000
123 190 0.000
124 190 0.000
125 190 0.000
126 190 0.000
127 190 0.000
128 190 0.000
129 190 0.000
130 190 0.000
131 190 0.000
132 190 0.000
133 190 0.000
134 190 0.000
135 190 0.000
136 190 0.000
137 190 0.000
138 190 0.000
139 190 0.000
140 190 0.000
141 190 0.000
142 190 0.000
143 190 0.000
144 190 0.000
145 190 0.000
146 190 0.000
147 190 0.000
148 190 0.000
149 190 0.000
0 191 0.000
1 191 0.000
2 191 0.000
3 191 0.000
4 191 0.000
5 191 0.000
6 191 0.000
7 191 0.000
8 191 0.000
9 191 0.000
10 191 0.000
11 191 0.000
12 191 0.000
13 191 0.000
14 191 0.000
15 191 0.000
16 191 0.000
17 191 0.000
18 191 0.000
19 191 0.000
20 191 0.000
21 191 0.000
22 191 0.000
23 191 0.000
24 191 0.000
25 191 0.000
26 191 0.000
27 191 0.000
28 191 0.000
29 191 0.000
30 191 0.000
31 191 0.000
32 191 0.000
33 191 0.000
34 191 0.000
35 191 0.000
36 191 0.000
37 191 0.000
38 191 0.000
39 191 0.000
40 191 0.000
41 191 0.000
42 191 0.000
43 191 0.000
44 191 0.000
45 191 0.000
46 191 0.000
47 191 0.000
48 191 0.000
49 191 0.000
50 191 0.000
51 191 0.000
52 191 0.000
53 191 0.000
54 191 0.000
55 191 0.000
56 191 0.000
57 191 0.000
58 191 0.000
59 191 0.000
60 191 0.000
61 191 0.000
62 191 0.000
63 191 0.000
64 191 0.000
65 191 0.000
66 191 0.000
67 191 0.000
68 191 0.000
69 191 0.000
70 191 0.000
71 191 0.000
72 191 0.000
73 191 0.000
74 191 0.000
75 191 0.000
76 191 0.000
77 191 0.000
78 191 0.000
79 191 0.000
80 191 0.000
81 191 0.000
82 191 0.000
83 191 0.000
84 191 0.000
85 191 0.000
86 191 0.000
87 191 0.000
88 191 0.000
89 191 0.000
90 191 0.000
91 191 0.000
92 191 0.000
93 191 0.000
94 191 0.000
95 191 0.000
96 191 0.000
97 191 0.000
98 191 0.000
99 191 0.000
100 191 0.000
101 191 0.000
102 191 0.000
103 191 0.000
104 191 0.000
105 191 0.000
106 191 0.000
107 191 0.000
108 191 0.000
109 191 0.000
110 191 0.000
111 191 0.000
112 191 0.000
113 191 0.000
114 191 0.000
115 191 0.000
116 191 0.000
117 191 0.000
118 191 0.000
119 191 0.000
120 191 0.000
121 191 0.000
122 191 0.000
123 191 0.000
124 191 0.000
125 191 0.000
126 191 0.000
127 191 0.000
128 191 0.000
129 191 0.000
130 191 0.000
131 191 0.000
132 191 0.000
133 191 0.000
134 191 0.000
135 191 0.000
136 191 0.000
137 191 0.000
138 191 0.000
139 191 0.000
140 191 0.000
141 191 0.000
142 191 0.000
143 191 0.000
144 191 0.000
145 191 0.000
146 191 0.000
147 191 0.000
148 191 0.000
149 191 0.000
0 192 0.000
1 192 0.000
2 192 0.000
3 192 0.000
4 192 0.000
5 192 0.000
6 192 0.000
7 192 0.000
8 192 0.000
9 192 0.000
10 192 0.000
11 192 0.000
12 192 0.000
13 192 0.000
14 192 0.000
15 192 0.000
16 192 0.000
17 192 0.000
18 192 0.000
19 192 0.000
20 192 0.000
21 192 0.000
22 192 0.000
23 192 0.000
24 192 0.000
25 192 0.000
26 192 0.000
27 192 0.000
28 192 0.000
29 192 0.000
30 192 0.000
31 192 0.000
32 192 0.000
33 192 0.000
34 192 0.000
35 192 0.000
36 192 0.000
37 192 0.000
38 192 0.000
39 192 0.000
40 192 0.000
41 192 0.000
42 192 0.000
43 192 0.000
44 192 0.000
45 192 0.000
46 192 0.000
47 192 0.000
48 192 0.000
49 192 0.000
50 192 0.000
51 192 0.000
52 192 0.000
53 192 0.000
54 192 0.000
55 192 0.000
56 192 0.000
57 192 0.000
58 192 0.000
59 192 0.000
60 192 0.000
61 192 0.000
62 192 0.000
63 192 0.000
64 192 0.000
65 192 0.000
66 192 0.000
67 192 0.000
68 192 0.000
69 192 0.000
70 192 0.000
71 192 0.000
72 192 0.000
73 192 0.000
74 192 0.000
75 192 0.000
76 192 0.000
77 192 0.000
78 192 0.000
79 192 0.000
80 192 0.000
81 192 0.000
82 192 0.000
83 192 0.000
84 192 0.000
85 192 0.000
86 192 0.000
87 192 0.000
88 192 0.000
89 192 0.000
90 192 0.000
91 192 0.000
92 192 0.000
93 192 0.000
94 192 0.000
95 192 0.000
96 192 0.000
97 192 0.000
98 192 0.000
99 192 0.000
100 192 0.000
101 192 0.000
102 192 0.000
103 192 0.000
104 192 0.000
105 192 0.000
106 192 0.000
107 192 0.000
108 192 0.000
109 192 0.000
110 192 0.000
111 192 0.000
112 192 0.000
113 192 0.000
114 192 0.000
115 192 0.000
116 192 0.000
117 192 0.000
118 192 0.000
119 192 0.000
120 192 0.000
121 192 0.000
122 192 0.000
123 192 0.000
124 192 0.000
125 192 0.000
126 192 0.000
127 192 0.000
128 192 0.000
129 192 0.000
130 192 0.000
131 192 0.000
132 192 0.000
133 192 0.000
134 192 0.000
135 192 0.000
136 192 0.000
137 192 0.000
138 192 0.000
139 192 0.000
140 192 0.000
141 192 0.000
142 192 0.000
143 192 0.000
144 192 0.000
145 192 0.000
146 192 0.000
147 192 0.000
148 192 0.000
149 192 0.000
0 193 0.000
1 193 0.000
2 193 0.000
3 193 0.000
4 193 0.000
5 193 0.000
6 193 0.000
7 193 0.000
8 193 0.000
9 193 0.000
10 193 0.000
11 193 0.000
12 193 0.000
13 193 0.000
14 193 0.000
15 193 0.000
16 193 0.000
17 193 0.000
18 193 0.000
19 193 0.000
20 193 0.000
21 193 0.000
22 193 0.000
23 193 0.000
24 193 0.000
25 193 0.000
26 193 0.000
27 193 0.000
28 193 0.000
29 193 0.000
30 193 0.000
31 193 0.000
32 193 0.000
33 193 0.000
34 193 0.000
35 193 0.000
36 193 0.000
37 193 0.000
38 193 0.000
39 193 0.000
40 193 0.000
41 193 0.000
42 193 0.000
43 193 0.000
44 193 0.000
45 193 0.000
46 193 0.000
47 193 0.000
48 193 0.000
49 193 0.000
50 193 0.000
51 193 0.000
52 193 0.000
53 193 0.000
54 193 0.000
55 193 0.000
56 193 0.000
57 193 0.000
58 193 0.000
59 193 0.000
60 193 0.000
61 193 0.000
62 193 0.000
63 193 0.000
64 193 0.000
65 193 0.000
66 193 0.000
67 193 0.000
68 193 0.000
69 193 0.000
70 193 0.000
71 193 0.000
72 193 0.000
73 193 0.000
74 193 0.000
75 193 0.000
76 193 0.000
77 193 0.000
78 193 0.000
79 193 0.000
80 193 0.000
81 193 0.000
82 193 0.000
83 193 0.000
84 193 0.000
85 193 0.000
86 193 0.000
87 193 0.000
88 193 0.000
89 193 0.000
90 193 0.000
91 193 0.000
92 193 0.000
93 193 0.000
94 193 0.000
95 193 0.000
96 193 0.000
97 193 0.000
98 193 0.000
99 193 0.000
100 193 0.000
101 193 0.000
102 193 0.000
103 193 0.000
104 193 0.000
105 193 0.000
106 193 0.000
107 193 0.000
108 193 0.000
109 193 0.000
110 193 0.000
111 193 0.000
112 193 0.000
113 193 0.000
114 193 0.000
115 193 0.000
116 193 0.000
117 193 0.000
118 193 0.000
119 193 0.000
120 193 0.000
121 193 0.000
122 193 0.000
123 193 0.000
124 193 0.000
125 193 0.000
126 193 0.000
127 193 0.000
128 193 0.000
129 193 0.000
130 193 0.000
131 193 0.000
132 193 0.000
133 193 0.000
134 193 0.000
135 193 0.000
136 193 0.000
137 193 0.000
138 193 0.000
139 193 0.000
140 193 0.000
141 193 0.000
142 193 0.000
143 193 0.000
144 193 0.000
145 193 0.000
146 193 0.000
147 193 0.000
148 193 0.000
149 193 0.000
0 194 0.000
1 194 0.000
2 194 0.000
3 194 0.000
4 194 0.000
5 194 0.000
6 194 0.000
7 194 0.000
8 194 0.000
9 194 0.000
10 194 0.000
11 194 0.000
12 194 0.000
13 194 0.000
14 194 0.000
15 194 0.000
16 194 0.000
17 194 0.000
18 194 0.000
19 194 0.000
20 194 0.000
21 194 0.000
22 194 0.000
23 194 0.000
24 194 0.000
25 194 0.000
26 194 0.000
27 194 0.000
28 194 0.000
29 194 0.000
30 194 0.000
31 194 0.000
32 194 0.000
33 194 0.000
34 194 0.000
35 194 0.000
36 194 0.000
37 194 0.000
38 194 0.000
39 194 0.000
40 194 0.000
41 194 0.000
42 194 0.000
43 194 0.000
44 194 0.000
45 194 0.000
46 194 0.000
47 194 0.000
48 194 0.000
49 194 0.000
50 194 0.000
51 194 0.000
52 194 0.000
53 194 0.000
54 194 0.000
55 194 0.000
56 194 0.000
57 194 0.000
58 194 0.000
59 194 0.000
60 194 0.000
61 194 0.000
62 194 0.000
63 194 0.000
64 194 0.000
65 194 0.000
66 194 0.000
67 194 0.000
68 194 0.000
69 194 0.000
70 194 0.000
71 194 0.000
72 194 0.000
73 194 0.000
74 194 0.000
75 194 0.000
76 194 0.000
77 194 0.000
78 194 0.000
79 194 0.000
80 194 0.000
81 194 0.000
82 194 0.000
83 194 0.000
84 194 0.000
85 194 0.000
86 194 0.000
87 194 0.000
88 194 0.000
89 194 0.000
90 194 0.000
91 194 0.000
92 194 0.000
93 194 0.000
94 194 0.000
95 194 0.000
96 194 0.000
97 194 0.000
98 194 0.000
99 194 0.000
100 194 0.000
101 194 0.000
102 194 0.000
103 194 0.000
104 194 0.000
105 194 0.000
106 194 0.000
107 194 0.000
108 194 0.000
109 194 0.000
110 194 0.000
111 194 0.000
112 194 0.000
113 194 0.000
114 194 0.000
115 194 0.000
116 194 0.000
117 194 0.000
118 194 0.000
119 194 0.000
120 194 0.000
121 194 0.000
122 194 0.000
123 194 0.000
124 194 0.000
125 194 0.000
126 194 0.000
127 194 0.000
128 194 0.000
129 194 0.000
130 194 0.000
131 194 0.000
132 194 0.000
133 194 0.000
134 194 0.000
135 194 0.000
136 194 0.000
137 194 0.000
138 194 0.000
139 194 0.000
140 194 0.000
141 194 0.000
142 194 0.000
143 194 0.000
144 194 0.000
145 194 0.000
146 194 0.000
147 194 0.000
148 194 0.000
149 194 0.000
0 195 0.000
1 195 0.000
2 195 0.000
3 195 0.000
4 195 0.000
5 195 0.000
6 195 0.000
7 195 0.000
8 195 0.000
9 195 0.000
10 195 0.000
11 195 0.000
12 195 0.000
13 195 0.000
14 195 0.000
15 195 0.000
16 195 0.000
17 195 0.000
18 195 0.000
19 195 0.000
20 195 0.000
21 195 0.000
22 195 0.000
23 195 0.000
24 195 0.000
25 195 0.000
26 195 0.000
27 195 0.000
28 195 0.000
29 195 0.000
30 195 0.000
31 195 0.000
32 195 0.000
33 195 0.000
34 195 0.000
35 195 0.000
36 195 0.000
37 195 0.000
38 195 0.000
39 195 0.000
40 195 0.000
41 195 0.000
42 195 0.000
43 195 0.000
44 195 0.000
45 195 0.000
46 195 0.000
47 195 0.000
48 195 0.000
49 195 0.000
50 195 0.000
51 195 0.000
52 195 0.000
53 195 0.000
54 195 0.000
55 195 0.000
56 195 0.000
57 195 0.000
58 195 0.000
59 195 0.000
60 195 0.000
61 195 0.000
62 195 0.000
63 195 0.000
64 195 0.000
65 195 0.000
66 195 0.000
67 195 0.000
68 195 0.000
69 195 0.000
70 195 0.000
71 195 0.000
72 195 0.000
73 195 0.000
74 195 0.000
75 195 0.000
76 195 0.000
77 195 0.000
78 195 0.000
79 195 0.000
80 195 0.000
81 195 0.000
82 195 0.000
83 195 0.000
84 195 0.000
85 195 0.000
86 195 0.000
87 195 0.000
88 195 0.000
89 195 0.000
90 195 0.000
91 195 0.000
92 195 0.000
93 195 0.000
94 195 0.000
95 195 0.000
96 195 0.000
97 195 0.000
98 195 0.000
99 195 0.000
100 195 0.000
101 195 0.000
102 195 0.000
103 195 0.000
104 195 0.000
105 195 0.000
106 195 0.000
107 195 0.000
108 195 0.000
109 195 0.000
110 195 0.000
111 195 0.000
112 195 0.000
113 195 0.000
114 195 0.000
115 195 0.000
116 195 0.000
117 195 0.000
118 195 0.000
119 195 0.000
120 195 0.000
121 195 0.000
122 195 0.000
123 195 0.000
124 195 0.000
125 195 0.000
126 195 0.000
127 195 0.000
128 195 0.000
129 195 0.000
130 195 0.000
131 195 0.000
132 195 0.000
133 195 0.000
134 195 0.000
135 195 0.000
136 195 0.000
137 195 0.000
138 195 0.000
139 195 0.000
140 195 0.000
141 195 0.000
142 195 0.000
143 195 0.000
144 195 0.000
145 195 0.000
146 195 0.000
147 195 0.000
148 195 0.000
149 195 0.000
0 196 0.000
1 196 0.000
2 196 0.000
3 196 0.000
4 196 0.000
5 196 0.000
6 196 0.000
7 196 0.000
8 196 0.000
9 196 0.000
10 196 0.000
11 196 0.000
12 196 0.000
13 196 0.000
14 196 0.000
15 196 0.000
16 196 0.000
17 196 0.000
18 196 0.000
19 196 0.000
20 196 0.000
21 196 0.000
22 196 0.000
23 196 0.000
24 196 0.000
25 196 0.000
26 196 0.000
27 196 0.000
28 196 0.000
29 196 0.000
30 196 0.000
31 196 0.000
32 196 0.000
33 196 0.000
34 196 0.000
35 196 0.000
36 196 0.000
37 196 0.000
38 196 0.000
39 196 0.000
40 196 0.000
41 196 0.000
42 196 0.000
43 196 0.000
44 196 0.000
45 196 0.000
46 196 0.000
47 196 0.000
48 196 0.000
49 196 0.000
50 196 0.000
51 196 0.000
52 196 0.000
53 196 0.000
54 196 0.000
55 196 0.000
56 196 0.000
57 196 0.000
58 196 0.000
59 196 0.000
60 196 0.000
61 196 0.000
62 196 0.000
63 196 0.000
64 196 0.000
65 196 0.000
66 196 0.000
67 196 0.000
68 196 0.000
69 196 0.000
70 196 0.000
71 196 0.000
72 196 0.000
73 196 0.000
74 196 0.000
75 196 0.000
76 196 0.000
77 196 0.000
78 196 0.000
79 196 0.000
80 196 0.000
81 196 0.000
82 196 0.000
83 196 0.000
84 196 0.000
85 196 0.000
86 196 0.000
87 196 0.000
88 196 0.000
89 196 0.000
90 196 0.000
91 196 0.000
92 196 0.000
93 196 0.000
94 196 0.000
95 196 0.000
96 196 0.000
97 196 0.000
98 196 0.000
99 196 0.000
100 196 0.000
101 196 0.000
102 196 0.000
103 196 0.000
104 196 0.000
105 196 0.000
106 196 0.000
107 196 0.000
108 196 0.000
109 196 0.000
110 196 0.000
111 196 0.000
112 196 0.000
113 196 0.000
114 196 0.000
115 196 0.000
116 196 0.000
117 196 0.000
118 196 0.000
119 196 0.000
120 196 0.000
121 196 0.000
122 196 0.000
123 196 0.000
124 196 0.000
125 196 0.000
126 196 0.000
127 196 0.000
128 196 0.000
129 196 0.000
130 196 0.000
131 196 0.000
132 196 0.000
133 196 0.000
134 196 0.000
135 196 0.000
136 196 0.000
137 196 0.000
138 196 0.000
139 196 0.000
140 196 0.000
141 196 0.000
142 196 0.000
143 196 0.000
144 196 0.000
145 196 0.000
146 196 0.000
147 196 0.000
148 196 0.000
149 196 0.000
0 197 0.000
1 197 0.000
2 197 0.000
3 197 0.000
4 197 0.000
5 197 0.000
6 197 0.000
7 197 0.000
8 197 0.000
9 197 0.000
10 197 0.000
11 197 0.000
12 197 0.000
13 197 0.000
14 197 0.000
15 197 0.000
16 197 0.000
17 197 0.000
18 197 0.000
19 197 0.000
20 197 0.000
21 197 0.000
22 197 0.000
23 197 0.000
24 197 0.000
25 197 0.000
26 197 0.000
27 197 0.000
28 197 0.000
29 197 0.000
30 197 0.000
31 197 0.000
32 197 0.000
33 197 0.000
34 197 0.000
35 197 0.000
36 197 0.000
37 197 0.000
38 197 0.000
39 197 0.000
40 197 0.000
41 197 0.000
42 197 0.000
43 197 0.000
44 197 0.000
45 197 0.000
46 197 0.000
47 197 0.000
48 197 0.000
49 197 0.000
50 197 0.000
51 197 0.000
52 197 0.000
53 197 0.000
54 197 0.000
55 197 0.000
56 197 0.000
57 197 0.000
58 197 0.000
59 197 0.000
60 197 0.000
61 197 0.000
62 197 0.000
63 197 0.000
64 197 0.000
65 197 0.000
66 197 0.000
67 197 0.000
68 197 0.000
69 197 0.000
70 197 0.000
71 197 0.000
72 197 0.000
73 197 0.000
74 197 0.000
75 197 0.000
76 197 0.000
77 197 0.000
78 197 0.000
79 197 0.000
80 197 0.000
81 197 0.000
82 197 0.000
83 197 0.000
84 197 0.000
85 197 0.000
86 197 0.000
87 197 0.000
88 197 0.000
89 197 0.000
90 197 0.000
91 197 0.000
92 197 0.000
93 197 0.000
94 197 0.000
95 197 0.000
96 197 0.000
97 197 0.000
98 197 0.000
99 197 0.000
100 197 0.000
101 197 0.000
102 197 0.000
103 197 0.000
104 197 0.000
105 197 0.000
106 197 0.000
107 197 0.000
108 197 0.000
109 197 0.000
110 197 0.000
111 197 0.000
112 197 0.000
113 197 0.000
114 197 0.000
115 197 0.000
116 197 0.000
117 197 0.000
118 197 0.000
119 197 0.000
120 197 0.000
121 197 0.000
122 197 0.000
123 197 0.000
124 197 0.000
125 197 0.000
126 197 0.000
127 197 0.000
128 197 0.000
129 197 0.000
130 197 0.000
131 197 0.000
132 197 0.000
133 197 0.000
134 197 0.000
135 197 0.000
136 197 0.000
137 197 0.000
138 197 0.000
139 197 0.000
140 197 0.000
141 197 0.000
142 197 0.000
143 197 0.000
144 197 0.000
145 197 0.000
146 197 0.000
147 197 0.000
148 197 0.000
149 197 0.000
0 198 0.000
1 198 0.000
2 198 0.000
3 198 0.000
4 198 0.000
5 198 0.000
6 198 0.000
7 198 0.000
8 198 0.000
9 198 0.000
10 198 0.000
11 198 0.000
12 198 0.000
13 198 0.000
14 198 0.000
15 198 0.000
16 198 0.000
17 198 0.000
18 198 0.000
19 198 0.000
20 198 0.000
21 198 0.000
22 198 0.000
23 198 0.000
24 198 0.000
25 198 0.000
26 198 0.000
27 198 0.000
28 198 0.000
29 198 0.000
30 198 0.000
31 198 0.000
32 198 0.000
33 198 0.000
34 198 0.000
35 198 0.000
36 198 0.000
37 198 0.000
38 198 0.000
39 198 0.000
40 198 0.000
41 198 0.000
42 198 0.000
43 198 0.000
44 198 0.000
45 198 0.000
46 198 0.000
47 198 0.000
48 198 0.000
49 198 0.000
50 198 0.000
51 198 0.000
52 198 0.000
53 198 0.000
54 198 0.000
55 198 0.000
56 198 0.000
57 198 0.000
58 198 0.000
59 198 0.000
60 198 0.000
61 198 0.000
62 198 0.000
63 198 0.000
64 198 0.000
65 198 0.000
66 198 0.000
67 198 0.000
68 198 0.000
69 198 0.000
70 198 0.000
71 198 0.000
72 198 0.000
73 198 0.000
74 198 0.000
75 198 0.000
76 198 0.000
77 198 0.000
78 198 0.000
79 198 0.000
80 198 0.000
81 198 0.000
82 198 0.000
83 198 0.000
84 198 0.000
85 198 0.000
86 198 0.000
87 198 0.000
88 198 0.000
89 198 0.000
90 198 0.000
91 198 0.000
92 198 0.000
93 198 0.000
94 198 0.000
95 198 0.000
96 198 0.000
97 198 0.000
98 198 0.000
99 198 0.000
100 198 0.000
101 198 0.000
102 198 0.000
103 198 0.000
104 198 0.000
105 198 0.000
106 198 0.000
107 198 0.000
108 198 0.000
109 198 0.000
110 198 0.000
111 198 0.000
112 198 0.000
113 198 0.000
114 198 0.000
115 198 0.000
116 198 0.000
117 198 0.000
118 198 0.000
119 198 0.000
120 198 0.000
121 198 0.000
122 198 0.000
123 198 0.000
124 198 0.000
125 198 0.000
126 198 0.000
127 198 0.000
128 198 0.000
129 198 0.000
130 198 0.000
131 198 0.000
132 198 0.000
133 198 0.000
134 198 0.000
135 198 0.000
136 198 0.000
137 198 0.000
138 198 0.000
139 198 0.000
140 198 0.000
141 198 0.000
142 198 0.000
143 198 0.000
144 198 0.000
145 198 0.000
146 198 0.000
147 198 0.000
148 198 0.000
149 198 0.000
0 199 0.000
1 199 0.000
2 199 0.000
3 199 0.000
4 199 0.000
5 199 0.000
6 199 0.000
7 199 0.000
8 199 0.000
9 199 0.000
10 199 0.000
11 199 0.000
12 199 0.000
13 199 0.000
14 199 0.000
15 199 0.000
16 199 0.000
17 199 0.000
18 199 0.000
19 199 0.000
20 199 0.000
21 199 0.000
22 199 0.000
23 199 0.000
24 199 0.000
25 199 0.000
26 199 0.000
27 199 0.000
28 199 0.000
29 199 0.000
30 199 0.000
31 199 0.000
32 199 0.000
33 199 0.000
34 199 0.000
35 199 0.000
36 199 0.000
37 199 0.000
38 199 0.000
39 199 0.000
40 199 0.000
41 199 0.000
42 199 0.000
43 199 0.000
44 199 0.000
45 199 0.000
46 199 0.000
47 199 0.000
48 199 0.000
49 199 0.000
50 199 0.000
51 199 0.000
52 199 0.000
53 199 0.000
54 199 0.000
55 199 0.000
56 199 0.000
57 199 0.000
58 199 0.000
59 199 0.000
60 199 0.000
61 199 0.000
62 199 0.000
63 199 0.000
64 199 0.000
65 199 0.000
66 199 0.000
67 199 0.000
68 199 0.000
69 199 0.000
70 199 0.000
71 199 0.000
72 199 0.000
73 199 0.000
74 199 0.000
75 199 0.000
76 199 0.000
77 199 0.000
78 199 0.000
79 199 0.000
80 199 0.000
81 199 0.000
82 199 0.000
83 199 0.000
84 199 0.000
85 199 0.000
86 199 0.000
87 199 0.000
88 199 0.000
89 199 0.000
90 199 0.000
91 199 0.000
92 199 0.000
93 199 0.000
94 199 0.000
95 199 0.000
96 199 0.000
97 199 0.000
98 199 0.000
99 199 0.000
100 199 0.000
101 199 0.000
102 199 0.000
103 199 0.000
104 199 0.000
105 199 0.000
106 199 0.000
107 199 0.000
108 199 0.000
109 199 0.000
110 199 0.000
111 199 0.000
112 199 0.000
113 199 0.000
114 199 0.000
115 199 0.000
116 199 0.000
117 199 0.000
118 199 0.000
119 199 0.000
120 199 0.000
121 199 0.000
122 199 0.000
123 199 0.000
124 199 0.000
125 199 0.000
126 199 0.000
127 199 0.000
128 199 0.000
129 199 0.000
130 199 0.000
131 199 0.000
132 199 0.000
133 199 0.000
134 199 0.000
135 199 0.000
136 199 0.000
137 199 0.000
138 199 0.000
139 199 0.000
140 199 0.000
141 199 0.000
142 199 0.000
143 199 0.000
144 199 0.000
145 199 0.000
146 199 0.000
147 199 0.000
148 199 0.000
149 199 0.000
0 200 0.000
1 200 0.000
2 200 0.000
3 200 0.000
4 200 0.000
5 200 0.000
6 200 0.000
7 200 0.000
8 200 0.000
9 200 0.000
10 200 0.000
11 200 0.000
12 200 0.000
13 200 0.000
14 200 0.000
15 200 0.000
16 200 0.000
17 200 0.000
18 200 0.000
19 200 0.000
20 200 0.000
21 200 0.000
22 200 0.000
23 200 0.000
24 200 0.000
25 200 0.000
26 200 0.000
27 200 0.000
28 200 0.000
29 200 0.000
30 200 0.000
31 200 0.000
32 200 0.000
33 200 0.000
34 200 0.000
35 200 0.000
36 200 0.000
37 200 0.000
38 200 0.000
39 200 0.000
40 200 0.000
41 200 0.000
42 200 0.000
43 200 0.000
44 200 0.000
45 200 0.000
46 200 0.000
47 200 0.000
48 200 0.000
49 200 0.000
50 200 0.000
51 200 0.000
52 200 0.000
53 200 0.000
54 200 0.000
55 200 0.000
56 200 0.000
57 200 0.000
58 200 0.000
59 200 0.000
60 200 0.000
61 200 0.000
62 200 0.000
63 200 0.000
64 200 0.000
65 200 0.000
66 200 0.000
67 200 0.000
68 200 0.000
69 200 0.000
70 200 0.000
71 200 0.000
72 200 0.000
73 200 0.000
74 200 0.000
75 200 0.000
76 200 0.000
77 200 0.000
78 200 0.000
79 200 0.000
80 200 0.000
81 200 0.000
82 200 0.000
83 200 0.000
84 200 0.000
85 200 0.000
86 200 0.000
87 200 0.000
88 200 0.000
89 200 0.000
90 200 0.000
91 200 0.000
92 200 0.000
93 200 0.000
94 200 0.000
95 200 0.000
96 200 0.000
97 200 0.000
98 200 0.000
99 200 0.000
100 200 0.000
101 200 0.000
102 200 0.000
103 200 0.000
104 200 0.000
105 200 0.000
106 200 0.000
107 200 0.000
108 200 0.000
109 200 0.000
110 200 0.000
111 200 0.000
112 200 0.000
113 200 0.000
114 200 0.000
115 200 0.000
116 200 0.000
117 200 0.000
118 200 0.000
119 200 0.000
120 200 0.000
121 200 0.000
122 200 0.000
123 200 0.000
124 200 0.000
125 200 0.000
126 200 0.000
127 200 0.000
128 200 0.000
129 200 0.000
130 200 0.000
131 200 0.000
132 200 0.000
133 200 0.000
134 200 0.000
135 200 0.000
136 200 0.000
137 200 0.000
138 200 0.000
139 200 0.000
140 200 0.000
141 200 0.000
142 200 0.000
143 200 0.000
144 200 0.000
145 200 0.000
146 200 0.000
147 200 0.000
148 200 0.000
149 200 0.000
0 201 0.000
1 201 0.000
2 201 0.000
3 201 0.000
4 201 0.000
5 201 0.000
6 201 0.000
7 201 0.000
8 201 0.000
9 201 0.000
10 201 0.000
11 201 0.000
12 201 0.000
13 201 0.000
14 201 0.000
15 201 0.000
16 201 0.000
17 201 0.000
18 201 0.000
19 201 0.000
20 201 0.000
21 201 0.000
22 201 0.000
23 201 0.000
24 201 0.000
25 201 0.000
26 201 0.000
27 201 0.000
28 201 0.000
29 201 0.000
30 201 0.000
31 201 0.000
32 201 0.000
33 201 0.000
34 201 0.000
35 201 0.000
36 201 0.000
37 201 0.000
38 201 0.000
39 201 0.000
40 201 0.000
41 201 0.000
42 201 0.000
43 201 0.000
44 201 0.000
45 201 0.000
46 201 0.000
47 201 0.000
48 201 0.000
49 201 0.000
50 201 0.000
51 201 0.000
52 201 0.000
53 201 0.000
54 201 0.000
55 201 0.000
56 201 0.000
57 201 0.000
58 201 0.000
59 201 0.000
60 201 0.000
61 201 0.000
62 201 0.000
63 201 0.000
64 201 0.000
65 201 0.000
66 201 0.000
67 201 0.000
68 201 0.000
69 201 0.000
70 201 0.000
71 201 0.000
72 201 0.000
73 201 0.000
74 201 0.000
75 201 0.000
76 201 0.000
77 201 0.000
78 201 0.000
79 201 0.000
80 201 0.000
81 201 0.000
82 201 0.000
83 201 0.000
84 201 0.000
85 201 0.000
86 201 0.000
87 201 0.000
88 201 0.000
89 201 0.000
90 201 0.000
91 201 0.000
92 201 0.000
93 201 0.000
94 201 0.000
95 201 0.000
96 201 0.000
97 201 0.000
98 201 0.000
99 201 0.000
100 201 0.000
101 201 0.000
102 201 0.000
103 201 0.000
104 201 0.000
105 201 0.000
106 201 0.000
107 201 0.000
108 201 0.000
109 201 0.000
110 201 0.000
111 201 0.000
112 201 0.000
113 201 0.000
114 201 0.000
115 201 0.000
116 201 0.000
117 201 0.000
118 201 0.000
119 201 0.000
120 201 0.000
121 201 0.000
122 201 0.000
123 201 0.000
124 201 0.000
125 201 0.000
126 201 0.000
127 201 0.000
128 201 0.000
129 201 0.000
130 201 0.000
131 201 0.000
132 201 0.000
133 201 0.000
134 201 0.000
135 201 0.000
136 201 0.000
137 201 0.000
138 201 0.000
139 201 0.000
140 201 0.000
141 201 0.000
142 201 0.000
143 201 0.000
144 201 0.000
145 201 0.000
146 201 0.000
147 201 0.000
148 201 0.000
149 201 0.000
0 202 0.000
1 202 0.000
2 202 0.000
3 202 0.000
4 202 0.000
5 202 0.000
6 202 0.000
7 202 0.000
8 202 0.000
9 202 0.000
10 202 0.000
11 202 0.000
12 202 0.000
13 202 0.000
14 202 0.000
15 202 0.000
16 202 0.000
17 202 0.000
18 202 0.000
19 202 0.000
20 202 0.000
21 202 0.000
22 202 0.000
23 202 0.000
24 202 0.000
25 202 0.000
26 202 0.000
27 202 0.000
28 202 0.000
29 202 0.000
30 202 0.000
31 202 0.000
32 202 0.000
33 202 0.000
34 202 0.000
35 202 0.000
36 202 0.000
37 202 0.000
38 202 0.000
39 202 0.000
40 202 0.000
41 202 0.000
42 202 0.000
43 202 0.000
44 202 0.000
45 202 0.000
46 202 0.000
47 202 0.000
48 202 0.000
49 202 0.000
50 202 0.000
51 202 0.000
52 202 0.000
53 202 0.000
54 202 0.000
55 202 0.000
56 202 0.000
57 202 0.000
58 202 0.000
59 202 0.000
60 202 0.000
61 202 0.000
62 202 0.000
63 202 0.000
64 202 0.000
65 202 0.000
66 202 0.000
67 202 0.000
68 202 0.000
69 202 0.000
70 202 0.000
71 202 0.000
72 202 0.000
73 202 0.000
74 202 0.000
75 202 0.000
76 202 0.000
77 202 0.000
78 202 0.000
79 202 0.000
80 202 0.000
81 202 0.000
82 202 0.000
83 202 0.000
84 202 0.000
85 202 0.000
86 202 0.000
87 202 0.000
88 202 0.000
89 202 0.000
90 202 0.000
91 202 0.000
92 202 0.000
93 202 0.000
94 202 0.000
95 202 0.000
96 202 0.000
97 202 0.000
98 202 0.000
99 202 0.000
100 202 0.000
101 202 0.000
102 202 0.000
103 202 0.000
104 202 0.000
105 202 0.000
106 202 0.000
107 202 0.000
108 202 0.000
109 202 0.000
110 202 0.000
111 202 0.000
112 202 0.000
113 202 0.000
114 202 0.000
115 202 0.000
116 202 0.000
117 202 0.000
118 202 0.000
119 202 0.000
120 202 0.000
121 202 0.000
122 202 0.000
123 202 0.000
124 202 0.000
125 202 0.000
126 202 0.000
127 202 0.000
128 202 0.000
129 202 0.000
130 202 0.000
131 202 0.000
132 202 0.000
133 202 0.000
134 202 0.000
135 202 0.000
136 202 0.000
137 202 0.000
138 202 0.000
139 202 0.000
140 202 0.000
141 202 0.000
142 202 0.000
143 202 0.000
144 202 0.000
145 202 0.000
146 202 0.000
147 202 0.000
148 202 0.000
149 202 0.000
0 203 0.000
1 203 0.000
2 203 0.000
3 203 0.000
4 203 0.000
5 203 0.000
6 203 0.000
7 203 0.000
8 203 0.000
9 203 0.000
10 203 0.000
11 203 0.000
12 203 0.000
13 203 0.000
14 203 0.000
15 203 0.000
16 203 0.000
17 203 0.000
18 203 0.000
19 203 0.000
20 203 0.000
21 203 0.000
22 203 0.000
23 203 0.000
24 203 0.000
25 203 0.000
26 203 0.000
27 203 0.000
28 203 0.000
29 203 0.000
30 203 0.000
31 203 0.000
32 203 0.000
33 203 0.000
34 203 0.000
35 203 0.000
36 203 0.000
37 203 0.000
38 203 0.000
39 203 0.000
40 203 0.000
41 203 0.000
42 203 0.000
43 203 0.000
44 203 0.000
45 203 0.000
46 203 0.000
47 203 0.000
48 203 0.000
49 203 0.000
50 203 0.000
51 203 0.000
52 203 0.000
53 203 0.000
54 203 0.000
55 203 0.000
56 203 0.000
57 203 0.000
58 203 0.000
59 203 0.000
60 203 0.000
61 203 0.000
62 203 0.000
63 203 0.000
64 203 0.000
65 203 0.000
66 203 0.000
67 203 0.000
68 203 0.000
69 203 0.000
70 203 0.000
71 203 0.000
72 203 0.000
73 203 0.000
74 203 0.000
75 203 0.000
76 203 0.000
77 203 0.000
78 203 0.000
79 203 0.000
80 203 0.000
81 203 0.000
82 203 0.000
83 203 0.000
84 203 0.000
85 203 0.000
86 203 0.000
87 203 0.000
88 203 0.000
89 203 0.000
90 203 0.000
91 203 0.000
92 203 0.000
93 203 0.000
94 203 0.000
95 203 0.000
96 203 0.000
97 203 0.000
98 203 0.000
99 203 0.000
100 203 0.000
101 203 0.000
102 203 0.000
103 203 0.000
104 203 0.000
105 203 0.000
106 203 0.000
107 203 0.000
108 203 0.000
109 203 0.000
110 203 0.000
111 203 0.000
112 203 0.000
113 203 0.000
114 203 0.000
115 203 0.000
116 203 0.000
117 203 0.000
118 203 0.000
119 203 0.000
120 203 0.000
121 203 0.000
122 203 0.000
123 203 0.000
124 203 0.000
125 203 0.000
126 203 0.000
127 203 0.000
128 203 0.000
129 203 0.000
130 203 0.000
131 203 0.000
132 203 0.000
133 203 0.000
134 203 0.000
135 203 0.000
136 203 0.000
137 203 0.000
138 203 0.000
139 203 0.000
140 203 0.000
141 203 0.000
142 203 0.000
143 203 0.000
144 203 0.000
145 203 0.000
146 203 0.000
147 203 0.000
148 203 0.000
149 203 0.000
0 204 0.000
1 204 0.000
2 204 0.000
3 204 0.000
4 204 0.000
5 204 0.000
6 204 0.000
7 204 0.000
8 204 0.000
9 204 0.000
10 204 0.000
11 204 0.000
12 204 0.000
13 204 0.000
14 204 0.000
15 204 0.000
16 204 0.000
17 204 0.000
18 204 0.000
19 204 0.000
20 204 0.000
21 204 0.000
22 204 0.000
23 204 0.000
24 204 0.000
25 204 0.000
26 204 0.000
27 204 0.000
28 204 0.000
29 204 0.000
30 204 0.000
31 204 0.000
32 204 0.000
33 204 0.000
34 204 0.000
35 204 0.000
36 204 0.000
37 204 0.000
38 204 0.000
39 204 0.000
40 204 0.000
41 204 0.000
42 204 0.000
43 204 0.000
44 204 0.000
45 204 0.000
46 204 0.000
47 204 0.000
48 204 0.000
49 204 0.000
50 204 0.000
51 204 0.000
52 204 0.000
53 204 0.000
54 204 0.000
55 204 0.000
56 204 0.000
57 204 0.000
58 204 0.000
59 204 0.000
60 204 0.000
61 204 0.000
62 204 0.000
63 204 0.000
64 204 0.000
65 204 0.000
66 204 0.000
67 204 0.000
68 204 0.000
69 204 0.000
70 204 0.000
71 204 0.000
72 204 0.000
73 204 0.000
74 204 0.000
75 204 0.000
76 204 0.000
77 204 0.000
78 204 0.000
79 204 0.000
80 204 0.000
81 204 0.000
82 204 0.000
83 204 0.000
84 204 0.000
85 204 0.000
86 204 0.000
87 204 0.000
88 204 0.000
89 204 0.000
90 204 0.000
91 204 0.000
92 204 0.000
93 204 0.000
94 204 0.000
95 204 0.000
96 204 0.000
97 204 0.000
98 204 0.000
99 204 0.000
100 204 0.000
101 204 0.000
102 204 0.000
103 204 0.000
104 204 0.000
105 204 0.000
106 204 0.000
107 204 0.000
108 204 0.000
109 204 0.000
110 204 0.000
111 204 0.000
112 204 0.000
113 204 0.000
114 204 0.000
115 204 0.000
116 204 0.000
117 204 0.000
118 204 0.000
119 204 0.000
120 204 0.000
121 204 0.000
122 204 0.000
123 204 0.000
124 204 0.000
125 204 0.000
126 204 0.000
127 204 0.000
128 204 0.000
129 204 0.000
130 204 0.000
131 204 0.000
132 204 0.000
133 204 0.000
134 204 0.000
135 204 0.000
136 204 0.000
137 204 0.000
138 204 0.000
139 204 0.000
140 204 0.000
141 204 0.000
142 204 0.000
143 204 0.000
144 204 0.000
145 204 0.000
146 204 0.000
147 204 0.000
148 204 0.000
149 204 0.000
0 205 0.000
1 205 0.000
2 205 0.000
3 205 0.000
4 205 0.000
5 205 0.000
6 205 0.000
7 205 0.000
8 205 0.000
9 205 0.000
10 205 0.000
11 205 0.000
12 205 0.000
13 205 0.000
14 205 0.000
15 205 0.000
16 205 0.000
17 205 0.000
18 205 0.000
19 205 0.000
20 205 0.000
21 205 0.000
22 205 0.000
23 205 0.000
24 205 0.000
25 205 0.000
26 205 0.000
27 205 0.000
28 205 0.000
29 205 0.000
30 205 0.000
31 205 0.000
32 205 0.000
33 205 0.000
34 205 0.000
35 205 0.000
36 205 0.000
37 205 0.000
38 205 0.000
39 205 0.000
40 205 0.000
41 205 0.000
42 205 0.000
43 205 0.000
44 205 0.000
45 205 0.000
46 205 0.000
47 205 0.000
48 205 0.000
49 205 0.000
50 205 0.000
51 205 0.000
52 205 0.000
53 205 0.000
54 205 0.000
55 205 0.000
56 205 0.000
57 205 0.000
58 205 0.000
59 205 0.000
60 205 0.000
61 205 0.000
62 205 0.000
63 205 0.000
64 205 0.000
65 205 0.000
66 205 0.000
67 205 0.000
68 205 0.000
69 205 0.000
70 205 0.000
71 205 0.000
72 205 0.000
73 205 0.000
74 205 0.000
75 205 0.000
76 205 0.000
77 205 0.000
78 205 0.000
79 205 0.000
80 205 0.000
81 205 0.000
82 205 0.000
83 205 0.000
84 205 0.000
85 205 0.000
86 205 0.000
87 205 0.000
88 205 0.000
89 205 0.000
90 205 0.000
91 205 0.000
92 205 0.000
93 205 0.000
94 205 0.000
95 205 0.000
96 205 0.000
97 205 0.000
98 205 0.000
99 205 0.000
100 205 0.000
101 205 0.000
102 205 0.000
103 205 0.000
104 205 0.000
105 205 0.000
106 205 0.000
107 205 0.000
108 205 0.000
109 205 0.000
110 205 0.000
111 205 0.000
112 205 0.000
113 205 0.000
114 205 0.000
115 205 0.000
116 205 0.000
117 205 0.000
118 205 0.000
119 205 0.000
120 205 0.000
121 205 0.000
122 205 0.000
123 205 0.000
124 205 0.000
125 205 0.000
126 205 0.000
127 205 0.000
128 205 0.000
129 205 0.000
130 205 0.000
131 205 0.000
132 205 0.000
133 205 0.000
134 205 0.000
135 205 0.000
136 205 0.000
137 205 0.000
138 205 0.000
139 205 0.000
140 205 0.000
141 205 0.000
142 205 0.000
143 205 0.000
144 205 0.000
145 205 0.000
146 205 0.000
147 205 0.000
148 205 0.000
149 205 0.000
0 206 0.000
1 206 0.000
2 206 0.000
3 206 0.000
4 206 0.000
5 206 0.000
6 206 0.000
7 206 0.000
8 206 0.000
9 206 0.000
10 206 0.000
11 206 0.000
12 206 0.000
13 206 0.000
14 206 0.000
15 206 0.000
16 206 0.000
17 206 0.000
18 206 0.000
19 206 0.000
20 206 0.000
21 206 0.000
22 206 0.000
23 206 0.000
24 206 0.000
25 206 0.000
26 206 0.000
27 206 0.000
28 206 0.000
29 206 0.000
30 206 0.000
31 206 0.000
32 206 0.000
33 206 0.000
34 206 0.000
35 206 0.000
36 206 0.000
37 206 0.000
38 206 0.000
39 206 0.000
40 206 0.000
41 206 0.000
42 206 0.000
43 206 0.000
44 206 0.000
45 206 0.000
46 206 0.000
47 206 0.000
48 206 0.000
49 206 0.000
50 206 0.000
51 206 0.000
52 206 0.000
53 206 0.000
54 206 0.000
55 206 0.000
56 206 0.000
57 206 0.000
58 206 0.000
59 206 0.000
60 206 0.000
61 206 0.000
62 206 0.000
63 206 0.000
64 206 0.000
65 206 0.000
66 206 0.000
67 206 0.000
68 206 0.000
69 206 0.000
70 206 0.000
71 206 0.000
72 206 0.000
73 206 0.000
74 206 0.000
75 206 0.000
76 206 0.000
77 206 0.000
78 206 0.000
79 206 0.000
80 206 0.000
81 206 0.000
82 206 0.000
83 206 0.000
84 206 0.000
85 206 0.000
86 206 0.000
87 206 0.000
88 206 0.000
89 206 0.000
90 206 0.000
91 206 0.000
92 206 0.000
93 206 0.000
94 206 0.000
95 206 0.000
96 206 0.000
97 206 0.000
98 206 0.000
99 206 0.000
100 206 0.000
101 206 0.000
102 206 0.000
103 206 0.000
104 206 0.000
105 206 0.000
106 206 0.000
107 206 0.000
108 206 0.000
109 206 0.000
110 206 0.000
111 206 0.000
112 206 0.000
113 206 0.000
114 206 0.000
115 206 0.000
116 206 0.000
117 206 0.000
118 206 0.000
119 206 0.000
120 206 0.000
121 206 0.000
122 206 0.000
123 206 0.000
124 206 0.000
125 206 0.000
126 206 0.000
127 206 0.000
128 206 0.000
129 206 0.000
130 206 0.000
131 206 0.000
132 206 0.000
133 206 0.000
134 206 0.000
135 206 0.000
136 206 0.000
137 206 0.000
138 206 0.000
139 206 0.000
140 206 0.000
141 206 0.000
142 206 0.000
143 206 0.000
144 206 0.000
145 206 0.000
146 206 0.000
147 206 0.000
148 206 0.000
149 206 0.000
0 207 0.000
1 207 0.000
2 207 0.000
3 207 0.000
4 207 0.000
5 207 0.000
6 207 0.000
7 207 0.000
8 207 0.000
9 207 0.000
10 207 0.000
11 207 0.000
12 207 0.000
13 207 0.000
14 207 0.000
15 207 0.000
16 207 0.000
17 207 0.000
18 207 0.000
19 207 0.000
20 207 0.000
21 207 0.000
22 207 0.000
23 207 0.000
24 207 0.000
25 207 0.000
26 207 0.000
27 207 0.000
28 207 0.000
29 207 0.000
30 207 0.000
31 207 0.000
32 207 0.000
33 207 0.000
34 207 0.000
35 207 0.000
36 207 0.000
37 207 0.000
38 207 0.000
39 207 0.000
40 207 0.000
41 207 0.000
42 207 0.000
43 207 0.000
44 207 0.000
45 207 0.000
46 207 0.000
47 207 0.000
48 207 0.000
49 207 0.000
50 207 0.000
51 207 0.000
52 207 0.000
53 207 0.000
54 207 0.000
55 207 0.000
56 207 0.000
57 207 0.000
58 207 0.000
59 207 0.000
60 207 0.000
61 207 0.000
62 207 0.000
63 207 0.000
64 207 0.000
65 207 0.000
66 207 0.000
67 207 0.000
68 207 0.000
69 207 0.000
70 207 0.000
71 207 0.000
72 207 0.000
73 207 0.000
74 207 0.000
75 207 0.000
76 207 0.000
77 207 0.000
78 207 0.000
79 207 0.000
80 207 0.000
81 207 0.000
82 207 0.000
83 207 0.000
84 207 0.000
85 207 0.000
86 207 0.000
87 207 0.000
88 207 0.000
89 207 0.000
90 207 0.000
91 207 0.000
92 207 0.000
93 207 0.000
94 207 0.000
95 207 0.000
96 207 0.000
97 207 0.000
98 207 0.000
99 207 0.000
100 207 0.000
101 207 0.000
102 207 0.000
103 207 0.000
104 207 0.000
105 207 0.000
106 207 0.000
107 207 0.000
108 207 0.000
109 207 0.000
110 207 0.000
111 207 0.000
112 207 0.000
113 207 0.000
114 207 0.000
115 207 0.000
116 207 0.000
117 207 0.000
118 207 0.000
119 207 0.000
120 207 0.000
121 207 0.000
122 207 0.000
123 207 0.000
124 207 0.000
125 207 0.000
126 207 0.000
127 207 0.000
128 207 0.000
129 207 0.000
130 207 0.000
131 207 0.000
132 207 0.000
133 207 0.000
134 207 0.000
135 207 0.000
136 207 0.000
137 207 0.000
138 207 0.000
139 207 0.000
140 207 0.000
141 207 0.000
142 207 0.000
143 207 0.000
144 207 0.000
145 207 0.000
146 207 0.000
147 207 0.000
148 207 0.000
149 207 0.000
0 208 0.000
1 208 0.000
2 208 0.000
3 208 0.000
4 208 0.000
5 208 0.000
6 208 0.000
7 208 0.000
8 208 0.000
9 208 0.000
10 208 0.000
11 208 0.000
12 208 0.000
13 208 0.000
14 208 0.000
15 208 0.000
16 208 0.000
17 208 0.000
18 208 0.000
19 208 0.000
20 208 0.000
21 208 0.000
22 208 0.000
23 208 0.000
24 208 0.000
25 208 0.000
26 208 0.000
27 208 0.000
28 208 0.000
29 208 0.000
30 208 0.000
31 208 0.000
32 208 0.000
33 208 0.000
34 208 0.000
35 208 0.000
36 208 0.000
37 208 0.000
38 208 0.000
39 208 0.000
40 208 0.000
41 208 0.000
42 208 0.000
43 208 0.000
44 208 0.000
45 208 0.000
46 208 0.000
47 208 0.000
48 208 0.000
49 208 0.000
50 208 0.000
51 208 0.000
52 208 0.000
53 208 0.000
54 208 0.000
55 208 0.000
56 208 0.000
57 208 0.000
58 208 0.000
59 208 0.000
60 208 0.000
61 208 0.000
62 208 0.000
63 208 0.000
64 208 0.000
65 208 0.000
66 208 0.000
67 208 0.000
68 208 0.000
69 208 0.000
70 208 0.000
71 208 0.000
72 208 0.000
73 208 0.000
74 208 0.000
75 208 0.000
76 208 0.000
77 208 0.000
78 208 0.000
79 208 0.000
80 208 0.000
81 208 0.000
82 208 0.000
83 208 0.000
84 208 0.000
85 208 0.000
86 208 0.000
87 208 0.000
88 208 0.000
89 208 0.000
90 208 0.000
91 208 0.000
92 208 0.000
93 208 0.000
94 208 0.000
95 208 0.000
96 208 0.000
97 208 0.000
98 208 0.000
99 208 0.000
100 208 0.000
101 208 0.000
102 208 0.000
103 208 0.000
104 208 0.000
105 208 0.000
106 208 0.000
107 208 0.000
108 208 0.000
109 208 0.000
110 208 0.000
111 208 0.000
112 208 0.000
113 208 0.000
114 208 0.000
115 208 0.000
116 208 0.000
117 208 0.000
118 208 0.000
119 208 0.000
120 208 0.000
121 208 0.000
122 208 0.000
123 208 0.000
124 208 0.000
125 208 0.000
126 208 0.000
127 208 0.000
128 208 0.000
129 208 0.000
130 208 0.000
131 208 0.000
132 208 0.000
133 208 0.000
134 208 0.000
135 208 0.000
136 208 0.000
137 208 0.000
138 208 0.000
139 208 0.000
140 208 0.000
141 208 0.000
142 208 0.000
143 208 0.000
144 208 0.000
145 208 0.000
146 208 0.000
147 208 0.000
148 208 0.000
149 208 0.000
0 209 0.000
1 209 0.000
2 209 0.000
3 209 0.000
4 209 0.000
5 209 0.000
6 209 0.000
7 209 0.000
8 209 0.000
9 209 0.000
10 209 0.000
11 209 0.000
12 209 0.000
13 209 0.000
14 209 0.000
15 209 0.000
16 209 0.000
17 209 0.000
18 209 0.000
19 209 0.000
20 209 0.000
21 209 0.000
22 209 0.000
23 209 0.000
24 209 0.000
25 209 0.000
26 209 0.000
27 209 0.000
28 209 0.000
29 209 0.000
30 209 0.000
31 209 0.000
32 209 0.000
33 209 0.000
34 209 0.000
35 209 0.000
36 209 0.000
37 209 0.000
38 209 0.000
39 209 0.000
40 209 0.000
41 209 0.000
42 209 0.000
43 209 0.000
44 209 0.000
45 209 0.000
46 209 0.000
47 209 0.000
48 209 0.000
49 209 0.000
50 209 0.000
51 209 0.000
52 209 0.000
53 209 0.000
54 209 0.000
55 209 0.000
56 209 0.000
57 209 0.000
58 209 0.000
59 209 0.000
60 209 0.000
61 209 0.000
62 209 0.000
63 209 0.000
64 209 0.000
65 209 0.000
66 209 0.000
67 209 0.000
68 209 0.000
69 209 0.000
70 209 0.000
71 209 0.000
72 209 0.000
73 209 0.000
74 209 0.000
75 209 0.000
76 209 0.000
77 209 0.000
78 209 0.000
79 209 0.000
80 209 0.000
81 209 0.000
82 209 0.000
83 209 0.000
84 209 0.000
85 209 0.000
86 209 0.000
87 209 0.000
88 209 0.000
89 209 0.000
90 209 0.000
91 209 0.000
92 209 0.000
93 209 0.000
94 209 0.000
95 209 0.000
96 209 0.000
97 209 0.000
98 209 0.000
99 209 0.000
100 209 0.000
101 209 0.000
102 209 0.000
103 209 0.000
104 209 0.000
105 209 0.000
106 209 0.000
107 209 0.000
108 209 0.000
109 209 0.000
110 209 0.000
111 209 0.000
112 209 0.000
113 209 0.000
114 209 0.000
115 209 0.000
116 209 0.000
117 209 0.000
118 209 0.000
119 209 0.000
120 209 0.000
121 209 0.000
122 209 0.000
123 209 0.000
124 209 0.000
125 209 0.000
126 209 0.000
127 209 0.000
128 209 0.000
129 209 0.000
130 209 0.000
131 209 0.000
132 209 0.000
133 209 0.000
134 209 0.000
135 209 0.000
136 209 0.000
137 209 0.000
138 209 0.000
139 209 0.000
140 209 0.000
141 209 0.000
142 209 0.000
143 209 0.000
144 209 0.000
145 209 0.000
146 209 0.000
147 209 0.000
148 209 0.000
149 209 0.000
0 210 0.000
1 210 0.000
2 210 0.000
3 210 0.000
4 210 0.000
5 210 0.000
6 210 0.000
7 210 0.000
8 210 0.000
9 210 0.000
10 210 0.000
11 210 0.000
12 210 0.000
13 210 0.000
14 210 0.000
15 210 0.000
16 210 0.000
17 210 0.000
18 210 0.000
19 210 0.000
20 210 0.000
21 210 0.000
22 210 0.000
23 210 0.000
24 210 0.000
25 210 0.000
26 210 0.000
27 210 0.000
28 210 0.000
29 210 0.000
30 210 0.000
31 210 0.000
32 210 0.000
33 210 0.000
34 210 0.000
35 210 0.000
36 210 0.000
37 210 0.000
38 210 0.000
39 210 0.000
40 210 0.000
41 210 0.000
42 210 0.000
43 210 0.000
44 210 0.000
45 210 0.000
46 210 0.000
47 210 0.000
48 210 0.000
49 210 0.000
50 210 0.000
51 210 0.000
52 210 0.000
53 210 0.000
54 210 0.000
55 210 0.000
56 210 0.000
57 210 0.000
58 210 0.000
59 210 0.000
60 210 0.000
61 210 0.000
62 210 0.000
63 210 0.000
64 210 0.000
65 210 0.000
66 210 0.000
67 210 0.000
68 210 0.000
69 210 0.000
70 210 0.000
71 210 0.000
72 210 0.000
73 210 0.000
74 210 0.000
75 210 0.000
76 210 0.000
77 210 0.000
78 210 0.000
79 210 0.000
80 210 0.000
81 210 0.000
82 210 0.000
83 210 0.000
84 210 0.000
85 210 0.000
86 210 0.000
87 210 0.000
88 210 0.000
89 210 0.000
90 210 0.000
91 210 0.000
92 210 0.000
93 210 0.000
94 210 0.000
95 210 0.000
96 210 0.000
97 210 0.000
98 210 0.000
99 210 0.000
100 210 0.000
101 210 0.000
102 210 0.000
103 210 0.000
104 210 0.000
105 210 0.000
106 210 0.000
107 210 0.000
108 210 0.000
109 210 0.000
110 210 0.000
111 210 0.000
112 210 0.000
113 210 0.000
114 210 0.000
115 210 0.000
116 210 0.000
117 210 0.000
118 210 0.000
119 210 0.000
120 210 0.000
121 210 0.000
122 210 0.000
123 210 0.000
124 210 0.000
125 210 0.000
126 210 0.000
127 210 0.000
128 210 0.000
129 210 0.000
130 210 0.000
131 210 0.000
132 210 0.000
133 210 0.000
134 210 0.000
135 210 0.000
136 210 0.000
137 210 0.000
138 210 0.000
139 210 0.000
140 210 0.000
141 210 0.000
142 210 0.000
143 210 0.000
144 210 0.000
145 210 0.000
146 210 0.000
147 210 0.000
148 210 0.000
149 210 0.000
0 211 0.000
1 211 0.000
2 211 0.000
3 211 0.000
4 211 0.000
5 211 0.000
6 211 0.000
7 211 0.000
8 211 0.000
9 211 0.000
10 211 0.000
11 211 0.000
12 211 0.000
13 211 0.000
14 211 0.000
15 211 0.000
16 211 0.000
17 211 0.000
18 211 0.000
19 211 0.000
20 211 0.000
21 211 0.000
22 211 0.000
23 211 0.000
24 211 0.000
25 211 0.000
26 211 0.000
27 211 0.000
28 211 0.000
29 211 0.000
30 211 0.000
31 211 0.000
32 211 0.000
33 211 0.000
34 211 0.000
35 211 0.000
36 211 0.000
37 211 0.000
38 211 0.000
39 211 0.000
40 211 0.000
41 211 0.000
42 211 0.000
43 211 0.000
44 211 0.000
45 211 0.000
46 211 0.000
47 211 0.000
48 211 0.000
49 211 0.000
50 211 0.000
51 211 0.000
52 211 0.000
53 211 0.000
54 211 0.000
55 211 0.000
56 211 0.000
57 211 0.000
58 211 0.000
59 211 0.000
60 211 0.000
61 211 0.000
62 211 0.000
63 211 0.000
64 211 0.000
65 211 0.000
66 211 0.000
67 211 0.000
68 211 0.000
69 211 0.000
70 211 0.000
71 211 0.000
72 211 0.000
73 211 0.000
74 211 0.000
75 211 0.000
76 211 0.000
77 211 0.000
78 211 0.000
79 211 0.000
80 211 0.000
81 211 0.000
82 211 0.000
83 211 0.000
84 211 0.000
85 211 0.000
86 211 0.000
87 211 0.000
88 211 0.000
89 211 0.000
90 211 0.000
91 211 0.000
92 211 0.000
93 211 0.000
94 211 0.000
95 211 0.000
96 211 0.000
97 211 0.000
98 211 0.000
99 211 0.000
100 211 0.000
101 211 0.000
102 211 0.000
103 211 0.000
104 211 0.000
105 211 0.000
106 211 0.000
107 211 0.000
108 211 0.000
109 211 0.000
110 211 0.000
111 211 0.000
112 211 0.000
113 211 0.000
114 211 0.000
115 211 0.000
116 211 0.000
117 211 0.000
118 211 0.000
119 211 0.000
120 211 0.000
121 211 0.000
122 211 0.000
123 211 0.000
124 211 0.000
125 211 0.000
126 211 0.000
127 211 0.000
128 211 0.000
129 211 0.000
130 211 0.000
131 211 0.000
132 211 0.000
133 211 0.000
134 211 0.000
135 211 0.000
136 211 0.000
137 211 0.000
138 211 0.000
139 211 0.000
140 211 0.000
141 211 0.000
142 211 0.000
143 211 0.000
144 211 0.000
145 211 0.000
146 211 0.000
147 211 0.000
148 211 0.000
149 211 0.000
0 212 0.000
1 212 0.000
2 212 0.000
3 212 0.000
4 212 0.000
5 212 0.000
6 212 0.000
7 212 0.000
8 212 0.000
9 212 0.000
10 212 0.000
11 212 0.000
12 212 0.000
13 212 0.000
14 212 0.000
15 212 0.000
16 212 0.000
17 212 0.000
18 212 0.000
19 212 0.000
20 212 0.000
21 212 0.000
22 212 0.000
23 212 0.000
24 212 0.000
25 212 0.000
26 212 0.000
27 212 0.000
28 212 0.000
29 212 0.000
30 212 0.000
31 212 0.000
32 212 0.000
33 212 0.000
34 212 0.000
35 212 0.000
36 212 0.000
37 212 0.000
38 212 0.000
39 212 0.000
40 212 0.000
41 212 0.000
42 212 0.000
43 212 0.000
44 212 0.000
45 212 0.000
46 212 0.000
47 212 0.000
48 212 0.000
49 212 0.000
50 212 0.000
51 212 0.000
52 212 0.000
53 212 0.000
54 212 0.000
55 212 0.000
56 212 0.000
57 212 0.000
58 212 0.000
59 212 0.000
60 212 0.000
61 212 0.000
62 212 0.000
63 212 0.000
64 212 0.000
65 212 0.000
66 212 0.000
67 212 0.000
68 212 0.000
69 212 0.000
70 212 0.000
71 212 0.000
72 212 0.000
73 212 0.000
74 212 0.000
75 212 0.000
76 212 0.000
77 212 0.000
78 212 0.000
79 212 0.000
80 212 0.000
81 212 0.000
82 212 0.000
83 212 0.000
84 212 0.000
85 212 0.000
86 212 0.000
87 212 0.000
88 212 0.000
89 212 0.000
90 212 0.000
91 212 0.000
92 212 0.000
93 212 0.000
94 212 0.000
95 212 0.000
96 212 0.000
97 212 0.000
98 212 0.000
99 212 0.000
100 212 0.000
101 212 0.000
102 212 0.000
103 212 0.000
104 212 0.000
105 212 0.000
106 212 0.000
107 212 0.000
108 212 0.000
109 212 0.000
110 212 0.000
111 212 0.000
112 212 0.000
113 212 0.000
114 212 0.000
115 212 0.000
116 212 0.000
117 212 0.000
118 212 0.000
119 212 0.000
120 212 0.000
121 212 0.000
122 212 0.000
123 212 0.000
124 212 0.000
125 212 0.000
126 212 0.000
127 212 0.000
128 212 0.000
129 212 0.000
130 212 0.000
131 212 0.000
132 212 0.000
133 212 0.000
134 212 0.000
135 212 0.000
136 212 0.000
137 212 0.000
138 212 0.000
139 212 0.000
140 212 0.000
141 212 0.000
142 212 0.000
143 212 0.000
144 212 0.000
145 212 0.000
146 212 0.000
147 212 0.000
148 212 0.000
149 212 0.000
0 213 0.000
1 213 0.000
2 213 0.000
3 213 0.000
4 213 0.000
5 213 0.000
6 213 0.000
7 213 0.000
8 213 0.000
9 213 0.000
10 213 0.000
11 213 0.000
12 213 0.000
13 213 0.000
14 213 0.000
15 213 0.000
16 213 0.000
17 213 0.000
18 213 0.000
19 213 0.000
20 213 0.000
21 213 0.000
22 213 0.000
23 213 0.000
24 213 0.000
25 213 0.000
26 213 0.000
27 213 0.000
28 213 0.000
29 213 0.000
30 213 0.000
31 213 0.000
32 213 0.000
33 213 0.000
34 213 0.000
35 213 0.000
36 213 0.000
37 213 0.000
38 213 0.000
39 213 0.000
40 213 0.000
41 213 0.000
42 213 0.000
43 213 0.000
44 213 0.000
45 213 0.000
46 213 0.000
47 213 0.000
48 213 0.000
49 213 0.000
50 213 0.000
51 213 0.000
52 213 0.000
53 213 0.000
54 213 0.000
55 213 0.000
56 213 0.000
57 213 0.000
58 213 0.000
59 213 0.000
60 213 0.000
61 213 0.000
62 213 0.000
63 213 0.000
64 213 0.000
65 213 0.000
66 213 0.000
67 213 0.000
68 213 0.000
69 213 0.000
70 213 0.000
71 213 0.000
72 213 0.000
73 213 0.000
74 213 0.000
75 213 0.000
76 213 0.000
77 213 0.000
78 213 0.000
79 213 0.000
80 213 0.000
81 213 0.000
82 213 0.000
83 213 0.000
84 213 0.000
85 213 0.000
86 213 0.000
87 213 0.000
88 213 0.000
89 213 0.000
90 213 0.000
91 213 0.000
92 213 0.000
93 213 0.000
94 213 0.000
95 213 0.000
96 213 0.000
97 213 0.000
98 213 0.000
99 213 0.000
100 213 0.000
101 213 0.000
102 213 0.000
103 213 0.000
104 213 0.000
105 213 0.000
106 213 0.000
107 213 0.000
108 213 0.000
109 213 0.000
110 213 0.000
111 213 0.000
112 213 0.000
113 213 0.000
114 213 0.000
115 213 0.000
116 213 0.000
117 213 0.000
118 213 0.000
119 213 0.000
120 213 0.000
121 213 0.000
122 213 0.000
123 213 0.000
124 213 0.000
125 213 0.000
126 213 0.000
127 213 0.000
128 213 0.000
129 213 0.000
130 213 0.000
131 213 0.000
132 213 0.000
133 213 0.000
134 213 0.000
135 213 0.000
136 213 0.000
137 213 0.000
138 213 0.000
139 213 0.000
140 213 0.000
141 213 0.000
142 213 0.000
143 213 0.000
144 213 0.000
145 213 0.000
146 213 0.000
147 213 0.000
148 213 0.000
149 213 0.000
0 214 0.000
1 214 0.000
2 214 0.000
3 214 0.000
4 214 0.000
5 214 0.000
6 214 0.000
7 214 0.000
8 214 0.000
9 214 0.000
10 214 0.000
11 214 0.000
12 214 0.000
13 214 0.000
14 214 0.000
15 214 0.000
16 214 0.000
17 214 0.000
18 214 0.000
19 214 0.000
20 214 0.000
21 214 0.000
22 214 0.000
23 214 0.000
24 214 0.000
25 214 0.000
26 214 0.000
27 214 0.000
28 214 0.000
29 214 0.000
30 214 0.000
31 214 0.000
32 214 0.000
33 214 0.000
34 214 0.000
35 214 0.000
36 214 0.000
37 214 0.000
38 214 0.000
39 214 0.000
40 214 0.000
41 214 0.000
42 214 0.000
43 214 0.000
44 214 0.000
45 214 0.000
46 214 0.000
47 214 0.000
48 214 0.000
49 214 0.000
50 214 0.000
51 214 0.000
52 214 0.000
53 214 0.000
54 214 0.000
55 214 0.000
56 214 0.000
57 214 0.000
58 214 0.000
59 214 0.000
60 214 0.000
61 214 0.000
62 214 0.000
63 214 0.000
64 214 0.000
65 214 0.000
66 214 0.000
67 214 0.000
68 214 0.000
69 214 0.000
70 214 0.000
71 214 0.000
72 214 0.000
73 214 0.000
74 214 0.000
75 214 0.000
76 214 0.000
77 214 0.000
78 214 0.000
79 214 0.000
80 214 0.000
81 214 0.000
82 214 0.000
83 214 0.000
84 214 0.000
85 214 0.000
86 214 0.000
87 214 0.000
88 214 0.000
89 214 0.000
90 214 0.000
91 214 0.000
92 214 0.000
93 214 0.000
94 214 0.000
95 214 0.000
96 214 0.000
97 214 0.000
98 214 0.000
99 214 0.000
100 214 0.000
101 214 0.000
102 214 0.000
103 214 0.000
104 214 0.000
105 214 0.000
106 214 0.000
107 214 0.000
108 214 0.000
109 214 0.000
110 214 0.000
111 214 0.000
112 214 0.000
113 214 0.000
114 214 0.000
115 214 0.000
116 214 0.000
117 214 0.000
118 214 0.000
119 214 0.000
120 214 0.000
121 214 0.000
122 214 0.000
123 214 0.000
124 214 0.000
125 214 0.000
126 214 0.000
127 214 0.000
128 214 0.000
129 214 0.000
130 214 0.000
131 214 0.000
132 214 0.000
133 214 0.000
134 214 0.000
135 214 0.000
136 214 0.000
137 214 0.000
138 214 0.000
139 214 0.000
140 214 0.000
141 214 0.000
142 214 0.000
143 214 0.000
144 214 0.000
145 214 0.000
146 214 0.000
147 214 0.000
148 214 0.000
149 214 0.000
0 215 0.000
1 215 0.000
2 215 0.000
3 215 0.000
4 215 0.000
5 215 0.000
6 215 0.000
7 215 0.000
8 215 0.000
9 215 0.000
10 215 0.000
11 215 0.000
12 215 0.000
13 215 0.000
14 215 0.000
15 215 0.000
16 215 0.000
17 215 0.000
18 215 0.000
19 215 0.000
20 215 0.000
21 215 0.000
22 215 0.000
23 215 0.000
24 215 0.000
25 215 0.000
26 215 0.000
27 215 0.000
28 215 0.000
29 215 0.000
30 215 0.000
31 215 0.000
32 215 0.000
33 215 0.000
34 215 0.000
35 215 0.000
36 215 0.000
37 215 0.000
38 215 0.000
39 215 0.000
40 215 0.000
41 215 0.000
42 215 0.000
43 215 0.000
44 215 0.000
45 215 0.000
46 215 0.000
47 215 0.000
48 215 0.000
49 215 0.000
50 215 0.000
51 215 0.000
52 215 0.000
53 215 0.000
54 215 0.000
55 215 0.000
56 215 0.000
57 215 0.000
58 215 0.000
59 215 0.000
60 215 0.000
61 215 0.000
62 215 0.000
63 215 0.000
64 215 0.000
65 215 0.000
66 215 0.000
67 215 0.000
68 215 0.000
69 215 0.000
70 215 0.000
71 215 0.000
72 215 0.000
73 215 0.000
74 215 0.000
75 215 0.000
76 215 0.000
77 215 0.000
78 215 0.000
79 215 0.000
80 215 0.000
81 215 0.000
82 215 0.000
83 215 0.000
84 215 0.000
85 215 0.000
86 215 0.000
87 215 0.000
88 215 0.000
89 215 0.000
90 215 0.000
91 215 0.000
92 215 0.000
93 215 0.000
94 215 0.000
95 215 0.000
96 215 0.000
97 215 0.000
98 215 0.000
99 215 0.000
100 215 0.000
101 215 0.000
102 215 0.000
103 215 0.000
104 215 0.000
105 215 0.000
106 215 0.000
107 215 0.000
108 215 0.000
109 215 0.000
110 215 0.000
111 215 0.000
112 215 0.000
113 215 0.000
114 215 0.000
115 215 0.000
116 215 0.000
117 215 0.000
118 215 0.000
119 215 0.000
120 215 0.000
121 215 0.000
122 215 0.000
123 215 0.000
124 215 0.000
125 215 0.000
126 215 0.000
127 215 0.000
128 215 0.000
129 215 0.000
130 215 0.000
131 215 0.000
132 215 0.000
133 215 0.000
134 215 0.000
135 215 0.000
136 215 0.000
137 215 0.000
138 215 0.000
139 215 0.000
140 215 0.000
141 215 0.000
142 215 0.000
143 215 0.000
144 215 0.000
145 215 0.000
146 215 0.000
147 215 0.000
148 215 0.000
149 215 0.000
0 216 0.000
1 216 0.000
2 216 0.000
3 216 0.000
4 216 0.000
5 216 0.000
6 216 0.000
7 216 0.000
8 216 0.000
9 216 0.000
10 216 0.000
11 216 0.000
12 216 0.000
13 216 0.000
14 216 0.000
15 216 0.000
16 216 0.000
17 216 0.000
18 216 0.000
19 216 0.000
20 216 0.000
21 216 0.000
22 216 0.000
23 216 0.000
24 216 0.000
25 216 0.000
26 216 0.000
27 216 0.000
28 216 0.000
29 216 0.000
30 216 0.000
31 216 0.000
32 216 0.000
33 216 0.000
34 216 0.000
35 216 0.000
36 216 0.000
37 216 0.000
38 216 0.000
39 216 0.000
40 216 0.000
41 216 0.000
42 216 0.000
43 216 0.000
44 216 0.000
45 216 0.000
46 216 0.000
47 216 0.000
48 216 0.000
49 216 0.000
50 216 0.000
51 216 0.000
52 216 0.000
53 216 0.000
54 216 0.000
55 216 0.000
56 216 0.000
57 216 0.000
58 216 0.000
59 216 0.000
60 216 0.000
61 216 0.000
62 216 0.000
63 216 0.000
64 216 0.000
65 216 0.000
66 216 0.000
67 216 0.000
68 216 0.000
69 216 0.000
70 216 0.000
71 216 0.000
72 216 0.000
73 216 0.000
74 216 0.000
75 216 0.000
76 216 0.000
77 216 0.000
78 216 0.000
79 216 0.000
80 216 0.000
81 216 0.000
82 216 0.000
83 216 0.000
84 216 0.000
85 216 0.000
86 216 0.000
87 216 0.000
88 216 0.000
89 216 0.000
90 216 0.000
91 216 0.000
92 216 0.000
93 216 0.000
94 216 0.000
95 216 0.000
96 216 0.000
97 216 0.000
98 216 0.000
99 216 0.000
100 216 0.000
101 216 0.000
102 216 0.000
103 216 0.000
104 216 0.000
105 216 0.000
106 216 0.000
107 216 0.000
108 216 0.000
109 216 0.000
110 216 0.000
111 216 0.000
112 216 0.000
113 216 0.000
114 216 0.000
115 216 0.000
116 216 0.000
117 216 0.000
118 216 0.000
119 216 0.000
120 216 0.000
121 216 0.000
122 216 0.000
123 216 0.000
124 216 0.000
125 216 0.000
126 216 0.000
127 216 0.000
128 216 0.000
129 216 0.000
130 216 0.000
131 216 0.000
132 216 0.000
133 216 0.000
134 216 0.000
135 216 0.000
136 216 0.000
137 216 0.000
138 216 0.000
139 216 0.000
140 216 0.000
141 216 0.000
142 216 0.000
143 216 0.000
144 216 0.000
145 216 0.000
146 216 0.000
147 216 0.000
148 216 0.000
149 216 0.000
0 217 0.000
1 217 0.000
2 217 0.000
3 217 0.000
4 217 0.000
5 217 0.000
6 217 0.000
7 217 0.000
8 217 0.000
9 217 0.000
10 217 0.000
11 217 0.000
12 217 0.000
13 217 0.000
14 217 0.000
15 217 0.000
16 217 0.000
17 217 0.000
18 217 0.000
19 217 0.000
20 217 0.000
21 217 0.000
22 217 0.000
23 217 0.000
24 217 0.000
25 217 0.000
26 217 0.000
27 217 0.000
28 217 0.000
29 217 0.000
30 217 0.000
31 217 0.000
32 217 0.000
33 217 0.000
34 217 0.000
35 217 0.000
36 217 0.000
37 217 0.000
38 217 0.000
39 217 0.000
40 217 0.000
41 217 0.000
42 217 0.000
43 217 0.000
44 217 0.000
45 217 0.000
46 217 0.000
47 217 0.000
48 217 0.000
49 217 0.000
50 217 0.000
51 217 0.000
52 217 0.000
53 217 0.000
54 217 0.000
55 217 0.000
56 217 0.000
57 217 0.000
58 217 0.000
59 217 0.000
60 217 0.000
61 217 0.000
62 217 0.000
63 217 0.000
64 217 0.000
65 217 0.000
66 217 0.000
67 217 0.000
68 217 0.000
69 217 0.000
70 217 0.000
71 217 0.000
72 217 0.000
73 217 0.000
74 217 0.000
75 217 0.000
76 217 0.000
77 217 0.000
78 217 0.000
79 217 0.000
80 217 0.000
81 217 0.000
82 217 0.000
83 217 0.000
84 217 0.000
85 217 0.000
86 217 0.000
87 217 0.000
88 217 0.000
89 217 0.000
90 217 0.000
91 217 0.000
92 217 0.000
93 217 0.000
94 217 0.000
95 217 0.000
96 217 0.000
97 217 0.000
98 217 0.000
99 217 0.000
100 217 0.000
101 217 0.000
102 217 0.000
103 217 0.000
104 217 0.000
105 217 0.000
106 217 0.000
107 217 0.000
108 217 0.000
109 217 0.000
110 217 0.000
111 217 0.000
112 217 0.000
113 217 0.000
114 217 0.000
115 217 0.000
116 217 0.000
117 217 0.000
118 217 0.000
119 217 0.000
120 217 0.000
121 217 0.000
122 217 0.000
123 217 0.000
124 217 0.000
125 217 0.000
126 217 0.000
127 217 0.000
128 217 0.000
129 217 0.000
130 217 0.000
131 217 0.000
132 217 0.000
133 217 0.000
134 217 0.000
135 217 0.000
136 217 0.000
137 217 0.000
138 217 0.000
139 217 0.000
140 217 0.000
141 217 0.000
142 217 0.000
143 217 0.000
144 217 0.000
145 217 0.000
146 217 0.000
147 217 0.000
148 217 0.000
149 217 0.000
0 218 0.000
1 218 0.000
2 218 0.000
3 218 0.000
4 218 0.000
5 218 0.000
6 218 0.000
7 218 0.000
8 218 0.000
9 218 0.000
10 218 0.000
11 218 0.000
12 218 0.000
13 218 0.000
14 218 0.000
15 218 0.000
16 218 0.000
17 218 0.000
18 218 0.000
19 218 0.000
20 218 0.000
21 218 0.000
22 218 0.000
23 218 0.000
24 218 0.000
25 218 0.000
26 218 0.000
27 218 0.000
28 218 0.000
29 218 0.000
30 218 0.000
31 218 0.000
32 218 0.000
33 218 0.000
34 218 0.000
35 218 0.000
36 218 0.000
37 218 0.000
38 218 0.000
39 218 0.000
40 218 0.000
41 218 0.000
42 218 0.000
43 218 0.000
44 218 0.000
45 218 0.000
46 218 0.000
47 218 0.000
48 218 0.000
49 218 0.000
50 218 0.000
51 218 0.000
52 218 0.000
53 218 0.000
54 218 0.000
55 218 0.000
56 218 0.000
57 218 0.000
58 218 0.000
59 218 0.000
60 218 0.000
61 218 0.000
62 218 0.000
63 218 0.000
64 218 0.000
65 218 0.000
66 218 0.000
67 218 0.000
68 218 0.000
69 218 0.000
70 218 0.000
71 218 0.000
72 218 0.000
73 218 0.000
74 218 0.000
75 218 0.000
76 218 0.000
77 218 0.000
78 218 0.000
79 218 0.000
80 218 0.000
81 218 0.000
82 218 0.000
83 218 0.000
84 218 0.000
85 218 0.000
86 218 0.000
87 218 0.000
88 218 0.000
89 218 0.000
90 218 0.000
91 218 0.000
92 218 0.000
93 218 0.000
94 218 0.000
95 218 0.000
96 218 0.000
97 218 0.000
98 218 0.000
99 218 0.000
100 218 0.000
101 218 0.000
102 218 0.000
103 218 0.000
104 218 0.000
105 218 0.000
106 218 0.000
107 218 0.000
108 218 0.000
109 218 0.000
110 218 0.000
111 218 0.000
112 218 0.000
113 218 0.000
114 218 0.000
115 218 0.000
116 218 0.000
117 218 0.000
118 218 0.000
119 218 0.000
120 218 0.000
121 218 0.000
122 218 0.000
123 218 0.000
124 218 0.000
125 218 0.000
126 218 0.000
127 218 0.000
128 218 0.000
129 218 0.000
130 218 0.000
131 218 0.000
132 218 0.000
133 218 0.000
134 218 0.000
135 218 0.000
136 218 0.000
137 218 0.000
138 218 0.000
139 218 0.000
140 218 0.000
141 218 0.000
142 218 0.000
143 218 0.000
144 218 0.000
145 218 0.000
146 218 0.000
147 218 0.000
148 218 0.000
149 218 0.000
0 219 0.000
1 219 0.000
2 219 0.000
3 219 0.000
4 219 0.000
5 219 0.000
6 219 0.000
7 219 0.000
8 219 0.000
9 219 0.000
10 219 0.000
11 219 0.000
12 219 0.000
13 219 0.000
14 219 0.000
15 219 0.000
16 219 0.000
17 219 0.000
18 219 0.000
19 219 0.000
20 219 0.000
21 219 0.000
22 219 0.000
23 219 0.000
24 219 0.000
25 219 0.000
26 219 0.000
27 219 0.000
28 219 0.000
29 219 0.000
30 219 0.000
31 219 0.000
32 219 0.000
33 219 0.000
34 219 0.000
35 219 0.000
36 219 0.000
37 219 0.000
38 219 0.000
39 219 0.000
40 219 0.000
41 219 0.000
42 219 0.000
43 219 0.000
44 219 0.000
45 219 0.000
46 219 0.000
47 219 0.000
48 219 0.000
49 219 0.000
50 219 0.000
51 219 0.000
52 219 0.000
53 219 0.000
54 219 0.000
55 219 0.000
56 219 0.000
57 219 0.000
58 219 0.000
59 219 0.000
60 219 0.000
61 219 0.000
62 219 0.000
63 219 0.000
64 219 0.000
65 219 0.000
66 219 0.000
67 219 0.000
68 219 0.000
69 219 0.000
70 219 0.000
71 219 0.000
72 219 0.000
73 219 0.000
74 219 0.000
75 219 0.000
76 219 0.000
77 219 0.000
78 219 0.000
79 219 0.000
80 219 0.000
81 219 0.000
82 219 0.000
83 219 0.000
84 219 0.000
85 219 0.000
86 219 0.000
87 219 0.000
88 219 0.000
89 219 0.000
90 219 0.000
91 219 0.000
92 219 0.000
93 219 0.000
94 219 0.000
95 219 0.000
96 219 0.000
97 219 0.000
98 219 0.000
99 219 0.000
100 219 0.000
101 219 0.000
102 219 0.000
103 219 0.000
104 219 0.000
105 219 0.000
106 219 0.000
107 219 0.000
108 219 0.000
109 219 0.000
110 219 0.000
111 219 0.000
112 219 0.000
113 219 0.000
114 219 0.000
115 219 0.000
116 219 0.000
117 219 0.000
118 219 0.000
119 219 0.000
120 219 0.000
121 219 0.000
122 219 0.000
123 219 0.000
124 219 0.000
125 219 0.000
126 219 0.000
127 219 0.000
128 219 0.000
129 219 0.000
130 219 0.000
131 219 0.000
132 219 0.000
133 219 0.000
134 219 0.000
135 219 0.000
136 219 0.000
137 219 0.000
138 219 0.000
139 219 0.000
140 219 0.000
141 219 0.000
142 219 0.000
143 219 0.000
144 219 0.000
145 219 0.000
146 219 0.000
147 219 0.000
148 219 0.000
149 219 0.000
0 220 0.000
1 220 0.000
2 220 0.000
3 220 0.000
4 220 0.000
5 220 0.000
6 220 0.000
7 220 0.000
8 220 0.000
9 220 0.000
10 220 0.000
11 220 0.000
12 220 0.000
13 220 0.000
14 220 0.000
15 220 0.000
16 220 0.000
17 220 0.000
18 220 0.000
19 220 0.000
20 220 0.000
21 220 0.000
22 220 0.000
23 220 0.000
24 220 0.000
25 220 0.000
26 220 0.000
27 220 0.000
28 220 0.000
29 220 0.000
30 220 0.000
31 220 0.000
32 220 0.000
33 220 0.000
34 220 0.000
35 220 0.000
36 220 0.000
37 220 0.000
38 220 0.000
39 220 0.000
40 220 0.000
41 220 0.000
42 220 0.000
43 220 0.000
44 220 0.000
45 220 0.000
46 220 0.000
47 220 0.000
48 220 0.000
49 220 0.000
50 220 0.000
51 220 0.000
52 220 0.000
53 220 0.000
54 220 0.000
55 220 0.000
56 220 0.000
57 220 0.000
58 220 0.000
59 220 0.000
60 220 0.000
61 220 0.000
62 220 0.000
63 220 0.000
64 220 0.000
65 220 0.000
66 220 0.000
67 220 0.000
68 220 0.000
69 220 0.000
70 220 0.000
71 220 0.000
72 220 0.000
73 220 0.000
74 220 0.000
75 220 0.000
76 220 0.000
77 220 0.000
78 220 0.000
79 220 0.000
80 220 0.000
81 220 0.000
82 220 0.000
83 220 0.000
84 220 0.000
85 220 0.000
86 220 0.000
87 220 0.000
88 220 0.000
89 220 0.000
90 220 0.000
91 220 0.000
92 220 0.000
93 220 0.000
94 220 0.000
95 220 0.000
96 220 0.000
97 220 0.000
98 220 0.000
99 220 0.000
100 220 0.000
101 220 0.000
102 220 0.000
103 220 0.000
104 220 0.000
105 220 0.000
106 220 0.000
107 220 0.000
108 220 0.000
109 220 0.000
110 220 0.000
111 220 0.000
112 220 0.000
113 220 0.000
114 220 0.000
115 220 0.000
116 220 0.000
117 220 0.000
118 220 0.000
119 220 0.000
120 220 0.000
121 220 0.000
122 220 0.000
123 220 0.000
124 220 0.000
125 220 0.000
126 220 0.000
127 220 0.000
128 220 0.000
129 220 0.000
130 220 0.000
131 220 0.000
132 220 0.000
133 220 0.000
134 220 0.000
135 220 0.000
136 220 0.000
137 220 0.000
138 220 0.000
139 220 0.000
140 220 0.000
141 220 0.000
142 220 0.000
143 220 0.000
144 220 0.000
145 220 0.000
146 220 0.000
147 220 0.000
148 220 0.000
149 220 0.000
0 221 0.000
1 221 0.000
2 221 0.000
3 221 0.000
4 221 0.000
5 221 0.000
6 221 0.000
7 221 0.000
8 221 0.000
9 221 0.000
10 221 0.000
11 221 0.000
12 221 0.000
13 221 0.000
14 221 0.000
15 221 0.000
16 221 0.000
17 221 0.000
18 221 0.000
19 221 0.000
20 221 0.000
21 221 0.000
22 221 0.000
23 221 0.000
24 221 0.000
25 221 0.000
26 221 0.000
27 221 0.000
28 221 0.000
29 221 0.000
30 221 0.000
31 221 0.000
32 221 0.000
33 221 0.000
34 221 0.000
35 221 0.000
36 221 0.000
37 221 0.000
38 221 0.000
39 221 0.000
40 221 0.000
41 221 0.000
42 221 0.000
43 221 0.000
44 221 0.000
45 221 0.000
46 221 0.000
47 221 0.000
48 221 0.000
49 221 0.000
50 221 0.000
51 221 0.000
52 221 0.000
53 221 0.000
54 221 0.000
55 221 0.000
56 221 0.000
57 221 0.000
58 221 0.000
59 221 0.000
60 221 0.000
61 221 0.000
62 221 0.000
63 221 0.000
64 221 0.000
65 221 0.000
66 221 0.000
67 221 0.000
68 221 0.000
69 221 0.000
70 221 0.000
71 221 0.000
72 221 0.000
73 221 0.000
74 221 0.000
75 221 0.000
76 221 0.000
77 221 0.000
78 221 0.000
79 221 0.000
80 221 0.000
81 221 0.000
82 221 0.000
83 221 0.000
84 221 0.000
85 221 0.000
86 221 0.000
87 221 0.000
88 221 0.000
89 221 0.000
90 221 0.000
91 221 0.000
92 221 0.000
93 221 0.000
94 221 0.000
95 221 0.000
96 221 0.000
97 221 0.000
98 221 0.000
99 221 0.000
100 221 0.000
101 221 0.000
102 221 0.000
103 221 0.000
104 221 0.000
105 221 0.000
106 221 0.000
107 221 0.000
108 221 0.000
109 221 0.000
110 221 0.000
111 221 0.000
112 221 0.000
113 221 0.000
114 221 0.000
115 221 0.000
116 221 0.000
117 221 0.000
118 221 0.000
119 221 0.000
120 221 0.000
121 221 0.000
122 221 0.000
123 221 0.000
124 221 0.000
125 221 0.000
126 221 0.000
127 221 0.000
128 221 0.000
129 221 0.000
130 221 0.000
131 221 0.000
132 221 0.000
133 221 0.000
134 221 0.000
135 221 0.000
136 221 0.000
137 221 0.000
138 221 0.000
139 221 0.000
140 221 0.000
141 221 0.000
142 221 0.000
143 221 0.000
144 221 0.000
145 221 0.000
146 221 0.000
147 221 0.000
148 221 0.000
149 221 0.000
0 222 0.000
1 222 0.000
2 222 0.000
3 222 0.000
4 222 0.000
5 222 0.000
6 222 0.000
7 222 0.000
8 222 0.000
9 222 0.000
10 222 0.000
11 222 0.000
12 222 0.000
13 222 0.000
14 222 0.000
15 222 0.000
16 222 0.000
17 222 0.000
18 222 0.000
19 222 0.000
20 222 0.000
21 222 0.000
22 222 0.000
23 222 0.000
24 222 0.000
25 222 0.000
26 222 0.000
27 222 0.000
28 222 0.000
29 222 0.000
30 222 0.000
31 222 0.000
32 222 0.000
33 222 0.000
34 222 0.000
35 222 0.000
36 222 0.000
37 222 0.000
38 222 0.000
39 222 0.000
40 222 0.000
41 222 0.000
42 222 0.000
43 222 0.000
44 222 0.000
45 222 0.000
46 222 0.000
47 222 0.000
48 222 0.000
49 222 0.000
50 222 0.000
51 222 0.000
52 222 0.000
53 222 0.000
54 222 0.000
55 222 0.000
56 222 0.000
57 222 0.000
58 222 0.000
59 222 0.000
60 222 0.000
61 222 0.000
62 222 0.000
63 222 0.000
64 222 0.000
65 222 0.000
66 222 0.000
67 222 0.000
68 222 0.000
69 222 0.000
70 222 0.000
71 222 0.000
72 222 0.000
73 222 0.000
74 222 0.000
75 222 0.000
76 222 0.000
77 222 0.000
78 222 0.000
79 222 0.000
80 222 0.000
81 222 0.000
82 222 0.000
83 222 0.000
84 222 0.000
85 222 0.000
86 222 0.000
87 222 0.000
88 222 0.000
89 222 0.000
90 222 0.000
91 222 0.000
92 222 0.000
93 222 0.000
94 222 0.000
95 222 0.000
96 222 0.000
97 222 0.000
98 222 0.000
99 222 0.000
100 222 0.000
101 222 0.000
102 222 0.000
103 222 0.000
104 222 0.000
105 222 0.000
106 222 0.000
107 222 0.000
108 222 0.000
109 222 0.000
110 222 0.000
111 222 0.000
112 222 0.000
113 222 0.000
114 222 0.000
115 222 0.000
116 222 0.000
117 222 0.000
118 222 0.000
119 222 0.000
120 222 0.000
121 222 0.000
122 222 0.000
123 222 0.000
124 222 0.000
125 222 0.000
126 222 0.000
127 222 0.000
128 222 0.000
129 222 0.000
130 222 0.000
131 222 0.000
132 222 0.000
133 222 0.000
134 222 0.000
135 222 0.000
136 222 0.000
137 222 0.000
138 222 0.000
139 222 0.000
140 222 0.000
141 222 0.000
142 222 0.000
143 222 0.000
144 222 0.000
145 222 0.000
146 222 0.000
147 222 0.000
148 222 0.000
149 222 0.000
0 223 0.000
1 223 0.000
2 223 0.000
3 223 0.000
4 223 0.000
5 223 0.000
6 223 0.000
7 223 0.000
8 223 0.000
9 223 0.000
10 223 0.000
11 223 0.000
12 223 0.000
13 223 0.000
14 223 0.000
15 223 0.000
16 223 0.000
17 223 0.000
18 223 0.000
19 223 0.000
20 223 0.000
21 223 0.000
22 223 0.000
23 223 0.000
24 223 0.000
25 223 0.000
26 223 0.000
27 223 0.000
28 223 0.000
29 223 0.000
30 223 0.000
31 223 0.000
32 223 0.000
33 223 0.000
34 223 0.000
35 223 0.000
36 223 0.000
37 223 0.000
38 223 0.000
39 223 0.000
40 223 0.000
41 223 0.000
42 223 0.000
43 223 0.000
44 223 0.000
45 223 0.000
46 223 0.000
47 223 0.000
48 223 0.000
49 223 0.000
50 223 0.000
51 223 0.000
52 223 0.000
53 223 0.000
54 223 0.000
55 223 0.000
56 223 0.000
57 223 0.000
58 223 0.000
59 223 0.000
60 223 0.000
61 223 0.000
62 223 0.000
63 223 0.000
64 223 0.000
65 223 0.000
66 223 0.000
67 223 0.000
68 223 0.000
69 223 0.000
70 223 0.000
71 223 0.000
72 223 0.000
73 223 0.000
74 223 0.000
75 223 0.000
76 223 0.000
77 223 0.000
78 223 0.000
79 223 0.000
80 223 0.000
81 223 0.000
82 223 0.000
83 223 0.000
84 223 0.000
85 223 0.000
86 223 0.000
87 223 0.000
88 223 0.000
89 223 0.000
90 223 0.000
91 223 0.000
92 223 0.000
93 223 0.000
94 223 0.000
95 223 0.000
96 223 0.000
97 223 0.000
98 223 0.000
99 223 0.000
100 223 0.000
101 223 0.000
102 223 0.000
103 223 0.000
104 223 0.000
105 223 0.000
106 223 0.000
107 223 0.000
108 223 0.000
109 223 0.000
110 223 0.000
111 223 0.000
112 223 0.000
113 223 0.000
114 223 0.000
115 223 0.000
116 223 0.000
117 223 0.000
118 223 0.000
119 223 0.000
120 223 0.000
121 223 0.000
122 223 0.000
123 223 0.000
124 223 0.000
125 223 0.000
126 223 0.000
127 223 0.000
128 223 0.000
129 223 0.000
130 223 0.000
131 223 0.000
132 223 0.000
133 223 0.000
134 223 0.000
135 223 0.000
136 223 0.000
137 223 0.000
138 223 0.000
139 223 0.000
140 223 0.000
141 223 0.000
142 223 0.000
143 223 0.000
144 223 0.000
145 223 0.000
146 223 0.000
147 223 0.000
148 223 0.000
149 223 0.000
0 224 0.000
1 224 0.000
2 224 0.000
3 224 0.000
4 224 0.000
5 224 0.000
6 224 0.000
7 224 0.000
8 224 0.000
9 224 0.000
10 224 0.000
11 224 0.000
12 224 0.000
13 224 0.000
14 224 0.000
15 224 0.000
16 224 0.000
17 224 0.000
18 224 0.000
19 224 0.000
20 224 0.000
21 224 0.000
22 224 0.000
23 224 0.000
24 224 0.000
25 224 0.000
26 224 0.000
27 224 0.000
28 224 0.000
29 224 0.000
30 224 0.000
31 224 0.000
32 224 0.000
33 224 0.000
34 224 0.000
35 224 0.000
36 224 0.000
37 224 0.000
38 224 0.000
39 224 0.000
40 224 0.000
41 224 0.000
42 224 0.000
43 224 0.000
44 224 0.000
45 224 0.000
46 224 0.000
47 224 0.000
48 224 0.000
49 224 0.000
50 224 0.000
51 224 0.000
52 224 0.000
53 224 0.000
54 224 0.000
55 224 0.000
56 224 0.000
57 224 0.000
58 224 0.000
59 224 0.000
60 224 0.000
61 224 0.000
62 224 0.000
63 224 0.000
64 224 0.000
65 224 0.000
66 224 0.000
67 224 0.000
68 224 0.000
69 224 0.000
70 224 0.000
71 224 0.000
72 224 0.000
73 224 0.000
74 224 0.000
75 224 0.000
76 224 0.000
77 224 0.000
78 224 0.000
79 224 0.000
80 224 0.000
81 224 0.000
82 224 0.000
83 224 0.000
84 224 0.000
85 224 0.000
86 224 0.000
87 224 0.000
88 224 0.000
89 224 0.000
90 224 0.000
91 224 0.000
92 224 0.000
93 224 0.000
94 224 0.000
95 224 0.000
96 224 0.000
97 224 0.000
98 224 0.000
99 224 0.000
100 224 0.000
101 224 0.000
102 224 0.000
103 224 0.000
104 224 0.000
105 224 0.000
106 224 0.000
107 224 0.000
108 224 0.000
109 224 0.000
110 224 0.000
111 224 0.000
112 224 0.000
113 224 0.000
114 224 0.000
115 224 0.000
116 224 0.000
117 224 0.000
118 224 0.000
119 224 0.000
120 224 0.000
121 224 0.000
122 224 0.000
123 224 0.000
124 224 0.000
125 224 0.000
126 224 0.000
127 224 0.000
128 224 0.000
129 224 0.000
130 224 0.000
131 224 0.000
132 224 0.000
133 224 0.000
134 224 0.000
135 224 0.000
136 224 0.000
137 224 0.000
138 224 0.000
139 224 0.000
140 224 0.000
141 224 0.000
142 224 0.000
143 224 0.000
144 224 0.000
145 224 0.000
146 224 0.000
147 224 0.000
148 224 0.000
149 224 0.000
0 225 0.000
1 225 0.000
2 225 0.000
3 225 0.000
4 225 0.000
5 225 0.000
6 225 0.000
7 225 0.000
8 225 0.000
9 225 0.000
10 225 0.000
11 225 0.000
12 225 0.000
13 225 0.000
14 225 0.000
15 225 0.000
16 225 0.000
17 225 0.000
18 225 0.000
19 225 0.000
20 225 0.000
21 225 0.000
22 225 0.000
23 225 0.000
24 225 0.000
25 225 0.000
26 225 0.000
27 225 0.000
28 225 0.000
29 225 0.000
30 225 0.000
31 225 0.000
32 225 0.000
33 225 0.000
34 225 0.000
35 225 0.000
36 225 0.000
37 225 0.000
38 225 0.000
39 225 0.000
40 225 0.000
41 225 0.000
42 225 0.000
43 225 0.000
44 225 0.000
45 225 0.000
46 225 0.000
47 225 0.000
48 225 0.000
49 225 0.000
50 225 0.000
51 225 0.000
52 225 0.000
53 225 0.000
54 225 0.000
55 225 0.000
56 225 0.000
57 225 0.000
58 225 0.000
59 225 0.000
60 225 0.000
61 225 0.000
62 225 0.000
63 225 0.000
64 225 0.000
65 225 0.000
66 225 0.000
67 225 0.000
68 225 0.000
69 225 0.000
70 225 0.000
71 225 0.000
72 225 0.000
73 225 0.000
74 225 0.000
75 225 0.000
76 225 0.000
77 225 0.000
78 225 0.000
79 225 0.000
80 225 0.000
81 225 0.000
82 225 0.000
83 225 0.000
84 225 0.000
85 225 0.000
86 225 0.000
87 225 0.000
88 225 0.000
89 225 0.000
90 225 0.000
91 225 0.000
92 225 0.000
93 225 0.000
94 225 0.000
95 225 0.000
96 225 0.000
97 225 0.000
98 225 0.000
99 225 0.000
100 225 0.000
101 225 0.000
102 225 0.000
103 225 0.000
104 225 0.000
105 225 0.000
106 225 0.000
107 225 0.000
108 225 0.000
109 225 0.000
110 225 0.000
111 225 0.000
112 225 0.000
113 225 0.000
114 225 0.000
115 225 0.000
116 225 0.000
117 225 0.000
118 225 0.000
119 225 0.000
120 225 0.000
121 225 0.000
122 225 0.000
123 225 0.000
124 225 0.000
125 225 0.000
126 225 0.000
127 225 0.000
128 225 0.000
129 225 0.000
130 225 0.000
131 225 0.000
132 225 0.000
133 225 0.000
134 225 0.000
135 225 0.000
136 225 0.000
137 225 0.000
138 225 0.000
139 225 0.000
140 225 0.000
141 225 0.000
142 225 0.000
143 225 0.000
144 225 0.000
145 225 0.000
146 225 0.000
147 225 0.000
148 225 0.000
149 225 0.000
0 226 0.000
1 226 0.000
2 226 0.000
3 226 0.000
4 226 0.000
5 226 0.000
6 226 0.000
7 226 0.000
8 226 0.000
9 226 0.000
10 226 0.000
11 226 0.000
12 226 0.000
13 226 0.000
14 226 0.000
15 226 0.000
16 226 0.000
17 226 0.000
18 226 0.000
19 226 0.000
20 226 0.000
21 226 0.000
22 226 0.000
23 226 0.000
24 226 0.000
25 226 0.000
26 226 0.000
27 226 0.000
28 226 0.000
29 226 0.000
30 226 0.000
31 226 0.000
32 226 0.000
33 226 0.000
34 226 0.000
35 226 0.000
36 226 0.000
37 226 0.000
38 226 0.000
39 226 0.000
40 226 0.000
41 226 0.000
42 226 0.000
43 226 0.000
44 226 0.000
45 226 0.000
46 226 0.000
47 226 0.000
48 226 0.000
49 226 0.000
50 226 0.000
51 226 0.000
52 226 0.000
53 226 0.000
54 226 0.000
55 226 0.000
56 226 0.000
57 226 0.000
58 226 0.000
59 226 0.000
60 226 0.000
61 226 0.000
62 226 0.000
63 226 0.000
64 226 0.000
65 226 0.000
66 226 0.000
67 226 0.000
68 226 0.000
69 226 0.000
70 226 0.000
71 226 0.000
72 226 0.000
73 226 0.000
74 226 0.000
75 226 0.000
76 226 0.000
77 226 0.000
78 226 0.000
79 226 0.000
80 226 0.000
81 226 0.000
82 226 0.000
83 226 0.000
84 226 0.000
85 226 0.000
86 226 0.000
87 226 0.000
88 226 0.000
89 226 0.000
90 226 0.000
91 226 0.000
92 226 0.000
93 226 0.000
94 226 0.000
95 226 0.000
96 226 0.000
97 226 0.000
98 226 0.000
99 226 0.000
100 226 0.000
101 226 0.000
102 226 0.000
103 226 0.000
104 226 0.000
105 226 0.000
106 226 0.000
107 226 0.000
108 226 0.000
109 226 0.000
110 226 0.000
111 226 0.000
112 226 0.000
113 226 0.000
114 226 0.000
115 226 0.000
116 226 0.000
117 226 0.000
118 226 0.000
119 226 0.000
120 226 0.000
121 226 0.000
122 226 0.000
123 226 0.000
124 226 0.000
125 226 0.000
126 226 0.000
127 226 0.000
128 226 0.000
129 226 0.000
130 226 0.000
131 226 0.000
132 226 0.000
133 226 0.000
134 226 0.000
135 226 0.000
136 226 0.000
137 226 0.000
138 226 0.000
139 226 0.000
140 226 0.000
141 226 0.000
142 226 0.000
143 226 0.000
144 226 0.000
145 226 0.000
146 226 0.000
147 226 0.000
148 226 0.000
149 226 0.000
0 227 0.000
1 227 0.000
2 227 0.000
3 227 0.000
4 227 0.000
5 227 0.000
6 227 0.000
7 227 0.000
8 227 0.000
9 227 0.000
10 227 0.000
11 227 0.000
12 227 0.000
13 227 0.000
14 227 0.000
15 227 0.000
16 227 0.000
17 227 0.000
18 227 0.000
19 227 0.000
20 227 0.000
21 227 0.000
22 227 0.000
23 227 0.000
24 227 0.000
25 227 0.000
26 227 0.000
27 227 0.000
28 227 0.000
29 227 0.000
30 227 0.000
31 227 0.000
32 227 0.000
33 227 0.000
34 227 0.000
35 227 0.000
36 227 0.000
37 227 0.000
38 227 0.000
39 227 0.000
40 227 0.000
41 227 0.000
42 227 0.000
43 227 0.000
44 227 0.000
45 227 0.000
46 227 0.000
47 227 0.000
48 227 0.000
49 227 0.000
50 227 0.000
51 227 0.000
52 227 0.000
53 227 0.000
54 227 0.000
55 227 0.000
56 227 0.000
57 227 0.000
58 227 0.000
59 227 0.000
60 227 0.000
61 227 0.000
62 227 0.000
63 227 0.000
64 227 0.000
65 227 0.000
66 227 0.000
67 227 0.000
68 227 0.000
69 227 0.000
70 227 0.000
71 227 0.000
72 227 0.000
73 227 0.000
74 227 0.000
75 227 0.000
76 227 0.000
77 227 0.000
78 227 0.000
79 227 0.000
80 227 0.000
81 227 0.000
82 227 0.000
83 227 0.000
84 227 0.000
85 227 0.000
86 227 0.000
87 227 0.000
88 227 0.000
89 227 0.000
90 227 0.000
91 227 0.000
92 227 0.000
93 227 0.000
94 227 0.000
95 227 0.000
96 227 0.000
97 227 0.000
98 227 0.000
99 227 0.000
100 227 0.000
101 227 0.000
102 227 0.000
103 227 0.000
104 227 0.000
105 227 0.000
106 227 0.000
107 227 0.000
108 227 0.000
109 227 0.000
110 227 0.000
111 227 0.000
112 227 0.000
113 227 0.000
114 227 0.000
115 227 0.000
116 227 0.000
117 227 0.000
118 227 0.000
119 227 0.000
120 227 0.000
121 227 0.000
122 227 0.000
123 227 0.000
124 227 0.000
125 227 0.000
126 227 0.000
127 227 0.000
128 227 0.000
129 227 0.000
130 227 0.000
131 227 0.000
132 227 0.000
133 227 0.000
134 227 0.000
135 227 0.000
136 227 0.000
137 227 0.000
138 227 0.000
139 227 0.000
140 227 0.000
141 227 0.000
142 227 0.000
143 227 0.000
144 227 0.000
145 227 0.000
146 227 0.000
147 227 0.000
148 227 0.000
149 227 0.000
0 228 0.000
1 228 0.000
2 228 0.000
3 228 0.000
4 228 0.000
5 228 0.000
6 228 0.000
7 228 0.000
8 228 0.000
9 228 0.000
10 228 0.000
11 228 0.000
12 228 0.000
13 228 0.000
14 228 0.000
15 228 0.000
16 228 0.000
17 228 0.000
18 228 0.000
19 228 0.000
20 228 0.000
21 228 0.000
22 228 0.000
23 228 0.000
24 228 0.000
25 228 0.000
26 228 0.000
27 228 0.000
28 228 0.000
29 228 0.000
30 228 0.000
31 228 0.000
32 228 0.000
33 228 0.000
34 228 0.000
35 228 0.000
36 228 0.000
37 228 0.000
38 228 0.000
39 228 0.000
40 228 0.000
41 228 0.000
42 228 0.000
43 228 0.000
44 228 0.000
45 228 0.000
46 228 0.000
47 228 0.000
48 228 0.000
49 228 0.000
50 228 0.000
51 228 0.000
52 228 0.000
53 228 0.000
54 228 0.000
55 228 0.000
56 228 0.000
57 228 0.000
58 228 0.000
59 228 0.000
60 228 0.000
61 228 0.000
62 228 0.000
63 228 0.000
64 228 0.000
65 228 0.000
66 228 0.000
67 228 0.000
68 228 0.000
69 228 0.000
70 228 0.000
71 228 0.000
72 228 0.000
73 228 0.000
74 228 0.000
75 228 0.000
76 228 0.000
77 228 0.000
78 228 0.000
79 228 0.000
80 228 0.000
81 228 0.000
82 228 0.000
83 228 0.000
84 228 0.000
85 228 0.000
86 228 0.000
87 228 0.000
88 228 0.000
89 228 0.000
90 228 0.000
91 228 0.000
92 228 0.000
93 228 0.000
94 228 0.000
95 228 0.000
96 228 0.000
97 228 0.000
98 228 0.000
99 228 0.000
100 228 0.000
101 228 0.000
102 228 0.000
103 228 0.000
104 228 0.000
105 228 0.000
106 228 0.000
107 228 0.000
108 228 0.000
109 228 0.000
110 228 0.000
111 228 0.000
112 228 0.000
113 228 0.000
114 228 0.000
115 228 0.000
116 228 0.000
117 228 0.000
118 228 0.000
119 228 0.000
120 228 0.000
121 228 0.000
122 228 0.000
123 228 0.000
124 228 0.000
125 228 0.000
126 228 0.000
127 228 0.000
128 228 0.000
129 228 0.000
130 228 0.000
131 228 0.000
132 228 0.000
133 228 0.000
134 228 0.000
135 228 0.000
136 228 0.000
137 228 0.000
138 228 0.000
139 228 0.000
140 228 0.000
141 228 0.000
142 228 0.000
143 228 0.000
144 228 0.000
145 228 0.000
146 228 0.000
147 228 0.000
148 228 0.000
149 228 0.000
0 229 0.000
1 229 0.000
2 229 0.000
3 229 0.000
4 229 0.000
5 229 0.000
6 229 0.000
7 229 0.000
8 229 0.000
9 229 0.000
10 229 0.000
11 229 0.000
12 229 0.000
13 229 0.000
14 229 0.000
15 229 0.000
16 229 0.000
17 229 0.000
18 229 0.000
19 229 0.000
20 229 0.000
21 229 0.000
22 229 0.000
23 229 0.000
24 229 0.000
25 229 0.000
26 229 0.000
27 229 0.000
28 229 0.000
29 229 0.000
30 229 0.000
31 229 0.000
32 229 0.000
33 229 0.000
34 229 0.000
35 229 0.000
36 229 0.000
37 229 0.000
38 229 0.000
39 229 0.000
40 229 0.000
41 229 0.000
42 229 0.000
43 229 0.000
44 229 0.000
45 229 0.000
46 229 0.000
47 229 0.000
48 229 0.000
49 229 0.000
50 229 0.000
51 229 0.000
52 229 0.000
53 229 0.000
54 229 0.000
55 229 0.000
56 229 0.000
57 229 0.000
58 229 0.000
59 229 0.000
60 229 0.000
61 229 0.000
62 229 0.000
63 229 0.000
64 229 0.000
65 229 0.000
66 229 0.000
67 229 0.000
68 229 0.000
69 229 0.000
70 229 0.000
71 229 0.000
72 229 0.000
73 229 0.000
74 229 0.000
75 229 0.000
76 229 0.000
77 229 0.000
78 229 0.000
79 229 0.000
80 229 0.000
81 229 0.000
82 229 0.000
83 229 0.000
84 229 0.000
85 229 0.000
86 229 0.000
87 229 0.000
88 229 0.000
89 229 0.000
90 229 0.000
91 229 0.000
92 229 0.000
93 229 0.000
94 229 0.000
95 229 0.000
96 229 0.000
97 229 0.000
98 229 0.000
99 229 0.000
100 229 0.000
101 229 0.000
102 229 0.000
103 229 0.000
104 229 0.000
105 229 0.000
106 229 0.000
107 229 0.000
108 229 0.000
109 229 0.000
110 229 0.000
111 229 0.000
112 229 0.000
113 229 0.000
114 229 0.000
115 229 0.000
116 229 0.000
117 229 0.000
118 229 0.000
119 229 0.000
120 229 0.000
121 229 0.000
122 229 0.000
123 229 0.000
124 229 0.000
125 229 0.000
126 229 0.000
127 229 0.000
128 229 0.000
129 229 0.000
130 229 0.000
131 229 0.000
132 229 0.000
133 229 0.000
134 229 0.000
135 229 0.000
136 229 0.000
137 229 0.000
138 229 0.000
139 229 0.000
140 229 0.000
141 229 0.000
142 229 0.000
143 229 0.000
144 229 0.000
145 229 0.000
146 229 0.000
147 229 0.000
148 229 0.000
149 229 0.000
0 230 0.000
1 230 0.000
2 230 0.000
3 230 0.000
4 230 0.000
5 230 0.000
6 230 0.000
7 230 0.000
8 230 0.000
9 230 0.000
10 230 0.000
11 230 0.000
12 230 0.000
13 230 0.000
14 230 0.000
15 230 0.000
16 230 0.000
17 230 0.000
18 230 0.000
19 230 0.000
20 230 0.000
21 230 0.000
22 230 0.000
23 230 0.000
24 230 0.000
25 230 0.000
26 230 0.000
27 230 0.000
28 230 0.000
29 230 0.000
30 230 0.000
31 230 0.000
32 230 0.000
33 230 0.000
34 230 0.000
35 230 0.000
36 230 0.000
37 230 0.000
38 230 0.000
39 230 0.000
40 230 0.000
41 230 0.000
42 230 0.000
43 230 0.000
44 230 0.000
45 230 0.000
46 230 0.000
47 230 0.000
48 230 0.000
49 230 0.000
50 230 0.000
51 230 0.000
52 230 0.000
53 230 0.000
54 230 0.000
55 230 0.000
56 230 0.000
57 230 0.000
58 230 0.000
59 230 0.000
60 230 0.000
61 230 0.000
62 230 0.000
63 230 0.000
64 230 0.000
65 230 0.000
66 230 0.000
67 230 0.000
68 230 0.000
69 230 0.000
70 230 0.000
71 230 0.000
72 230 0.000
73 230 0.000
74 230 0.000
75 230 0.000
76 230 0.000
77 230 0.000
78 230 0.000
79 230 0.000
80 230 0.000
81 230 0.000
82 230 0.000
83 230 0.000
84 230 0.000
85 230 0.000
86 230 0.000
87 230 0.000
88 230 0.000
89 230 0.000
90 230 0.000
91 230 0.000
92 230 0.000
93 230 0.000
94 230 0.000
95 230 0.000
96 230 0.000
97 230 0.000
98 230 0.000
99 230 0.000
100 230 0.000
101 230 0.000
102 230 0.000
103 230 0.000
104 230 0.000
105 230 0.000
106 230 0.000
107 230 0.000
108 230 0.000
109 230 0.000
110 230 0.000
111 230 0.000
112 230 0.000
113 230 0.000
114 230 0.000
115 230 0.000
116 230 0.000
117 230 0.000
118 230 0.000
119 230 0.000
120 230 0.000
121 230 0.000
122 230 0.000
123 230 0.000
124 230 0.000
125 230 0.000
126 230 0.000
127 230 0.000
128 230 0.000
129 230 0.000
130 230 0.000
131 230 0.000
132 230 0.000
133 230 0.000
134 230 0.000
135 230 0.000
136 230 0.000
137 230 0.000
138 230 0.000
139 230 0.000
140 230 0.000
141 230 0.000
142 230 0.000
143 230 0.000
144 230 0.000
145 230 0.000
146 230 0.000
147 230 0.000
148 230 0.000
149 230 0.000
0 231 0.000
1 231 0.000
2 231 0.000
3 231 0.000
4 231 0.000
5 231 0.000
6 231 0.000
7 231 0.000
8 231 0.000
9 231 0.000
10 231 0.000
11 231 0.000
12 231 0.000
13 231 0.000
14 231 0.000
15 231 0.000
16 231 0.000
17 231 0.000
18 231 0.000
19 231 0.000
20 231 0.000
21 231 0.000
22 231 0.000
23 231 0.000
24 231 0.000
25 231 0.000
26 231 0.000
27 231 0.000
28 231 0.000
29 231 0.000
30 231 0.000
31 231 0.000
32 231 0.000
33 231 0.000
34 231 0.000
35 231 0.000
36 231 0.000
37 231 0.000
38 231 0.000
39 231 0.000
40 231 0.000
41 231 0.000
42 231 0.000
43 231 0.000
44 231 0.000
45 231 0.000
46 231 0.000
47 231 0.000
48 231 0.000
49 231 0.000
50 231 0.000
51 231 0.000
52 231 0.000
53 231 0.000
54 231 0.000
55 231 0.000
56 231 0.000
57 231 0.000
58 231 0.000
59 231 0.000
60 231 0.000
61 231 0.000
62 231 0.000
63 231 0.000
64 231 0.000
65 231 0.000
66 231 0.000
67 231 0.000
68 231 0.000
69 231 0.000
70 231 0.000
71 231 0.000
72 231 0.000
73 231 0.000
74 231 0.000
75 231 0.000
76 231 0.000
77 231 0.000
78 231 0.000
79 231 0.000
80 231 0.000
81 231 0.000
82 231 0.000
83 231 0.000
84 231 0.000
85 231 0.000
86 231 0.000
87 231 0.000
88 231 0.000
89 231 0.000
90 231 0.000
91 231 0.000
92 231 0.000
93 231 0.000
94 231 0.000
95 231 0.000
96 231 0.000
97 231 0.000
98 231 0.000
99 231 0.000
100 231 0.000
101 231 0.000
102 231 0.000
103 231 0.000
104 231 0.000
105 231 0.000
106 231 0.000
107 231 0.000
108 231 0.000
109 231 0.000
110 231 0.000
111 231 0.000
112 231 0.000
113 231 0.000
114 231 0.000
115 231 0.000
116 231 0.000
117 231 0.000
118 231 0.000
119 231 0.000
120 231 0.000
121 231 0.000
122 231 0.000
123 231 0.000
124 231 0.000
125 231 0.000
126 231 0.000
127 231 0.000
128 231 0.000
129 231 0.000
130 231 0.000
131 231 0.000
132 231 0.000
133 231 0.000
134 231 0.000
135 231 0.000
136 231 0.000
137 231 0.000
138 231 0.000
139 231 0.000
140 231 0.000
141 231 0.000
142 231 0.000
143 231 0.000
144 231 0.000
145 231 0.000
146 231 0.000
147 231 0.000
148 231 0.000
149 231 0.000
0 232 0.000
1 232 0.000
2 232 0.000
3 232 0.000
4 232 0.000
5 232 0.000
6 232 0.000
7 232 0.000
8 232 0.000
9 232 0.000
10 232 0.000
11 232 0.000
12 232 0.000
13 232 0.000
14 232 0.000
15 232 0.000
16 232 0.000
17 232 0.000
18 232 0.000
19 232 0.000
20 232 0.000
21 232 0.000
22 232 0.000
23 232 0.000
24 232 0.000
25 232 0.000
26 232 0.000
27 232 0.000
28 232 0.000
29 232 0.000
30 232 0.000
31 232 0.000
32 232 0.000
33 232 0.000
34 232 0.000
35 232 0.000
36 232 0.000
37 232 0.000
38 232 0.000
39 232 0.000
40 232 0.000
41 232 0.000
42 232 0.000
43 232 0.000
44 232 0.000
45 232 0.000
46 232 0.000
47 232 0.000
48 232 0.000
49 232 0.000
50 232 0.000
51 232 0.000
52 232 0.000
53 232 0.000
54 232 0.000
55 232 0.000
56 232 0.000
57 232 0.000
58 232 0.000
59 232 0.000
60 232 0.000
61 232 0.000
62 232 0.000
63 232 0.000
64 232 0.000
65 232 0.000
66 232 0.000
67 232 0.000
68 232 0.000
69 232 0.000
70 232 0.000
71 232 0.000
72 232 0.000
73 232 0.000
74 232 0.000
75 232 0.000
76 232 0.000
77 232 0.000
78 232 0.000
79 232 0.000
80 232 0.000
81 232 0.000
82 232 0.000
83 232 0.000
84 232 0.000
85 232 0.000
86 232 0.000
87 232 0.000
88 232 0.000
89 232 0.000
90 232 0.000
91 232 0.000
92 232 0.000
93 232 0.000
94 232 0.000
95 232 0.000
96 232 0.000
97 232 0.000
98 232 0.000
99 232 0.000
100 232 0.000
101 232 0.000
102 232 0.000
103 232 0.000
104 232 0.000
105 232 0.000
106 232 0.000
107 232 0.000
108 232 0.000
109 232 0.000
110 232 0.000
111 232 0.000
112 232 0.000
113 232 0.000
114 232 0.000
115 232 0.000
116 232 0.000
117 232 0.000
118 232 0.000
119 232 0.000
120 232 0.000
121 232 0.000
122 232 0.000
123 232 0.000
124 232 0.000
125 232 0.000
126 232 0.000
127 232 0.000
128 232 0.000
129 232 0.000
130 232 0.000
131 232 0.000
132 232 0.000
133 232 0.000
134 232 0.000
135 232 0.000
136 232 0.000
137 232 0.000
138 232 0.000
139 232 0.000
140 232 0.000
141 232 0.000
142 232 0.000
143 232 0.000
144 232 0.000
145 232 0.000
146 232 0.000
147 232 0.000
148 232 0.000
149 232 0.000
0 233 0.000
1 233 0.000
2 233 0.000
3 233 0.000
4 233 0.000
5 233 0.000
6 233 0.000
7 233 0.000
8 233 0.000
9 233 0.000
10 233 0.000
11 233 0.000
12 233 0.000
13 233 0.000
14 233 0.000
15 233 0.000
16 233 0.000
17 233 0.000
18 233 0.000
19 233 0.000
20 233 0.000
21 233 0.000
22 233 0.000
23 233 0.000
24 233 0.000
25 233 0.000
26 233 0.000
27 233 0.000
28 233 0.000
29 233 0.000
30 233 0.000
31 233 0.000
32 233 0.000
33 233 0.000
34 233 0.000
35 233 0.000
36 233 0.000
37 233 0.000
38 233 0.000
39 233 0.000
40 233 0.000
41 233 0.000
42 233 0.000
43 233 0.000
44 233 0.000
45 233 0.000
46 233 0.000
47 233 0.000
48 233 0.000
49 233 0.000
50 233 0.000
51 233 0.000
52 233 0.000
53 233 0.000
54 233 0.000
55 233 0.000
56 233 0.000
57 233 0.000
58 233 0.000
59 233 0.000
60 233 0.000
61 233 0.000
62 233 0.000
63 233 0.000
64 233 0.000
65 233 0.000
66 233 0.000
67 233 0.000
68 233 0.000
69 233 0.000
70 233 0.000
71 233 0.000
72 233 0.000
73 233 0.000
74 233 0.000
75 233 0.000
76 233 0.000
77 233 0.000
78 233 0.000
79 233 0.000
80 233 0.000
81 233 0.000
82 233 0.000
83 233 0.000
84 233 0.000
85 233 0.000
86 233 0.000
87 233 0.000
88 233 0.000
89 233 0.000
90 233 0.000
91 233 0.000
92 233 0.000
93 233 0.000
94 233 0.000
95 233 0.000
96 233 0.000
97 233 0.000
98 233 0.000
99 233 0.000
100 233 0.000
101 233 0.000
102 233 0.000
103 233 0.000
104 233 0.000
105 233 0.000
106 233 0.000
107 233 0.000
108 233 0.000
109 233 0.000
110 233 0.000
111 233 0.000
112 233 0.000
113 233 0.000
114 233 0.000
115 233 0.000
116 233 0.000
117 233 0.000
118 233 0.000
119 233 0.000
120 233 0.000
121 233 0.000
122 233 0.000
123 233 0.000
124 233 0.000
125 233 0.000
126 233 0.000
127 233 0.000
128 233 0.000
129 233 0.000
130 233 0.000
131 233 0.000
132 233 0.000
133 233 0.000
134 233 0.000
135 233 0.000
136 233 0.000
137 233 0.000
138 233 0.000
139 233 0.000
140 233 0.000
141 233 0.000
142 233 0.000
143 233 0.000
144 233 0.000
145 233 0.000
146 233 0.000
147 233 0.000
148 233 0.000
149 233 0.000
0 234 0.000
1 234 0.000
2 234 0.000
3 234 0.000
4 234 0.000
5 234 0.000
6 234 0.000
7 234 0.000
8 234 0.000
9 234 0.000
10 234 0.000
11 234 0.000
12 234 0.000
13 234 0.000
14 234 0.000
15 234 0.000
16 234 0.000
17 234 0.000
18 234 0.000
19 234 0.000
20 234 0.000
21 234 0.000
22 234 0.000
23 234 0.000
24 234 0.000
25 234 0.000
26 234 0.000
27 234 0.000
28 234 0.000
29 234 0.000
30 234 0.000
31 234 0.000
32 234 0.000
33 234 0.000
34 234 0.000
35 234 0.000
36 234 0.000
37 234 0.000
38 234 0.000
39 234 0.000
40 234 0.000
41 234 0.000
42 234 0.000
43 234 0.000
44 234 0.000
45 234 0.000
46 234 0.000
47 234 0.000
48 234 0.000
49 234 0.000
50 234 0.000
51 234 0.000
52 234 0.000
53 234 0.000
54 234 0.000
55 234 0.000
56 234 0.000
57 234 0.000
58 234 0.000
59 234 0.000
60 234 0.000
61 234 0.000
62 234 0.000
63 234 0.000
64 234 0.000
65 234 0.000
66 234 0.000
67 234 0.000
68 234 0.000
69 234 0.000
70 234 0.000
71 234 0.000
72 234 0.000
73 234 0.000
74 234 0.000
75 234 0.000
76 234 0.000
77 234 0.000
78 234 0.000
79 234 0.000
80 234 0.000
81 234 0.000
82 234 0.000
83 234 0.000
84 234 0.000
85 234 0.000
86 234 0.000
87 234 0.000
88 234 0.000
89 234 0.000
90 234 0.000
91 234 0.000
92 234 0.000
93 234 0.000
94 234 0.000
95 234 0.000
96 234 0.000
97 234 0.000
98 234 0.000
99 234 0.000
100 234 0.000
101 234 0.000
102 234 0.000
103 234 0.000
104 234 0.000
105 234 0.000
106 234 0.000
107 234 0.000
108 234 0.000
109 234 0.000
110 234 0.000
111 234 0.000
112 234 0.000
113 234 0.000
114 234 0.000
115 234 0.000
116 234 0.000
117 234 0.000
118 234 0.000
119 234 0.000
120 234 0.000
121 234 0.000
122 234 0.000
123 234 0.000
124 234 0.000
125 234 0.000
126 234 0.000
127 234 0.000
128 234 0.000
129 234 0.000
130 234 0.000
131 234 0.000
132 234 0.000
133 234 0.000
134 234 0.000
135 234 0.000
136 234 0.000
137 234 0.000
138 234 0.000
139 234 0.000
140 234 0.000
141 234 0.000
142 234 0.000
143 234 0.000
144 234 0.000
145 234 0.000
146 234 0.000
147 234 0.000
148 234 0.000
149 234 0.000
0 235 0.000
1 235 0.000
2 235 0.000
3 235 0.000
4 235 0.000
5 235 0.000
6 235 0.000
7 235 0.000
8 235 0.000
9 235 0.000
10 235 0.000
11 235 0.000
12 235 0.000
13 235 0.000
14 235 0.000
15 235 0.000
16 235 0.000
17 235 0.000
18 235 0.000
19 235 0.000
20 235 0.000
21 235 0.000
22 235 0.000
23 235 0.000
24 235 0.000
25 235 0.000
26 235 0.000
27 235 0.000
28 235 0.000
29 235 0.000
30 235 0.000
31 235 0.000
32 235 0.000
33 235 0.000
34 235 0.000
35 235 0.000
36 235 0.000
37 235 0.000
38 235 0.000
39 235 0.000
40 235 0.000
41 235 0.000
42 235 0.000
43 235 0.000
44 235 0.000
45 235 0.000
46 235 0.000
47 235 0.000
48 235 0.000
49 235 0.000
50 235 0.000
51 235 0.000
52 235 0.000
53 235 0.000
54 235 0.000
55 235 0.000
56 235 0.000
57 235 0.000
58 235 0.000
59 235 0.000
60 235 0.000
61 235 0.000
62 235 0.000
63 235 0.000
64 235 0.000
65 235 0.000
66 235 0.000
67 235 0.000
68 235 0.000
69 235 0.000
70 235 0.000
71 235 0.000
72 235 0.000
73 235 0.000
74 235 0.000
75 235 0.000
76 235 0.000
77 235 0.000
78 235 0.000
79 235 0.000
80 235 0.000
81 235 0.000
82 235 0.000
83 235 0.000
84 235 0.000
85 235 0.000
86 235 0.000
87 235 0.000
88 235 0.000
89 235 0.000
90 235 0.000
91 235 0.000
92 235 0.000
93 235 0.000
94 235 0.000
95 235 0.000
96 235 0.000
97 235 0.000
98 235 0.000
99 235 0.000
100 235 0.000
101 235 0.000
102 235 0.000
103 235 0.000
104 235 0.000
105 235 0.000
106 235 0.000
107 235 0.000
108 235 0.000
109 235 0.000
110 235 0.000
111 235 0.000
112 235 0.000
113 235 0.000
114 235 0.000
115 235 0.000
116 235 0.000
117 235 0.000
118 235 0.000
119 235 0.000
120 235 0.000
121 235 0.000
122 235 0.000
123 235 0.000
124 235 0.000
125 235 0.000
126 235 0.000
127 235 0.000
128 235 0.000
129 235 0.000
130 235 0.000
131 235 0.000
132 235 0.000
133 235 0.000
134 235 0.000
135 235 0.000
136 235 0.000
137 235 0.000
138 235 0.000
139 235 0.000
140 235 0.000
141 235 0.000
142 235 0.000
143 235 0.000
144 235 0.000
145 235 0.000
146 235 0.000
147 235 0.000
148 235 0.000
149 235 0.000
0 236 0.000
1 236 0.000
2 236 0.000
3 236 0.000
4 236 0.000
5 236 0.000
6 236 0.000
7 236 0.000
8 236 0.000
9 236 0.000
10 236 0.000
11 236 0.000
12 236 0.000
13 236 0.000
14 236 0.000
15 236 0.000
16 236 0.000
17 236 0.000
18 236 0.000
19 236 0.000
20 236 0.000
21 236 0.000
22 236 0.000
23 236 0.000
24 236 0.000
25 236 0.000
26 236 0.000
27 236 0.000
28 236 0.000
29 236 0.000
30 236 0.000
31 236 0.000
32 236 0.000
33 236 0.000
34 236 0.000
35 236 0.000
36 236 0.000
37 236 0.000
38 236 0.000
39 236 0.000
40 236 0.000
41 236 0.000
42 236 0.000
43 236 0.000
44 236 0.000
45 236 0.000
46 236 0.000
47 236 0.000
48 236 0.000
49 236 0.000
50 236 0.000
51 236 0.000
52 236 0.000
53 236 0.000
54 236 0.000
55 236 0.000
56 236 0.000
57 236 0.000
58 236 0.000
59 236 0.000
60 236 0.000
61 236 0.000
62 236 0.000
63 236 0.000
64 236 0.000
65 236 0.000
66 236 0.000
67 236 0.000
68 236 0.000
69 236 0.000
70 236 0.000
71 236 0.000
72 236 0.000
73 236 0.000
74 236 0.000
75 236 0.000
76 236 0.000
77 236 0.000
78 236 0.000
79 236 0.000
80 236 0.000
81 236 0.000
82 236 0.000
83 236 0.000
84 236 0.000
85 236 0.000
86 236 0.000
87 236 0.000
88 236 0.000
89 236 0.000
90 236 0.000
91 236 0.000
92 236 0.000
93 236 0.000
94 236 0.000
95 236 0.000
96 236 0.000
97 236 0.000
98 236 0.000
99 236 0.000
100 236 0.000
101 236 0.000
102 236 0.000
103 236 0.000
104 236 0.000
105 236 0.000
106 236 0.000
107 236 0.000
108 236 0.000
109 236 0.000
110 236 0.000
111 236 0.000
112 236 0.000
113 236 0.000
114 236 0.000
115 236 0.000
116 236 0.000
117 236 0.000
118 236 0.000
119 236 0.000
120 236 0.000
121 236 0.000
122 236 0.000
123 236 0.000
124 236 0.000
125 236 0.000
126 236 0.000
127 236 0.000
128 236 0.000
129 236 0.000
130 236 0.000
131 236 0.000
132 236 0.000
133 236 0.000
134 236 0.000
135 236 0.000
136 236 0.000
137 236 0.000
138 236 0.000
139 236 0.000
140 236 0.000
141 236 0.000
142 236 0.000
143 236 0.000
144 236 0.000
145 236 0.000
146 236 0.000
147 236 0.000
148 236 0.000
149 236 0.000
0 237 0.000
1 237 0.000
2 237 0.000
3 237 0.000
4 237 0.000
5 237 0.000
6 237 0.000
7 237 0.000
8 237 0.000
9 237 0.000
10 237 0.000
11 237 0.000
12 237 0.000
13 237 0.000
14 237 0.000
15 237 0.000
16 237 0.000
17 237 0.000
18 237 0.000
19 237 0.000
20 237 0.000
21 237 0.000
22 237 0.000
23 237 0.000
24 237 0.000
25 237 0.000
26 237 0.000
27 237 0.000
28 237 0.000
29 237 0.000
30 237 0.000
31 237 0.000
32 237 0.000
33 237 0.000
34 237 0.000
35 237 0.000
36 237 0.000
37 237 0.000
38 237 0.000
39 237 0.000
40 237 0.000
41 237 0.000
42 237 0.000
43 237 0.000
44 237 0.000
45 237 0.000
46 237 0.000
47 237 0.000
48 237 0.000
49 237 0.000
50 237 0.000
51 237 0.000
52 237 0.000
53 237 0.000
54 237 0.000
55 237 0.000
56 237 0.000
57 237 0.000
58 237 0.000
59 237 0.000
60 237 0.000
61 237 0.000
62 237 0.000
63 237 0.000
64 237 0.000
65 237 0.000
66 237 0.000
67 237 0.000
68 237 0.000
69 237 0.000
70 237 0.000
71 237 0.000
72 237 0.000
73 237 0.000
74 237 0.000
75 237 0.000
76 237 0.000
77 237 0.000
78 237 0.000
79 237 0.000
80 237 0.000
81 237 0.000
82 237 0.000
83 237 0.000
84 237 0.000
85 237 0.000
86 237 0.000
87 237 0.000
88 237 0.000
89 237 0.000
90 237 0.000
91 237 0.000
92 237 0.000
93 237 0.000
94 237 0.000
95 237 0.000
96 237 0.000
97 237 0.000
98 237 0.000
99 237 0.000
100 237 0.000
101 237 0.000
102 237 0.000
103 237 0.000
104 237 0.000
105 237 0.000
106 237 0.000
107 237 0.000
108 237 0.000
109 237 0.000
110 237 0.000
111 237 0.000
112 237 0.000
113 237 0.000
114 237 0.000
115 237 0.000
116 237 0.000
117 237 0.000
118 237 0.000
119 237 0.000
120 237 0.000
121 237 0.000
122 237 0.000
123 237 0.000
124 237 0.000
125 237 0.000
126 237 0.000
127 237 0.000
128 237 0.000
129 237 0.000
130 237 0.000
131 237 0.000
132 237 0.000
133 237 0.000
134 237 0.000
135 237 0.000
136 237 0.000
137 237 0.000
138 237 0.000
139 237 0.000
140 237 0.000
141 237 0.000
142 237 0.000
143 237 0.000
144 237 0.000
145 237 0.000
146 237 0.000
147 237 0.000
148 237 0.000
149 237 0.000
0 238 0.000
1 238 0.000
2 238 0.000
3 238 0.000
4 238 0.000
5 238 0.000
6 238 0.000
7 238 0.000
8 238 0.000
9 238 0.000
10 238 0.000
11 238 0.000
12 238 0.000
13 238 0.000
14 238 0.000
15 238 0.000
16 238 0.000
17 238 0.000
18 238 0.000
19 238 0.000
20 238 0.000
21 238 0.000
22 238 0.000
23 238 0.000
24 238 0.000
25 238 0.000
26 238 0.000
27 238 0.000
28 238 0.000
29 238 0.000
30 238 0.000
31 238 0.000
32 238 0.000
33 238 0.000
34 238 0.000
35 238 0.000
36 238 0.000
37 238 0.000
38 238 0.000
39 238 0.000
40 238 0.000
41 238 0.000
42 238 0.000
43 238 0.000
44 238 0.000
45 238 0.000
46 238 0.000
47 238 0.000
48 238 0.000
49 238 0.000
50 238 0.000
51 238 0.000
52 238 0.000
53 238 0.000
54 238 0.000
55 238 0.000
56 238 0.000
57 238 0.000
58 238 0.000
59 238 0.000
60 238 0.000
61 238 0.000
62 238 0.000
63 238 0.000
64 238 0.000
65 238 0.000
66 238 0.000
67 238 0.000
68 238 0.000
69 238 0.000
70 238 0.000
71 238 0.000
72 238 0.000
73 238 0.000
74 238 0.000
75 238 0.000
76 238 0.000
77 238 0.000
78 238 0.000
79 238 0.000
80 238 0.000
81 238 0.000
82 238 0.000
83 238 0.000
84 238 0.000
85 238 0.000
86 238 0.000
87 238 0.000
88 238 0.000
89 238 0.000
90 238 0.000
91 238 0.000
92 238 0.000
93 238 0.000
94 238 0.000
95 238 0.000
96 238 0.000
97 238 0.000
98 238 0.000
99 238 0.000
100 238 0.000
101 238 0.000
102 238 0.000
103 238 0.000
104 238 0.000
105 238 0.000
106 238 0.000
107 238 0.000
108 238 0.000
109 238 0.000
110 238 0.000
111 238 0.000
112 238 0.000
113 238 0.000
114 238 0.000
115 238 0.000
116 238 0.000
117 238 0.000
118 238 0.000
119 238 0.000
120 238 0.000
121 238 0.000
122 238 0.000
123 238 0.000
124 238 0.000
125 238 0.000
126 238 0.000
127 238 0.000
128 238 0.000
129 238 0.000
130 238 0.000
131 238 0.000
132 238 0.000
133 238 0.000
134 238 0.000
135 238 0.000
136 238 0.000
137 238 0.000
138 238 0.000
139 238 0.000
140 238 0.000
141 238 0.000
142 238 0.000
143 238 0.000
144 238 0.000
145 238 0.000
146 238 0.000
147 238 0.000
148 238 0.000
149 238 0.000
0 239 0.000
1 239 0.000
2 239 0.000
3 239 0.000
4 239 0.000
5 239 0.000
6 239 0.000
7 239 0.000
8 239 0.000
9 239 0.000
10 239 0.000
11 239 0.000
12 239 0.000
13 239 0.000
14 239 0.000
15 239 0.000
16 239 0.000
17 239 0.000
18 239 0.000
19 239 0.000
20 239 0.000
21 239 0.000
22 239 0.000
23 239 0.000
24 239 0.000
25 239 0.000
26 239 0.000
27 239 0.000
28 239 0.000
29 239 0.000
30 239 0.000
31 239 0.000
32 239 0.000
33 239 0.000
34 239 0.000
35 239 0.000
36 239 0.000
37 239 0.000
38 239 0.000
39 239 0.000
40 239 0.000
41 239 0.000
42 239 0.000
43 239 0.000
44 239 0.000
45 239 0.000
46 239 0.000
47 239 0.000
48 239 0.000
49 239 0.000
50 239 0.000
51 239 0.000
52 239 0.000
53 239 0.000
54 239 0.000
55 239 0.000
56 239 0.000
57 239 0.000
58 239 0.000
59 239 0.000
60 239 0.000
61 239 0.000
62 239 0.000
63 239 0.000
64 239 0.000
65 239 0.000
66 239 0.000
67 239 0.000
68 239 0.000
69 239 0.000
70 239 0.000
71 239 0.000
72 239 0.000
73 239 0.000
74 239 0.000
75 239 0.000
76 239 0.000
77 239 0.000
78 239 0.000
79 239 0.000
80 239 0.000
81 239 0.000
82 239 0.000
83 239 0.000
84 239 0.000
85 239 0.000
86 239 0.000
87 239 0.000
88 239 0.000
89 239 0.000
90 239 0.000
91 239 0.000
92 239 0.000
93 239 0.000
94 239 0.000
95 239 0.000
96 239 0.000
97 239 0.000
98 239 0.000
99 239 0.000
100 239 0.000
101 239 0.000
102 239 0.000
103 239 0.000
104 239 0.000
105 239 0.000
106 239 0.000
107 239 0.000
108 239 0.000
109 239 0.000
110 239 0.000
111 239 0.000
112 239 0.000
113 239 0.000
114 239 0.000
115 239 0.000
116 239 0.000
117 239 0.000
118 239 0.000
119 239 0.000
120 239 0.000
121 239 0.000
122 239 0.000
123 239 0.000
124 239 0.000
125 239 0.000
126 239 0.000
127 239 0.000
128 239 0.000
129 239 0.000
130 239 0.000
131 239 0.000
132 239 0.000
133 239 0.000
134 239 0.000
135 239 0.000
136 239 0.000
137 239 0.000
138 239 0.000
139 239 0.000
140 239 0.000
141 239 0.000
142 239 0.000
143 239 0.000
144 239 0.000
145 239 0.000
146 239 0.000
147 239 0.000
148 239 0.000
149 239 0.000
